# Blender 5.1.1
# www.blender.org
mtllib fiore.mtl
o Petalo
v -0.129742 4.922896 -0.485978
v 0.391226 4.619807 -0.462774
v -0.248320 5.077708 -1.749662
v 0.653811 4.548566 -1.710844
v 0.363177 4.784533 -1.600677
v 0.083159 4.947490 -1.612796
v 0.251914 4.929946 -1.227758
v -0.229181 5.189868 -1.146105
v 0.742650 4.622747 -1.104347
v -0.082917 4.998124 -0.477721
v 0.436379 4.696004 -0.454590
v -0.201938 5.153070 -1.740777
v 0.698516 4.624890 -1.702031
v 0.407575 4.860343 -1.591732
v 0.127566 5.023315 -1.603850
v 0.297685 5.000220 -1.397006
v -0.163709 5.288283 -1.134728
v 0.803663 4.723751 -1.093163
v 0.337286 5.036662 -1.708428
v -0.223816 5.175491 -1.036826
v -0.217405 5.149179 -0.930251
v -0.209092 5.114112 -0.828874
v -0.198026 5.073475 -0.735191
v -0.183583 5.030431 -0.651589
v -0.166071 4.988071 -0.580022
v -0.146507 4.949834 -0.522690
v -0.092639 4.888680 -0.469250
v -0.035623 4.841910 -0.450472
v 0.033199 4.792272 -0.435934
v 0.109801 4.744139 -0.428249
v 0.190194 4.700943 -0.428927
v 0.269217 4.664572 -0.436872
v 0.340689 4.636586 -0.449934
v 0.749856 4.615666 -1.213193
v 0.745151 4.604561 -1.319054
v 0.732595 4.591165 -1.418087
v 0.716251 4.577210 -1.506455
v 0.699487 4.564439 -1.580896
v 0.682893 4.554630 -1.640471
v 0.666691 4.549320 -1.684693
v 0.062542 4.946068 -1.635387
v 0.031588 4.946964 -1.665192
v -0.007066 4.953329 -1.694725
v -0.053883 4.967863 -1.720042
v -0.108306 4.991996 -1.738177
v -0.164392 5.022300 -1.748583
v -0.214639 5.053756 -1.751629
v 0.614976 4.567142 -1.715909
v 0.560950 4.596888 -1.717325
v 0.504900 4.632467 -1.711722
v 0.454999 4.669706 -1.698062
v 0.417249 4.705025 -1.676380
v 0.390787 4.737132 -1.649652
v 0.373161 4.764989 -1.621945
v 0.105363 4.941430 -1.586539
v 0.135683 4.934013 -1.548841
v 0.166918 4.927572 -1.506111
v 0.195054 4.923349 -1.461060
v 0.217196 4.922123 -1.415323
v 0.233639 4.923328 -1.367686
v 0.245347 4.926072 -1.314902
v 0.255709 4.920208 -1.314453
v 0.261610 4.907418 -1.366476
v 0.270759 4.891484 -1.413005
v 0.284372 4.871976 -1.457195
v 0.303042 4.848912 -1.500219
v 0.324774 4.824377 -1.540657
v 0.346654 4.801202 -1.576096
v -0.252659 5.088417 -1.724219
v -0.254275 5.103925 -1.680718
v -0.252290 5.121965 -1.621726
v -0.248249 5.141790 -1.547795
v -0.243737 5.162221 -1.459915
v -0.239061 5.179762 -1.361225
v -0.234213 5.190336 -1.255397
v 0.428321 4.615361 -0.497175
v 0.479402 4.612407 -0.551506
v 0.534552 4.612357 -0.620027
v 0.589599 4.614787 -0.700758
v 0.641058 4.618808 -0.791902
v 0.685769 4.622733 -0.891162
v 0.720659 4.624675 -0.996117
v -0.132864 5.123468 -1.140858
v -0.017856 5.049367 -1.134608
v 0.110080 4.970690 -1.128020
v 0.245184 4.890562 -1.121758
v 0.381705 4.812181 -1.116349
v 0.513927 4.739041 -1.111758
v 0.636144 4.674708 -1.107815
v -0.158428 5.273905 -1.025536
v -0.152605 5.247325 -0.919084
v -0.145547 5.211273 -0.817910
v -0.136563 5.168479 -0.724551
v -0.125130 5.121776 -0.641425
v -0.111403 5.074412 -0.570469
v -0.096083 5.030256 -0.513834
v -0.042788 4.969343 -0.460425
v 0.017397 4.928479 -0.441039
v 0.088331 4.883084 -0.426077
v 0.165525 4.836641 -0.418242
v 0.244756 4.792086 -0.419094
v 0.321159 4.751767 -0.427485
v 0.389077 4.718098 -0.441172
v 0.810658 4.716651 -1.201926
v 0.805420 4.705166 -1.307743
v 0.791823 4.690601 -1.406829
v 0.773742 4.674262 -1.495399
v 0.754415 4.657584 -1.570234
v 0.734542 4.642514 -1.630374
v 0.714605 4.631033 -1.675277
v 0.110162 5.027291 -1.625816
v 0.082743 5.034000 -1.654950
v 0.046710 5.044454 -1.684013
v 0.001088 5.060461 -1.709162
v -0.053857 5.082963 -1.727485
v -0.111965 5.109037 -1.738380
v -0.165292 5.134573 -1.742110
v 0.662849 4.648802 -1.706454
v 0.612245 4.684268 -1.707170
v 0.558607 4.723846 -1.701063
v 0.509574 4.762515 -1.687200
v 0.470851 4.796229 -1.665676
v 0.441884 4.824180 -1.639412
v 0.420765 4.846199 -1.612374
v 0.152877 5.022472 -1.577252
v 0.186557 5.020588 -1.540846
v 0.220181 5.017896 -1.502967
v 0.249226 5.014762 -1.468102
v 0.270528 5.011475 -1.439672
v 0.284724 5.007882 -1.418372
v 0.293378 5.003848 -1.404158
v 0.303739 4.997981 -1.403709
v 0.312692 4.991966 -1.417162
v 0.324085 4.980826 -1.437353
v 0.338537 4.963377 -1.464236
v 0.356296 4.939220 -1.497076
v 0.375638 4.910936 -1.532663
v 0.394158 4.882229 -1.566809
v -0.202743 5.168977 -1.714717
v -0.200198 5.190407 -1.670516
v -0.194492 5.213449 -1.610940
v -0.187445 5.236921 -1.536595
v -0.180768 5.259487 -1.448495
v -0.174686 5.277983 -1.349737
v -0.169049 5.288789 -1.243942
v 0.476747 4.696942 -0.488405
v 0.531647 4.700154 -0.542058
v 0.590136 4.705367 -0.609987
v 0.647749 4.711713 -0.690261
v 0.700863 4.718139 -0.781100
v 0.746463 4.723262 -0.880173
v 0.781685 4.725620 -0.985016
v -0.057278 5.238366 -1.127632
v 0.064551 5.176258 -1.120073
v 0.196149 5.105018 -1.112716
v 0.331887 5.027707 -1.106222
v 0.466137 4.947459 -1.101115
v 0.593269 4.867711 -1.097356
v 0.707654 4.791971 -1.094764
v 0.257385 4.936751 -1.295635
v 0.264232 4.948009 -1.320703
v 0.271525 4.960262 -1.336881
v 0.278674 4.972136 -1.349479
v 0.285181 4.982566 -1.361625
v 0.290735 4.990994 -1.374070
v 0.295063 4.997017 -1.386680
v 0.407366 4.851795 -1.595296
v 0.405124 4.840380 -1.599294
v 0.400646 4.828338 -1.602508
v 0.394436 4.816366 -1.604564
v 0.387062 4.805068 -1.605256
v 0.378839 4.795384 -1.604607
v 0.370214 4.788276 -1.602794
v -0.270609 5.090582 -1.766854
v -0.292176 5.106402 -1.785346
v -0.304116 5.121343 -1.798125
v -0.303711 5.134287 -1.802056
v -0.289855 5.144460 -1.795397
v -0.264611 5.151110 -1.780071
v -0.231721 5.153708 -1.759408
v 0.119399 5.019311 -1.607759
v 0.109714 5.012124 -1.612079
v 0.100866 5.002544 -1.615482
v 0.093294 4.991330 -1.617598
v 0.087278 4.979269 -1.618231
v 0.083422 4.967118 -1.617393
v 0.082239 4.955779 -1.615257
v -0.144349 4.930667 -0.470854
v -0.157965 4.941372 -0.454262
v -0.164533 4.952994 -0.442060
v -0.162175 4.964782 -0.436691
v -0.150167 4.976074 -0.439527
v -0.130183 4.986004 -0.449363
v -0.105123 4.993685 -0.463938
v -0.249980 5.323553 -1.140799
v -0.314797 5.344124 -1.145678
v -0.357730 5.350550 -1.149296
v -0.378354 5.343385 -1.151585
v -0.376238 5.323181 -1.152479
v -0.350956 5.290492 -1.151909
v -0.302080 5.245870 -1.149807
v 0.713429 4.599215 -1.718731
v 0.726950 4.569280 -1.737386
v 0.733179 4.544083 -1.751350
v 0.730798 4.527147 -1.757512
v 0.719490 4.520637 -1.754053
v 0.700466 4.523952 -1.742614
v 0.676009 4.535245 -1.726113
v 0.403024 4.612244 -0.446421
v 0.416797 4.607048 -0.428548
v 0.428692 4.607953 -0.415476
v 0.437500 4.615998 -0.409800
v 0.442488 4.631363 -0.412968
v 0.443501 4.652305 -0.423696
v 0.440787 4.676110 -0.439568
v 0.828634 4.586029 -1.101221
v 0.892878 4.564637 -1.098463
v 0.935057 4.557956 -1.096135
v 0.954848 4.565373 -1.094300
v 0.951928 4.586275 -1.093022
v 0.925973 4.620048 -1.092364
v 0.876659 4.666077 -1.092390
v 0.262586 4.943285 -1.287842
v 0.273257 4.956625 -1.347925
v 0.283929 4.969965 -1.408009
v 0.294600 4.983304 -1.468093
v 0.305272 4.996643 -1.528177
v 0.315943 5.009983 -1.588260
v 0.326615 5.023322 -1.648344
v -0.097178 4.910082 -0.515324
v -0.106225 4.942173 -0.575062
v -0.114791 4.979285 -0.647606
v -0.121436 5.017817 -0.731533
v -0.125711 5.054584 -0.825168
v -0.128353 5.086494 -0.926227
v -0.130393 5.110479 -1.032269
v -0.033515 4.861466 -0.502546
v -0.032817 4.889272 -0.566253
v -0.031690 4.921709 -0.641084
v -0.029406 4.955708 -0.726133
v -0.025796 4.988346 -0.820180
v -0.021831 5.016747 -0.921141
v -0.018766 5.038043 -1.026717
v 0.041354 4.809503 -0.491086
v 0.050956 4.833280 -0.557387
v 0.061809 4.861032 -0.634021
v 0.073578 4.890258 -0.720121
v 0.085701 4.918450 -0.814598
v 0.096843 4.943005 -0.915510
v 0.105479 4.961294 -1.020702
v 0.123684 4.758418 -0.484188
v 0.141481 4.777860 -0.551165
v 0.161746 4.800551 -0.628278
v 0.183032 4.824579 -0.714627
v 0.203827 4.847946 -0.809112
v 0.222350 4.868333 -0.909849
v 0.236752 4.883339 -1.014758
v 0.209317 4.711770 -0.483631
v 0.234778 4.726292 -0.549272
v 0.263962 4.743342 -0.625142
v 0.294374 4.761672 -0.710472
v 0.323592 4.779852 -0.804254
v 0.349361 4.795816 -0.904581
v 0.369470 4.807335 -1.009323
v 0.292858 4.671559 -0.488063
v 0.325799 4.680553 -0.550421
v 0.363562 4.691602 -0.623722
v 0.402630 4.704101 -0.707251
v 0.439844 4.717060 -0.799932
v 0.472515 4.728601 -0.899747
v 0.498067 4.736628 -1.004440
v 0.368309 4.639226 -0.494670
v 0.409186 4.642199 -0.552303
v 0.455461 4.647300 -0.622552
v 0.502728 4.654321 -0.704251
v 0.547396 4.662425 -0.795898
v 0.586441 4.669852 -0.895292
v 0.616984 4.674610 -1.000056
v 0.222140 4.850973 -1.529317
v -0.136672 5.123620 -1.249358
v -0.142236 5.113996 -1.354352
v -0.149916 5.098928 -1.452198
v -0.160350 5.082938 -1.539142
v -0.020182 5.049032 -1.242354
v -0.026123 5.040067 -1.346843
v -0.036434 5.027054 -1.444578
v -0.054082 5.016047 -1.531160
v 0.109476 4.969615 -1.235226
v 0.103918 4.960685 -1.339741
v 0.092827 4.948366 -1.438509
v 0.067995 4.942207 -1.525775
v -0.200426 5.053905 -1.716650
v -0.139081 5.015849 -1.709709
v -0.074729 4.979910 -1.698586
v -0.016044 4.952108 -1.681664
v -0.187651 5.060047 -1.671003
v -0.111084 5.012622 -1.661873
v -0.032462 4.967414 -1.650909
v 0.034321 4.933694 -1.635890
v -0.173664 5.069789 -1.612129
v -0.080788 5.011829 -1.603153
v 0.018736 4.952893 -1.594659
v 0.101870 4.907818 -1.584458
v 0.088839 4.934550 -1.606507
v 0.122830 4.923816 -1.568453
v 0.158618 4.914674 -1.525315
v 0.190878 4.908595 -1.480264
v 0.063905 4.932211 -1.632375
v 0.104716 4.917605 -1.591968
v 0.149369 4.903721 -1.547332
v 0.189540 4.893665 -1.502659
v 0.029827 4.936899 -1.658689
v 0.078110 4.918646 -1.615517
v 0.136502 4.897265 -1.568320
v 0.193884 4.877353 -1.523738
v 0.246093 4.913151 -1.346204
v 0.250950 4.898498 -1.390003
v 0.260436 4.880959 -1.433645
v 0.275948 4.859464 -1.476582
v 0.233348 4.908555 -1.390765
v 0.237396 4.892432 -1.423739
v 0.247501 4.873330 -1.460200
v 0.266544 4.848990 -1.499328
v 0.215560 4.906744 -1.435587
v 0.218228 4.890234 -1.461467
v 0.228377 4.870542 -1.489611
v 0.253779 4.842451 -1.521150
v 0.350391 4.782204 -1.595188
v 0.362566 4.757838 -1.619456
v 0.385610 4.728764 -1.643313
v 0.423730 4.694500 -1.662682
v 0.324210 4.806715 -1.559739
v 0.330085 4.786164 -1.582220
v 0.346731 4.761588 -1.603913
v 0.384078 4.728875 -1.620808
v 0.298160 4.833751 -1.519276
v 0.295941 4.818399 -1.540992
v 0.299879 4.801838 -1.561264
v 0.329473 4.774578 -1.574654
v 0.609453 4.579028 -1.681814
v 0.610202 4.592425 -1.636725
v 0.613493 4.608696 -1.578351
v 0.619812 4.626258 -1.505698
v 0.544206 4.615232 -1.680294
v 0.529182 4.637378 -1.634345
v 0.515170 4.662732 -1.577565
v 0.507149 4.687512 -1.507093
v 0.479092 4.655283 -1.674715
v 0.448828 4.685391 -1.630190
v 0.412465 4.722268 -1.577736
v 0.380500 4.759265 -1.512368
v 0.642257 4.668746 -1.215952
v 0.518664 4.734361 -1.219244
v 0.384778 4.808846 -1.223419
v 0.246427 4.888477 -1.228725
v 0.638525 4.657696 -1.320897
v 0.515420 4.723572 -1.323637
v 0.381088 4.798697 -1.327864
v 0.241767 4.879068 -1.333356
v 0.629440 4.643080 -1.418806
v 0.509110 4.707956 -1.421201
v 0.375277 4.783153 -1.426404
v 0.233118 4.865279 -1.433395
v -0.039955 5.002003 -0.505234
v 0.028343 4.961700 -0.491586
v 0.105945 4.915097 -0.479585
v 0.188982 4.866046 -0.472507
v 0.273183 4.817786 -0.472162
v 0.353353 4.772583 -0.477162
v 0.423712 4.732204 -0.484658
v -0.043210 5.042463 -0.564003
v 0.035902 4.999615 -0.554134
v 0.122905 4.949872 -0.544633
v 0.214209 4.896757 -0.538210
v 0.305839 4.843400 -0.536557
v 0.392854 4.791861 -0.538374
v 0.469987 4.743773 -0.541341
v -0.047155 5.085838 -0.635793
v 0.042256 5.039288 -0.628101
v 0.139280 4.985408 -0.620346
v 0.240019 4.927421 -0.614388
v 0.340380 4.868330 -0.611513
v 0.435537 4.810325 -0.610825
v 0.520475 4.755373 -0.610852
v -0.050315 5.128689 -0.719161
v 0.048333 5.078093 -0.712536
v 0.154980 5.019740 -0.705801
v 0.265223 4.956681 -0.700083
v 0.374560 4.891860 -0.696204
v 0.478092 4.827808 -0.693752
v 0.570821 4.766951 -0.692010
v -0.052226 5.167976 -0.812422
v 0.054471 5.113521 -0.806174
v 0.169687 5.050900 -0.799850
v 0.288564 4.983106 -0.794137
v 0.406204 4.913100 -0.789565
v 0.517540 4.843727 -0.786037
v 0.617463 4.777802 -0.783300
v -0.053465 5.201051 -0.913247
v 0.059909 5.143227 -0.906879
v 0.182307 5.076861 -0.900494
v 0.308518 5.004960 -0.894606
v 0.433317 4.930548 -0.889631
v 0.551432 4.856719 -0.885607
v 0.657576 4.786587 -0.882474
v -0.054870 5.225364 -1.019146
v 0.063614 5.164907 -1.012297
v 0.191556 5.095581 -1.005521
v 0.323490 5.020431 -0.999348
v 0.453945 4.942552 -0.994211
v 0.577448 4.865232 -0.990151
v 0.688520 4.791809 -0.987105
v 0.303738 4.986149 -1.515441
v -0.061461 5.238562 -1.236037
v 0.061803 5.175982 -1.227711
v 0.195107 5.104033 -1.219806
v 0.332700 5.025724 -1.213069
v -0.067932 5.228674 -1.340989
v 0.054921 5.166818 -1.332152
v 0.188677 5.095092 -1.324273
v 0.327251 5.016409 -1.317653
v -0.077211 5.212516 -1.438909
v 0.042987 5.152809 -1.429969
v 0.176153 5.082212 -1.423158
v 0.317380 5.002432 -1.417877
v 0.713481 4.786003 -1.202803
v 0.709075 4.774553 -1.307696
v 0.698725 4.758650 -1.405665
v 0.687020 4.739130 -1.492791
v 0.597650 4.863052 -1.204731
v 0.593641 4.851961 -1.309069
v 0.585958 4.835204 -1.406704
v 0.581683 4.811991 -1.492857
v 0.468807 4.944194 -1.208068
v 0.464339 4.933979 -1.312461
v 0.457226 4.917798 -1.411113
v 0.460070 4.891476 -1.497440
v 0.664187 4.672178 -1.671045
v 0.603834 4.716493 -1.668543
v 0.541824 4.761631 -1.662334
v 0.487513 4.802555 -1.650089
v 0.670198 4.694201 -1.624989
v 0.595224 4.749063 -1.621428
v 0.518657 4.803192 -1.616579
v 0.455122 4.848618 -1.607181
v 0.677622 4.717004 -1.565908
v 0.586138 4.782091 -1.563838
v 0.487904 4.848710 -1.563333
v 0.406336 4.903262 -1.560776
v 0.404740 4.874713 -1.584539
v 0.383399 4.907168 -1.549936
v 0.360449 4.939084 -1.513747
v 0.339346 4.966221 -1.480344
v 0.421896 4.858607 -1.607797
v 0.395441 4.896759 -1.570767
v 0.365215 4.935138 -1.532534
v 0.337225 4.967658 -1.497998
v 0.448179 4.834846 -1.630981
v 0.416168 4.878774 -1.591086
v 0.374246 4.926677 -1.549749
v 0.330245 4.970288 -1.513872
v 0.300725 5.002780 -1.416630
v 0.292646 5.007096 -1.432957
v 0.277878 5.011138 -1.455061
v 0.254284 5.015363 -1.484025
v 0.310246 4.997036 -1.432195
v 0.302696 5.001427 -1.450055
v 0.287464 5.006149 -1.472218
v 0.260239 5.012335 -1.501329
v 0.322749 4.985346 -1.453119
v 0.316733 4.989242 -1.470951
v 0.302622 4.994682 -1.490569
v 0.270391 5.005173 -1.516459
v 0.143206 5.027072 -1.595857
v 0.123304 5.032962 -1.620713
v 0.092608 5.042878 -1.646348
v 0.048233 5.059895 -1.669049
v 0.182036 5.024281 -1.558650
v 0.170140 5.028181 -1.580512
v 0.147760 5.035727 -1.602682
v 0.105908 5.053137 -1.622240
v 0.220920 5.020019 -1.519785
v 0.218688 5.020450 -1.538872
v 0.211017 5.022031 -1.556799
v 0.179205 5.036237 -1.570560
v -0.143858 5.146002 -1.705802
v -0.125429 5.160539 -1.659171
v -0.106907 5.176578 -1.599572
v -0.090111 5.194054 -1.526105
v -0.078023 5.116294 -1.697897
v -0.043314 5.123316 -1.648882
v -0.007808 5.130027 -1.589339
v 0.022745 5.139199 -1.516824
v -0.011062 5.085731 -1.686164
v 0.038467 5.084590 -1.637250
v 0.095373 5.078648 -1.580204
v 0.148822 5.073692 -1.510793
v 0.349804 4.814573 -1.566834
v 0.329097 4.839655 -1.528124
v 0.309638 4.863658 -1.486793
v 0.293071 4.885370 -1.444048
v 0.280565 4.903622 -1.401070
v 0.271388 4.918374 -1.358253
v 0.264247 4.929706 -1.317739
v 0.356222 4.826052 -1.563016
v 0.335528 4.853479 -1.520946
v 0.317235 4.877927 -1.478608
v 0.301961 4.899091 -1.436721
v 0.290054 4.916630 -1.396451
v 0.280639 4.930610 -1.360241
v 0.272497 4.941132 -1.332062
v 0.363428 4.837835 -1.560925
v 0.342802 4.866692 -1.517063
v 0.325193 4.891673 -1.474460
v 0.310627 4.912741 -1.433970
v 0.298950 4.929898 -1.396856
v 0.289268 4.943366 -1.365951
v 0.280495 4.953409 -1.344633
v 0.370588 4.849831 -1.559459
v 0.350168 4.879340 -1.515289
v 0.332936 4.904750 -1.473253
v 0.318653 4.925919 -1.434548
v 0.306960 4.942809 -1.400569
v 0.297031 4.955810 -1.373486
v 0.287917 4.965420 -1.355667
v 0.377226 4.861459 -1.558233
v 0.357102 4.891129 -1.514988
v 0.339992 4.916872 -1.474238
v 0.325661 4.938186 -1.437507
v 0.313784 4.954777 -1.406333
v 0.303632 4.967190 -1.382262
v 0.294375 4.976190 -1.366840
v 0.383026 4.871909 -1.557785
v 0.363476 4.901204 -1.516831
v 0.346237 4.927272 -1.477940
v 0.331432 4.948942 -1.443085
v 0.319120 4.965362 -1.414168
v 0.308725 4.977129 -1.392351
v 0.299510 4.985258 -1.378630
v 0.388053 4.879926 -1.559366
v 0.369414 4.908404 -1.522032
v 0.351653 4.935049 -1.485227
v 0.335785 4.957552 -1.451816
v 0.322661 4.974169 -1.424402
v 0.311915 4.985394 -1.403959
v 0.302904 4.992405 -1.391085
v 0.048523 4.958281 -1.652098
v 0.010534 4.961853 -1.688123
v -0.032741 4.969597 -1.721640
v -0.081387 4.983797 -1.749692
v -0.134435 5.005694 -1.769509
v -0.187255 5.032967 -1.779854
v -0.234373 5.062369 -1.779704
v 0.043400 4.971092 -1.660915
v -0.000361 4.976581 -1.702301
v -0.047922 4.985590 -1.739619
v -0.098931 4.999860 -1.770381
v -0.152357 5.020491 -1.792131
v -0.204871 5.046273 -1.803090
v -0.252650 5.075452 -1.801541
v 0.044114 4.984027 -1.665024
v -0.003023 4.990753 -1.709516
v -0.053451 5.000749 -1.749363
v -0.106439 5.015283 -1.782151
v -0.160847 5.035262 -1.805514
v -0.213977 5.060171 -1.817344
v -0.262748 5.089148 -1.815584
v 0.049267 4.996469 -1.665338
v 0.001202 5.003876 -1.710768
v -0.050099 5.014502 -1.751475
v -0.103830 5.029294 -1.785043
v -0.158826 5.048970 -1.809096
v -0.212462 5.073321 -1.821408
v -0.261753 5.101907 -1.819790
v 0.057974 5.007759 -1.662226
v 0.011399 5.015407 -1.706614
v -0.038468 5.026283 -1.746361
v -0.091156 5.041197 -1.779106
v -0.145699 5.060757 -1.802517
v -0.199224 5.084747 -1.814453
v -0.248389 5.112763 -1.812802
v 0.070317 5.017145 -1.655487
v 0.027813 5.024701 -1.696637
v -0.018574 5.035553 -1.733745
v -0.068983 5.050582 -1.764421
v -0.122677 5.070376 -1.786267
v -0.176045 5.094239 -1.797446
v -0.224773 5.121280 -1.796142
v 0.086912 5.023875 -1.644368
v 0.051141 5.031100 -1.679974
v 0.009740 5.041784 -1.713153
v -0.038004 5.057116 -1.741076
v -0.091455 5.077765 -1.761038
v -0.145688 5.101989 -1.771734
v -0.194627 5.127645 -1.772015
v -0.294449 5.230400 -1.039955
v -0.284623 5.202165 -0.932812
v -0.271885 5.164338 -0.830797
v -0.255514 5.120093 -0.736325
v -0.234911 5.072478 -0.651656
v -0.209953 5.024037 -0.578414
v -0.180396 4.976817 -0.517941
v -0.341714 5.274231 -1.041634
v -0.329477 5.244537 -0.933973
v -0.313623 5.204490 -0.831187
v -0.293528 5.157169 -0.735535
v -0.268585 5.105443 -0.649056
v -0.238247 5.051328 -0.572889
v -0.201821 4.996408 -0.507840
v -0.366038 5.306441 -1.041946
v -0.352392 5.275814 -0.933910
v -0.334738 5.234255 -0.830481
v -0.312517 5.184723 -0.733768
v -0.285136 5.129975 -0.645658
v -0.251875 5.071970 -0.567163
v -0.211959 5.012436 -0.499057
v -0.367848 5.326485 -1.040971
v -0.353792 5.295509 -0.932801
v -0.335662 5.253319 -0.829118
v -0.312931 5.202775 -0.731969
v -0.285022 5.146589 -0.643193
v -0.251151 5.086881 -0.563831
v -0.210480 5.025621 -0.494718
v -0.347567 5.333814 -1.038786
v -0.334102 5.303117 -0.930785
v -0.316819 5.261289 -0.827413
v -0.295201 5.211158 -0.730790
v -0.268658 5.155427 -0.642812
v -0.236311 5.096303 -0.564458
v -0.197177 5.035851 -0.496471
v -0.305621 5.327868 -1.035450
v -0.293733 5.298038 -0.927856
v -0.278597 5.257461 -0.825180
v -0.259675 5.208965 -0.729708
v -0.236376 5.155296 -0.643485
v -0.207894 5.098865 -0.567610
v -0.173148 5.041871 -0.502820
v -0.242433 5.308086 -1.031015
v -0.233097 5.279648 -0.923970
v -0.221380 5.241050 -0.822115
v -0.206686 5.195103 -0.727901
v -0.188466 5.144638 -0.643606
v -0.166341 5.092554 -0.570815
v -0.139592 5.041635 -0.510791
v -0.292884 5.115725 -1.737863
v -0.305605 5.140335 -1.692525
v -0.312276 5.165646 -1.631518
v -0.314819 5.191108 -1.555659
v -0.314686 5.215376 -1.466258
v -0.312358 5.235131 -1.366434
v -0.308076 5.246565 -1.259760
v -0.320974 5.137776 -1.752761
v -0.340431 5.169203 -1.704064
v -0.352763 5.200397 -1.640079
v -0.359635 5.230416 -1.561809
v -0.362387 5.257749 -1.470695
v -0.361598 5.279244 -1.369742
v -0.357658 5.291345 -1.262347
v -0.335800 5.155821 -1.763414
v -0.358530 5.191288 -1.712187
v -0.373767 5.226341 -1.645755
v -0.382907 5.259491 -1.565451
v -0.387174 5.288924 -1.472931
v -0.387179 5.311590 -1.371109
v -0.383381 5.324129 -1.263215
v -0.336074 5.169789 -1.766635
v -0.359477 5.206814 -1.714435
v -0.375281 5.243532 -1.646979
v -0.384845 5.278112 -1.565793
v -0.389381 5.308488 -1.472671
v -0.389502 5.331653 -1.370495
v -0.385671 5.344366 -1.262416
v -0.321130 5.179270 -1.760643
v -0.343089 5.215653 -1.709306
v -0.357421 5.251822 -1.642742
v -0.365721 5.285952 -1.562325
v -0.369368 5.315979 -1.469741
v -0.368972 5.338908 -1.367897
v -0.364953 5.351508 -1.260010
v -0.292532 5.183306 -1.747383
v -0.310335 5.216804 -1.698437
v -0.320831 5.250310 -1.634179
v -0.326057 5.282266 -1.555687
v -0.327601 5.310763 -1.464448
v -0.326029 5.332776 -1.363455
v -0.321657 5.344998 -1.256075
v -0.252444 5.180645 -1.730198
v -0.262404 5.208952 -1.684420
v -0.266278 5.237901 -1.622986
v -0.266437 5.266205 -1.546802
v -0.264570 5.292159 -1.457223
v -0.261118 5.312665 -1.357343
v -0.256212 5.324278 -1.250692
v 0.631462 4.554368 -1.742402
v 0.580564 4.582523 -1.746743
v 0.528735 4.616789 -1.740881
v 0.481533 4.653931 -1.725368
v 0.443307 4.690982 -1.701054
v 0.413515 4.726409 -1.670688
v 0.390196 4.759079 -1.637312
v 0.651523 4.544838 -1.762574
v 0.600264 4.573838 -1.768355
v 0.549795 4.608663 -1.761810
v 0.503516 4.646800 -1.744343
v 0.464114 4.685901 -1.717474
v 0.431157 4.724472 -1.683630
v 0.403320 4.761292 -1.645339
v 0.668326 4.542664 -1.775449
v 0.616592 4.572745 -1.781504
v 0.566492 4.608618 -1.774099
v 0.520263 4.647990 -1.755062
v 0.479656 4.688727 -1.726305
v 0.444431 4.729352 -1.690156
v 0.413835 4.768557 -1.649024
v 0.679061 4.549672 -1.779232
v 0.627319 4.580462 -1.785167
v 0.577391 4.617102 -1.777295
v 0.531094 4.657175 -1.757597
v 0.489869 4.698465 -1.728120
v 0.453648 4.739565 -1.691191
v 0.421986 4.779268 -1.649207
v 0.682259 4.566522 -1.772685
v 0.631051 4.597487 -1.778625
v 0.581458 4.634213 -1.771110
v 0.535449 4.673953 -1.752020
v 0.494597 4.714279 -1.723305
v 0.458838 4.754006 -1.687254
v 0.427690 4.792284 -1.646226
v 0.678580 4.591133 -1.757210
v 0.628509 4.622131 -1.762736
v 0.579110 4.658748 -1.755962
v 0.533270 4.697622 -1.738391
v 0.493377 4.735900 -1.711603
v 0.459301 4.772594 -1.677968
v 0.430228 4.807336 -1.639911
v 0.670050 4.620304 -1.734764
v 0.621275 4.652027 -1.738660
v 0.571165 4.689163 -1.732434
v 0.524623 4.727402 -1.716765
v 0.485659 4.763226 -1.692573
v 0.454078 4.795663 -1.662540
v 0.428572 4.824662 -1.629582
v -0.097862 4.882917 -0.436060
v -0.040300 4.833220 -0.410255
v 0.026816 4.783512 -0.392598
v 0.100990 4.736531 -0.384120
v 0.179325 4.694814 -0.385753
v 0.258051 4.659693 -0.396876
v 0.333396 4.632071 -0.416755
v -0.105541 4.886764 -0.412257
v -0.044881 4.833453 -0.381371
v 0.023182 4.782509 -0.361194
v 0.097261 4.735473 -0.352051
v 0.175706 4.693819 -0.354316
v 0.256366 4.658272 -0.367808
v 0.337161 4.629296 -0.392375
v -0.109024 4.895115 -0.396763
v -0.046063 4.839793 -0.363303
v 0.023396 4.787918 -0.341723
v 0.098334 4.740438 -0.332161
v 0.177656 4.698228 -0.334747
v 0.260042 4.661806 -0.349484
v 0.344139 4.631587 -0.376367
v -0.105714 4.906114 -0.390467
v -0.041838 4.850481 -0.356290
v 0.028396 4.798528 -0.334283
v 0.103931 4.750900 -0.324569
v 0.183703 4.708233 -0.327252
v 0.266622 4.671131 -0.342352
v 0.351587 4.640187 -0.369868
v -0.094556 4.918687 -0.394192
v -0.031190 4.864322 -0.360641
v 0.038679 4.813370 -0.338973
v 0.113765 4.766323 -0.329374
v 0.192800 4.723762 -0.332003
v 0.274635 4.686498 -0.346835
v 0.358184 4.655404 -0.373815
v -0.077439 4.932507 -0.407266
v -0.015803 4.881328 -0.376173
v 0.053146 4.832309 -0.355809
v 0.127523 4.786139 -0.346591
v 0.205389 4.743782 -0.348944
v 0.284892 4.706468 -0.362634
v 0.364451 4.675510 -0.387419
v -0.057759 4.948070 -0.428944
v 0.001672 4.902109 -0.402765
v 0.070258 4.855460 -0.384807
v 0.144884 4.809770 -0.376215
v 0.222345 4.767007 -0.377980
v 0.299210 4.729054 -0.389422
v 0.372351 4.697890 -0.409689
v 0.467945 4.599588 -0.489125
v 0.532314 4.592053 -0.545594
v 0.596761 4.588315 -0.615086
v 0.659073 4.587470 -0.696333
v 0.716498 4.588499 -0.787810
v 0.765984 4.589781 -0.887342
v 0.804405 4.589548 -0.992592
v 0.494348 4.591376 -0.476853
v 0.569589 4.581201 -0.537138
v 0.642174 4.575249 -0.608988
v 0.710589 4.572411 -0.691617
v 0.772816 4.571523 -0.783931
v 0.825990 4.571032 -0.883963
v 0.867036 4.569286 -0.989534
v 0.512438 4.590999 -0.466777
v 0.593986 4.579726 -0.529703
v 0.671872 4.572865 -0.603540
v 0.744489 4.569168 -0.687528
v 0.809969 4.567341 -0.780687
v 0.865548 4.565893 -0.881195
v 0.908239 4.563279 -0.987022
v 0.523144 4.598824 -0.462012
v 0.606832 4.587588 -0.525823
v 0.686757 4.580882 -0.600418
v 0.761115 4.577296 -0.684980
v 0.827913 4.575411 -0.778502
v 0.884417 4.573771 -0.879208
v 0.927702 4.570914 -0.985130
v 0.526494 4.614835 -0.464222
v 0.608662 4.604575 -0.527037
v 0.687298 4.598927 -0.600738
v 0.760589 4.596308 -0.684604
v 0.826514 4.595172 -0.777678
v 0.882330 4.594071 -0.878135
v 0.925109 4.591580 -0.983931
v 0.521658 4.637629 -0.471892
v 0.598278 4.629703 -0.531931
v 0.672411 4.626246 -0.603503
v 0.742164 4.625529 -0.685889
v 0.805270 4.625986 -0.778036
v 0.858911 4.626171 -0.877968
v 0.900131 4.624664 -0.983480
v 0.506929 4.665462 -0.482054
v 0.573711 4.661855 -0.538091
v 0.640584 4.661997 -0.607149
v 0.704873 4.664237 -0.688040
v 0.763584 4.667194 -0.779276
v 0.813757 4.669443 -0.878662
v 0.852433 4.669549 -0.983825
v 0.248721 4.938485 -1.318411
v 0.236932 4.937931 -1.359744
v 0.221135 4.937521 -1.403642
v 0.200469 4.938471 -1.448056
v 0.174567 4.941490 -1.492640
v 0.145098 4.946090 -1.536088
v 0.114044 4.951359 -1.577038
v 0.254493 4.951309 -1.332842
v 0.242262 4.952372 -1.361902
v 0.226617 4.952759 -1.399197
v 0.206683 4.953623 -1.440845
v 0.181874 4.955775 -1.484467
v 0.152708 4.959061 -1.528859
v 0.119848 4.963043 -1.573246
v 0.261278 4.964272 -1.345465
v 0.248807 4.966300 -1.367702
v 0.233199 4.967317 -1.399702
v 0.213548 4.968247 -1.438172
v 0.189120 4.969844 -1.480350
v 0.159870 4.972237 -1.524980
v 0.125908 4.975395 -1.571205
v 0.268345 4.976484 -1.356514
v 0.255941 4.979099 -1.375264
v 0.240464 4.980646 -1.403447
v 0.220915 4.981787 -1.438779
v 0.196472 4.983121 -1.479159
v 0.167016 4.984979 -1.523216
v 0.132604 4.987627 -1.569759
v 0.275158 4.987054 -1.367671
v 0.263173 4.990127 -1.384013
v 0.248036 4.992199 -1.409179
v 0.228585 4.993696 -1.441709
v 0.203922 4.995048 -1.480128
v 0.174173 4.996679 -1.522905
v 0.139709 4.999025 -1.568512
v 0.281508 4.995438 -1.379409
v 0.270350 4.998895 -1.394012
v 0.255688 5.001498 -1.416913
v 0.236160 5.003482 -1.447209
v 0.210881 5.005129 -1.483799
v 0.180662 5.006795 -1.524743
v 0.146657 5.008911 -1.568015
v 0.287380 5.001187 -1.391757
v 0.277462 5.004957 -1.405450
v 0.263237 5.008077 -1.426975
v 0.243190 5.010664 -1.455824
v 0.216589 5.012894 -1.491073
v 0.185423 5.014853 -1.529995
v 0.152302 5.016726 -1.569569
v 0.836679 4.578057 -1.210665
v 0.831080 4.566873 -1.317441
v 0.815511 4.554322 -1.417840
v 0.793647 4.542248 -1.508152
v 0.768586 4.532479 -1.585155
v 0.741135 4.526768 -1.647577
v 0.711132 4.526906 -1.694699
v 0.901513 4.556019 -1.208346
v 0.895230 4.544715 -1.315890
v 0.877389 4.532595 -1.417583
v 0.851352 4.521527 -1.509909
v 0.820007 4.513356 -1.589775
v 0.784351 4.509829 -1.655765
v 0.744693 4.512712 -1.706944
v 0.944037 4.548944 -1.206286
v 0.937301 4.537518 -1.314358
v 0.917995 4.525514 -1.417017
v 0.889265 4.514770 -1.510929
v 0.853892 4.507113 -1.593096
v 0.813201 4.504340 -1.661870
v 0.768125 4.508243 -1.715947
v 0.963928 4.556226 -1.204536
v 0.956994 4.544712 -1.312802
v 0.937096 4.532609 -1.415845
v 0.907284 4.521698 -1.510415
v 0.870309 4.513784 -1.593551
v 0.827729 4.510769 -1.663452
v 0.780805 4.514581 -1.718609
v 0.960863 4.577254 -1.203151
v 0.954000 4.565711 -1.311212
v 0.934428 4.553366 -1.413886
v 0.905234 4.541935 -1.507855
v 0.869185 4.533204 -1.590128
v 0.827753 4.529219 -1.659027
v 0.782068 4.532111 -1.713208
v 0.934515 4.611412 -1.202203
v 0.927976 4.599885 -1.309725
v 0.909604 4.587101 -1.411447
v 0.882651 4.574698 -1.503886
v 0.849965 4.564413 -1.583961
v 0.812781 4.558393 -1.650211
v 0.771769 4.559029 -1.701624
v 0.884557 4.658084 -1.201769
v 0.878567 4.646585 -1.308512
v 0.862208 4.633089 -1.408953
v 0.838999 4.619102 -1.499426
v 0.811961 4.606254 -1.576737
v 0.782119 4.596666 -1.639569
v 0.749748 4.592878 -1.687114
vn -0.6000 -0.7568 -0.2594
vn -0.3473 -0.9081 -0.2342
vn -0.5759 -0.7942 0.1938
vn -0.4285 -0.8822 0.1950
vn -0.4395 0.5661 -0.6974
vn 0.7514 -0.0390 -0.6587
vn 0.2318 0.3774 -0.8966
vn -0.5883 -0.8082 -0.0267
vn -0.4141 -0.9101 -0.0176
vn 0.2656 0.7558 0.5986
vn 0.4816 0.6230 0.6164
vn 0.3588 0.7854 -0.5043
vn 0.5341 0.6740 -0.5103
vn -0.7820 0.1861 -0.5948
vn 0.4811 -0.7281 -0.4883
vn -0.4597 -0.8301 -0.3156
vn 0.3979 0.9164 0.0434
vn 0.5996 0.7989 0.0475
vn -0.5856 -0.8018 -0.1193
vn -0.5819 -0.7902 -0.1924
vn -0.5794 -0.7774 -0.2446
vn -0.5795 -0.7659 -0.2785
vn -0.5822 -0.7569 -0.2968
vn -0.5878 -0.7513 -0.2999
vn -0.5963 -0.7503 -0.2853
vn -0.5724 -0.7756 -0.2662
vn -0.5385 -0.7960 -0.2765
vn -0.5058 -0.8153 -0.2819
vn -0.4730 -0.8349 -0.2814
vn -0.4405 -0.8545 -0.2751
vn -0.4088 -0.8739 -0.2630
vn -0.3758 -0.8935 -0.2460
vn -0.4197 -0.9048 0.0724
vn -0.4210 -0.8956 0.1435
vn -0.4199 -0.8863 0.1952
vn -0.4177 -0.8789 0.2303
vn -0.4149 -0.8745 0.2514
vn -0.4130 -0.8737 0.2571
vn -0.4153 -0.8774 0.2404
vn 0.7173 -0.0908 -0.6908
vn 0.5790 -0.3639 -0.7296
vn 0.1758 -0.8088 -0.5612
vn -0.2227 -0.9461 -0.2351
vn -0.4320 -0.9017 0.0162
vn -0.5052 -0.8543 0.1221
vn -0.5452 -0.8207 0.1709
vn -0.4632 -0.8693 0.1724
vn -0.5072 -0.8527 0.1252
vn -0.5740 -0.8185 0.0249
vn -0.6949 -0.6888 -0.2064
vn -0.7789 -0.3353 -0.5300
vn -0.6496 0.1869 -0.7370
vn -0.4780 0.4904 -0.7287
vn 0.7703 0.0243 -0.6372
vn 0.7948 0.1073 -0.5974
vn 0.8211 0.1845 -0.5402
vn 0.8542 0.2301 -0.4662
vn 0.8941 0.2362 -0.3804
vn 0.9304 0.2194 -0.2935
vn 0.9458 0.2435 -0.2149
vn -0.2869 0.9242 -0.2519
vn -0.3090 0.8913 -0.3319
vn -0.2811 0.8632 -0.4194
vn -0.2670 0.8199 -0.5065
vn -0.2895 0.7602 -0.5816
vn -0.3422 0.6893 -0.6386
vn -0.3983 0.6190 -0.6769
vn -0.5798 -0.7788 0.2395
vn -0.5781 -0.7749 0.2553
vn -0.5770 -0.7780 0.2487
vn -0.5776 -0.7842 0.2268
vn -0.5802 -0.7918 0.1909
vn -0.5839 -0.8000 0.1381
vn -0.5873 -0.8067 0.0655
vn -0.3420 -0.9031 -0.2598
vn -0.3463 -0.8965 -0.2765
vn -0.3542 -0.8936 -0.2757
vn -0.3647 -0.8941 -0.2598
vn -0.3771 -0.8976 -0.2282
vn -0.3905 -0.9032 -0.1783
vn -0.4036 -0.9086 -0.1077
vn -0.5535 -0.8321 -0.0341
vn -0.5311 -0.8464 -0.0392
vn -0.5151 -0.8561 -0.0422
vn -0.5022 -0.8637 -0.0428
vn -0.4893 -0.8712 -0.0405
vn -0.4734 -0.8801 -0.0356
vn -0.4507 -0.8922 -0.0282
vn 0.3870 0.9092 0.1536
vn 0.3722 0.8944 0.2480
vn 0.3551 0.8756 0.3275
vn 0.3363 0.8541 0.3967
vn 0.3162 0.8305 0.4585
vn 0.2958 0.8051 0.5141
vn 0.2765 0.7787 0.5631
vn 0.2938 0.7451 0.5988
vn 0.3256 0.7343 0.5956
vn 0.3554 0.7216 0.5941
vn 0.3841 0.7059 0.5951
vn 0.4111 0.6874 0.5987
vn 0.4357 0.6666 0.6048
vn 0.4595 0.6431 0.6127
vn 0.6010 0.7967 -0.0643
vn 0.5977 0.7864 -0.1559
vn 0.5929 0.7720 -0.2288
vn 0.5881 0.7552 -0.2895
vn 0.5824 0.7359 -0.3454
vn 0.5726 0.7143 -0.4024
vn 0.5563 0.6921 -0.4599
vn 0.5239 -0.6289 -0.5744
vn 0.6310 -0.2213 -0.7436
vn 0.6084 0.2757 -0.7442
vn 0.5143 0.5700 -0.6407
vn 0.4503 0.6909 -0.5655
vn 0.4146 0.7390 -0.5310
vn 0.3864 0.7660 -0.5138
vn 0.5070 0.6884 -0.5188
vn 0.4739 0.7002 -0.5339
vn 0.4230 0.7087 -0.5646
vn 0.3112 0.7099 -0.6318
vn 0.0672 0.6754 -0.7344
vn -0.3189 0.5338 -0.7832
vn -0.6665 0.2949 -0.6847
vn 0.3956 -0.8203 -0.4131
vn 0.2754 -0.9099 -0.3101
vn 0.1569 -0.9639 -0.2151
vn 0.0622 -0.9864 -0.1520
vn -0.0172 -0.9914 -0.1295
vn -0.1140 -0.9821 -0.1500
vn -0.2658 -0.9396 -0.2157
vn -0.6638 -0.7065 -0.2456
vn -0.7936 -0.5743 -0.2009
vn -0.8618 -0.4683 -0.1951
vn -0.8998 -0.3697 -0.2318
vn -0.9173 -0.2493 -0.3105
vn -0.9031 -0.0952 -0.4188
vn -0.8483 0.0672 -0.5252
vn 0.3609 0.8154 -0.4526
vn 0.3682 0.8417 -0.3949
vn 0.3784 0.8616 -0.3385
vn 0.3885 0.8768 -0.2835
vn 0.3965 0.8902 -0.2243
vn 0.4016 0.9029 -0.1533
vn 0.4027 0.9131 -0.0646
vn 0.4990 0.6421 0.5820
vn 0.5167 0.6703 0.5326
vn 0.5337 0.6991 0.4759
vn 0.5496 0.7264 0.4126
vn 0.5647 0.7514 0.3413
vn 0.5788 0.7731 0.2593
vn 0.5913 0.7901 0.1615
vn 0.4365 0.8988 0.0415
vn 0.4626 0.8856 0.0416
vn 0.4833 0.8744 0.0422
vn 0.5023 0.8637 0.0426
vn 0.5209 0.8525 0.0425
vn 0.5409 0.8401 0.0423
vn 0.5652 0.8238 0.0434
vn -0.4073 -0.7706 -0.4903
vn -0.3558 -0.6765 -0.6448
vn -0.3109 -0.5994 -0.7376
vn -0.3044 -0.5883 -0.7492
vn -0.3360 -0.6398 -0.6912
vn -0.3817 -0.7129 -0.5882
vn -0.4269 -0.7828 -0.4528
vn -0.7041 0.3017 -0.6428
vn -0.6449 0.3753 -0.6658
vn -0.6107 0.4132 -0.6756
vn -0.5962 0.4282 -0.6791
vn -0.5824 0.4419 -0.6823
vn -0.5519 0.4709 -0.6882
vn -0.5004 0.5163 -0.6950
vn -0.6131 -0.7804 0.1226
vn -0.6790 -0.7327 -0.0456
vn -0.7417 -0.4658 -0.4825
vn -0.4494 0.2217 -0.8654
vn 0.0699 0.6620 -0.7463
vn 0.2472 0.7484 -0.6155
vn 0.3197 0.7749 -0.5453
vn 0.5854 -0.5806 -0.5658
vn 0.6474 -0.4593 -0.6082
vn 0.6792 -0.3792 -0.6284
vn 0.6953 -0.3310 -0.6380
vn 0.7079 -0.2873 -0.6453
vn 0.7233 -0.2240 -0.6532
vn 0.7395 -0.1361 -0.6593
vn -0.6602 -0.7313 -0.1709
vn -0.7545 -0.6562 0.0121
vn -0.8307 -0.3794 0.4074
vn -0.5737 0.1952 0.7955
vn -0.1249 0.5894 0.7981
vn 0.0969 0.7017 0.7059
vn 0.2034 0.7392 0.6420
vn 0.3357 0.9407 0.0487
vn 0.2185 0.9740 0.0602
vn -0.1029 0.9909 0.0867
vn -0.8326 0.5438 0.1051
vn -0.9315 -0.3609 0.0456
vn -0.7382 -0.6746 0.0018
vn -0.6432 -0.7655 -0.0160
vn 0.5445 0.6321 -0.5513
vn 0.5569 0.5523 -0.6203
vn 0.5662 0.3518 -0.7454
vn 0.4290 -0.2994 -0.8522
vn -0.0353 -0.8764 -0.4802
vn -0.3142 -0.9481 -0.0488
vn -0.3953 -0.9104 0.1223
vn -0.3022 -0.9436 -0.1356
vn -0.2052 -0.9767 0.0622
vn 0.0342 -0.8829 0.4682
vn 0.3691 -0.3735 0.8510
vn 0.5017 0.1980 0.8421
vn 0.5048 0.4474 0.7383
vn 0.4930 0.5598 0.6660
vn -0.3525 -0.9358 -0.0024
vn -0.2336 -0.9721 0.0230
vn 0.1075 -0.9907 0.0836
vn 0.8526 -0.4951 0.1672
vn 0.9182 0.3760 0.1247
vn 0.7406 0.6676 0.0767
vn 0.6519 0.7562 0.0569
vn -0.5477 -0.7729 -0.3203
vn -0.5405 -0.7730 -0.3322
vn -0.5370 -0.7787 -0.3245
vn -0.5365 -0.7882 -0.3017
vn -0.5387 -0.8002 -0.2636
vn -0.5433 -0.8135 -0.2075
vn -0.5490 -0.8255 -0.1307
vn -0.5156 -0.7893 -0.3334
vn -0.5074 -0.7879 -0.3489
vn -0.5056 -0.7928 -0.3403
vn -0.5072 -0.8021 -0.3153
vn -0.5115 -0.8141 -0.2749
vn -0.5179 -0.8275 -0.2168
vn -0.5253 -0.8397 -0.1379
vn -0.4878 -0.8040 -0.3401
vn -0.4812 -0.8007 -0.3567
vn -0.4812 -0.8045 -0.3483
vn -0.4848 -0.8130 -0.3226
vn -0.4910 -0.8246 -0.2810
vn -0.4992 -0.8376 -0.2219
vn -0.5081 -0.8495 -0.1420
vn -0.4615 -0.8192 -0.3405
vn -0.4578 -0.8139 -0.3578
vn -0.4598 -0.8163 -0.3497
vn -0.4655 -0.8236 -0.3239
vn -0.4737 -0.8342 -0.2822
vn -0.4837 -0.8464 -0.2228
vn -0.4940 -0.8577 -0.1427
vn -0.4360 -0.8353 -0.3348
vn -0.4356 -0.8284 -0.3522
vn -0.4397 -0.8295 -0.3443
vn -0.4472 -0.8356 -0.3191
vn -0.4572 -0.8448 -0.2781
vn -0.4687 -0.8557 -0.2193
vn -0.4802 -0.8659 -0.1399
vn -0.4107 -0.8528 -0.3227
vn -0.4127 -0.8452 -0.3395
vn -0.4186 -0.8453 -0.3320
vn -0.4277 -0.8498 -0.3081
vn -0.4389 -0.8575 -0.2686
vn -0.4514 -0.8669 -0.2115
vn -0.4637 -0.8759 -0.1335
vn -0.3822 -0.8728 -0.3036
vn -0.3852 -0.8667 -0.3169
vn -0.3926 -0.8656 -0.3109
vn -0.4027 -0.8683 -0.2896
vn -0.4147 -0.8741 -0.2531
vn -0.4278 -0.8818 -0.1986
vn -0.4406 -0.8892 -0.1233
vn -0.2245 -0.3859 -0.8948
vn -0.5539 -0.8303 0.0618
vn -0.5510 -0.8232 0.1371
vn -0.5472 -0.8148 0.1915
vn -0.5441 -0.8072 0.2290
vn -0.5324 -0.8444 0.0585
vn -0.5299 -0.8373 0.1344
vn -0.5256 -0.8296 0.1884
vn -0.5213 -0.8231 0.2253
vn -0.5174 -0.8539 0.0562
vn -0.5154 -0.8467 0.1318
vn -0.5103 -0.8407 0.1810
vn -0.5029 -0.8384 0.2101
vn -0.5434 -0.8043 0.2404
vn -0.5157 -0.8288 0.2172
vn -0.4754 -0.8649 0.1608
vn -0.3437 -0.9389 -0.0204
vn -0.5434 -0.7982 0.2599
vn -0.5187 -0.8176 0.2502
vn -0.4908 -0.8438 0.2173
vn -0.3906 -0.9181 0.0677
vn -0.5430 -0.8009 0.2525
vn -0.5192 -0.8179 0.2478
vn -0.4969 -0.8378 0.2262
vn -0.3793 -0.9247 0.0336
vn 0.7461 0.0642 -0.6627
vn 0.7586 0.2405 -0.6055
vn 0.7570 0.3827 -0.5296
vn 0.7541 0.4803 -0.4480
vn 0.6490 -0.2036 -0.7330
vn 0.7171 0.2187 -0.6617
vn 0.6864 0.4966 -0.5312
vn 0.6433 0.6333 -0.4303
vn 0.1071 -0.8775 -0.4674
vn 0.2192 -0.7942 -0.5667
vn 0.6375 0.4510 -0.6247
vn 0.5716 0.6565 -0.4922
vn 0.4729 0.8333 -0.2864
vn 0.2024 0.9220 -0.3301
vn 0.0914 0.9113 -0.4016
vn 0.0178 0.8732 -0.4870
vn 0.6980 0.6461 -0.3088
vn 0.4778 0.8149 -0.3280
vn 0.3431 0.8608 -0.3760
vn 0.2283 0.8572 -0.4616
vn 0.7470 0.5522 -0.3702
vn 0.5894 0.7231 -0.3602
vn 0.4722 0.7896 -0.3920
vn 0.2889 0.7953 -0.5329
vn -0.3749 0.5976 -0.7087
vn -0.5973 0.2894 -0.7480
vn -0.8005 -0.4406 -0.4064
vn -0.6387 -0.7694 0.0027
vn -0.2189 0.7224 -0.6560
vn -0.2563 0.6362 -0.7277
vn -0.8030 -0.3535 -0.4798
vn -0.6034 -0.7927 0.0868
vn -0.0794 0.8137 -0.5758
vn 0.0620 0.8107 -0.5821
vn 0.0114 0.7066 -0.7075
vn -0.6061 -0.7926 0.0664
vn -0.4537 -0.8576 0.2423
vn -0.4491 -0.8543 0.2619
vn -0.4504 -0.8557 0.2549
vn -0.4530 -0.8608 0.2318
vn -0.4860 -0.8460 0.2192
vn -0.4766 -0.8422 0.2520
vn -0.4758 -0.8433 0.2497
vn -0.4773 -0.8488 0.2274
vn -0.5315 -0.8309 0.1648
vn -0.5098 -0.8318 0.2195
vn -0.5021 -0.8343 0.2278
vn -0.4982 -0.8409 0.2114
vn -0.4557 -0.8877 0.0665
vn -0.4778 -0.8763 0.0614
vn -0.4932 -0.8680 0.0576
vn -0.5053 -0.8612 0.0558
vn -0.4563 -0.8786 0.1409
vn -0.4783 -0.8674 0.1369
vn -0.4933 -0.8596 0.1330
vn -0.5044 -0.8535 0.1310
vn -0.4551 -0.8689 0.1948
vn -0.4779 -0.8575 0.1907
vn -0.4942 -0.8500 0.1823
vn -0.5026 -0.8461 0.1773
vn 0.3272 0.7717 0.5454
vn 0.3574 0.7616 0.5406
vn 0.3826 0.7509 0.5383
vn 0.4058 0.7383 0.5387
vn 0.4275 0.7235 0.5421
vn 0.4482 0.7060 0.5483
vn 0.4706 0.6839 0.5575
vn 0.3478 0.7962 0.4951
vn 0.3803 0.7858 0.4877
vn 0.4036 0.7756 0.4853
vn 0.4236 0.7646 0.4857
vn 0.4425 0.7520 0.4886
vn 0.4621 0.7362 0.4945
vn 0.4858 0.7123 0.5065
vn 0.3668 0.8191 0.4411
vn 0.3986 0.8081 0.4336
vn 0.4210 0.7979 0.4314
vn 0.4396 0.7876 0.4318
vn 0.4573 0.7761 0.4342
vn 0.4767 0.7612 0.4397
vn 0.5009 0.7384 0.4516
vn 0.3841 0.8406 0.3820
vn 0.4145 0.8289 0.3756
vn 0.4363 0.8185 0.3738
vn 0.4545 0.8083 0.3742
vn 0.4720 0.7973 0.3762
vn 0.4914 0.7832 0.3810
vn 0.5157 0.7621 0.3915
vn 0.4000 0.8604 0.3159
vn 0.4290 0.8481 0.3110
vn 0.4503 0.8374 0.3097
vn 0.4685 0.8272 0.3102
vn 0.4863 0.8163 0.3118
vn 0.5058 0.8028 0.3156
vn 0.5303 0.7835 0.3240
vn 0.4144 0.8780 0.2395
vn 0.4422 0.8653 0.2360
vn 0.4633 0.8544 0.2353
vn 0.4818 0.8440 0.2357
vn 0.5000 0.8330 0.2369
vn 0.5197 0.8200 0.2397
vn 0.5442 0.8020 0.2460
vn 0.4271 0.8920 0.1482
vn 0.4539 0.8789 0.1464
vn 0.4749 0.8678 0.1462
vn 0.4937 0.8572 0.1466
vn 0.5122 0.8461 0.1472
vn 0.5322 0.8335 0.1487
vn 0.5567 0.8166 0.1527
vn 0.0640 0.3418 0.9376
vn 0.4402 0.8957 -0.0631
vn 0.4657 0.8828 -0.0609
vn 0.4862 0.8719 -0.0588
vn 0.5053 0.8610 -0.0581
vn 0.4386 0.8863 -0.1486
vn 0.4633 0.8745 -0.1438
vn 0.4837 0.8641 -0.1390
vn 0.5043 0.8526 -0.1373
vn 0.4334 0.8748 -0.2166
vn 0.4568 0.8646 -0.2091
vn 0.4765 0.8562 -0.1998
vn 0.5015 0.8426 -0.1960
vn 0.5673 0.8210 -0.0637
vn 0.5652 0.8110 -0.1512
vn 0.5618 0.7973 -0.2206
vn 0.5581 0.7817 -0.2785
vn 0.5437 0.8370 -0.0617
vn 0.5429 0.8270 -0.1459
vn 0.5417 0.8133 -0.2124
vn 0.5400 0.7971 -0.2701
vn 0.5242 0.8495 -0.0593
vn 0.5241 0.8400 -0.1403
vn 0.5248 0.8269 -0.2020
vn 0.5263 0.8091 -0.2616
vn 0.5267 0.7195 -0.4526
vn 0.5018 0.7327 -0.4597
vn 0.4688 0.7416 -0.4799
vn 0.3887 0.7477 -0.5384
vn 0.5430 0.7432 -0.3910
vn 0.5220 0.7576 -0.3918
vn 0.4992 0.7652 -0.4064
vn 0.4356 0.7706 -0.4652
vn 0.5528 0.7638 -0.3332
vn 0.5345 0.7785 -0.3289
vn 0.5195 0.7862 -0.3347
vn 0.4641 0.7914 -0.3978
vn -0.8244 0.0587 -0.5630
vn -0.9034 -0.2670 -0.3356
vn -0.8667 -0.4740 -0.1555
vn -0.8054 -0.5897 -0.0590
vn -0.4242 0.4696 -0.7743
vn -0.8412 -0.1281 -0.5254
vn -0.8009 -0.5942 -0.0741
vn -0.6940 -0.7163 0.0725
vn 0.1445 0.7227 -0.6759
vn 0.0967 0.7215 -0.6856
vn -0.7941 -0.5853 -0.1637
vn -0.5947 -0.7834 0.1805
vn -0.4925 -0.8640 -0.1042
vn -0.3413 -0.9398 -0.0180
vn -0.2420 -0.9701 0.0155
vn -0.1625 -0.9867 0.0010
vn -0.6468 -0.7615 -0.0422
vn -0.5022 -0.8618 0.0706
vn -0.3987 -0.9088 0.1233
vn -0.3139 -0.9428 0.1122
vn -0.7388 -0.6735 -0.0258
vn -0.6062 -0.7882 0.1059
vn -0.5010 -0.8435 0.1936
vn -0.4198 -0.8821 0.2139
vn 0.3298 -0.8539 -0.4026
vn 0.5565 -0.4667 -0.6874
vn 0.6168 0.3487 -0.7056
vn 0.5034 0.6682 -0.5479
vn 0.0991 -0.9745 -0.2012
vn 0.1047 -0.9537 -0.2821
vn 0.6382 0.2150 -0.7392
vn 0.4951 0.7277 -0.4747
vn -0.0618 -0.9959 -0.0663
vn -0.1958 -0.9805 0.0160
vn -0.2564 -0.9660 0.0324
vn 0.4956 0.7658 -0.4099
vn 0.3992 0.8006 -0.4469
vn 0.4075 0.8281 -0.3849
vn 0.4166 0.8481 -0.3275
vn 0.4257 0.8626 -0.2735
vn 0.4239 0.7828 -0.4556
vn 0.4308 0.8153 -0.3870
vn 0.4383 0.8383 -0.3242
vn 0.4476 0.8537 -0.2660
vn 0.4502 0.7536 -0.4789
vn 0.4501 0.7964 -0.4040
vn 0.4530 0.8276 -0.3314
vn 0.4642 0.8471 -0.2587
vn -0.4954 0.5634 -0.6612
vn -0.4824 0.6158 -0.6229
vn -0.4793 0.6668 -0.5706
vn -0.5085 0.7012 -0.4998
vn -0.5850 0.6965 -0.4155
vn -0.7212 0.6080 -0.3320
vn -0.9040 0.2969 -0.3077
vn -0.5683 0.5082 -0.6471
vn -0.5803 0.5463 -0.6040
vn -0.6033 0.5755 -0.5521
vn -0.6512 0.5816 -0.4876
vn -0.7268 0.5418 -0.4221
vn -0.8202 0.4245 -0.3835
vn -0.8850 0.1233 -0.4489
vn -0.6133 0.4688 -0.6356
vn -0.6421 0.4904 -0.5892
vn -0.6803 0.4972 -0.5384
vn -0.7333 0.4791 -0.4824
vn -0.7933 0.4230 -0.4379
vn -0.8461 0.3042 -0.4377
vn -0.8315 0.0126 -0.5554
vn -0.6390 0.4424 -0.6293
vn -0.6829 0.4431 -0.5808
vn -0.7329 0.4251 -0.5311
vn -0.7871 0.3850 -0.4820
vn -0.8349 0.3157 -0.4509
vn -0.8611 0.1916 -0.4709
vn -0.7930 -0.0907 -0.6024
vn -0.6635 0.4114 -0.6249
vn -0.7214 0.3866 -0.5746
vn -0.7813 0.3397 -0.5237
vn -0.8348 0.2755 -0.4766
vn -0.8718 0.1914 -0.4509
vn -0.8778 0.0591 -0.4754
vn -0.7788 -0.2145 -0.5894
vn -0.7056 0.3522 -0.6149
vn -0.7741 0.2940 -0.5606
vn -0.8384 0.2112 -0.5025
vn -0.8853 0.1187 -0.4497
vn -0.9069 0.0191 -0.4208
vn -0.8911 -0.1152 -0.4390
vn -0.7716 -0.3603 -0.5242
vn -0.7779 0.2345 -0.5830
vn -0.8463 0.1315 -0.5162
vn -0.8977 0.0106 -0.4404
vn -0.9212 -0.1046 -0.3748
vn -0.9166 -0.2116 -0.3392
vn -0.8759 -0.3352 -0.3472
vn -0.7538 -0.5150 -0.4080
vn 0.6919 -0.1812 -0.6989
vn 0.5806 -0.3337 -0.7426
vn 0.3046 -0.6482 -0.6979
vn -0.0544 -0.8674 -0.4946
vn -0.3329 -0.9120 -0.2396
vn -0.4768 -0.8767 -0.0629
vn -0.5566 -0.8300 0.0369
vn 0.6756 -0.2339 -0.6992
vn 0.5891 -0.2975 -0.7514
vn 0.4131 -0.4665 -0.7821
vn 0.1232 -0.6862 -0.7169
vn -0.1700 -0.8104 -0.5606
vn -0.4032 -0.8354 -0.3735
vn -0.5692 -0.7970 -0.2019
vn 0.6635 -0.2729 -0.6966
vn 0.5937 -0.2750 -0.7562
vn 0.4769 -0.3213 -0.8181
vn 0.2857 -0.4216 -0.8606
vn 0.0339 -0.5246 -0.8507
vn -0.2371 -0.5694 -0.7871
vn -0.5075 -0.5427 -0.6693
vn 0.6555 -0.3007 -0.6927
vn 0.5993 -0.2589 -0.7575
vn 0.5195 -0.2035 -0.8299
vn 0.4083 -0.1386 -0.9023
vn 0.2610 -0.0721 -0.9627
vn 0.0663 0.0004 -0.9978
vn -0.1838 0.0963 -0.9782
vn 0.6472 -0.3324 -0.6861
vn 0.6057 -0.2455 -0.7569
vn 0.5518 -0.0995 -0.8280
vn 0.4793 0.0832 -0.8737
vn 0.3923 0.2570 -0.8832
vn 0.2951 0.4069 -0.8645
vn 0.1852 0.5397 -0.8212
vn 0.6312 -0.3870 -0.6722
vn 0.6130 -0.2308 -0.7556
vn 0.5767 0.0150 -0.8168
vn 0.5105 0.2673 -0.8173
vn 0.4360 0.4584 -0.7745
vn 0.3692 0.5836 -0.7232
vn 0.3059 0.6725 -0.6740
vn 0.6007 -0.4728 -0.6447
vn 0.6234 -0.2108 -0.7530
vn 0.5961 0.1462 -0.7895
vn 0.5195 0.4321 -0.7372
vn 0.4483 0.5968 -0.6655
vn 0.3992 0.6783 -0.6169
vn 0.3577 0.7275 -0.5854
vn -0.6431 -0.7591 -0.1010
vn -0.6424 -0.7480 -0.1669
vn -0.6432 -0.7358 -0.2120
vn -0.6464 -0.7249 -0.2379
vn -0.6522 -0.7168 -0.2467
vn -0.6602 -0.7124 -0.2380
vn -0.6674 -0.7146 -0.2094
vn -0.7420 -0.6671 -0.0667
vn -0.7462 -0.6554 -0.1166
vn -0.7523 -0.6426 -0.1452
vn -0.7604 -0.6312 -0.1531
vn -0.7695 -0.6230 -0.1404
vn -0.7775 -0.6199 -0.1060
vn -0.7770 -0.6275 -0.0503
vn -0.9357 -0.3515 0.0286
vn -0.9404 -0.3390 0.0271
vn -0.9446 -0.3253 0.0446
vn -0.9459 -0.3139 0.0820
vn -0.9410 -0.3082 0.1397
vn -0.9249 -0.3121 0.2171
vn -0.8905 -0.3324 0.3107
vn -0.8298 0.5206 0.2011
vn -0.8236 0.4889 0.2876
vn -0.8119 0.4535 0.3676
vn -0.7928 0.4150 0.4464
vn -0.7629 0.3724 0.5285
vn -0.7188 0.3234 0.6155
vn -0.6565 0.2651 0.7063
vn -0.1209 0.9677 0.2212
vn -0.1416 0.9307 0.3373
vn -0.1627 0.8852 0.4358
vn -0.1807 0.8336 0.5220
vn -0.1912 0.7765 0.6003
vn -0.1895 0.7150 0.6730
vn -0.1693 0.6511 0.7399
vn 0.2010 0.9620 0.1846
vn 0.1783 0.9396 0.2923
vn 0.1523 0.9107 0.3841
vn 0.1256 0.8765 0.4647
vn 0.1012 0.8373 0.5373
vn 0.0830 0.7933 0.6031
vn 0.0783 0.7464 0.6609
vn 0.3222 0.9323 0.1645
vn 0.3039 0.9153 0.2643
vn 0.2827 0.8935 0.3489
vn 0.2597 0.8681 0.4231
vn 0.2363 0.8393 0.4897
vn 0.2148 0.8073 0.5497
vn 0.1997 0.7730 0.6021
vn -0.6345 -0.7478 0.1954
vn -0.6337 -0.7388 0.2292
vn -0.6310 -0.7402 0.2321
vn -0.6305 -0.7456 0.2159
vn -0.6325 -0.7524 0.1842
vn -0.6362 -0.7594 0.1359
vn -0.6405 -0.7648 0.0689
vn -0.7270 -0.6817 0.0820
vn -0.7335 -0.6617 0.1554
vn -0.7289 -0.6595 0.1835
vn -0.7255 -0.6634 0.1831
vn -0.7256 -0.6686 0.1629
vn -0.7284 -0.6735 0.1257
vn -0.7332 -0.6763 0.0714
vn -0.8802 -0.3934 -0.2656
vn -0.9272 -0.3612 -0.0986
vn -0.9342 -0.3567 0.0020
vn -0.9307 -0.3616 0.0541
vn -0.9272 -0.3668 0.0753
vn -0.9261 -0.3693 0.0774
vn -0.9277 -0.3675 0.0658
vn -0.6436 0.3430 -0.6842
vn -0.7502 0.4249 -0.5066
vn -0.8014 0.4740 -0.3648
vn -0.8242 0.5049 -0.2564
vn -0.8335 0.5268 -0.1668
vn -0.8364 0.5421 -0.0815
vn -0.8356 0.5493 0.0081
vn -0.0194 0.7655 -0.6431
vn -0.0668 0.8414 -0.5362
vn -0.0833 0.8947 -0.4388
vn -0.0848 0.9328 -0.3502
vn -0.0829 0.9616 -0.2618
vn -0.0838 0.9830 -0.1635
vn -0.0901 0.9948 -0.0477
vn 0.2095 0.8141 -0.5416
vn 0.1986 0.8634 -0.4639
vn 0.2039 0.8976 -0.3908
vn 0.2147 0.9224 -0.3211
vn 0.2243 0.9424 -0.2483
vn 0.2294 0.9594 -0.1644
vn 0.2281 0.9717 -0.0622
vn 0.3027 0.8204 -0.4851
vn 0.3054 0.8543 -0.4206
vn 0.3154 0.8785 -0.3589
vn 0.3268 0.8966 -0.2988
vn 0.3362 0.9122 -0.2344
vn 0.3417 0.9263 -0.1586
vn 0.3422 0.9374 -0.0648
vn -0.4580 -0.8881 0.0383
vn -0.5285 -0.8470 -0.0578
vn -0.6160 -0.7545 -0.2266
vn -0.7049 -0.5241 -0.4779
vn -0.7060 -0.1445 -0.6933
vn -0.5937 0.2441 -0.7668
vn -0.5167 0.4397 -0.7346
vn -0.4091 -0.8900 -0.2014
vn -0.5094 -0.7774 -0.3691
vn -0.5919 -0.5829 -0.5567
vn -0.6284 -0.2903 -0.7217
vn -0.5931 0.0543 -0.8033
vn -0.5415 0.2999 -0.7854
vn -0.5324 0.4184 -0.7359
vn -0.1918 -0.7220 -0.6648
vn -0.3322 -0.5155 -0.7899
vn -0.4230 -0.2721 -0.8643
vn -0.4630 -0.0111 -0.8863
vn -0.4785 0.2069 -0.8534
vn -0.5030 0.3387 -0.7951
vn -0.5421 0.4067 -0.7354
vn 0.2186 -0.1399 -0.9657
vn 0.0297 0.0213 -0.9993
vn -0.1245 0.1539 -0.9802
vn -0.2574 0.2537 -0.9324
vn -0.3752 0.3247 -0.8682
vn -0.4713 0.3725 -0.7995
vn -0.5436 0.4051 -0.7351
vn 0.4211 0.3908 -0.8185
vn 0.2674 0.4226 -0.8660
vn 0.1012 0.4384 -0.8931
vn -0.0853 0.4373 -0.8953
vn -0.2787 0.4219 -0.8627
vn -0.4394 0.4061 -0.8013
vn -0.5459 0.4045 -0.7337
vn 0.4724 0.5655 -0.6760
vn 0.3760 0.5783 -0.7240
vn 0.2493 0.5791 -0.7762
vn 0.0649 0.5601 -0.8259
vn -0.1713 0.5125 -0.8414
vn -0.4017 0.4443 -0.8008
vn -0.5608 0.3931 -0.7287
vn 0.4913 0.6415 -0.5892
vn 0.4355 0.6541 -0.6185
vn 0.3531 0.6591 -0.6640
vn 0.2001 0.6487 -0.7342
vn -0.0512 0.5999 -0.7985
vn -0.3536 0.4920 -0.7956
vn -0.5903 0.3690 -0.7179
vn -0.6250 -0.7648 -0.1564
vn -0.5815 -0.7976 -0.1599
vn -0.5370 -0.8277 -0.1627
vn -0.4907 -0.8564 -0.1605
vn -0.4436 -0.8830 -0.1532
vn -0.3965 -0.9071 -0.1413
vn -0.3480 -0.9286 -0.1290
vn -0.7055 -0.7068 0.0522
vn -0.6435 -0.7625 0.0674
vn -0.5761 -0.8139 0.0749
vn -0.5036 -0.8600 0.0820
vn -0.4278 -0.8995 0.0885
vn -0.3507 -0.9318 0.0940
vn -0.2731 -0.9576 0.0915
vn -0.7483 -0.4525 0.4851
vn -0.6518 -0.5357 0.5368
vn -0.5444 -0.6159 0.5695
vn -0.4276 -0.6886 0.5856
vn -0.3062 -0.7515 0.5843
vn -0.1849 -0.8029 0.5667
vn -0.0677 -0.8449 0.5306
vn -0.4729 0.1172 0.8733
vn -0.3609 0.0365 0.9319
vn -0.2408 -0.0430 0.9696
vn -0.1154 -0.1197 0.9861
vn 0.0113 -0.1919 0.9813
vn 0.1360 -0.2583 0.9564
vn 0.2565 -0.3188 0.9125
vn -0.0586 0.5338 0.8436
vn 0.0187 0.4826 0.8756
vn 0.0992 0.4324 0.8962
vn 0.1809 0.3817 0.9064
vn 0.2626 0.3313 0.9062
vn 0.3429 0.2817 0.8961
vn 0.4225 0.2346 0.8755
vn 0.1400 0.6657 0.7330
vn 0.1932 0.6359 0.7472
vn 0.2471 0.6069 0.7554
vn 0.3004 0.5754 0.7608
vn 0.3523 0.5416 0.7633
vn 0.4022 0.5062 0.7629
vn 0.4526 0.4712 0.7571
vn 0.2367 0.7155 0.6572
vn 0.2768 0.6985 0.6600
vn 0.3156 0.6803 0.6615
vn 0.3535 0.6589 0.6640
vn 0.3896 0.6346 0.6674
vn 0.4232 0.6080 0.6717
vn 0.4563 0.5798 0.6750
vn -0.2826 -0.9437 -0.1720
vn -0.2828 -0.9376 -0.2022
vn -0.2901 -0.9327 -0.2141
vn -0.3008 -0.9305 -0.2088
vn -0.3136 -0.9311 -0.1865
vn -0.3276 -0.9336 -0.1452
vn -0.3413 -0.9363 -0.0832
vn -0.1675 -0.9859 0.0051
vn -0.1581 -0.9861 -0.0508
vn -0.1631 -0.9826 -0.0888
vn -0.1744 -0.9789 -0.1066
vn -0.1891 -0.9764 -0.1045
vn -0.2052 -0.9753 -0.0820
vn -0.2207 -0.9746 -0.0386
vn 0.1042 -0.9177 0.3833
vn 0.1406 -0.9450 0.2954
vn 0.1545 -0.9636 0.2184
vn 0.1542 -0.9755 0.1567
vn 0.1450 -0.9830 0.1125
vn 0.1315 -0.9875 0.0864
vn 0.1182 -0.9899 0.0779
vn 0.4680 -0.4198 0.7776
vn 0.5502 -0.4559 0.6996
vn 0.6188 -0.4812 0.6209
vn 0.6773 -0.4966 0.5428
vn 0.7291 -0.5037 0.4634
vn 0.7765 -0.5041 0.3781
vn 0.8194 -0.4998 0.2805
vn 0.5784 0.1826 0.7951
vn 0.6488 0.1897 0.7369
vn 0.7114 0.2126 0.6699
vn 0.7666 0.2449 0.5936
vn 0.8154 0.2820 0.5057
vn 0.8585 0.3192 0.4014
vn 0.8947 0.3522 0.2746
vn 0.5554 0.4491 0.6999
vn 0.5992 0.4732 0.6458
vn 0.6355 0.5084 0.5811
vn 0.6657 0.5475 0.5070
vn 0.6910 0.5863 0.4229
vn 0.7124 0.6216 0.3257
vn 0.7300 0.6502 0.2104
vn 0.5270 0.5709 0.6296
vn 0.5540 0.5989 0.5782
vn 0.5771 0.6318 0.5176
vn 0.5970 0.6648 0.4490
vn 0.6144 0.6958 0.3719
vn 0.6300 0.7230 0.2834
vn 0.6434 0.7444 0.1786
vn 0.7516 -0.6026 -0.2684
vn 0.9159 -0.2738 -0.2934
vn 0.9190 -0.1063 -0.3797
vn 0.8845 -0.0372 -0.4650
vn 0.8437 -0.0309 -0.5360
vn 0.8062 -0.0620 -0.5884
vn 0.7724 -0.1039 -0.6266
vn 0.5912 -0.6928 -0.4130
vn 0.8087 -0.4745 -0.3476
vn 0.8608 -0.3284 -0.3889
vn 0.8568 -0.2405 -0.4562
vn 0.8289 -0.2034 -0.5211
vn 0.7949 -0.2015 -0.5723
vn 0.7594 -0.2151 -0.6141
vn 0.4652 -0.7174 -0.5185
vn 0.7108 -0.5781 -0.4007
vn 0.7848 -0.4704 -0.4034
vn 0.8039 -0.3891 -0.4498
vn 0.7947 -0.3349 -0.5063
vn 0.7721 -0.3075 -0.5562
vn 0.7422 -0.2969 -0.6008
vn 0.3520 -0.7480 -0.5626
vn 0.6106 -0.6658 -0.4288
vn 0.7003 -0.5838 -0.4107
vn 0.7369 -0.5100 -0.4437
vn 0.7473 -0.4447 -0.4937
vn 0.7416 -0.3940 -0.5429
vn 0.7236 -0.3583 -0.5900
vn 0.2314 -0.8055 -0.5456
vn 0.4916 -0.7602 -0.4246
vn 0.5937 -0.6979 -0.4006
vn 0.6470 -0.6312 -0.4278
vn 0.6797 -0.5577 -0.4764
vn 0.6969 -0.4849 -0.5284
vn 0.6969 -0.4235 -0.5787
vn 0.0946 -0.8738 -0.4770
vn 0.3343 -0.8631 -0.3785
vn 0.4414 -0.8231 -0.3572
vn 0.5109 -0.7685 -0.3852
vn 0.5705 -0.6940 -0.4392
vn 0.6195 -0.6052 -0.5000
vn 0.6476 -0.5199 -0.5570
vn -0.0547 -0.9307 -0.3617
vn 0.1288 -0.9504 -0.2832
vn 0.2308 -0.9359 -0.2661
vn 0.3102 -0.9037 -0.2951
vn 0.3937 -0.8473 -0.3564
vn 0.4791 -0.7640 -0.4321
vn 0.5484 -0.6677 -0.5033
vn -0.3594 -0.9298 0.0789
vn -0.3619 -0.9211 0.1432
vn -0.3617 -0.9128 0.1896
vn -0.3597 -0.9068 0.2198
vn -0.3569 -0.9042 0.2345
vn -0.3553 -0.9060 0.2300
vn -0.3618 -0.9117 0.1948
vn -0.2424 -0.9663 0.0864
vn -0.2466 -0.9595 0.1361
vn -0.2469 -0.9540 0.1698
vn -0.2445 -0.9514 0.1869
vn -0.2406 -0.9529 0.1844
vn -0.2398 -0.9587 0.1532
vn -0.2564 -0.9634 0.0777
vn 0.0996 -0.9907 0.0930
vn 0.0976 -0.9906 0.0957
vn 0.1015 -0.9911 0.0860
vn 0.1098 -0.9923 0.0577
vn 0.1187 -0.9929 -0.0011
vn 0.1160 -0.9875 -0.1064
vn 0.0748 -0.9594 -0.2718
vn 0.8663 -0.4970 0.0504
vn 0.8633 -0.5014 -0.0569
vn 0.8489 -0.5049 -0.1563
vn 0.8245 -0.5044 -0.2564
vn 0.7855 -0.4953 -0.3710
vn 0.7195 -0.4685 -0.5127
vn 0.6059 -0.4093 -0.6821
vn 0.9220 0.3862 -0.0262
vn 0.9102 0.3838 -0.1555
vn 0.8899 0.3724 -0.2634
vn 0.8635 0.3554 -0.3580
vn 0.8273 0.3367 -0.4497
vn 0.7723 0.3237 -0.5466
vn 0.6874 0.3266 -0.6488
vn 0.7402 0.6701 -0.0549
vn 0.7327 0.6605 -0.1640
vn 0.7226 0.6434 -0.2528
vn 0.7112 0.6214 -0.3287
vn 0.6960 0.5961 -0.4003
vn 0.6702 0.5712 -0.4739
vn 0.6254 0.5537 -0.5498
vn 0.6524 0.7553 -0.0624
vn 0.6477 0.7448 -0.1604
vn 0.6414 0.7290 -0.2392
vn 0.6349 0.7096 -0.3056
vn 0.6268 0.6873 -0.3671
vn 0.6127 0.6634 -0.4295
vn 0.5873 0.6417 -0.4933
vt 0.365896 0.066145
vt 0.379185 0.060612
vt 0.379180 0.075892
vt 0.365902 0.079403
vt 0.392433 0.055067
vt 0.392381 0.072360
vt 0.405620 0.049506
vt 0.405466 0.068797
vt 0.418713 0.043948
vt 0.418379 0.065230
vt 0.431636 0.038523
vt 0.430993 0.061841
vt 0.444235 0.033547
vt 0.443129 0.058924
vt 0.379182 0.091174
vt 0.365910 0.092661
vt 0.392352 0.089660
vt 0.405368 0.088104
vt 0.418162 0.086517
vt 0.430593 0.085009
vt 0.442502 0.083725
vt 0.379195 0.106459
vt 0.365919 0.105919
vt 0.392359 0.106969
vt 0.405354 0.107434
vt 0.418110 0.107833
vt 0.430489 0.108129
vt 0.442338 0.108281
vt 0.379220 0.121748
vt 0.365930 0.119177
vt 0.392409 0.124290
vt 0.405443 0.126791
vt 0.418255 0.129202
vt 0.430703 0.131335
vt 0.442623 0.132958
vt 0.379256 0.137039
vt 0.365942 0.132436
vt 0.392494 0.141621
vt 0.405616 0.146171
vt 0.418566 0.150632
vt 0.431213 0.154751
vt 0.443376 0.158134
vt 0.379299 0.152332
vt 0.365954 0.145695
vt 0.392603 0.158958
vt 0.405845 0.165567
vt 0.418993 0.172121
vt 0.431970 0.178450
vt 0.444615 0.184149
vt 0.352585 0.060443
vt 0.365889 0.052888
vt 0.352586 0.071673
vt 0.379193 0.045333
vt 0.392497 0.037777
vt 0.405802 0.030222
vt 0.419106 0.022666
vt 0.432410 0.015111
vt 0.445714 0.007555
vt 0.459018 0.000000
vt 0.455959 0.030309
vt 0.454485 0.057087
vt 0.453710 0.082848
vt 0.453506 0.108247
vt 0.453835 0.133790
vt 0.454742 0.160007
vt 0.456363 0.187625
vt 0.459614 0.219657
vt 0.446236 0.210985
vt 0.432858 0.202314
vt 0.419480 0.193642
vt 0.406102 0.184970
vt 0.392724 0.176298
vt 0.379346 0.167626
vt 0.365968 0.158955
vt 0.352589 0.139053
vt 0.352589 0.150283
vt 0.352588 0.127823
vt 0.352588 0.116593
vt 0.352587 0.105363
vt 0.352587 0.094133
vt 0.352586 0.082903
vt 0.466095 0.030476
vt 0.475321 0.032233
vt 0.474331 0.057275
vt 0.464827 0.056749
vt 0.484152 0.034135
vt 0.483226 0.057751
vt 0.492696 0.035656
vt 0.491554 0.057202
vt 0.473702 0.082368
vt 0.464086 0.082481
vt 0.482638 0.081977
vt 0.490750 0.079538
vt 0.517156 0.037029
vt 0.514070 0.048472
vt 0.506784 0.051782
vt 0.509131 0.036912
vt 0.510942 0.059212
vt 0.504413 0.065627
vt 0.507737 0.068774
vt 0.501906 0.076926
vt 0.499344 0.054979
vt 0.501001 0.036532
vt 0.497808 0.072919
vt 0.496205 0.087234
vt 0.497587 0.089850
vt 0.493107 0.093552
vt 0.496205 0.089550
vt 0.501037 0.083687
vt 0.488725 0.097008
vt 0.491556 0.095336
vt 0.484503 0.100002
vt 0.487274 0.100249
vt 0.499160 0.084514
vt 0.504430 0.076820
vt 0.494113 0.093126
vt 0.489713 0.101310
vt 0.472835 0.105772
vt 0.476637 0.107181
vt 0.480012 0.105713
vt 0.476615 0.104229
vt 0.480526 0.108872
vt 0.483507 0.107810
vt 0.484569 0.111008
vt 0.487319 0.111000
vt 0.483485 0.103590
vt 0.480482 0.102368
vt 0.486432 0.105783
vt 0.489737 0.110270
vt 0.497718 0.120072
vt 0.501148 0.126198
vt 0.496295 0.120879
vt 0.493216 0.116779
vt 0.504524 0.133028
vt 0.499235 0.126030
vt 0.507818 0.141038
vt 0.501977 0.133740
vt 0.491624 0.115572
vt 0.488813 0.113694
vt 0.494164 0.118048
vt 0.496256 0.124260
vt 0.517229 0.172661
vt 0.509255 0.174072
vt 0.506883 0.159105
vt 0.514142 0.161261
vt 0.501176 0.175752
vt 0.499471 0.157071
vt 0.492924 0.177938
vt 0.491710 0.156046
vt 0.504493 0.145154
vt 0.511016 0.150561
vt 0.497890 0.138873
vt 0.490833 0.133341
vt 0.466475 0.186817
vt 0.465073 0.159826
vt 0.474551 0.158365
vt 0.475655 0.183945
vt 0.464207 0.133661
vt 0.473812 0.132895
vt 0.463881 0.107999
vt 0.473516 0.107561
vt 0.483415 0.156731
vt 0.484433 0.180776
vt 0.482733 0.132139
vt 0.482489 0.106967
vt 0.491554 0.057202
vt 0.492696 0.035656
vt 0.501906 0.076926
vt 0.507737 0.068774
vt 0.487274 0.100249
vt 0.484503 0.100002
vt 0.487318 0.111000
vt 0.484569 0.111008
vt 0.501977 0.133740
vt 0.507818 0.141038
vt 0.491710 0.156046
vt 0.492924 0.177938
vt 0.473516 0.107561
vt 0.463881 0.107999
vt 0.490916 0.106148
vt 0.467761 0.003607
vt 0.476505 0.007214
vt 0.485248 0.010821
vt 0.493992 0.014428
vt 0.528965 0.028857
vt 0.525130 0.037025
vt 0.520222 0.025249
vt 0.521294 0.045194
vt 0.517458 0.053362
vt 0.513623 0.061531
vt 0.511479 0.021642
vt 0.502735 0.018035
vt 0.498280 0.094205
vt 0.494108 0.095676
vt 0.502115 0.086037
vt 0.489936 0.097147
vt 0.485764 0.098618
vt 0.481592 0.100089
vt 0.505951 0.077868
vt 0.509787 0.069700
vt 0.513623 0.061531
vt 0.464904 0.105972
vt 0.469098 0.107159
vt 0.469076 0.104501
vt 0.473292 0.108347
vt 0.477485 0.109534
vt 0.481679 0.110722
vt 0.473248 0.103030
vt 0.477420 0.101559
vt 0.498455 0.115472
vt 0.502269 0.123458
vt 0.494261 0.114285
vt 0.506082 0.131444
vt 0.509896 0.139430
vt 0.513710 0.147416
vt 0.490067 0.113097
vt 0.485873 0.111910
vt 0.528965 0.179360
vt 0.520297 0.184397
vt 0.525152 0.171374
vt 0.511628 0.189434
vt 0.502959 0.194472
vt 0.494290 0.199509
vt 0.521338 0.163388
vt 0.517524 0.155402
vt 0.456363 0.187625
vt 0.468283 0.214620
vt 0.454742 0.160007
vt 0.453835 0.133790
vt 0.453506 0.108247
vt 0.476952 0.209583
vt 0.485621 0.204546
vt 0.162894 0.307111
vt 0.162888 0.320328
vt 0.149610 0.317054
vt 0.149604 0.301855
vt 0.162880 0.333546
vt 0.149608 0.332255
vt 0.162871 0.346764
vt 0.149596 0.347459
vt 0.162861 0.359982
vt 0.149570 0.362668
vt 0.162849 0.373201
vt 0.149534 0.377881
vt 0.162836 0.386421
vt 0.149492 0.393096
vt 0.136409 0.313753
vt 0.136356 0.296585
vt 0.136439 0.330928
vt 0.136433 0.348116
vt 0.136383 0.365319
vt 0.136298 0.382534
vt 0.136188 0.399757
vt 0.123325 0.310412
vt 0.123170 0.291294
vt 0.123425 0.329549
vt 0.123439 0.348715
vt 0.123351 0.367917
vt 0.123177 0.387147
vt 0.122947 0.406396
vt 0.110415 0.307054
vt 0.110077 0.286000
vt 0.110635 0.328122
vt 0.110688 0.349232
vt 0.110543 0.370409
vt 0.110230 0.391659
vt 0.109800 0.412975
vt 0.097806 0.303845
vt 0.097156 0.280820
vt 0.098210 0.326744
vt 0.098316 0.349619
vt 0.098102 0.372603
vt 0.097588 0.395815
vt 0.096827 0.419321
vt 0.085677 0.301060
vt 0.084561 0.276054
vt 0.086311 0.325543
vt 0.086477 0.349824
vt 0.086192 0.374258
vt 0.085434 0.399216
vt 0.084186 0.425029
vt 0.176206 0.301129
vt 0.176205 0.312359
vt 0.162900 0.293893
vt 0.176204 0.323589
vt 0.176204 0.334819
vt 0.176203 0.346049
vt 0.176203 0.357279
vt 0.176202 0.368509
vt 0.176202 0.379739
vt 0.176201 0.390969
vt 0.162823 0.399640
vt 0.149445 0.408312
vt 0.136067 0.416984
vt 0.122689 0.425655
vt 0.109311 0.434327
vt 0.095933 0.442999
vt 0.082554 0.451670
vt 0.069176 0.460342
vt 0.072448 0.428502
vt 0.074080 0.401085
vt 0.074994 0.375088
vt 0.075324 0.349794
vt 0.075118 0.324684
vt 0.074334 0.299266
vt 0.072846 0.272913
vt 0.083070 0.250478
vt 0.069765 0.243242
vt 0.096375 0.257714
vt 0.109680 0.264950
vt 0.122985 0.272186
vt 0.136290 0.279422
vt 0.149595 0.286658
vt 0.062728 0.272966
vt 0.064010 0.298854
vt 0.054530 0.299219
vt 0.053524 0.274499
vt 0.064761 0.324256
vt 0.055170 0.324018
vt 0.064970 0.349495
vt 0.055361 0.348955
vt 0.045658 0.299489
vt 0.044716 0.276143
vt 0.046262 0.323455
vt 0.046420 0.348216
vt 0.062353 0.427680
vt 0.053195 0.424785
vt 0.054312 0.399368
vt 0.063767 0.400876
vt 0.044439 0.421588
vt 0.045472 0.397672
vt 0.035969 0.418720
vt 0.037199 0.396923
vt 0.055062 0.374078
vt 0.064641 0.374919
vt 0.046169 0.373219
vt 0.038095 0.374309
vt 0.011717 0.413367
vt 0.014806 0.401987
vt 0.022054 0.399875
vt 0.019675 0.414801
vt 0.017935 0.391301
vt 0.024455 0.385955
vt 0.021138 0.381783
vt 0.026984 0.374552
vt 0.029454 0.397891
vt 0.027736 0.416506
vt 0.031052 0.379748
vt 0.032709 0.365154
vt 0.031259 0.360777
vt 0.035800 0.357504
vt 0.032702 0.361642
vt 0.027821 0.366922
vt 0.040244 0.354433
vt 0.037403 0.356369
vt 0.044531 0.351753
vt 0.041742 0.351812
vt 0.029743 0.366827
vt 0.024438 0.373767
vt 0.034831 0.358904
vt 0.039281 0.351160
vt 0.056405 0.346477
vt 0.052577 0.344954
vt 0.049133 0.346478
vt 0.052555 0.347906
vt 0.048661 0.343108
vt 0.045615 0.344388
vt 0.044594 0.340747
vt 0.041785 0.341062
vt 0.045593 0.348607
vt 0.048619 0.349612
vt 0.042625 0.346639
vt 0.039304 0.342207
vt 0.031386 0.330556
vt 0.027929 0.324417
vt 0.032790 0.330323
vt 0.035907 0.334277
vt 0.024530 0.317580
vt 0.029816 0.325344
vt 0.021217 0.309570
vt 0.027053 0.317828
vt 0.037468 0.336139
vt 0.040329 0.337748
vt 0.034881 0.334008
vt 0.032759 0.328225
vt 0.011789 0.277975
vt 0.019796 0.278122
vt 0.022152 0.292881
vt 0.014877 0.289363
vt 0.027909 0.278006
vt 0.029579 0.296285
vt 0.036194 0.277397
vt 0.037353 0.298721
vt 0.024533 0.306621
vt 0.018008 0.300053
vt 0.031133 0.314060
vt 0.038177 0.320832
vt 0.055361 0.348955
vt 0.064970 0.349495
vt 0.037199 0.396923
vt 0.026984 0.374552
vt 0.021138 0.381783
vt 0.044531 0.351753
vt 0.041785 0.341062
vt 0.027053 0.317828
vt 0.037353 0.298721
vt 0.036194 0.277397
vt 0.038045 0.347179
vt 0.061045 0.246530
vt 0.052324 0.249817
vt 0.043603 0.253104
vt 0.034883 0.256391
vt 0.060529 0.455305
vt 0.072448 0.428502
vt 0.051882 0.450267
vt 0.043235 0.445230
vt 0.034588 0.440193
vt 0.074080 0.401085
vt 0.074994 0.375088
vt 0.075324 0.349794
vt -0.000000 0.420043
vt 0.003810 0.412057
vt 0.008647 0.425081
vt 0.007620 0.404071
vt 0.011430 0.396085
vt 0.015240 0.388099
vt 0.017294 0.430118
vt 0.025941 0.435155
vt 0.030480 0.356155
vt 0.034725 0.354967
vt 0.026670 0.364141
vt 0.038969 0.353780
vt 0.043214 0.352593
vt 0.047458 0.351405
vt 0.022860 0.372127
vt 0.019050 0.380113
vt 0.064437 0.346656
vt 0.060213 0.345185
vt 0.060192 0.347843
vt 0.055990 0.343714
vt 0.051767 0.342243
vt 0.047543 0.340772
vt 0.055948 0.349031
vt 0.051703 0.350218
vt 0.047458 0.351405
vt 0.030650 0.334888
vt 0.026819 0.326719
vt 0.034873 0.336359
vt 0.022987 0.318551
vt 0.019156 0.310382
vt 0.015325 0.302214
vt 0.039096 0.337830
vt 0.043320 0.339301
vt 0.047543 0.340772
vt -0.000000 0.269540
vt 0.008721 0.266253
vt 0.003831 0.277708
vt 0.017441 0.262966
vt 0.026162 0.259678
vt 0.034883 0.256391
vt 0.007662 0.285877
vt 0.011494 0.294045
vt 0.153192 0.848806
vt 0.152945 0.842803
vt 0.155098 0.842214
vt 0.155294 0.848442
vt 0.152652 0.836969
vt 0.154835 0.836231
vt 0.152335 0.831220
vt 0.154530 0.830396
vt 0.152005 0.825516
vt 0.154201 0.824644
vt 0.151668 0.819840
vt 0.153858 0.818947
vt 0.151324 0.814184
vt 0.153503 0.813285
vt 0.157284 0.841506
vt 0.157461 0.847837
vt 0.157034 0.835437
vt 0.156732 0.829546
vt 0.156401 0.823762
vt 0.156048 0.818050
vt 0.155682 0.812386
vt 0.159510 0.840657
vt 0.159690 0.847013
vt 0.159255 0.834565
vt 0.158946 0.828657
vt 0.158605 0.822863
vt 0.158241 0.817148
vt 0.157862 0.811486
vt 0.161778 0.839661
vt 0.161978 0.845986
vt 0.161502 0.833601
vt 0.161174 0.827719
vt 0.160815 0.821944
vt 0.160435 0.816240
vt 0.160041 0.810585
vt 0.164087 0.838525
vt 0.164330 0.844738
vt 0.163772 0.832559
vt 0.163412 0.826742
vt 0.163029 0.821008
vt 0.162630 0.815328
vt 0.162221 0.809684
vt 0.166431 0.837269
vt 0.166754 0.843248
vt 0.166058 0.831461
vt 0.165659 0.825738
vt 0.165247 0.820061
vt 0.164827 0.814412
vt 0.164401 0.808782
vt 0.151475 0.854627
vt 0.151142 0.848978
vt 0.153313 0.855279
vt 0.150810 0.843329
vt 0.150477 0.837680
vt 0.150144 0.832030
vt 0.149811 0.826381
vt 0.149478 0.820732
vt 0.149145 0.815083
vt 0.148812 0.809434
vt 0.150978 0.808538
vt 0.153144 0.807642
vt 0.155309 0.806746
vt 0.157475 0.805850
vt 0.159641 0.804954
vt 0.161807 0.804059
vt 0.163972 0.803163
vt 0.166138 0.802267
vt 0.166581 0.807881
vt 0.167024 0.813494
vt 0.167466 0.819108
vt 0.167909 0.824722
vt 0.168352 0.830335
vt 0.168795 0.835949
vt 0.169238 0.841563
vt 0.166932 0.849703
vt 0.169680 0.847176
vt 0.164448 0.851362
vt 0.162071 0.852669
vt 0.159773 0.853711
vt 0.157539 0.854525
vt 0.155379 0.855077
vt 0.548354 0.694550
vt 0.548554 0.702736
vt 0.546354 0.702203
vt 0.546209 0.694280
vt 0.548794 0.711114
vt 0.546557 0.710406
vt 0.549054 0.719590
vt 0.546796 0.718780
vt 0.549325 0.728118
vt 0.547055 0.727248
vt 0.549603 0.736679
vt 0.547328 0.735779
vt 0.549886 0.745262
vt 0.547609 0.744351
vt 0.544125 0.701534
vt 0.544008 0.693736
vt 0.544307 0.709634
vt 0.544531 0.717939
vt 0.544783 0.726366
vt 0.545052 0.734875
vt 0.545333 0.743440
vt 0.541862 0.700705
vt 0.541753 0.692938
vt 0.542037 0.708773
vt 0.542257 0.717053
vt 0.542506 0.725464
vt 0.542775 0.733966
vt 0.543056 0.742528
vt 0.539562 0.699706
vt 0.539448 0.691909
vt 0.539744 0.707807
vt 0.539971 0.716112
vt 0.540225 0.724539
vt 0.540496 0.733050
vt 0.540780 0.741615
vt 0.537227 0.698547
vt 0.537086 0.690625
vt 0.537432 0.706750
vt 0.537675 0.715125
vt 0.537939 0.723595
vt 0.538216 0.732127
vt 0.538503 0.740701
vt 0.534861 0.697250
vt 0.534661 0.689065
vt 0.535105 0.705630
vt 0.535372 0.714109
vt 0.535650 0.722639
vt 0.535936 0.731202
vt 0.536226 0.739787
vt 0.550170 0.686003
vt 0.550454 0.694599
vt 0.548262 0.686905
vt 0.550739 0.703194
vt 0.551024 0.711790
vt 0.551308 0.720386
vt 0.551593 0.728981
vt 0.551877 0.737577
vt 0.552162 0.746173
vt 0.552446 0.754768
vt 0.550171 0.753856
vt 0.547896 0.752944
vt 0.545620 0.752032
vt 0.543345 0.751120
vt 0.541069 0.750208
vt 0.538794 0.749296
vt 0.536519 0.748384
vt 0.534243 0.747471
vt 0.533949 0.738873
vt 0.533655 0.730274
vt 0.533360 0.721675
vt 0.533066 0.713077
vt 0.532772 0.704478
vt 0.532478 0.695879
vt 0.532184 0.687281
vt 0.534589 0.681425
vt 0.531889 0.678682
vt 0.537054 0.683176
vt 0.539426 0.684521
vt 0.541730 0.685564
vt 0.543976 0.686346
vt 0.546160 0.686826
vt 0.037624 0.871097
vt 0.033691 0.861111
vt 0.034692 0.861439
vt 0.037631 0.871762
vt 0.029020 0.851368
vt 0.030689 0.851468
vt 0.023978 0.841749
vt 0.026035 0.841711
vt 0.018741 0.832193
vt 0.021022 0.832071
vt 0.013377 0.822679
vt 0.015772 0.822508
vt 0.007929 0.813192
vt 0.010365 0.812997
vt 0.036215 0.861597
vt 0.038683 0.872082
vt 0.032599 0.851489
vt 0.028206 0.841636
vt 0.023351 0.831933
vt 0.018181 0.822333
vt 0.012802 0.812801
vt 0.038346 0.861555
vt 0.040696 0.872085
vt 0.034849 0.851399
vt 0.030549 0.841505
vt 0.025753 0.831772
vt 0.020612 0.822151
vt 0.015242 0.812605
vt 0.041120 0.861305
vt 0.043591 0.871801
vt 0.037501 0.851179
vt 0.033103 0.841305
vt 0.028243 0.831582
vt 0.023069 0.821961
vt 0.017686 0.812408
vt 0.044503 0.860856
vt 0.047448 0.871207
vt 0.040492 0.850848
vt 0.035828 0.841049
vt 0.030806 0.831368
vt 0.025548 0.821763
vt 0.020132 0.812209
vt 0.048407 0.860240
vt 0.052352 0.870278
vt 0.043724 0.850438
vt 0.038669 0.840756
vt 0.033418 0.831138
vt 0.028041 0.821560
vt 0.022580 0.812010
vt 0.043957 0.879611
vt 0.038463 0.870150
vt 0.039502 0.881769
vt 0.032968 0.860689
vt 0.027473 0.851229
vt 0.021979 0.841768
vt 0.016484 0.832307
vt 0.010989 0.822847
vt 0.005495 0.813386
vt -0.000000 0.803926
vt 0.002440 0.803718
vt 0.004879 0.803511
vt 0.007319 0.803304
vt 0.009758 0.803096
vt 0.012198 0.802889
vt 0.014637 0.802682
vt 0.017077 0.802474
vt 0.019516 0.802267
vt 0.025029 0.811811
vt 0.030541 0.821356
vt 0.036054 0.830900
vt 0.041566 0.840445
vt 0.047078 0.849989
vt 0.052591 0.859534
vt 0.058103 0.869078
vt 0.054236 0.880971
vt 0.063616 0.878622
vt 0.048606 0.882129
vt 0.044508 0.882799
vt 0.041556 0.883100
vt 0.039599 0.883077
vt 0.038787 0.882677
vt 0.007929 0.971384
vt 0.013377 0.958272
vt 0.015772 0.958084
vt 0.010365 0.971168
vt 0.018741 0.945188
vt 0.021022 0.945051
vt 0.023978 0.932144
vt 0.026035 0.932095
vt 0.029020 0.919165
vt 0.030689 0.919256
vt 0.033691 0.906308
vt 0.034692 0.906631
vt 0.037624 0.893696
vt 0.037631 0.894358
vt 0.018181 0.957891
vt 0.012802 0.970952
vt 0.023351 0.944898
vt 0.028206 0.932008
vt 0.032599 0.919268
vt 0.036215 0.906783
vt 0.038683 0.894675
vt 0.020612 0.957692
vt 0.015242 0.970736
vt 0.025753 0.944722
vt 0.030549 0.931865
vt 0.034849 0.919170
vt 0.038346 0.906736
vt 0.040696 0.894675
vt 0.023069 0.957484
vt 0.017685 0.970518
vt 0.028243 0.944517
vt 0.033103 0.931654
vt 0.037500 0.918940
vt 0.041120 0.906479
vt 0.043591 0.894388
vt 0.025547 0.957268
vt 0.020131 0.970299
vt 0.030806 0.944289
vt 0.035828 0.931386
vt 0.040492 0.918600
vt 0.044503 0.906025
vt 0.047448 0.893791
vt 0.028040 0.957048
vt 0.022579 0.970080
vt 0.033417 0.944044
vt 0.038668 0.931082
vt 0.043724 0.918182
vt 0.048407 0.905403
vt 0.052352 0.892859
vt 0.000000 0.984740
vt 0.005495 0.971599
vt 0.002439 0.984509
vt 0.010989 0.958458
vt 0.016484 0.945317
vt 0.021979 0.932175
vt 0.027473 0.919034
vt 0.032968 0.905893
vt 0.038463 0.892752
vt 0.058103 0.891656
vt 0.052591 0.904690
vt 0.047078 0.917724
vt 0.041566 0.930758
vt 0.036053 0.943792
vt 0.030540 0.956826
vt 0.025028 0.969860
vt 0.017076 0.983125
vt 0.019515 0.982894
vt 0.014636 0.983355
vt 0.012197 0.983586
vt 0.009758 0.983817
vt 0.007318 0.984048
vt 0.004879 0.984279
vt 0.151413 0.910810
vt 0.151744 0.902662
vt 0.154010 0.901744
vt 0.153681 0.909882
vt 0.152069 0.894534
vt 0.154329 0.893642
vt 0.152386 0.886435
vt 0.154632 0.885595
vt 0.152690 0.878380
vt 0.154911 0.877629
vt 0.152970 0.870411
vt 0.155149 0.869813
vt 0.153205 0.862610
vt 0.155319 0.862241
vt 0.156277 0.900823
vt 0.155950 0.908954
vt 0.156592 0.892739
vt 0.156885 0.884728
vt 0.157148 0.876823
vt 0.157361 0.869097
vt 0.157500 0.861633
vt 0.158546 0.899896
vt 0.158218 0.908026
vt 0.158859 0.891820
vt 0.159149 0.883822
vt 0.159407 0.875939
vt 0.159612 0.868240
vt 0.159741 0.860804
vt 0.160816 0.898964
vt 0.160487 0.907096
vt 0.161133 0.890880
vt 0.161428 0.882868
vt 0.161693 0.874963
vt 0.161906 0.867236
vt 0.162041 0.859773
vt 0.163088 0.898027
vt 0.162755 0.906166
vt 0.163411 0.889923
vt 0.163718 0.881875
vt 0.164001 0.873908
vt 0.164240 0.866092
vt 0.164406 0.858521
vt 0.165361 0.897086
vt 0.165024 0.905236
vt 0.165692 0.888956
vt 0.166015 0.880854
vt 0.166325 0.872798
vt 0.166610 0.864827
vt 0.166843 0.857027
vt 0.148812 0.919896
vt 0.149145 0.911738
vt 0.151080 0.918967
vt 0.149478 0.903579
vt 0.149811 0.895420
vt 0.150144 0.887262
vt 0.150477 0.879103
vt 0.150810 0.870944
vt 0.151142 0.862786
vt 0.169339 0.855338
vt 0.168998 0.863499
vt 0.168657 0.871660
vt 0.168316 0.879821
vt 0.167975 0.887983
vt 0.167634 0.896144
vt 0.167293 0.904305
vt 0.164685 0.913395
vt 0.166952 0.912466
vt 0.162417 0.914324
vt 0.160150 0.915252
vt 0.157882 0.916181
vt 0.155615 0.917110
vt 0.153347 0.918039
vt 0.737941 0.918995
vt 0.737941 0.930225
vt 0.735491 0.930230
vt 0.735491 0.919000
vt 0.737941 0.941455
vt 0.735491 0.941459
vt 0.737941 0.952685
vt 0.735491 0.952689
vt 0.737941 0.963915
vt 0.735491 0.963919
vt 0.737941 0.975145
vt 0.735491 0.975149
vt 0.737941 0.986375
vt 0.735491 0.986379
vt 0.733042 0.930234
vt 0.733042 0.919004
vt 0.733042 0.941464
vt 0.733042 0.952694
vt 0.733042 0.963924
vt 0.733042 0.975154
vt 0.733042 0.986384
vt 0.730592 0.930239
vt 0.730592 0.919009
vt 0.730592 0.941469
vt 0.730592 0.952699
vt 0.730592 0.963929
vt 0.730592 0.975159
vt 0.730592 0.986388
vt 0.728142 0.930243
vt 0.728142 0.919013
vt 0.728142 0.941473
vt 0.728142 0.952703
vt 0.728142 0.963933
vt 0.728142 0.975163
vt 0.728142 0.986393
vt 0.725693 0.930248
vt 0.725693 0.919018
vt 0.725693 0.941478
vt 0.725693 0.952708
vt 0.725693 0.963938
vt 0.725693 0.975168
vt 0.725693 0.986398
vt 0.723243 0.930252
vt 0.723243 0.919022
vt 0.723243 0.941482
vt 0.723243 0.952712
vt 0.723243 0.963942
vt 0.723243 0.975172
vt 0.723243 0.986402
vt 0.740391 0.907761
vt 0.740391 0.918990
vt 0.737941 0.907765
vt 0.740391 0.930220
vt 0.740391 0.941450
vt 0.740391 0.952680
vt 0.740391 0.963910
vt 0.740391 0.975140
vt 0.740391 0.986370
vt 0.740391 0.997600
vt 0.737941 0.997605
vt 0.735491 0.997609
vt 0.733042 0.997614
vt 0.730592 0.997618
vt 0.728142 0.997623
vt 0.725693 0.997628
vt 0.723243 0.997632
vt 0.720794 0.997637
vt 0.720794 0.986407
vt 0.720794 0.975177
vt 0.720794 0.963947
vt 0.720794 0.952717
vt 0.720794 0.941487
vt 0.720794 0.930257
vt 0.720794 0.919027
vt 0.723243 0.907793
vt 0.720794 0.907797
vt 0.725693 0.907788
vt 0.728142 0.907783
vt 0.730592 0.907779
vt 0.733042 0.907774
vt 0.735491 0.907770
vt 0.120205 0.812055
vt 0.114614 0.820517
vt 0.112222 0.820347
vt 0.117769 0.811865
vt 0.109110 0.829018
vt 0.106837 0.828902
vt 0.103735 0.837577
vt 0.101694 0.837566
vt 0.098560 0.846226
vt 0.096919 0.846395
vt 0.093766 0.855048
vt 0.092812 0.855526
vt 0.089729 0.864210
vt 0.089797 0.865149
vt 0.109816 0.820171
vt 0.115332 0.811675
vt 0.104515 0.828764
vt 0.099536 0.837501
vt 0.095031 0.846452
vt 0.091323 0.855763
vt 0.088792 0.865604
vt 0.107387 0.819985
vt 0.112891 0.811484
vt 0.102118 0.828592
vt 0.097202 0.837358
vt 0.092795 0.846353
vt 0.089211 0.855719
vt 0.086801 0.865615
vt 0.104932 0.819787
vt 0.110448 0.811291
vt 0.099631 0.828379
vt 0.094652 0.837117
vt 0.090147 0.846068
vt 0.086439 0.855378
vt 0.083907 0.865218
vt 0.102454 0.819579
vt 0.108001 0.811097
vt 0.097069 0.828133
vt 0.091926 0.836797
vt 0.087151 0.845626
vt 0.083043 0.854756
vt 0.080028 0.864378
vt 0.099962 0.819364
vt 0.105553 0.810902
vt 0.094458 0.827865
vt 0.089083 0.836424
vt 0.083908 0.845073
vt 0.079114 0.853894
vt 0.075076 0.863055
vt 0.128281 0.803805
vt 0.122640 0.812244
vt 0.125839 0.803612
vt 0.116999 0.820683
vt 0.111358 0.829122
vt 0.105717 0.837562
vt 0.100076 0.846001
vt 0.094435 0.854440
vt 0.088794 0.862879
vt 0.083153 0.871319
vt 0.087801 0.874325
vt 0.088610 0.875598
vt 0.087853 0.876163
vt 0.085920 0.876199
vt 0.082969 0.875775
vt 0.078842 0.874823
vt 0.073149 0.873165
vt 0.063616 0.869781
vt 0.069257 0.861342
vt 0.074898 0.852903
vt 0.080539 0.844464
vt 0.086180 0.836024
vt 0.091821 0.827585
vt 0.097462 0.819146
vt 0.103103 0.810706
vt 0.111187 0.802459
vt 0.108744 0.802267
vt 0.113629 0.802651
vt 0.116071 0.802844
vt 0.118513 0.803036
vt 0.120955 0.803228
vt 0.123397 0.803420
vt 0.549975 0.645115
vt 0.549679 0.650838
vt 0.547481 0.649962
vt 0.547788 0.644232
vt 0.549388 0.656584
vt 0.547183 0.655735
vt 0.549105 0.662363
vt 0.546898 0.661569
vt 0.548832 0.668194
vt 0.546634 0.667498
vt 0.548580 0.674122
vt 0.546405 0.673598
vt 0.548367 0.680244
vt 0.546235 0.679978
vt 0.545282 0.649083
vt 0.545601 0.643349
vt 0.544974 0.654872
vt 0.544685 0.660744
vt 0.544421 0.666738
vt 0.544202 0.672937
vt 0.544046 0.679437
vt 0.543081 0.648198
vt 0.543414 0.642465
vt 0.542761 0.653991
vt 0.542461 0.659875
vt 0.542190 0.665889
vt 0.541964 0.672115
vt 0.541804 0.678644
vt 0.540879 0.647306
vt 0.541226 0.641580
vt 0.540544 0.653086
vt 0.540226 0.658949
vt 0.539935 0.664935
vt 0.539690 0.671125
vt 0.539512 0.677618
vt 0.538676 0.646408
vt 0.539039 0.640695
vt 0.538322 0.652162
vt 0.537981 0.657979
vt 0.537661 0.663890
vt 0.537380 0.669974
vt 0.537163 0.676339
vt 0.536472 0.645506
vt 0.536851 0.639809
vt 0.536097 0.651226
vt 0.535730 0.656978
vt 0.535373 0.662782
vt 0.535039 0.668685
vt 0.534750 0.674782
vt 0.552446 0.640282
vt 0.552162 0.645997
vt 0.550273 0.639402
vt 0.551877 0.651712
vt 0.551593 0.657427
vt 0.551308 0.663142
vt 0.551024 0.668858
vt 0.550739 0.674573
vt 0.550454 0.680288
vt 0.532286 0.673002
vt 0.532682 0.667322
vt 0.533078 0.661642
vt 0.533475 0.655963
vt 0.533871 0.650283
vt 0.534267 0.644603
vt 0.534664 0.638923
vt 0.537233 0.634123
vt 0.535060 0.633243
vt 0.539407 0.635003
vt 0.541580 0.635883
vt 0.543753 0.636762
vt 0.545927 0.637642
vt 0.548100 0.638522
vt 0.089729 0.886181
vt 0.093766 0.898989
vt 0.092812 0.899461
vt 0.089797 0.887117
vt 0.098560 0.912138
vt 0.096919 0.912299
vt 0.103735 0.925460
vt 0.101695 0.925437
vt 0.109110 0.938871
vt 0.106837 0.938741
vt 0.114614 0.952341
vt 0.112223 0.952155
vt 0.120205 0.965850
vt 0.117769 0.965641
vt 0.091323 0.899693
vt 0.088792 0.887569
vt 0.095031 0.912348
vt 0.099537 0.925362
vt 0.104515 0.938589
vt 0.109816 0.951961
vt 0.115332 0.965431
vt 0.089211 0.899644
vt 0.086801 0.887577
vt 0.092795 0.912240
vt 0.097202 0.925207
vt 0.102119 0.938403
vt 0.107388 0.951758
vt 0.112892 0.965219
vt 0.086439 0.899297
vt 0.083907 0.887178
vt 0.090147 0.911946
vt 0.094652 0.924955
vt 0.099631 0.938176
vt 0.104932 0.951543
vt 0.110448 0.965007
vt 0.083044 0.898670
vt 0.080028 0.886335
vt 0.087151 0.911496
vt 0.091926 0.924623
vt 0.097069 0.937916
vt 0.102455 0.951318
vt 0.108001 0.964793
vt 0.079114 0.897802
vt 0.075076 0.885009
vt 0.083908 0.910934
vt 0.089083 0.924239
vt 0.094458 0.937633
vt 0.099962 0.951086
vt 0.105553 0.964578
vt 0.088794 0.884853
vt 0.094435 0.898387
vt 0.100076 0.911922
vt 0.105717 0.925456
vt 0.111358 0.938990
vt 0.116999 0.952525
vt 0.122640 0.966059
vt 0.128281 0.979593
vt 0.125839 0.979378
vt 0.123397 0.979163
vt 0.120955 0.978948
vt 0.118513 0.978734
vt 0.116071 0.978519
vt 0.113629 0.978304
vt 0.111187 0.978089
vt 0.108745 0.977874
vt 0.103104 0.964363
vt 0.097463 0.950851
vt 0.091822 0.937339
vt 0.086181 0.923828
vt 0.080539 0.910316
vt 0.074898 0.896805
vt 0.069257 0.883293
s 1
usemtl Material.002
f 230/1/222 231/2/223 238/3/230 237/4/229
f 231/2/223 232/5/224 239/6/231 238/3/230
f 232/5/224 233/7/225 240/8/232 239/6/231
f 233/7/225 234/9/226 241/10/233 240/8/232
f 234/9/226 235/11/227 242/12/234 241/10/233
f 235/11/227 236/13/228 243/14/235 242/12/234
f 237/4/229 238/3/230 245/15/237 244/16/236
f 238/3/230 239/6/231 246/17/238 245/15/237
f 239/6/231 240/8/232 247/18/239 246/17/238
f 240/8/232 241/10/233 248/19/240 247/18/239
f 241/10/233 242/12/234 249/20/241 248/19/240
f 242/12/234 243/14/235 250/21/242 249/20/241
f 244/16/236 245/15/237 252/22/244 251/23/243
f 245/15/237 246/17/238 253/24/245 252/22/244
f 246/17/238 247/18/239 254/25/246 253/24/245
f 247/18/239 248/19/240 255/26/247 254/25/246
f 248/19/240 249/20/241 256/27/248 255/26/247
f 249/20/241 250/21/242 257/28/249 256/27/248
f 251/23/243 252/22/244 259/29/251 258/30/250
f 252/22/244 253/24/245 260/31/252 259/29/251
f 253/24/245 254/25/246 261/32/253 260/31/252
f 254/25/246 255/26/247 262/33/254 261/32/253
f 255/26/247 256/27/248 263/34/255 262/33/254
f 256/27/248 257/28/249 264/35/256 263/34/255
f 258/30/250 259/29/251 266/36/258 265/37/257
f 259/29/251 260/31/252 267/38/259 266/36/258
f 260/31/252 261/32/253 268/39/260 267/38/259
f 261/32/253 262/33/254 269/40/261 268/39/260
f 262/33/254 263/34/255 270/41/262 269/40/261
f 263/34/255 264/35/256 271/42/263 270/41/262
f 265/37/257 266/36/258 273/43/265 272/44/264
f 266/36/258 267/38/259 274/45/266 273/43/265
f 267/38/259 268/39/260 275/46/267 274/45/266
f 268/39/260 269/40/261 276/47/268 275/46/267
f 269/40/261 270/41/262 277/48/269 276/47/268
f 270/41/262 271/42/263 278/49/270 277/48/269
f 1/50/1 26/51/25 230/1/222 27/52/26
f 26/51/25 25/53/24 231/2/223 230/1/222
f 25/53/24 24/54/23 232/5/224 231/2/223
f 24/54/23 23/55/22 233/7/225 232/5/224
f 23/55/22 22/56/21 234/9/226 233/7/225
f 22/56/21 21/57/20 235/11/227 234/9/226
f 21/57/20 20/58/19 236/13/228 235/11/227
f 20/58/19 8/59/8 83/60/82 236/13/228
f 236/13/228 83/60/82 84/61/83 243/14/235
f 243/14/235 84/61/83 85/62/84 250/21/242
f 250/21/242 85/62/84 86/63/85 257/28/249
f 257/28/249 86/63/85 87/64/86 264/35/256
f 264/35/256 87/64/86 88/65/87 271/42/263
f 271/42/263 88/65/87 89/66/88 278/49/270
f 278/49/270 89/66/88 9/67/9 82/68/81
f 277/48/269 278/49/270 82/68/81 81/69/80
f 276/47/268 277/48/269 81/69/80 80/70/79
f 275/46/267 276/47/268 80/70/79 79/71/78
f 274/45/266 275/46/267 79/71/78 78/72/77
f 273/43/265 274/45/266 78/72/77 77/73/76
f 272/44/264 273/43/265 77/73/76 76/74/75
f 33/75/32 272/44/264 76/74/75 2/76/2
f 32/77/31 265/37/257 272/44/264 33/75/32
f 31/78/30 258/30/250 265/37/257 32/77/31
f 30/79/29 251/23/243 258/30/250 31/78/30
f 29/80/28 244/16/236 251/23/243 30/79/29
f 28/81/27 237/4/229 244/16/236 29/80/28
f 27/52/26 230/1/222 237/4/229 28/81/27
f 280/82/272 281/83/273 285/84/277 284/85/276
f 281/83/273 282/86/274 286/87/278 285/84/277
f 282/86/274 283/88/275 287/89/279 286/87/278
f 284/85/276 285/84/277 289/90/281 288/91/280
f 285/84/277 286/87/278 290/92/282 289/90/281
f 286/87/278 287/89/279 291/93/283 290/92/282
f 292/94/284 293/95/285 297/96/289 296/97/288
f 293/95/285 294/98/286 298/99/290 297/96/289
f 294/98/286 295/100/287 299/101/291 298/99/290
f 296/97/288 297/96/289 301/102/293 300/103/292
f 297/96/289 298/99/290 302/104/294 301/102/293
f 298/99/290 299/101/291 303/105/295 302/104/294
f 304/106/296 305/107/297 309/108/301 308/109/300
f 305/107/297 306/110/298 310/111/302 309/108/301
f 306/110/298 307/112/299 311/113/303 310/111/302
f 308/109/300 309/108/301 313/114/305 312/115/304
f 309/108/301 310/111/302 314/116/306 313/114/305
f 310/111/302 311/113/303 315/117/307 314/116/306
f 316/118/308 317/119/309 321/120/313 320/121/312
f 317/119/309 318/122/310 322/123/314 321/120/313
f 318/122/310 319/124/311 323/125/315 322/123/314
f 320/121/312 321/120/313 325/126/317 324/127/316
f 321/120/313 322/123/314 326/128/318 325/126/317
f 322/123/314 323/125/315 327/129/319 326/128/318
f 328/130/320 329/131/321 333/132/325 332/133/324
f 329/131/321 330/134/322 334/135/326 333/132/325
f 330/134/322 331/136/323 335/137/327 334/135/326
f 332/133/324 333/132/325 337/138/329 336/139/328
f 333/132/325 334/135/326 338/140/330 337/138/329
f 334/135/326 335/137/327 339/141/331 338/140/330
f 340/142/332 341/143/333 345/144/337 344/145/336
f 341/143/333 342/146/334 346/147/338 345/144/337
f 342/146/334 343/148/335 347/149/339 346/147/338
f 344/145/336 345/144/337 349/150/341 348/151/340
f 345/144/337 346/147/338 350/152/342 349/150/341
f 346/147/338 347/149/339 351/153/343 350/152/342
f 352/154/344 353/155/345 357/156/349 356/157/348
f 353/155/345 354/158/346 358/159/350 357/156/349
f 354/158/346 355/160/347 359/161/351 358/159/350
f 356/157/348 357/156/349 361/162/353 360/163/352
f 357/156/349 358/159/350 362/164/354 361/162/353
f 358/159/350 359/161/351 363/165/355 362/164/354
f 300/103/292 301/102/293 287/166/279 283/167/275
f 301/102/293 302/104/294 291/93/283 287/166/279
f 312/115/304 313/114/305 299/168/291 295/169/287
f 313/114/305 314/116/306 303/105/295 299/168/291
f 324/127/316 325/126/317 311/170/303 307/171/299
f 325/126/317 326/128/318 315/117/307 311/170/303
f 336/139/328 337/138/329 323/172/315 319/173/311
f 337/138/329 338/140/330 327/129/319 323/172/315
f 348/151/340 349/150/341 335/174/327 331/175/323
f 349/150/341 350/152/342 339/141/331 335/174/327
f 360/163/352 361/162/353 347/176/339 343/177/335
f 361/162/353 362/164/354 351/153/343 347/176/339
f 288/91/280 289/90/281 359/178/351 355/179/347
f 289/90/281 290/92/282 363/165/355 359/178/351
f 290/92/282 291/93/283 279/180/271 363/165/355
f 302/104/294 303/105/295 279/180/271 291/93/283
f 314/116/306 315/117/307 279/180/271 303/105/295
f 326/128/318 327/129/319 279/180/271 315/117/307
f 338/140/330 339/141/331 279/180/271 327/129/319
f 350/152/342 351/153/343 279/180/271 339/141/331
f 362/164/354 363/165/355 279/180/271 351/153/343
f 8/59/8 75/181/74 280/82/272 83/60/82
f 75/181/74 74/182/73 281/83/273 280/82/272
f 74/182/73 73/183/72 282/86/274 281/83/273
f 73/183/72 72/184/71 283/88/275 282/86/274
f 83/60/82 280/82/272 284/85/276 84/61/83
f 84/61/83 284/85/276 288/91/280 85/62/84
f 85/62/84 288/91/280 355/179/347 86/63/85
f 3/185/3 47/186/46 292/94/284 69/187/68
f 47/186/46 46/188/45 293/95/285 292/94/284
f 46/188/45 45/189/44 294/98/286 293/95/285
f 45/189/44 44/190/43 295/100/287 294/98/286
f 69/187/68 292/94/284 296/97/288 70/191/69
f 70/191/69 296/97/288 300/103/292 71/192/70
f 71/192/70 300/103/292 283/167/275 72/184/71
f 6/193/6 55/194/54 304/106/296 41/195/40
f 55/194/54 56/196/55 305/107/297 304/106/296
f 56/196/55 57/197/56 306/110/298 305/107/297
f 57/197/56 58/198/57 307/112/299 306/110/298
f 41/195/40 304/106/296 308/109/300 42/199/41
f 42/199/41 308/109/300 312/115/304 43/200/42
f 43/200/42 312/115/304 295/169/287 44/201/43
f 7/202/7 62/203/61 316/118/308 61/204/60
f 62/203/61 63/205/62 317/119/309 316/118/308
f 63/205/62 64/206/63 318/122/310 317/119/309
f 64/206/63 65/207/64 319/124/311 318/122/310
f 61/204/60 316/118/308 320/121/312 60/208/59
f 60/208/59 320/121/312 324/127/316 59/209/58
f 59/209/58 324/127/316 307/171/299 58/198/57
f 5/210/5 54/211/53 328/130/320 68/212/67
f 54/211/53 53/213/52 329/131/321 328/130/320
f 53/213/52 52/214/51 330/134/322 329/131/321
f 52/214/51 51/215/50 331/136/323 330/134/322
f 68/212/67 328/130/320 332/133/324 67/216/66
f 67/216/66 332/133/324 336/139/328 66/217/65
f 66/217/65 336/139/328 319/173/311 65/207/64
f 4/218/4 40/219/39 340/142/332 48/220/47
f 40/219/39 39/221/38 341/143/333 340/142/332
f 39/221/38 38/222/37 342/146/334 341/143/333
f 38/222/37 37/223/36 343/148/335 342/146/334
f 48/220/47 340/142/332 344/145/336 49/224/48
f 49/224/48 344/145/336 348/151/340 50/225/49
f 50/225/49 348/151/340 331/175/323 51/215/50
f 9/67/9 89/226/88 352/154/344 34/227/33
f 89/226/88 88/228/87 353/155/345 352/154/344
f 88/228/87 87/229/86 354/158/346 353/155/345
f 87/229/86 86/230/85 355/160/347 354/158/346
f 34/227/33 352/154/344 356/157/348 35/231/34
f 35/231/34 356/157/348 360/163/352 36/232/35
f 36/232/35 360/163/352 343/177/335 37/223/36
f 364/233/356 365/234/357 372/235/364 371/236/363
f 365/234/357 366/237/358 373/238/365 372/235/364
f 366/237/358 367/239/359 374/240/366 373/238/365
f 367/239/359 368/241/360 375/242/367 374/240/366
f 368/241/360 369/243/361 376/244/368 375/242/367
f 369/243/361 370/245/362 377/246/369 376/244/368
f 371/236/363 372/235/364 379/247/371 378/248/370
f 372/235/364 373/238/365 380/249/372 379/247/371
f 373/238/365 374/240/366 381/250/373 380/249/372
f 374/240/366 375/242/367 382/251/374 381/250/373
f 375/242/367 376/244/368 383/252/375 382/251/374
f 376/244/368 377/246/369 384/253/376 383/252/375
f 378/248/370 379/247/371 386/254/378 385/255/377
f 379/247/371 380/249/372 387/256/379 386/254/378
f 380/249/372 381/250/373 388/257/380 387/256/379
f 381/250/373 382/251/374 389/258/381 388/257/380
f 382/251/374 383/252/375 390/259/382 389/258/381
f 383/252/375 384/253/376 391/260/383 390/259/382
f 385/255/377 386/254/378 393/261/385 392/262/384
f 386/254/378 387/256/379 394/263/386 393/261/385
f 387/256/379 388/257/380 395/264/387 394/263/386
f 388/257/380 389/258/381 396/265/388 395/264/387
f 389/258/381 390/259/382 397/266/389 396/265/388
f 390/259/382 391/260/383 398/267/390 397/266/389
f 392/262/384 393/261/385 400/268/392 399/269/391
f 393/261/385 394/263/386 401/270/393 400/268/392
f 394/263/386 395/264/387 402/271/394 401/270/393
f 395/264/387 396/265/388 403/272/395 402/271/394
f 396/265/388 397/266/389 404/273/396 403/272/395
f 397/266/389 398/267/390 405/274/397 404/273/396
f 399/269/391 400/268/392 407/275/399 406/276/398
f 400/268/392 401/270/393 408/277/400 407/275/399
f 401/270/393 402/271/394 409/278/401 408/277/400
f 402/271/394 403/272/395 410/279/402 409/278/401
f 403/272/395 404/273/396 411/280/403 410/279/402
f 404/273/396 405/274/397 412/281/404 411/280/403
f 10/282/10 97/283/96 364/233/356 96/284/95
f 97/283/96 98/285/97 365/234/357 364/233/356
f 98/285/97 99/286/98 366/237/358 365/234/357
f 99/286/98 100/287/99 367/239/359 366/237/358
f 100/287/99 101/288/100 368/241/360 367/239/359
f 101/288/100 102/289/101 369/243/361 368/241/360
f 102/289/101 103/290/102 370/245/362 369/243/361
f 103/290/102 11/291/11 146/292/145 370/245/362
f 370/245/362 146/292/145 147/293/146 377/246/369
f 377/246/369 147/293/146 148/294/147 384/253/376
f 384/253/376 148/294/147 149/295/148 391/260/383
f 391/260/383 149/295/148 150/296/149 398/267/390
f 398/267/390 150/296/149 151/297/150 405/274/397
f 405/274/397 151/297/150 152/298/151 412/281/404
f 412/281/404 152/298/151 18/299/18 159/300/158
f 411/280/403 412/281/404 159/300/158 158/301/157
f 410/279/402 411/280/403 158/301/157 157/302/156
f 409/278/401 410/279/402 157/302/156 156/303/155
f 408/277/400 409/278/401 156/303/155 155/304/154
f 407/275/399 408/277/400 155/304/154 154/305/153
f 406/276/398 407/275/399 154/305/153 153/306/152
f 90/307/89 406/276/398 153/306/152 17/308/17
f 91/309/90 399/269/391 406/276/398 90/307/89
f 92/310/91 392/262/384 399/269/391 91/309/90
f 93/311/92 385/255/377 392/262/384 92/310/91
f 94/312/93 378/248/370 385/255/377 93/311/92
f 95/313/94 371/236/363 378/248/370 94/312/93
f 96/284/95 364/233/356 371/236/363 95/313/94
f 414/314/406 415/315/407 419/316/411 418/317/410
f 415/315/407 416/318/408 420/319/412 419/316/411
f 416/318/408 417/320/409 421/321/413 420/319/412
f 418/317/410 419/316/411 423/322/415 422/323/414
f 419/316/411 420/319/412 424/324/416 423/322/415
f 420/319/412 421/321/413 425/325/417 424/324/416
f 426/326/418 427/327/419 431/328/423 430/329/422
f 427/327/419 428/330/420 432/331/424 431/328/423
f 428/330/420 429/332/421 433/333/425 432/331/424
f 430/329/422 431/328/423 435/334/427 434/335/426
f 431/328/423 432/331/424 436/336/428 435/334/427
f 432/331/424 433/333/425 437/337/429 436/336/428
f 438/338/430 439/339/431 443/340/435 442/341/434
f 439/339/431 440/342/432 444/343/436 443/340/435
f 440/342/432 441/344/433 445/345/437 444/343/436
f 442/341/434 443/340/435 447/346/439 446/347/438
f 443/340/435 444/343/436 448/348/440 447/346/439
f 444/343/436 445/345/437 449/349/441 448/348/440
f 450/350/442 451/351/443 455/352/447 454/353/446
f 451/351/443 452/354/444 456/355/448 455/352/447
f 452/354/444 453/356/445 457/357/449 456/355/448
f 454/353/446 455/352/447 459/358/451 458/359/450
f 455/352/447 456/355/448 460/360/452 459/358/451
f 456/355/448 457/357/449 461/361/453 460/360/452
f 462/362/454 463/363/455 467/364/459 466/365/458
f 463/363/455 464/366/456 468/367/460 467/364/459
f 464/366/456 465/368/457 469/369/461 468/367/460
f 466/365/458 467/364/459 471/370/463 470/371/462
f 467/364/459 468/367/460 472/372/464 471/370/463
f 468/367/460 469/369/461 473/373/465 472/372/464
f 474/374/466 475/375/467 479/376/471 478/377/470
f 475/375/467 476/378/468 480/379/472 479/376/471
f 476/378/468 477/380/469 481/381/473 480/379/472
f 478/377/470 479/376/471 483/382/475 482/383/474
f 479/376/471 480/379/472 484/384/476 483/382/475
f 480/379/472 481/381/473 485/385/477 484/384/476
f 486/386/478 487/387/479 491/388/483 490/389/482
f 487/387/479 488/390/480 492/391/484 491/388/483
f 488/390/480 489/392/481 493/393/485 492/391/484
f 490/389/482 491/388/483 495/394/487 494/395/486
f 491/388/483 492/391/484 496/396/488 495/394/487
f 492/391/484 493/393/485 497/397/489 496/396/488
f 434/335/426 435/334/427 421/398/413 417/399/409
f 435/334/427 436/336/428 425/325/417 421/398/413
f 446/347/438 447/346/439 433/400/425 429/332/421
f 447/346/439 448/348/440 437/337/429 433/400/425
f 458/359/450 459/358/451 445/401/437 441/402/433
f 459/358/451 460/360/452 449/349/441 445/401/437
f 470/371/462 471/370/463 457/357/449 453/403/445
f 471/370/463 472/372/464 461/361/453 457/357/449
f 482/383/474 483/382/475 469/404/461 465/368/457
f 483/382/475 484/384/476 473/373/465 469/404/461
f 494/395/486 495/394/487 481/405/473 477/380/469
f 495/394/487 496/396/488 485/385/477 481/405/473
f 422/323/414 423/322/415 493/406/485 489/407/481
f 423/322/415 424/324/416 497/397/489 493/406/485
f 424/324/416 425/325/417 413/408/405 497/397/489
f 436/336/428 437/337/429 413/408/405 425/325/417
f 448/348/440 449/349/441 413/408/405 437/337/429
f 460/360/452 461/361/453 413/408/405 449/349/441
f 472/372/464 473/373/465 413/408/405 461/361/453
f 484/384/476 485/385/477 413/408/405 473/373/465
f 496/396/488 497/397/489 413/408/405 485/385/477
f 17/308/17 153/306/152 414/314/406 145/409/144
f 153/306/152 154/305/153 415/315/407 414/314/406
f 154/305/153 155/304/154 416/318/408 415/315/407
f 155/304/154 156/303/155 417/320/409 416/318/408
f 145/409/144 414/314/406 418/317/410 144/410/143
f 144/410/143 418/317/410 422/323/414 143/411/142
f 143/411/142 422/323/414 489/407/481 142/412/141
f 18/299/18 104/413/103 426/326/418 159/414/158
f 104/413/103 105/415/104 427/327/419 426/326/418
f 105/415/104 106/416/105 428/330/420 427/327/419
f 106/416/105 107/417/106 429/332/421 428/330/420
f 159/414/158 426/326/418 430/329/422 158/418/157
f 158/418/157 430/329/422 434/335/426 157/419/156
f 157/419/156 434/335/426 417/399/409 156/420/155
f 13/421/13 118/422/117 438/338/430 110/423/109
f 118/422/117 119/424/118 439/339/431 438/338/430
f 119/424/118 120/425/119 440/342/432 439/339/431
f 120/425/119 121/426/120 441/344/433 440/342/432
f 110/423/109 438/338/430 442/341/434 109/427/108
f 109/427/108 442/341/434 446/347/438 108/428/107
f 108/428/107 446/347/438 429/332/421 107/417/106
f 14/429/14 138/430/137 450/350/442 124/431/123
f 138/430/137 137/432/136 451/351/443 450/350/442
f 137/432/136 136/433/135 452/354/444 451/351/443
f 136/433/135 135/434/134 453/356/445 452/354/444
f 124/431/123 450/350/442 454/353/446 123/435/122
f 123/435/122 454/353/446 458/359/450 122/436/121
f 122/436/121 458/359/450 441/402/433 121/426/120
f 16/437/16 131/438/130 462/362/454 132/439/131
f 131/438/130 130/440/129 463/363/455 462/362/454
f 130/440/129 129/441/128 464/366/456 463/363/455
f 129/441/128 128/442/127 465/368/457 464/366/456
f 132/439/131 462/362/454 466/365/458 133/443/132
f 133/443/132 466/365/458 470/371/462 134/444/133
f 134/444/133 470/371/462 453/403/445 135/445/134
f 15/446/15 111/447/110 474/374/466 125/448/124
f 111/447/110 112/449/111 475/375/467 474/374/466
f 112/449/111 113/450/112 476/378/468 475/375/467
f 113/450/112 114/451/113 477/380/469 476/378/468
f 125/448/124 474/374/466 478/377/470 126/452/125
f 126/452/125 478/377/470 482/383/474 127/453/126
f 127/453/126 482/383/474 465/368/457 128/454/127
f 12/455/12 139/456/138 486/386/478 117/457/116
f 139/456/138 140/458/139 487/387/479 486/386/478
f 140/458/139 141/459/140 488/390/480 487/387/479
f 141/459/140 142/460/141 489/392/481 488/390/480
f 117/457/116 486/386/478 490/389/482 116/461/115
f 116/461/115 490/389/482 494/395/486 115/462/114
f 115/462/114 494/395/486 477/380/469 114/451/113
f 498/463/490 499/464/491 506/465/498 505/466/497
f 499/464/491 500/467/492 507/468/499 506/465/498
f 500/467/492 501/469/493 508/470/500 507/468/499
f 501/469/493 502/471/494 509/472/501 508/470/500
f 502/471/494 503/473/495 510/474/502 509/472/501
f 503/473/495 504/475/496 511/476/503 510/474/502
f 505/466/497 506/465/498 513/477/505 512/478/504
f 506/465/498 507/468/499 514/479/506 513/477/505
f 507/468/499 508/470/500 515/480/507 514/479/506
f 508/470/500 509/472/501 516/481/508 515/480/507
f 509/472/501 510/474/502 517/482/509 516/481/508
f 510/474/502 511/476/503 518/483/510 517/482/509
f 512/478/504 513/477/505 520/484/512 519/485/511
f 513/477/505 514/479/506 521/486/513 520/484/512
f 514/479/506 515/480/507 522/487/514 521/486/513
f 515/480/507 516/481/508 523/488/515 522/487/514
f 516/481/508 517/482/509 524/489/516 523/488/515
f 517/482/509 518/483/510 525/490/517 524/489/516
f 519/485/511 520/484/512 527/491/519 526/492/518
f 520/484/512 521/486/513 528/493/520 527/491/519
f 521/486/513 522/487/514 529/494/521 528/493/520
f 522/487/514 523/488/515 530/495/522 529/494/521
f 523/488/515 524/489/516 531/496/523 530/495/522
f 524/489/516 525/490/517 532/497/524 531/496/523
f 526/492/518 527/491/519 534/498/526 533/499/525
f 527/491/519 528/493/520 535/500/527 534/498/526
f 528/493/520 529/494/521 536/501/528 535/500/527
f 529/494/521 530/495/522 537/502/529 536/501/528
f 530/495/522 531/496/523 538/503/530 537/502/529
f 531/496/523 532/497/524 539/504/531 538/503/530
f 533/499/525 534/498/526 541/505/533 540/506/532
f 534/498/526 535/500/527 542/507/534 541/505/533
f 535/500/527 536/501/528 543/508/535 542/507/534
f 536/501/528 537/502/529 544/509/536 543/508/535
f 537/502/529 538/503/530 545/510/537 544/509/536
f 538/503/530 539/504/531 546/511/538 545/510/537
f 5/512/5 68/513/67 498/463/490 173/514/172
f 68/513/67 67/515/66 499/464/491 498/463/490
f 67/515/66 66/516/65 500/467/492 499/464/491
f 66/516/65 65/517/64 501/469/493 500/467/492
f 65/517/64 64/518/63 502/471/494 501/469/493
f 64/518/63 63/519/62 503/473/495 502/471/494
f 63/519/62 62/520/61 504/475/496 503/473/495
f 62/520/61 7/521/7 160/522/159 504/475/496
f 504/475/496 160/522/159 161/523/160 511/476/503
f 511/476/503 161/523/160 162/524/161 518/483/510
f 518/483/510 162/524/161 163/525/162 525/490/517
f 525/490/517 163/525/162 164/526/163 532/497/524
f 532/497/524 164/526/163 165/527/164 539/504/531
f 539/504/531 165/527/164 166/528/165 546/511/538
f 546/511/538 166/528/165 16/529/16 132/530/131
f 545/510/537 546/511/538 132/530/131 133/531/132
f 544/509/536 545/510/537 133/531/132 134/532/133
f 543/508/535 544/509/536 134/532/133 135/533/134
f 542/507/534 543/508/535 135/533/134 136/534/135
f 541/505/533 542/507/534 136/534/135 137/535/136
f 540/506/532 541/505/533 137/535/136 138/536/137
f 167/537/166 540/506/532 138/536/137 14/538/14
f 168/539/167 533/499/525 540/506/532 167/537/166
f 169/540/168 526/492/518 533/499/525 168/539/167
f 170/541/169 519/485/511 526/492/518 169/540/168
f 171/542/170 512/478/504 519/485/511 170/541/169
f 172/543/171 505/466/497 512/478/504 171/542/170
f 173/514/172 498/463/490 505/466/497 172/543/171
f 547/544/539 548/545/540 555/546/547 554/547/546
f 548/545/540 549/548/541 556/549/548 555/546/547
f 549/548/541 550/550/542 557/551/549 556/549/548
f 550/550/542 551/552/543 558/553/550 557/551/549
f 551/552/543 552/554/544 559/555/551 558/553/550
f 552/554/544 553/556/545 560/557/552 559/555/551
f 554/547/546 555/546/547 562/558/554 561/559/553
f 555/546/547 556/549/548 563/560/555 562/558/554
f 556/549/548 557/551/549 564/561/556 563/560/555
f 557/551/549 558/553/550 565/562/557 564/561/556
f 558/553/550 559/555/551 566/563/558 565/562/557
f 559/555/551 560/557/552 567/564/559 566/563/558
f 561/559/553 562/558/554 569/565/561 568/566/560
f 562/558/554 563/560/555 570/567/562 569/565/561
f 563/560/555 564/561/556 571/568/563 570/567/562
f 564/561/556 565/562/557 572/569/564 571/568/563
f 565/562/557 566/563/558 573/570/565 572/569/564
f 566/563/558 567/564/559 574/571/566 573/570/565
f 568/566/560 569/565/561 576/572/568 575/573/567
f 569/565/561 570/567/562 577/574/569 576/572/568
f 570/567/562 571/568/563 578/575/570 577/574/569
f 571/568/563 572/569/564 579/576/571 578/575/570
f 572/569/564 573/570/565 580/577/572 579/576/571
f 573/570/565 574/571/566 581/578/573 580/577/572
f 575/573/567 576/572/568 583/579/575 582/580/574
f 576/572/568 577/574/569 584/581/576 583/579/575
f 577/574/569 578/575/570 585/582/577 584/581/576
f 578/575/570 579/576/571 586/583/578 585/582/577
f 579/576/571 580/577/572 587/584/579 586/583/578
f 580/577/572 581/578/573 588/585/580 587/584/579
f 582/580/574 583/579/575 590/586/582 589/587/581
f 583/579/575 584/581/576 591/588/583 590/586/582
f 584/581/576 585/582/577 592/589/584 591/588/583
f 585/582/577 586/583/578 593/590/585 592/589/584
f 586/583/578 587/584/579 594/591/586 593/590/585
f 587/584/579 588/585/580 595/592/587 594/591/586
f 6/593/6 41/594/40 547/544/539 187/595/186
f 41/594/40 42/596/41 548/545/540 547/544/539
f 42/596/41 43/597/42 549/548/541 548/545/540
f 43/597/42 44/598/43 550/550/542 549/548/541
f 44/598/43 45/599/44 551/552/543 550/550/542
f 45/599/44 46/600/45 552/554/544 551/552/543
f 46/600/45 47/601/46 553/556/545 552/554/544
f 47/601/46 3/602/3 174/603/173 553/556/545
f 553/556/545 174/603/173 175/604/174 560/557/552
f 560/557/552 175/604/174 176/605/175 567/564/559
f 567/564/559 176/605/175 177/606/176 574/571/566
f 574/571/566 177/606/176 178/607/177 581/578/573
f 581/578/573 178/607/177 179/608/178 588/585/580
f 588/585/580 179/608/178 180/609/179 595/592/587
f 595/592/587 180/609/179 12/610/12 117/611/116
f 594/591/586 595/592/587 117/611/116 116/612/115
f 593/590/585 594/591/586 116/612/115 115/613/114
f 592/589/584 593/590/585 115/613/114 114/614/113
f 591/588/583 592/589/584 114/614/113 113/615/112
f 590/586/582 591/588/583 113/615/112 112/616/111
f 589/587/581 590/586/582 112/616/111 111/617/110
f 181/618/180 589/587/581 111/617/110 15/619/15
f 182/620/181 582/580/574 589/587/581 181/618/180
f 183/621/182 575/573/567 582/580/574 182/620/181
f 184/622/183 568/566/560 575/573/567 183/621/182
f 185/623/184 561/559/553 568/566/560 184/622/183
f 186/624/185 554/547/546 561/559/553 185/623/184
f 187/595/186 547/544/539 554/547/546 186/624/185
f 596/625/588 597/626/589 604/627/596 603/628/595
f 597/626/589 598/629/590 605/630/597 604/627/596
f 598/629/590 599/631/591 606/632/598 605/630/597
f 599/631/591 600/633/592 607/634/599 606/632/598
f 600/633/592 601/635/593 608/636/600 607/634/599
f 601/635/593 602/637/594 609/638/601 608/636/600
f 603/628/595 604/627/596 611/639/603 610/640/602
f 604/627/596 605/630/597 612/641/604 611/639/603
f 605/630/597 606/632/598 613/642/605 612/641/604
f 606/632/598 607/634/599 614/643/606 613/642/605
f 607/634/599 608/636/600 615/644/607 614/643/606
f 608/636/600 609/638/601 616/645/608 615/644/607
f 610/640/602 611/639/603 618/646/610 617/647/609
f 611/639/603 612/641/604 619/648/611 618/646/610
f 612/641/604 613/642/605 620/649/612 619/648/611
f 613/642/605 614/643/606 621/650/613 620/649/612
f 614/643/606 615/644/607 622/651/614 621/650/613
f 615/644/607 616/645/608 623/652/615 622/651/614
f 617/647/609 618/646/610 625/653/617 624/654/616
f 618/646/610 619/648/611 626/655/618 625/653/617
f 619/648/611 620/649/612 627/656/619 626/655/618
f 620/649/612 621/650/613 628/657/620 627/656/619
f 621/650/613 622/651/614 629/658/621 628/657/620
f 622/651/614 623/652/615 630/659/622 629/658/621
f 624/654/616 625/653/617 632/660/624 631/661/623
f 625/653/617 626/655/618 633/662/625 632/660/624
f 626/655/618 627/656/619 634/663/626 633/662/625
f 627/656/619 628/657/620 635/664/627 634/663/626
f 628/657/620 629/658/621 636/665/628 635/664/627
f 629/658/621 630/659/622 637/666/629 636/665/628
f 631/661/623 632/660/624 639/667/631 638/668/630
f 632/660/624 633/662/625 640/669/632 639/667/631
f 633/662/625 634/663/626 641/670/633 640/669/632
f 634/663/626 635/664/627 642/671/634 641/670/633
f 635/664/627 636/665/628 643/672/635 642/671/634
f 636/665/628 637/666/629 644/673/636 643/672/635
f 8/674/8 20/675/19 596/625/588 201/676/200
f 20/675/19 21/677/20 597/626/589 596/625/588
f 21/677/20 22/678/21 598/629/590 597/626/589
f 22/678/21 23/679/22 599/631/591 598/629/590
f 23/679/22 24/680/23 600/633/592 599/631/591
f 24/680/23 25/681/24 601/635/593 600/633/592
f 25/681/24 26/682/25 602/637/594 601/635/593
f 26/682/25 1/683/1 188/684/187 602/637/594
f 602/637/594 188/684/187 189/685/188 609/638/601
f 609/638/601 189/685/188 190/686/189 616/645/608
f 616/645/608 190/686/189 191/687/190 623/652/615
f 623/652/615 191/687/190 192/688/191 630/659/622
f 630/659/622 192/688/191 193/689/192 637/666/629
f 637/666/629 193/689/192 194/690/193 644/673/636
f 644/673/636 194/690/193 10/691/10 96/692/95
f 643/672/635 644/673/636 96/692/95 95/693/94
f 642/671/634 643/672/635 95/693/94 94/694/93
f 641/670/633 642/671/634 94/694/93 93/695/92
f 640/669/632 641/670/633 93/695/92 92/696/91
f 639/667/631 640/669/632 92/696/91 91/697/90
f 638/668/630 639/667/631 91/697/90 90/698/89
f 195/699/194 638/668/630 90/698/89 17/700/17
f 196/701/195 631/661/623 638/668/630 195/699/194
f 197/702/196 624/654/616 631/661/623 196/701/195
f 198/703/197 617/647/609 624/654/616 197/702/196
f 199/704/198 610/640/602 617/647/609 198/703/197
f 200/705/199 603/628/595 610/640/602 199/704/198
f 201/676/200 596/625/588 603/628/595 200/705/199
f 645/706/637 646/707/638 653/708/645 652/709/644
f 646/707/638 647/710/639 654/711/646 653/708/645
f 647/710/639 648/712/640 655/713/647 654/711/646
f 648/712/640 649/714/641 656/715/648 655/713/647
f 649/714/641 650/716/642 657/717/649 656/715/648
f 650/716/642 651/718/643 658/719/650 657/717/649
f 652/709/644 653/708/645 660/720/652 659/721/651
f 653/708/645 654/711/646 661/722/653 660/720/652
f 654/711/646 655/713/647 662/723/654 661/722/653
f 655/713/647 656/715/648 663/724/655 662/723/654
f 656/715/648 657/717/649 664/725/656 663/724/655
f 657/717/649 658/719/650 665/726/657 664/725/656
f 659/721/651 660/720/652 667/727/659 666/728/658
f 660/720/652 661/722/653 668/729/660 667/727/659
f 661/722/653 662/723/654 669/730/661 668/729/660
f 662/723/654 663/724/655 670/731/662 669/730/661
f 663/724/655 664/725/656 671/732/663 670/731/662
f 664/725/656 665/726/657 672/733/664 671/732/663
f 666/728/658 667/727/659 674/734/666 673/735/665
f 667/727/659 668/729/660 675/736/667 674/734/666
f 668/729/660 669/730/661 676/737/668 675/736/667
f 669/730/661 670/731/662 677/738/669 676/737/668
f 670/731/662 671/732/663 678/739/670 677/738/669
f 671/732/663 672/733/664 679/740/671 678/739/670
f 673/735/665 674/734/666 681/741/673 680/742/672
f 674/734/666 675/736/667 682/743/674 681/741/673
f 675/736/667 676/737/668 683/744/675 682/743/674
f 676/737/668 677/738/669 684/745/676 683/744/675
f 677/738/669 678/739/670 685/746/677 684/745/676
f 678/739/670 679/740/671 686/747/678 685/746/677
f 680/742/672 681/741/673 688/748/680 687/749/679
f 681/741/673 682/743/674 689/750/681 688/748/680
f 682/743/674 683/744/675 690/751/682 689/750/681
f 683/744/675 684/745/676 691/752/683 690/751/682
f 684/745/676 685/746/677 692/753/684 691/752/683
f 685/746/677 686/747/678 693/754/685 692/753/684
f 3/755/3 69/756/68 645/706/637 174/757/173
f 69/756/68 70/758/69 646/707/638 645/706/637
f 70/758/69 71/759/70 647/710/639 646/707/638
f 71/759/70 72/760/71 648/712/640 647/710/639
f 72/760/71 73/761/72 649/714/641 648/712/640
f 73/761/72 74/762/73 650/716/642 649/714/641
f 74/762/73 75/763/74 651/718/643 650/716/642
f 75/763/74 8/674/8 201/676/200 651/718/643
f 651/718/643 201/676/200 200/705/199 658/719/650
f 658/719/650 200/705/199 199/704/198 665/726/657
f 665/726/657 199/704/198 198/703/197 672/733/664
f 672/733/664 198/703/197 197/702/196 679/740/671
f 679/740/671 197/702/196 196/701/195 686/747/678
f 686/747/678 196/701/195 195/699/194 693/754/685
f 693/754/685 195/699/194 17/700/17 145/764/144
f 692/753/684 693/754/685 145/764/144 144/765/143
f 691/752/683 692/753/684 144/765/143 143/766/142
f 690/751/682 691/752/683 143/766/142 142/767/141
f 689/750/681 690/751/682 142/767/141 141/768/140
f 688/748/680 689/750/681 141/768/140 140/769/139
f 687/749/679 688/748/680 140/769/139 139/770/138
f 180/771/179 687/749/679 139/770/138 12/772/12
f 179/773/178 680/742/672 687/749/679 180/771/179
f 178/774/177 673/735/665 680/742/672 179/773/178
f 177/775/176 666/728/658 673/735/665 178/774/177
f 176/776/175 659/721/651 666/728/658 177/775/176
f 175/777/174 652/709/644 659/721/651 176/776/175
f 174/757/173 645/706/637 652/709/644 175/777/174
f 694/778/686 695/779/687 702/780/694 701/781/693
f 695/779/687 696/782/688 703/783/695 702/780/694
f 696/782/688 697/784/689 704/785/696 703/783/695
f 697/784/689 698/786/690 705/787/697 704/785/696
f 698/786/690 699/788/691 706/789/698 705/787/697
f 699/788/691 700/790/692 707/791/699 706/789/698
f 701/781/693 702/780/694 709/792/701 708/793/700
f 702/780/694 703/783/695 710/794/702 709/792/701
f 703/783/695 704/785/696 711/795/703 710/794/702
f 704/785/696 705/787/697 712/796/704 711/795/703
f 705/787/697 706/789/698 713/797/705 712/796/704
f 706/789/698 707/791/699 714/798/706 713/797/705
f 708/793/700 709/792/701 716/799/708 715/800/707
f 709/792/701 710/794/702 717/801/709 716/799/708
f 710/794/702 711/795/703 718/802/710 717/801/709
f 711/795/703 712/796/704 719/803/711 718/802/710
f 712/796/704 713/797/705 720/804/712 719/803/711
f 713/797/705 714/798/706 721/805/713 720/804/712
f 715/800/707 716/799/708 723/806/715 722/807/714
f 716/799/708 717/801/709 724/808/716 723/806/715
f 717/801/709 718/802/710 725/809/717 724/808/716
f 718/802/710 719/803/711 726/810/718 725/809/717
f 719/803/711 720/804/712 727/811/719 726/810/718
f 720/804/712 721/805/713 728/812/720 727/811/719
f 722/807/714 723/806/715 730/813/722 729/814/721
f 723/806/715 724/808/716 731/815/723 730/813/722
f 724/808/716 725/809/717 732/816/724 731/815/723
f 725/809/717 726/810/718 733/817/725 732/816/724
f 726/810/718 727/811/719 734/818/726 733/817/725
f 727/811/719 728/812/720 735/819/727 734/818/726
f 729/814/721 730/813/722 737/820/729 736/821/728
f 730/813/722 731/815/723 738/822/730 737/820/729
f 731/815/723 732/816/724 739/823/731 738/822/730
f 732/816/724 733/817/725 740/824/732 739/823/731
f 733/817/725 734/818/726 741/825/733 740/824/732
f 734/818/726 735/819/727 742/826/734 741/825/733
f 4/827/4 48/828/47 694/778/686 208/829/207
f 48/828/47 49/830/48 695/779/687 694/778/686
f 49/830/48 50/831/49 696/782/688 695/779/687
f 50/831/49 51/832/50 697/784/689 696/782/688
f 51/832/50 52/833/51 698/786/690 697/784/689
f 52/833/51 53/834/52 699/788/691 698/786/690
f 53/834/52 54/835/53 700/790/692 699/788/691
f 54/835/53 5/512/5 173/514/172 700/790/692
f 700/790/692 173/514/172 172/543/171 707/791/699
f 707/791/699 172/543/171 171/542/170 714/798/706
f 714/798/706 171/542/170 170/541/169 721/805/713
f 721/805/713 170/541/169 169/540/168 728/812/720
f 728/812/720 169/540/168 168/539/167 735/819/727
f 735/819/727 168/539/167 167/537/166 742/826/734
f 742/826/734 167/537/166 14/538/14 124/836/123
f 741/825/733 742/826/734 124/836/123 123/837/122
f 740/824/732 741/825/733 123/837/122 122/838/121
f 739/823/731 740/824/732 122/838/121 121/839/120
f 738/822/730 739/823/731 121/839/120 120/840/119
f 737/820/729 738/822/730 120/840/119 119/841/118
f 736/821/728 737/820/729 119/841/118 118/842/117
f 202/843/201 736/821/728 118/842/117 13/844/13
f 203/845/202 729/814/721 736/821/728 202/843/201
f 204/846/203 722/807/714 729/814/721 203/845/202
f 205/847/204 715/800/707 722/807/714 204/846/203
f 206/848/205 708/793/700 715/800/707 205/847/204
f 207/849/206 701/781/693 708/793/700 206/848/205
f 208/829/207 694/778/686 701/781/693 207/849/206
f 743/850/735 744/851/736 751/852/743 750/853/742
f 744/851/736 745/854/737 752/855/744 751/852/743
f 745/854/737 746/856/738 753/857/745 752/855/744
f 746/856/738 747/858/739 754/859/746 753/857/745
f 747/858/739 748/860/740 755/861/747 754/859/746
f 748/860/740 749/862/741 756/863/748 755/861/747
f 750/853/742 751/852/743 758/864/750 757/865/749
f 751/852/743 752/855/744 759/866/751 758/864/750
f 752/855/744 753/857/745 760/867/752 759/866/751
f 753/857/745 754/859/746 761/868/753 760/867/752
f 754/859/746 755/861/747 762/869/754 761/868/753
f 755/861/747 756/863/748 763/870/755 762/869/754
f 757/865/749 758/864/750 765/871/757 764/872/756
f 758/864/750 759/866/751 766/873/758 765/871/757
f 759/866/751 760/867/752 767/874/759 766/873/758
f 760/867/752 761/868/753 768/875/760 767/874/759
f 761/868/753 762/869/754 769/876/761 768/875/760
f 762/869/754 763/870/755 770/877/762 769/876/761
f 764/872/756 765/871/757 772/878/764 771/879/763
f 765/871/757 766/873/758 773/880/765 772/878/764
f 766/873/758 767/874/759 774/881/766 773/880/765
f 767/874/759 768/875/760 775/882/767 774/881/766
f 768/875/760 769/876/761 776/883/768 775/882/767
f 769/876/761 770/877/762 777/884/769 776/883/768
f 771/879/763 772/878/764 779/885/771 778/886/770
f 772/878/764 773/880/765 780/887/772 779/885/771
f 773/880/765 774/881/766 781/888/773 780/887/772
f 774/881/766 775/882/767 782/889/774 781/888/773
f 775/882/767 776/883/768 783/890/775 782/889/774
f 776/883/768 777/884/769 784/891/776 783/890/775
f 778/886/770 779/885/771 786/892/778 785/893/777
f 779/885/771 780/887/772 787/894/779 786/892/778
f 780/887/772 781/888/773 788/895/780 787/894/779
f 781/888/773 782/889/774 789/896/781 788/895/780
f 782/889/774 783/890/775 790/897/782 789/896/781
f 783/890/775 784/891/776 791/898/783 790/897/782
f 1/899/1 27/900/26 743/850/735 188/901/187
f 27/900/26 28/902/27 744/851/736 743/850/735
f 28/902/27 29/903/28 745/854/737 744/851/736
f 29/903/28 30/904/29 746/856/738 745/854/737
f 30/904/29 31/905/30 747/858/739 746/856/738
f 31/905/30 32/906/31 748/860/740 747/858/739
f 32/906/31 33/907/32 749/862/741 748/860/740
f 33/907/32 2/908/2 209/909/208 749/862/741
f 749/862/741 209/909/208 210/910/209 756/863/748
f 756/863/748 210/910/209 211/911/210 763/870/755
f 763/870/755 211/911/210 212/912/211 770/877/762
f 770/877/762 212/912/211 213/913/212 777/884/769
f 777/884/769 213/913/212 214/914/213 784/891/776
f 784/891/776 214/914/213 215/915/214 791/898/783
f 791/898/783 215/915/214 11/916/11 103/917/102
f 790/897/782 791/898/783 103/917/102 102/918/101
f 789/896/781 790/897/782 102/918/101 101/919/100
f 788/895/780 789/896/781 101/919/100 100/920/99
f 787/894/779 788/895/780 100/920/99 99/921/98
f 786/892/778 787/894/779 99/921/98 98/922/97
f 785/893/777 786/892/778 98/922/97 97/923/96
f 194/924/193 785/893/777 97/923/96 10/925/10
f 193/926/192 778/886/770 785/893/777 194/924/193
f 192/927/191 771/879/763 778/886/770 193/926/192
f 191/928/190 764/872/756 771/879/763 192/927/191
f 190/929/189 757/865/749 764/872/756 191/928/190
f 189/930/188 750/853/742 757/865/749 190/929/189
f 188/901/187 743/850/735 750/853/742 189/930/188
f 792/931/784 793/932/785 800/933/792 799/934/791
f 793/932/785 794/935/786 801/936/793 800/933/792
f 794/935/786 795/937/787 802/938/794 801/936/793
f 795/937/787 796/939/788 803/940/795 802/938/794
f 796/939/788 797/941/789 804/942/796 803/940/795
f 797/941/789 798/943/790 805/944/797 804/942/796
f 799/934/791 800/933/792 807/945/799 806/946/798
f 800/933/792 801/936/793 808/947/800 807/945/799
f 801/936/793 802/938/794 809/948/801 808/947/800
f 802/938/794 803/940/795 810/949/802 809/948/801
f 803/940/795 804/942/796 811/950/803 810/949/802
f 804/942/796 805/944/797 812/951/804 811/950/803
f 806/946/798 807/945/799 814/952/806 813/953/805
f 807/945/799 808/947/800 815/954/807 814/952/806
f 808/947/800 809/948/801 816/955/808 815/954/807
f 809/948/801 810/949/802 817/956/809 816/955/808
f 810/949/802 811/950/803 818/957/810 817/956/809
f 811/950/803 812/951/804 819/958/811 818/957/810
f 813/953/805 814/952/806 821/959/813 820/960/812
f 814/952/806 815/954/807 822/961/814 821/959/813
f 815/954/807 816/955/808 823/962/815 822/961/814
f 816/955/808 817/956/809 824/963/816 823/962/815
f 817/956/809 818/957/810 825/964/817 824/963/816
f 818/957/810 819/958/811 826/965/818 825/964/817
f 820/960/812 821/959/813 828/966/820 827/967/819
f 821/959/813 822/961/814 829/968/821 828/966/820
f 822/961/814 823/962/815 830/969/822 829/968/821
f 823/962/815 824/963/816 831/970/823 830/969/822
f 824/963/816 825/964/817 832/971/824 831/970/823
f 825/964/817 826/965/818 833/972/825 832/971/824
f 827/967/819 828/966/820 835/973/827 834/974/826
f 828/966/820 829/968/821 836/975/828 835/973/827
f 829/968/821 830/969/822 837/976/829 836/975/828
f 830/969/822 831/970/823 838/977/830 837/976/829
f 831/970/823 832/971/824 839/978/831 838/977/830
f 832/971/824 833/972/825 840/979/832 839/978/831
f 2/980/2 76/981/75 792/931/784 209/982/208
f 76/981/75 77/983/76 793/932/785 792/931/784
f 77/983/76 78/984/77 794/935/786 793/932/785
f 78/984/77 79/985/78 795/937/787 794/935/786
f 79/985/78 80/986/79 796/939/788 795/937/787
f 80/986/79 81/987/80 797/941/789 796/939/788
f 81/987/80 82/988/81 798/943/790 797/941/789
f 82/988/81 9/989/9 216/990/215 798/943/790
f 798/943/790 216/990/215 217/991/216 805/944/797
f 805/944/797 217/991/216 218/992/217 812/951/804
f 812/951/804 218/992/217 219/993/218 819/958/811
f 819/958/811 219/993/218 220/994/219 826/965/818
f 826/965/818 220/994/219 221/995/220 833/972/825
f 833/972/825 221/995/220 222/996/221 840/979/832
f 840/979/832 222/996/221 18/997/18 152/998/151
f 839/978/831 840/979/832 152/998/151 151/999/150
f 838/977/830 839/978/831 151/999/150 150/1000/149
f 837/976/829 838/977/830 150/1000/149 149/1001/148
f 836/975/828 837/976/829 149/1001/148 148/1002/147
f 835/973/827 836/975/828 148/1002/147 147/1003/146
f 834/974/826 835/973/827 147/1003/146 146/1004/145
f 215/1005/214 834/974/826 146/1004/145 11/1006/11
f 214/1007/213 827/967/819 834/974/826 215/1005/214
f 213/1008/212 820/960/812 827/967/819 214/1007/213
f 212/1009/211 813/953/805 820/960/812 213/1008/212
f 211/1010/210 806/946/798 813/953/805 212/1009/211
f 210/1011/209 799/934/791 806/946/798 211/1010/210
f 209/982/208 792/931/784 799/934/791 210/1011/209
f 841/1012/833 842/1013/834 849/1014/841 848/1015/840
f 842/1013/834 843/1016/835 850/1017/842 849/1014/841
f 843/1016/835 844/1018/836 851/1019/843 850/1017/842
f 844/1018/836 845/1020/837 852/1021/844 851/1019/843
f 845/1020/837 846/1022/838 853/1023/845 852/1021/844
f 846/1022/838 847/1024/839 854/1025/846 853/1023/845
f 848/1015/840 849/1014/841 856/1026/848 855/1027/847
f 849/1014/841 850/1017/842 857/1028/849 856/1026/848
f 850/1017/842 851/1019/843 858/1029/850 857/1028/849
f 851/1019/843 852/1021/844 859/1030/851 858/1029/850
f 852/1021/844 853/1023/845 860/1031/852 859/1030/851
f 853/1023/845 854/1025/846 861/1032/853 860/1031/852
f 855/1027/847 856/1026/848 863/1033/855 862/1034/854
f 856/1026/848 857/1028/849 864/1035/856 863/1033/855
f 857/1028/849 858/1029/850 865/1036/857 864/1035/856
f 858/1029/850 859/1030/851 866/1037/858 865/1036/857
f 859/1030/851 860/1031/852 867/1038/859 866/1037/858
f 860/1031/852 861/1032/853 868/1039/860 867/1038/859
f 862/1034/854 863/1033/855 870/1040/862 869/1041/861
f 863/1033/855 864/1035/856 871/1042/863 870/1040/862
f 864/1035/856 865/1036/857 872/1043/864 871/1042/863
f 865/1036/857 866/1037/858 873/1044/865 872/1043/864
f 866/1037/858 867/1038/859 874/1045/866 873/1044/865
f 867/1038/859 868/1039/860 875/1046/867 874/1045/866
f 869/1041/861 870/1040/862 877/1047/869 876/1048/868
f 870/1040/862 871/1042/863 878/1049/870 877/1047/869
f 871/1042/863 872/1043/864 879/1050/871 878/1049/870
f 872/1043/864 873/1044/865 880/1051/872 879/1050/871
f 873/1044/865 874/1045/866 881/1052/873 880/1051/872
f 874/1045/866 875/1046/867 882/1053/874 881/1052/873
f 876/1048/868 877/1047/869 884/1054/876 883/1055/875
f 877/1047/869 878/1049/870 885/1056/877 884/1054/876
f 878/1049/870 879/1050/871 886/1057/878 885/1056/877
f 879/1050/871 880/1051/872 887/1058/879 886/1057/878
f 880/1051/872 881/1052/873 888/1059/880 887/1058/879
f 881/1052/873 882/1053/874 889/1060/881 888/1059/880
f 7/1061/7 61/1062/60 841/1012/833 160/1063/159
f 61/1062/60 60/1064/59 842/1013/834 841/1012/833
f 60/1064/59 59/1065/58 843/1016/835 842/1013/834
f 59/1065/58 58/1066/57 844/1018/836 843/1016/835
f 58/1066/57 57/1067/56 845/1020/837 844/1018/836
f 57/1067/56 56/1068/55 846/1022/838 845/1020/837
f 56/1068/55 55/1069/54 847/1024/839 846/1022/838
f 55/1069/54 6/593/6 187/595/186 847/1024/839
f 847/1024/839 187/595/186 186/624/185 854/1025/846
f 854/1025/846 186/624/185 185/623/184 861/1032/853
f 861/1032/853 185/623/184 184/622/183 868/1039/860
f 868/1039/860 184/622/183 183/621/182 875/1046/867
f 875/1046/867 183/621/182 182/620/181 882/1053/874
f 882/1053/874 182/620/181 181/618/180 889/1060/881
f 889/1060/881 181/618/180 15/619/15 125/1070/124
f 888/1059/880 889/1060/881 125/1070/124 126/1071/125
f 887/1058/879 888/1059/880 126/1071/125 127/1072/126
f 886/1057/878 887/1058/879 127/1072/126 128/1073/127
f 885/1056/877 886/1057/878 128/1073/127 129/1074/128
f 884/1054/876 885/1056/877 129/1074/128 130/1075/129
f 883/1055/875 884/1054/876 130/1075/129 131/1076/130
f 166/1077/165 883/1055/875 131/1076/130 16/1078/16
f 165/1079/164 876/1048/868 883/1055/875 166/1077/165
f 164/1080/163 869/1041/861 876/1048/868 165/1079/164
f 163/1081/162 862/1034/854 869/1041/861 164/1080/163
f 162/1082/161 855/1027/847 862/1034/854 163/1081/162
f 161/1083/160 848/1015/840 855/1027/847 162/1082/161
f 160/1063/159 841/1012/833 848/1015/840 161/1083/160
f 890/1084/882 891/1085/883 898/1086/890 897/1087/889
f 891/1085/883 892/1088/884 899/1089/891 898/1086/890
f 892/1088/884 893/1090/885 900/1091/892 899/1089/891
f 893/1090/885 894/1092/886 901/1093/893 900/1091/892
f 894/1092/886 895/1094/887 902/1095/894 901/1093/893
f 895/1094/887 896/1096/888 903/1097/895 902/1095/894
f 897/1087/889 898/1086/890 905/1098/897 904/1099/896
f 898/1086/890 899/1089/891 906/1100/898 905/1098/897
f 899/1089/891 900/1091/892 907/1101/899 906/1100/898
f 900/1091/892 901/1093/893 908/1102/900 907/1101/899
f 901/1093/893 902/1095/894 909/1103/901 908/1102/900
f 902/1095/894 903/1097/895 910/1104/902 909/1103/901
f 904/1099/896 905/1098/897 912/1105/904 911/1106/903
f 905/1098/897 906/1100/898 913/1107/905 912/1105/904
f 906/1100/898 907/1101/899 914/1108/906 913/1107/905
f 907/1101/899 908/1102/900 915/1109/907 914/1108/906
f 908/1102/900 909/1103/901 916/1110/908 915/1109/907
f 909/1103/901 910/1104/902 917/1111/909 916/1110/908
f 911/1106/903 912/1105/904 919/1112/911 918/1113/910
f 912/1105/904 913/1107/905 920/1114/912 919/1112/911
f 913/1107/905 914/1108/906 921/1115/913 920/1114/912
f 914/1108/906 915/1109/907 922/1116/914 921/1115/913
f 915/1109/907 916/1110/908 923/1117/915 922/1116/914
f 916/1110/908 917/1111/909 924/1118/916 923/1117/915
f 918/1113/910 919/1112/911 926/1119/918 925/1120/917
f 919/1112/911 920/1114/912 927/1121/919 926/1119/918
f 920/1114/912 921/1115/913 928/1122/920 927/1121/919
f 921/1115/913 922/1116/914 929/1123/921 928/1122/920
f 922/1116/914 923/1117/915 930/1124/922 929/1123/921
f 923/1117/915 924/1118/916 931/1125/923 930/1124/922
f 925/1120/917 926/1119/918 933/1126/925 932/1127/924
f 926/1119/918 927/1121/919 934/1128/926 933/1126/925
f 927/1121/919 928/1122/920 935/1129/927 934/1128/926
f 928/1122/920 929/1123/921 936/1130/928 935/1129/927
f 929/1123/921 930/1124/922 937/1131/929 936/1130/928
f 930/1124/922 931/1125/923 938/1132/930 937/1131/929
f 9/989/9 34/1133/33 890/1084/882 216/990/215
f 34/1133/33 35/1134/34 891/1085/883 890/1084/882
f 35/1134/34 36/1135/35 892/1088/884 891/1085/883
f 36/1135/35 37/1136/36 893/1090/885 892/1088/884
f 37/1136/36 38/1137/37 894/1092/886 893/1090/885
f 38/1137/37 39/1138/38 895/1094/887 894/1092/886
f 39/1138/38 40/1139/39 896/1096/888 895/1094/887
f 40/1139/39 4/1140/4 208/1141/207 896/1096/888
f 896/1096/888 208/1141/207 207/1142/206 903/1097/895
f 903/1097/895 207/1142/206 206/1143/205 910/1104/902
f 910/1104/902 206/1143/205 205/1144/204 917/1111/909
f 917/1111/909 205/1144/204 204/1145/203 924/1118/916
f 924/1118/916 204/1145/203 203/1146/202 931/1125/923
f 931/1125/923 203/1146/202 202/1147/201 938/1132/930
f 938/1132/930 202/1147/201 13/1148/13 110/1149/109
f 937/1131/929 938/1132/930 110/1149/109 109/1150/108
f 936/1130/928 937/1131/929 109/1150/108 108/1151/107
f 935/1129/927 936/1130/928 108/1151/107 107/1152/106
f 934/1128/926 935/1129/927 107/1152/106 106/1153/105
f 933/1126/925 934/1128/926 106/1153/105 105/1154/104
f 932/1127/924 933/1126/925 105/1154/104 104/1155/103
f 222/996/221 932/1127/924 104/1155/103 18/997/18
f 221/995/220 925/1120/917 932/1127/924 222/996/221
f 220/994/219 918/1113/910 925/1120/917 221/995/220
f 219/993/218 911/1106/903 918/1113/910 220/994/219
f 218/992/217 904/1099/896 911/1106/903 219/993/218
f 217/991/216 897/1087/889 904/1099/896 218/992/217
f 216/990/215 890/1084/882 897/1087/889 217/991/216
l 7 223
l 223 224
l 224 225
l 225 226
l 226 227
l 227 228
l 228 229
l 229 19
o Sphere
v -0.221341 4.188334 -0.007633
v -0.190030 4.263946 0.282811
v -0.124422 4.387919 0.429280
v -0.033918 4.549962 0.511002
v 0.016457 4.637677 0.523246
v 0.067702 4.725404 0.515535
v 0.164969 4.887536 0.442189
v 0.299548 5.087619 0.015603
v -0.237767 4.206838 0.091207
v -0.243554 4.241912 0.186694
v -0.238478 4.292206 0.275161
v -0.222735 4.355787 0.353206
v -0.196929 4.430213 0.417831
v -0.162053 4.512624 0.466551
v -0.119447 4.599851 0.497496
v -0.070747 4.688544 0.509476
v -0.017826 4.775293 0.502029
v 0.037283 4.856765 0.475443
v 0.092461 4.929830 0.430740
v 0.145590 4.991678 0.369636
v 0.194626 5.039934 0.294480
v 0.237685 5.072743 0.208161
v 0.273113 5.088844 0.113996
v -0.253957 4.216383 0.084730
v -0.275310 4.260634 0.173991
v -0.284580 4.319386 0.256718
v -0.281412 4.390381 0.329733
v -0.265927 4.470891 0.390229
v -0.238719 4.557823 0.435882
v -0.200834 4.647834 0.464938
v -0.153729 4.737467 0.476279
v -0.099214 4.823276 0.469471
v -0.039383 4.901965 0.444774
v 0.023464 4.970508 0.403138
v 0.086912 5.026272 0.346163
v 0.148523 5.067115 0.276038
v 0.205929 5.091465 0.195458
v 0.256924 5.098389 0.107520
v -0.268700 4.225181 0.074713
v -0.304230 4.277893 0.154341
v -0.326566 4.344442 0.228191
v -0.334849 4.422272 0.293425
v -0.328762 4.508390 0.347536
v -0.308538 4.599490 0.388445
v -0.274954 4.692068 0.414578
v -0.229301 4.782567 0.424933
v -0.173334 4.867509 0.419111
v -0.109202 4.943631 0.397336
v -0.039372 5.008007 0.360445
v 0.033475 5.058163 0.309855
v 0.106538 5.092171 0.247511
v 0.177009 5.108725 0.175808
v 0.242181 5.107187 0.097502
v -0.281431 4.232896 0.061540
v -0.329203 4.293025 0.128501
v -0.362821 4.366411 0.190678
v -0.380993 4.450233 0.245679
v -0.383022 4.541270 0.291393
v -0.368828 4.636023 0.326061
v -0.338957 4.730851 0.348353
v -0.294558 4.822110 0.357410
v -0.237337 4.906293 0.352886
v -0.169492 4.980165 0.334953
v -0.093631 5.040886 0.304302
v -0.012669 5.086124 0.262109
v 0.070283 5.114140 0.209997
v 0.152036 5.123857 0.149968
v 0.229450 5.114902 0.084329
v -0.291660 4.239230 0.045717
v -0.349269 4.305450 0.097464
v -0.391952 4.384449 0.145618
v -0.418070 4.473191 0.188330
v -0.426619 4.568265 0.223956
v -0.417271 4.666018 0.251130
v -0.390385 4.762694 0.268806
v -0.346993 4.854577 0.276305
v -0.288764 4.938136 0.273339
v -0.217935 5.010160 0.260022
v -0.137229 5.067882 0.236865
v -0.049746 5.109082 0.204760
v 0.041152 5.132177 0.164938
v 0.131970 5.136281 0.118931
v 0.219220 5.121236 0.068507
v -0.298995 4.243940 0.027853
v -0.363657 4.314689 0.062422
v -0.412840 4.397862 0.094745
v -0.444656 4.490263 0.123580
v -0.457880 4.588339 0.147819
v -0.452006 4.688324 0.166531
v -0.427259 4.786374 0.178996
v -0.384590 4.878720 0.184735
v -0.325639 4.961815 0.183529
v -0.252671 5.032465 0.175422
v -0.168490 5.087956 0.160728
v -0.076331 5.126153 0.140010
v 0.020264 5.145591 0.114064
v 0.117582 5.145521 0.083888
v 0.211885 5.125946 0.050642
v -0.303154 4.246845 0.008633
v -0.371813 4.320388 0.024721
v -0.424682 4.406136 0.040012
v -0.459727 4.500793 0.053918
v -0.475603 4.600721 0.065906
v -0.471699 4.702082 0.075513
v -0.448165 4.800979 0.082372
v -0.405905 4.893612 0.086219
v -0.346544 4.976421 0.086905
v -0.272363 5.046224 0.084405
v -0.186212 5.100338 0.078815
v -0.091403 5.136683 0.070348
v 0.008422 5.153864 0.059332
v 0.109426 5.151219 0.046188
v 0.207727 5.128851 0.031423
v -0.303976 4.247834 -0.011203
v -0.373426 4.322327 -0.014189
v -0.427023 4.408951 -0.016476
v -0.462707 4.504376 -0.017978
v -0.479106 4.604935 -0.018635
v -0.475592 4.706764 -0.018423
v -0.452297 4.805949 -0.017350
v -0.410119 4.898680 -0.015457
v -0.350677 4.981391 -0.012817
v -0.276256 5.050906 -0.009531
v -0.189716 5.104551 -0.005726
v -0.094382 5.140267 -0.001548
v 0.006081 5.156680 0.002843
v 0.107813 5.153159 0.007278
v 0.206905 5.129840 0.011586
v -0.301430 4.246868 -0.030893
v -0.368432 4.320433 -0.052813
v -0.419773 4.406200 -0.072550
v -0.453479 4.500875 -0.089346
v -0.468256 4.600818 -0.102555
v -0.463535 4.702189 -0.111670
v -0.439498 4.801094 -0.116340
v -0.397069 4.893728 -0.116387
v -0.337878 4.976535 -0.111807
v -0.264199 5.046331 -0.102778
v -0.178865 5.100435 -0.089646
v -0.085155 5.136766 -0.072916
v 0.013331 5.153929 -0.053230
v 0.112807 5.151264 -0.031346
v 0.209451 5.128874 -0.008104
v -0.295614 4.243985 -0.049681
v -0.357023 4.314776 -0.089666
v -0.403210 4.397989 -0.126053
v -0.432399 4.490424 -0.157442
v -0.443468 4.588530 -0.182628
v -0.435993 4.688535 -0.200643
v -0.410259 4.786598 -0.210793
v -0.367257 4.878949 -0.212690
v -0.308639 4.962040 -0.206260
v -0.236657 5.032677 -0.191751
v -0.154078 5.088146 -0.169719
v -0.064075 5.126315 -0.141012
v 0.029893 5.145718 -0.106733
v 0.124216 5.145608 -0.068200
v 0.215267 5.125991 -0.026892
v -0.286751 4.239295 -0.066844
v -0.339639 4.305577 -0.123334
v -0.377972 4.384633 -0.174930
v -0.400277 4.473425 -0.219651
v -0.405696 4.568541 -0.255778
v -0.394023 4.666325 -0.281922
v -0.365704 4.763020 -0.297079
v -0.321829 4.854909 -0.300667
v -0.264084 4.938462 -0.292546
v -0.194687 5.010467 -0.273031
v -0.116306 5.068158 -0.242869
v -0.031952 5.109316 -0.203221
v 0.055132 5.132362 -0.155611
v 0.141600 5.136409 -0.101867
v 0.224129 5.121301 -0.044055
v -0.275183 4.232978 -0.081724
v -0.316946 4.293187 -0.152521
v -0.345027 4.366646 -0.217303
v -0.358346 4.450532 -0.273582
v -0.356391 4.541621 -0.319194
v -0.339238 4.636413 -0.352386
v -0.307545 4.731266 -0.371883
v -0.262531 4.822533 -0.376936
v -0.205925 4.906707 -0.367350
v -0.139902 4.980555 -0.343494
v -0.067001 5.041237 -0.306285
v 0.009978 5.086423 -0.257152
v 0.088076 5.114375 -0.197984
v 0.164293 5.124019 -0.131054
v 0.235698 5.114985 -0.058934
v -0.261353 4.225278 -0.093747
v -0.289818 4.278083 -0.176106
v -0.305643 4.344718 -0.251543
v -0.308219 4.422623 -0.317161
v -0.297449 4.508804 -0.370438
v -0.273744 4.599949 -0.409325
v -0.238017 4.692555 -0.432329
v -0.191641 4.783063 -0.438566
v -0.136397 4.867997 -0.427796
v -0.074409 4.944090 -0.400433
v -0.008058 5.008420 -0.357529
v 0.060105 5.058514 -0.300731
v 0.127461 5.092447 -0.232224
v 0.191421 5.108914 -0.154639
v 0.249528 5.107285 -0.070958
v -0.245793 4.216490 -0.102453
v -0.259296 4.260845 -0.193182
v -0.261332 4.319693 -0.276335
v -0.251822 4.390772 -0.348715
v -0.231133 4.471351 -0.407541
v -0.200058 4.558333 -0.450552
v -0.159792 4.648376 -0.476096
v -0.111883 4.738019 -0.483190
v -0.058172 4.823818 -0.471563
v -0.000722 4.902475 -0.441660
v 0.058258 4.970967 -0.394632
v 0.116502 5.026663 -0.332285
v 0.171772 5.067421 -0.257015
v 0.221943 5.091677 -0.171715
v 0.265088 5.098497 -0.079664
v -0.229101 4.206953 -0.107506
v -0.226554 4.242136 -0.203094
v -0.213798 4.292531 -0.290725
v -0.191323 4.356202 -0.367030
v -0.159992 4.430701 -0.429077
v -0.121011 4.513165 -0.474482
v -0.075877 4.600426 -0.501500
v -0.026323 4.689130 -0.509092
v 0.025744 4.775868 -0.496967
v 0.078325 4.857307 -0.465590
v 0.129398 4.930317 -0.416168
v 0.177002 4.992093 -0.350600
v 0.219306 5.040260 -0.271405
v 0.254685 5.072968 -0.181628
v 0.281780 5.088959 -0.084717
v -0.211918 4.197031 -0.108712
v -0.192849 4.222675 -0.205461
v -0.164866 4.264278 -0.294161
v -0.129045 4.320242 -0.371403
v -0.086761 4.388416 -0.434219
v -0.039641 4.466181 -0.480196
v 0.010505 4.550548 -0.507565
v 0.061751 4.638275 -0.515276
v 0.112126 4.725990 -0.503032
v 0.159694 4.810323 -0.471304
v 0.202629 4.888033 -0.421310
v 0.239280 4.956133 -0.354973
v 0.268237 5.012007 -0.274841
v 0.288390 5.053506 -0.183994
v 0.298962 5.079038 -0.085923
v -0.194906 4.187108 -0.106026
v -0.159478 4.203209 -0.200191
v -0.116418 4.236018 -0.286510
v -0.067382 4.284274 -0.361666
v -0.014254 4.346123 -0.422770
v 0.040925 4.419187 -0.467473
v 0.096033 4.500659 -0.494059
v 0.148954 4.587409 -0.501505
v 0.197654 4.676101 -0.489526
v 0.240260 4.763329 -0.458582
v 0.275136 4.845739 -0.409861
v 0.300942 4.920165 -0.345236
v 0.316685 4.983747 -0.267191
v 0.321761 5.034040 -0.178725
v 0.315975 5.069114 -0.083237
v -0.178717 4.177563 -0.099550
v -0.127722 4.184487 -0.187488
v -0.070316 4.208838 -0.268068
v -0.008705 4.249680 -0.338193
v 0.054743 4.305444 -0.395168
v 0.117590 4.373988 -0.436804
v 0.177421 4.452676 -0.461501
v 0.231937 4.538486 -0.468309
v 0.279042 4.628118 -0.456968
v 0.316926 4.718130 -0.427912
v 0.344134 4.805061 -0.382259
v 0.359619 4.885571 -0.321763
v 0.362788 4.956566 -0.248748
v 0.353517 5.015318 -0.166021
v 0.332164 5.059570 -0.076761
v -0.163974 4.168765 -0.089533
v -0.098802 4.167228 -0.167838
v -0.028330 4.183782 -0.239541
v 0.044732 4.217790 -0.301885
v 0.117579 4.267945 -0.352475
v 0.187409 4.332321 -0.389367
v 0.251541 4.408443 -0.411141
v 0.307508 4.493386 -0.416963
v 0.353161 4.583885 -0.406608
v 0.386745 4.676463 -0.380475
v 0.406969 4.767562 -0.339566
v 0.413057 4.853681 -0.285455
v 0.404773 4.931510 -0.220221
v 0.382437 4.998060 -0.146372
v 0.346907 5.050771 -0.066743
v -0.151242 4.161050 -0.076359
v -0.073829 4.152095 -0.141999
v 0.007924 4.161813 -0.202027
v 0.090876 4.189828 -0.254140
v 0.171838 4.235066 -0.296332
v 0.247699 4.295788 -0.326983
v 0.315544 4.369659 -0.344916
v 0.372765 4.453843 -0.349440
v 0.417165 4.545102 -0.340383
v 0.447035 4.639930 -0.318092
v 0.461229 4.734683 -0.283423
v 0.459200 4.825719 -0.237710
v 0.441028 4.909541 -0.182708
v 0.407410 4.982927 -0.120532
v 0.359638 5.043056 -0.053570
v -0.141013 4.154716 -0.060537
v -0.053763 4.139671 -0.110961
v 0.037056 4.143775 -0.156968
v 0.127953 4.166871 -0.196790
v 0.215436 4.208071 -0.228896
v 0.296143 4.265792 -0.252052
v 0.366971 4.337816 -0.265369
v 0.425200 4.421375 -0.268335
v 0.468592 4.513258 -0.260836
v 0.495478 4.609934 -0.243160
v 0.504826 4.707687 -0.215987
v 0.496277 4.802762 -0.180360
v 0.470159 4.891503 -0.137648
v 0.427476 4.970502 -0.089494
v 0.369868 5.036723 -0.037748
v -0.133678 4.150006 -0.042672
v -0.039375 4.130432 -0.075919
v 0.057943 4.130362 -0.106094
v 0.154538 4.149799 -0.132040
v 0.246697 4.187996 -0.152758
v 0.330878 4.243487 -0.167453
v 0.403846 4.314137 -0.175559
v 0.462797 4.397232 -0.176765
v 0.505467 4.489579 -0.171026
v 0.530214 4.587628 -0.158561
v 0.536087 4.687613 -0.139849
v 0.522863 4.785690 -0.115610
v 0.491047 4.878090 -0.086775
v 0.441864 4.961263 -0.054452
v 0.377202 5.032012 -0.019883
v -0.129520 4.147101 -0.023453
v -0.031218 4.124733 -0.038218
v 0.069785 4.122088 -0.051362
v 0.169610 4.139269 -0.062378
v 0.264420 4.175615 -0.070845
v 0.350570 4.229729 -0.076436
v 0.424751 4.299531 -0.078936
v 0.484112 4.382340 -0.078249
v 0.526372 4.474973 -0.074403
v 0.549906 4.573871 -0.067544
v 0.553810 4.675231 -0.057936
v 0.537935 4.775160 -0.045948
v 0.502889 4.869817 -0.032042
v 0.450021 4.955564 -0.016751
v 0.381361 5.029107 -0.000664
v -0.128698 4.146112 -0.003617
v -0.029606 4.122794 0.000692
v 0.072126 4.119273 0.005127
v 0.172590 4.135685 0.009518
v 0.267923 4.171401 0.013696
v 0.354463 4.225047 0.017501
v 0.428884 4.294561 0.020787
v 0.488326 4.377273 0.023427
v 0.530504 4.470003 0.025320
v 0.553799 4.569189 0.026393
v 0.557314 4.671018 0.026605
v 0.540914 4.771576 0.025948
v 0.505230 4.867002 0.024446
v 0.451633 4.953625 0.022159
v 0.382183 5.028119 0.019172
v -0.131244 4.147079 0.016074
v -0.034600 4.124688 0.039316
v 0.064876 4.122024 0.061200
v 0.163362 4.139186 0.080885
v 0.257072 4.175518 0.097616
v 0.342407 4.229621 0.110748
v 0.416085 4.299417 0.119777
v 0.475276 4.382224 0.124356
v 0.517705 4.474859 0.124310
v 0.541742 4.573763 0.119640
v 0.546463 4.675134 0.110525
v 0.531686 4.775077 0.097315
v 0.497980 4.869752 0.080520
v 0.446639 4.955520 0.060782
v 0.379637 5.029085 0.038863
v -0.137060 4.149961 0.034861
v -0.046008 4.130344 0.076169
v 0.048314 4.130235 0.114703
v 0.142282 4.149637 0.148982
v 0.232285 4.187807 0.177689
v 0.314864 4.243276 0.199720
v 0.386846 4.313912 0.214230
v 0.445464 4.397004 0.220660
v 0.488466 4.489355 0.218763
v 0.514200 4.587417 0.208612
v 0.521675 4.687423 0.190598
v 0.510606 4.785528 0.165412
v 0.481417 4.877963 0.134023
v 0.435231 4.961176 0.097636
v 0.373821 5.031968 0.057651
v -0.145922 4.154652 0.052025
v -0.063393 4.139544 0.109837
v 0.023075 4.143590 0.163580
v 0.110159 4.166636 0.211191
v 0.194513 4.207795 0.250839
v 0.272894 4.265485 0.281000
v 0.342291 4.337491 0.300516
v 0.400036 4.421043 0.308636
v 0.443911 4.512933 0.305049
v 0.472230 4.609627 0.289892
v 0.483903 4.707411 0.263748
v 0.478484 4.802527 0.227621
v 0.456179 4.891319 0.182900
v 0.417846 4.970376 0.131303
v 0.364958 5.036658 0.074814
v -0.157491 4.160968 0.066904
v -0.086085 4.151934 0.139023
v -0.009869 4.161578 0.205953
v 0.068229 4.189529 0.265122
v 0.145208 4.234715 0.314254
v 0.218109 4.295397 0.351464
v 0.284132 4.369245 0.375320
v 0.340738 4.453420 0.384905
v 0.385752 4.544687 0.379853
v 0.417445 4.639539 0.360356
v 0.434599 4.734332 0.327163
v 0.436553 4.825420 0.281552
v 0.423234 4.909307 0.225273
v 0.395153 4.982765 0.160490
v 0.353390 5.042974 0.089693
v -0.171321 4.168668 0.078928
v -0.113214 4.167038 0.162608
v -0.049254 4.183506 0.240193
v 0.018102 4.217438 0.308701
v 0.086265 4.267532 0.365498
v 0.152616 4.331862 0.408403
v 0.214604 4.407956 0.435766
v 0.269848 4.492889 0.446536
v 0.316224 4.583397 0.440299
v 0.351951 4.676003 0.417295
v 0.375656 4.767148 0.378407
v 0.386427 4.853329 0.325131
v 0.383850 4.931234 0.259513
v 0.368025 4.997869 0.184075
v 0.339560 5.050674 0.101717
v -0.186881 4.177456 0.087633
v -0.143736 4.184276 0.179685
v -0.093565 4.208531 0.264985
v -0.038295 4.249290 0.340255
v 0.019949 4.304986 0.402601
v 0.078929 4.373477 0.449630
v 0.136379 4.452135 0.479532
v 0.190090 4.537933 0.491159
v 0.237999 4.627576 0.484065
v 0.278265 4.717619 0.458522
v 0.309340 4.804602 0.415510
v 0.330030 4.885180 0.356685
v 0.339539 4.956260 0.284304
v 0.337503 5.015107 0.201152
v 0.324000 5.059462 0.110422
v -0.203572 4.186994 0.092687
v -0.176478 4.202985 0.189597
v -0.141099 4.235693 0.279375
v -0.098795 4.283859 0.358570
v -0.051191 4.345635 0.424138
v -0.000117 4.418645 0.473560
v 0.052463 4.500084 0.504936
v 0.104530 4.586823 0.517061
v 0.154084 4.675526 0.509469
v 0.199218 4.762787 0.482452
v 0.238199 4.845252 0.437047
v 0.269530 4.919751 0.375000
v 0.292005 4.983421 0.298695
v 0.304761 5.033816 0.211064
v 0.307308 5.069000 0.115476
v -0.220755 4.196915 0.093893
v -0.210183 4.222446 0.191964
v -0.161072 4.319819 0.362943
v -0.081487 4.465629 0.479273
v 0.117848 4.809771 0.488165
v 0.207252 4.955710 0.379373
v 0.243073 5.011674 0.302130
v 0.271056 5.053277 0.213431
v 0.290126 5.078921 0.116682
vn -0.5020 -0.7391 0.4490
vn 0.1223 0.4492 0.8850
vn -0.4681 -0.6365 0.6130
vn 0.2178 0.5849 0.7813
vn -0.4162 -0.5096 0.7531
vn 0.3051 0.6983 0.6475
vn -0.3484 -0.3634 0.8640
vn 0.3808 0.7851 0.4884
vn -0.2674 -0.2035 0.9418
vn 0.4420 0.8417 0.3102
vn -0.1763 -0.0360 0.9837
vn -0.5113 -0.8561 0.0753
vn 0.4860 0.8657 0.1198
vn -0.0786 0.1328 0.9880
vn -0.5167 -0.8133 0.2674
vn 0.0222 0.2965 0.9548
vn -0.5646 -0.7852 0.2542
vn -0.1353 0.3889 0.9113
vn -0.5799 -0.6935 0.4275
vn -0.0230 0.5343 0.8450
vn -0.5727 -0.5751 0.5841
vn 0.0904 0.6596 0.7462
vn -0.5436 -0.4349 0.7179
vn 0.2004 0.7597 0.6186
vn -0.4936 -0.2782 0.8240
vn 0.3030 0.8308 0.4669
vn -0.4249 -0.1112 0.8984
vn 0.3940 0.8698 0.2970
vn -0.3401 0.0600 0.9385
vn -0.5275 -0.8466 0.0708
vn 0.4698 0.8752 0.1153
vn -0.2423 0.2288 0.9428
vn -0.6290 -0.1980 0.7518
vn 0.2305 0.8738 0.4282
vn -0.5716 -0.0241 0.8201
vn 0.3493 0.8963 0.2731
vn -0.4926 0.1504 0.8572
vn -0.5426 -0.8377 0.0628
vn 0.4547 0.8841 0.1073
vn -0.3948 0.3192 0.8615
vn -0.6093 -0.7587 0.2304
vn -0.2820 0.4759 0.8331
vn -0.6524 -0.6505 0.3889
vn -0.1583 0.6146 0.7728
vn -0.6703 -0.5173 0.5321
vn -0.0283 0.7300 0.6829
vn -0.6623 -0.3645 0.6546
vn 0.1029 0.8175 0.5666
vn -0.4123 0.5542 0.7231
vn -0.7168 -0.6118 0.3345
vn -0.2785 0.6868 0.6714
vn -0.7569 -0.4653 0.4590
vn -0.1338 0.7933 0.5939
vn -0.7677 -0.3011 0.5656
vn 0.0163 0.8696 0.4935
vn -0.7491 -0.1257 0.6504
vn 0.1661 0.9125 0.3739
vn -0.7020 0.0542 0.7101
vn 0.3096 0.9202 0.2396
vn -0.6281 0.2319 0.7428
vn -0.5560 -0.8296 0.0515
vn 0.4413 0.8922 0.0960
vn -0.5303 0.4006 0.7472
vn -0.6490 -0.7349 0.1969
vn 0.1122 0.9454 0.3059
vn -0.8109 0.1208 0.5726
vn 0.2765 0.9405 0.1977
vn -0.7413 0.3011 0.5998
vn -0.5672 -0.8228 0.0373
vn 0.4301 0.8990 0.0818
vn -0.6436 0.4699 0.6042
vn -0.6822 -0.7146 0.1550
vn -0.5212 0.6209 0.5855
vn -0.7707 -0.5788 0.2665
vn -0.3789 0.7483 0.5445
vn -0.8292 -0.4210 0.3676
vn -0.2219 0.8473 0.4826
vn -0.8558 -0.2472 0.4543
vn -0.0561 0.9139 0.4021
vn -0.8496 -0.0643 0.5235
vn -0.8118 -0.5530 0.1875
vn -0.4558 0.7966 0.3972
vn -0.8846 -0.3862 0.2614
vn -0.2893 0.8896 0.3533
vn -0.9232 -0.2048 0.3251
vn -0.1114 0.9487 0.2959
vn -0.9264 -0.0160 0.3762
vn 0.0711 0.9713 0.2269
vn -0.8942 0.1732 0.4128
vn 0.2511 0.9564 0.1491
vn -0.8279 0.3556 0.4337
vn -0.5757 -0.8174 0.0209
vn 0.4216 0.9044 0.0654
vn -0.7302 0.5244 0.4381
vn -0.7076 -0.6986 0.1063
vn -0.6046 0.6732 0.4257
vn -0.9487 0.2093 0.2369
vn 0.2345 0.9674 0.0955
vn -0.8846 0.3931 0.2508
vn -0.5814 -0.8136 0.0028
vn 0.4160 0.9082 0.0473
vn -0.7868 0.5619 0.2552
vn -0.7242 -0.6876 0.0527
vn -0.6591 0.7094 0.2498
vn -0.8388 -0.5351 0.1006
vn -0.5060 0.8299 0.2349
vn -0.9208 -0.3622 0.1445
vn -0.3334 0.9189 0.2110
vn -0.9673 -0.1756 0.1828
vn -0.1477 0.9727 0.1790
vn -0.9767 0.0173 0.2139
vn 0.0441 0.9892 0.1400
vn -0.5278 0.8469 0.0641
vn -0.9365 -0.3499 0.0214
vn -0.3525 0.9338 0.0611
vn -0.9865 -0.1607 0.0329
vn -0.1634 0.9850 0.0559
vn -0.9985 0.0344 0.0431
vn 0.0324 0.9983 0.0484
vn -0.9723 0.2278 0.0516
vn 0.2273 0.9730 0.0391
vn -0.9092 0.4123 0.0582
vn -0.5838 -0.8117 -0.0163
vn 0.4135 0.9101 0.0282
vn -0.8114 0.5811 0.0626
vn -0.7314 -0.6820 -0.0037
vn -0.6827 0.7278 0.0646
vn -0.8505 -0.5260 0.0090
vn 0.2298 0.9731 -0.0180
vn -0.9007 0.4125 -0.1367
vn -0.5829 -0.8117 -0.0356
vn 0.4144 0.9101 0.0089
vn -0.8029 0.5812 -0.1323
vn -0.7289 -0.6820 -0.0608
vn -0.6745 0.7279 -0.1229
vn -0.8464 -0.5259 -0.0836
vn -0.5203 0.8470 -0.1088
vn -0.9311 -0.3498 -0.1032
vn -0.3459 0.9339 -0.0905
vn -0.9798 -0.1606 -0.1188
vn -0.1579 0.9851 -0.0687
vn -0.9909 0.0345 -0.1298
vn 0.0365 0.9984 -0.0443
vn -0.9642 0.2279 -0.1358
vn -0.3138 0.9191 -0.2382
vn -0.9478 -0.1753 -0.2665
vn -0.1316 0.9729 -0.1900
vn -0.9544 0.0176 -0.2981
vn 0.0561 0.9893 -0.1345
vn -0.9245 0.2097 -0.3184
vn 0.2419 0.9675 -0.0736
vn -0.8594 0.3935 -0.3264
vn -0.5789 -0.8136 -0.0543
vn 0.4184 0.9082 -0.0098
vn -0.7617 0.5623 -0.3221
vn -0.7168 -0.6875 -0.1164
vn -0.6349 0.7097 -0.3054
vn -0.8268 -0.5349 -0.1739
vn -0.4837 0.8302 -0.2771
vn -0.9048 -0.3619 -0.2245
vn -0.5717 -0.8173 -0.0719
vn 0.4256 0.9045 -0.0274
vn -0.6893 0.5249 -0.4994
vn -0.6956 -0.6985 -0.1683
vn -0.5652 0.6738 -0.4760
vn -0.7924 -0.5527 -0.2581
vn -0.4195 0.7971 -0.4344
vn -0.8585 -0.3858 -0.3379
vn -0.2575 0.8901 -0.3762
vn -0.8914 -0.2044 -0.4044
vn -0.0853 0.9490 -0.3034
vn -0.8901 -0.0155 -0.4554
vn 0.0905 0.9716 -0.2188
vn -0.8549 0.1737 -0.4889
vn 0.2631 0.9566 -0.1256
vn -0.7870 0.3561 -0.5037
vn -0.8130 -0.2466 -0.5274
vn -0.0209 0.9144 -0.4044
vn -0.8008 -0.0636 -0.5956
vn 0.1384 0.9458 -0.2939
vn -0.7580 0.1215 -0.6409
vn 0.2926 0.9407 -0.1718
vn -0.6863 0.3019 -0.6617
vn -0.5617 -0.8227 -0.0875
vn 0.4356 0.8991 -0.0430
vn -0.5885 0.4706 -0.6574
vn -0.6661 -0.7144 -0.2146
vn -0.4683 0.6216 -0.6280
vn -0.7445 -0.5785 -0.3333
vn -0.3301 0.7489 -0.5746
vn -0.7941 -0.4205 -0.4389
vn -0.1791 0.8478 -0.4991
vn -0.4633 0.4015 -0.7900
vn -0.6294 -0.7346 -0.2535
vn -0.3478 0.5551 -0.7556
vn -0.6850 -0.6114 -0.3963
vn -0.2190 0.6876 -0.6923
vn -0.7140 -0.4647 -0.5237
vn -0.0816 0.7940 -0.6024
vn -0.7156 -0.3004 -0.6307
vn 0.0592 0.8702 -0.4892
vn -0.6897 -0.1250 -0.7133
vn 0.1979 0.9129 -0.3570
vn -0.6375 0.0550 -0.7685
vn 0.3293 0.9204 -0.2107
vn -0.5610 0.2327 -0.7944
vn -0.5493 -0.8295 -0.1006
vn 0.4480 0.8923 -0.0562
vn 0.1518 0.8182 -0.5545
vn -0.5611 -0.1971 -0.8039
vn 0.2668 0.8743 -0.4056
vn -0.4981 -0.0232 -0.8668
vn 0.3717 0.8966 -0.2407
vn -0.4161 0.1514 -0.8966
vn -0.5350 -0.8376 -0.1108
vn 0.4623 0.8842 -0.0663
vn -0.3184 0.3202 -0.8923
vn -0.5869 -0.7584 -0.2834
vn -0.2084 0.4769 -0.8539
vn -0.6160 -0.6500 -0.4449
vn -0.0904 0.6155 -0.7829
vn -0.6214 -0.5167 -0.5890
vn 0.0312 0.7308 -0.6819
vn -0.6028 -0.3637 -0.7102
vn -0.5403 -0.7849 -0.3033
vn -0.0555 0.3899 -0.9192
vn -0.5404 -0.6930 -0.4772
vn 0.0506 0.5353 -0.8431
vn -0.5197 -0.5744 -0.6324
vn 0.1549 0.6604 -0.7347
vn -0.4790 -0.4340 -0.7630
vn 0.2535 0.7604 -0.5979
vn -0.4200 -0.2772 -0.8641
vn 0.3425 0.8313 -0.4378
vn -0.3451 -0.1101 -0.9321
vn 0.4183 0.8701 -0.2605
vn -0.2571 0.0611 -0.9645
vn -0.5193 -0.8465 -0.1175
vn 0.4781 0.8753 -0.0730
vn -0.1593 0.2298 -0.9601
vn -0.2718 -0.3624 -0.8915
vn 0.4219 0.7857 -0.4525
vn -0.1844 -0.2024 -0.9618
vn 0.4673 0.8420 -0.2696
vn -0.0900 -0.0349 -0.9953
vn -0.5027 -0.8560 -0.1205
vn 0.4946 0.8658 -0.0760
vn 0.0077 0.1339 -0.9910
vn -0.4914 -0.8130 -0.3123
vn 0.1052 0.2976 -0.9489
vn -0.4610 -0.7386 -0.4919
vn 0.1988 0.4502 -0.8705
vn -0.4129 -0.6358 -0.6521
vn 0.2849 0.5858 -0.7587
vn -0.3490 -0.5087 -0.7870
vn 0.3603 0.6991 -0.6176
vn 0.2674 0.2035 -0.9418
vn -0.3808 -0.7851 -0.4884
vn 0.3484 0.3634 -0.8640
vn -0.3051 -0.6983 -0.6475
vn 0.4162 0.5096 -0.7531
vn -0.2178 -0.5849 -0.7813
vn 0.4681 0.6365 -0.6130
vn -0.1223 -0.4492 -0.8850
vn 0.5020 0.7391 -0.4490
vn -0.0222 -0.2965 -0.9548
vn 0.5167 0.8133 -0.2674
vn 0.0786 -0.1327 -0.9880
vn -0.4860 -0.8657 -0.1198
vn 0.5113 0.8561 -0.0753
vn 0.1763 0.0360 -0.9837
vn -0.4420 -0.8417 -0.3102
vn 0.5799 0.6935 -0.4275
vn 0.1353 -0.3889 -0.9113
vn 0.5646 0.7852 -0.2542
vn 0.2423 -0.2288 -0.9428
vn -0.4698 -0.8752 -0.1153
vn 0.5275 0.8466 -0.0708
vn 0.3401 -0.0600 -0.9385
vn -0.3940 -0.8698 -0.2970
vn 0.4249 0.1112 -0.8984
vn -0.3030 -0.8308 -0.4669
vn 0.4936 0.2782 -0.8240
vn -0.2004 -0.7597 -0.6186
vn 0.5436 0.4349 -0.7179
vn -0.0904 -0.6596 -0.7462
vn 0.5727 0.5751 -0.5841
vn 0.0230 -0.5343 -0.8450
vn 0.6290 0.1980 -0.7518
vn -0.1029 -0.8175 -0.5666
vn 0.6623 0.3645 -0.6546
vn 0.0283 -0.7300 -0.6829
vn 0.6703 0.5173 -0.5321
vn 0.1583 -0.6146 -0.7728
vn 0.6524 0.6505 -0.3889
vn 0.2820 -0.4759 -0.8331
vn 0.6093 0.7587 -0.2304
vn 0.3948 -0.3192 -0.8615
vn -0.4547 -0.8841 -0.1073
vn 0.5426 0.8377 -0.0628
vn 0.4926 -0.1504 -0.8572
vn -0.3493 -0.8963 -0.2731
vn 0.5716 0.0241 -0.8201
vn -0.2305 -0.8738 -0.4282
vn 0.6490 0.7349 -0.1969
vn 0.5303 -0.4006 -0.7472
vn -0.4413 -0.8922 -0.0960
vn 0.5560 0.8296 -0.0515
vn 0.6281 -0.2319 -0.7428
vn -0.3096 -0.9202 -0.2396
vn 0.7020 -0.0542 -0.7101
vn -0.1661 -0.9125 -0.3739
vn 0.7491 0.1257 -0.6504
vn -0.0163 -0.8696 -0.4935
vn 0.7677 0.3011 -0.5656
vn 0.1338 -0.7933 -0.5939
vn 0.7569 0.4653 -0.4590
vn 0.2785 -0.6868 -0.6714
vn 0.7168 0.6118 -0.3345
vn 0.4123 -0.5542 -0.7231
vn 0.0561 -0.9139 -0.4021
vn 0.8558 0.2472 -0.4543
vn 0.2219 -0.8473 -0.4826
vn 0.8292 0.4210 -0.3676
vn 0.3789 -0.7483 -0.5445
vn 0.7707 0.5788 -0.2665
vn 0.5212 -0.6209 -0.5855
vn 0.6822 0.7146 -0.1550
vn 0.6436 -0.4699 -0.6042
vn -0.4301 -0.8990 -0.0818
vn 0.5672 0.8227 -0.0373
vn 0.7413 -0.3011 -0.5998
vn -0.2765 -0.9405 -0.1977
vn 0.8109 -0.1208 -0.5726
vn -0.1122 -0.9454 -0.3059
vn 0.8496 0.0643 -0.5235
vn 0.7302 -0.5244 -0.4381
vn -0.4216 -0.9044 -0.0654
vn 0.5757 0.8174 -0.0209
vn 0.8279 -0.3556 -0.4337
vn -0.2511 -0.9564 -0.1491
vn 0.8942 -0.1732 -0.4128
vn -0.0711 -0.9713 -0.2269
vn 0.9264 0.0160 -0.3762
vn 0.1114 -0.9487 -0.2959
vn 0.9232 0.2048 -0.3251
vn 0.2893 -0.8896 -0.3533
vn 0.8846 0.3862 -0.2614
vn 0.4558 -0.7966 -0.3972
vn 0.8118 0.5530 -0.1875
vn 0.6046 -0.6732 -0.4257
vn 0.7076 0.6986 -0.1063
vn 0.9673 0.1756 -0.1828
vn 0.3334 -0.9189 -0.2110
vn 0.9208 0.3622 -0.1445
vn 0.5060 -0.8299 -0.2349
vn 0.8388 0.5351 -0.1006
vn 0.6591 -0.7094 -0.2498
vn 0.7242 0.6876 -0.0527
vn 0.7868 -0.5619 -0.2552
vn -0.4160 -0.9082 -0.0473
vn 0.5814 0.8136 -0.0028
vn 0.8846 -0.3931 -0.2508
vn -0.2345 -0.9674 -0.0955
vn 0.9487 -0.2093 -0.2369
vn -0.0441 -0.9892 -0.1400
vn 0.9767 -0.0173 -0.2139
vn 0.1477 -0.9727 -0.1790
vn -0.4135 -0.9101 -0.0282
vn 0.5838 0.8117 0.0163
vn 0.9092 -0.4123 -0.0582
vn -0.2273 -0.9730 -0.0391
vn 0.9723 -0.2278 -0.0516
vn -0.0324 -0.9983 -0.0484
vn 0.9985 -0.0344 -0.0431
vn 0.1634 -0.9850 -0.0559
vn 0.9865 0.1607 -0.0329
vn 0.3525 -0.9338 -0.0612
vn 0.9365 0.3499 -0.0214
vn 0.5278 -0.8469 -0.0641
vn 0.8505 0.5260 -0.0090
vn 0.6827 -0.7278 -0.0646
vn 0.7314 0.6820 0.0037
vn 0.8114 -0.5811 -0.0626
vn 0.3459 -0.9339 0.0905
vn 0.9311 0.3498 0.1032
vn 0.5203 -0.8470 0.1088
vn 0.8464 0.5259 0.0836
vn 0.6745 -0.7279 0.1229
vn 0.7289 0.6820 0.0608
vn 0.8029 -0.5812 0.1323
vn -0.4144 -0.9101 -0.0089
vn 0.5829 0.8117 0.0356
vn 0.9007 -0.4125 0.1367
vn -0.2298 -0.9731 0.0180
vn 0.9642 -0.2279 0.1358
vn -0.0365 -0.9984 0.0443
vn 0.9909 -0.0345 0.1298
vn 0.1579 -0.9851 0.0687
vn 0.9798 0.1606 0.1188
vn 0.8594 -0.3935 0.3264
vn -0.2419 -0.9675 0.0736
vn 0.9245 -0.2097 0.3184
vn -0.0561 -0.9893 0.1345
vn 0.9544 -0.0176 0.2981
vn 0.1316 -0.9729 0.1900
vn 0.9478 0.1753 0.2665
vn 0.3138 -0.9191 0.2382
vn 0.9048 0.3619 0.2245
vn 0.4837 -0.8302 0.2771
vn 0.8268 0.5349 0.1739
vn 0.6349 -0.7097 0.3054
vn 0.7168 0.6875 0.1164
vn 0.7617 -0.5623 0.3221
vn -0.4184 -0.9082 0.0098
vn 0.5789 0.8136 0.0543
vn 0.8585 0.3858 0.3379
vn 0.4195 -0.7971 0.4344
vn 0.7924 0.5527 0.2581
vn 0.5652 -0.6738 0.4760
vn 0.6956 0.6985 0.1683
vn 0.6893 -0.5249 0.4994
vn -0.4256 -0.9045 0.0274
vn 0.5717 0.8173 0.0719
vn 0.7870 -0.3561 0.5037
vn -0.2631 -0.9566 0.1256
vn 0.8549 -0.1737 0.4889
vn -0.0905 -0.9716 0.2188
vn 0.8901 0.0155 0.4554
vn 0.0853 -0.9490 0.3034
vn 0.8914 0.2044 0.4044
vn 0.2575 -0.8901 0.3762
vn 0.7580 -0.1215 0.6409
vn -0.1384 -0.9458 0.2939
vn 0.8008 0.0636 0.5956
vn 0.0209 -0.9144 0.4044
vn 0.8130 0.2466 0.5274
vn 0.1791 -0.8478 0.4991
vn 0.7941 0.4205 0.4389
vn 0.3301 -0.7489 0.5746
vn 0.7445 0.5785 0.3333
vn 0.4683 -0.6216 0.6280
vn 0.6661 0.7144 0.2146
vn 0.5885 -0.4706 0.6574
vn -0.4356 -0.8991 0.0430
vn 0.5617 0.8227 0.0875
vn 0.6863 -0.3019 0.6617
vn -0.2926 -0.9407 0.1718
vn 0.6850 0.6114 0.3963
vn 0.3478 -0.5551 0.7556
vn 0.6294 0.7346 0.2535
vn 0.4633 -0.4015 0.7900
vn -0.4480 -0.8923 0.0562
vn 0.5493 0.8295 0.1006
vn 0.5610 -0.2327 0.7944
vn -0.3293 -0.9204 0.2107
vn 0.6375 -0.0550 0.7685
vn -0.1979 -0.9129 0.3570
vn 0.6897 0.1250 0.7133
vn -0.0592 -0.8702 0.4892
vn 0.7156 0.3004 0.6307
vn 0.0816 -0.7940 0.6024
vn 0.7140 0.4647 0.5237
vn 0.2190 -0.6876 0.6923
vn -0.2668 -0.8743 0.4056
vn 0.5611 0.1971 0.8039
vn -0.1518 -0.8182 0.5545
vn 0.6028 0.3637 0.7102
vn -0.0312 -0.7308 0.6819
vn 0.6214 0.5167 0.5890
vn 0.0904 -0.6155 0.7829
vn 0.6160 0.6500 0.4449
vn 0.2084 -0.4769 0.8539
vn 0.5869 0.7584 0.2834
vn 0.3184 -0.3202 0.8923
vn -0.4623 -0.8842 0.0663
vn 0.5350 0.8376 0.1108
vn 0.4161 -0.1514 0.8966
vn -0.3717 -0.8966 0.2407
vn 0.4981 0.0232 0.8668
vn 0.0555 -0.3899 0.9192
vn 0.5403 0.7849 0.3033
vn 0.1593 -0.2298 0.9601
vn -0.4781 -0.8753 0.0730
vn 0.5193 0.8465 0.1175
vn 0.2571 -0.0611 0.9645
vn -0.4183 -0.8701 0.2605
vn 0.3451 0.1101 0.9321
vn -0.3425 -0.8313 0.4378
vn 0.4200 0.2772 0.8641
vn -0.2535 -0.7604 0.5979
vn 0.4790 0.4340 0.7630
vn -0.1549 -0.6604 0.7347
vn 0.5197 0.5744 0.6324
vn -0.0506 -0.5353 0.8431
vn 0.5404 0.6930 0.4772
vn 0.2718 0.3624 0.8915
vn -0.3603 -0.6991 0.6176
vn 0.3490 0.5087 0.7870
vn -0.2849 -0.5858 0.7587
vn 0.4129 0.6358 0.6521
vn -0.1988 -0.4502 0.8705
vn 0.4610 0.7386 0.4919
vn -0.1052 -0.2976 0.9489
vn 0.4914 0.8130 0.3123
vn -0.0077 -0.1339 0.9910
vn -0.4946 -0.8658 0.0760
vn 0.5027 0.8560 0.1205
vn 0.0900 0.0349 0.9953
vn -0.4673 -0.8420 0.2696
vn 0.1844 0.2024 0.9618
vn -0.4219 -0.7857 0.4525
vt 0.223222 0.773178
vt 0.224134 0.754217
vt 0.232031 0.755030
vt 0.234687 0.774359
vt 0.057366 0.768664
vt 0.054814 0.748672
vt 0.074387 0.748672
vt 0.074982 0.768664
vt 0.223743 0.789934
vt 0.238335 0.791437
vt 0.060981 0.786679
vt 0.075961 0.786679
vt 0.059823 0.646909
vt 0.064108 0.631714
vt 0.079089 0.631714
vt 0.077439 0.646909
vt 0.065518 0.802025
vt 0.077288 0.802025
vt 0.056506 0.664806
vt 0.076079 0.664806
vt 0.413923 0.751180
vt 0.397126 0.756975
vt 0.392534 0.746326
vt 0.410760 0.743845
vt 0.054284 0.684716
vt 0.075063 0.684716
vt 0.432150 0.743564
vt 0.430537 0.739825
vt 0.053243 0.705876
vt 0.074429 0.705876
vt 0.226444 0.733779
vt 0.230064 0.712649
vt 0.230470 0.734194
vt 0.451104 0.734420
vt 0.053421 0.727471
vt 0.074200 0.727471
vt 0.234503 0.733783
vt 0.239942 0.754225
vt 0.095378 0.727898
vt 0.094336 0.749075
vt 0.246171 0.773190
vt 0.092935 0.769027
vt 0.252952 0.789949
vt 0.091229 0.786987
vt 0.094357 0.632022
vt 0.095392 0.647271
vt 0.089284 0.802267
vt 0.096028 0.665208
vt 0.390193 0.735022
vt 0.409148 0.736059
vt 0.096240 0.685144
vt 0.429715 0.735855
vt 0.096021 0.706312
vt 0.112993 0.647982
vt 0.115586 0.665998
vt 0.390193 0.723496
vt 0.409148 0.728119
vt 0.117002 0.685982
vt 0.429715 0.731808
vt 0.117190 0.707166
vt 0.238388 0.732562
vt 0.116140 0.728737
vt 0.247562 0.751830
vt 0.113893 0.749864
vt 0.257234 0.769714
vt 0.110536 0.769737
vt 0.267033 0.785524
vt 0.106198 0.787592
vt 0.109325 0.632626
vt 0.373579 0.732786
vt 0.373579 0.718116
vt 0.135688 0.729954
vt 0.132308 0.751011
vt 0.254599 0.747940
vt 0.267450 0.764065
vt 0.127109 0.770769
vt 0.280035 0.778335
vt 0.120292 0.788469
vt 0.276581 0.798655
vt 0.291871 0.790202
vt 0.376558 0.703729
vt 0.392534 0.712192
vt 0.129566 0.649013
vt 0.134000 0.667144
vt 0.410760 0.720333
vt 0.136551 0.687199
vt 0.430537 0.727838
vt 0.137121 0.708407
vt 0.241975 0.730579
vt 0.397126 0.701544
vt 0.413923 0.712998
vt 0.150564 0.668603
vt 0.154135 0.688748
vt 0.432150 0.724099
vt 0.155050 0.709986
vt 0.245127 0.727908
vt 0.153273 0.731503
vt 0.260782 0.742702
vt 0.148872 0.752470
vt 0.276427 0.756461
vt 0.142016 0.772082
vt 0.291460 0.768657
vt 0.132969 0.789586
vt 0.305305 0.778821
vt 0.382402 0.690176
vt 0.144473 0.650327
vt 0.265874 0.736318
vt 0.283819 0.747193
vt 0.162949 0.754185
vt 0.154685 0.773626
vt 0.300869 0.756862
vt 0.370319 0.679332
vt 0.380296 0.664990
vt 0.390887 0.677979
vt 0.316368 0.764952
vt 0.403792 0.691961
vt 0.317429 0.786563
vt 0.329722 0.771152
vt 0.418515 0.706397
vt 0.164641 0.670319
vt 0.169079 0.690569
vt 0.434490 0.720734
vt 0.170287 0.711843
vt 0.247723 0.724654
vt 0.168217 0.733324
vt 0.231277 0.951831
vt 0.210363 0.946776
vt 0.211935 0.932682
vt 0.232946 0.936870
vt 0.424359 0.700784
vt 0.437470 0.717872
vt 0.252777 0.953683
vt 0.254479 0.938428
vt 0.249663 0.720941
vt 0.274038 0.952259
vt 0.275707 0.937297
vt 0.269679 0.729034
vt 0.294242 0.947614
vt 0.295814 0.933520
vt 0.289343 0.736619
vt 0.372426 0.653492
vt 0.386535 0.639939
vt 0.392993 0.652792
vt 0.307899 0.743403
vt 0.401685 0.667606
vt 0.324635 0.749125
vt 0.412276 0.683811
vt 0.338907 0.753567
vt 0.314028 0.927244
vt 0.297105 0.916942
vt 0.315189 0.912324
vt 0.292786 0.725143
vt 0.312281 0.728797
vt 0.407924 0.643209
vt 0.414382 0.659456
vt 0.329788 0.731951
vt 0.422252 0.677408
vt 0.192254 0.926027
vt 0.193415 0.911107
vt 0.213225 0.916104
vt 0.431231 0.696373
vt 0.234315 0.919271
vt 0.440973 0.715624
vt 0.255876 0.920484
vt 0.250872 0.716911
vt 0.277077 0.919698
vt 0.272050 0.721130
vt 0.438866 0.693335
vt 0.444865 0.714075
vt 0.235333 0.899710
vt 0.256913 0.900540
vt 0.251304 0.712720
vt 0.278095 0.900138
vt 0.272897 0.712909
vt 0.298063 0.898517
vt 0.294015 0.713208
vt 0.316052 0.895742
vt 0.313847 0.713607
vt 0.424514 0.636608
vt 0.428491 0.653843
vt 0.331629 0.714089
vt 0.433337 0.672997
vt 0.194278 0.894525
vt 0.214184 0.897679
vt 0.442126 0.633243
vt 0.443469 0.650981
vt 0.176380 0.890369
vt 0.176832 0.875395
vt 0.194809 0.876917
vt 0.445105 0.670748
vt 0.214774 0.878115
vt 0.446972 0.691786
vt 0.235960 0.878941
vt 0.448998 0.713285
vt 0.257552 0.879364
vt 0.250942 0.708529
vt 0.278721 0.879368
vt 0.272187 0.704687
vt 0.298654 0.878953
vt 0.292985 0.701272
vt 0.316583 0.878134
vt 0.312535 0.698414
vt 0.249800 0.704498
vt 0.453211 0.713285
vt 0.257768 0.857769
vt 0.278933 0.858188
vt 0.269948 0.696780
vt 0.298853 0.859001
vt 0.289734 0.689793
vt 0.316763 0.860178
vt 0.308397 0.683805
vt 0.460083 0.633243
vt 0.458740 0.650981
vt 0.176984 0.860124
vt 0.194988 0.858961
vt 0.457104 0.670748
vt 0.214974 0.858163
vt 0.455237 0.691786
vt 0.236172 0.857760
vt 0.176832 0.845144
vt 0.194809 0.841347
vt 0.473718 0.653843
vt 0.468872 0.672997
vt 0.214774 0.838591
vt 0.463343 0.693335
vt 0.235960 0.836982
vt 0.457343 0.714075
vt 0.257552 0.836584
vt 0.247922 0.700782
vt 0.278721 0.837410
vt 0.266265 0.689492
vt 0.298654 0.839429
vt 0.284387 0.679213
vt 0.316583 0.842563
vt 0.301592 0.670339
vt 0.477695 0.636608
vt 0.256913 0.816624
vt 0.278095 0.817833
vt 0.245381 0.697526
vt 0.261280 0.683104
vt 0.298063 0.820988
vt 0.277149 0.669938
vt 0.316052 0.825967
vt 0.292380 0.658534
vt 0.494285 0.643209
vt 0.487826 0.659456
vt 0.176380 0.831030
vt 0.194278 0.824750
vt 0.479957 0.677408
vt 0.214184 0.820150
vt 0.470978 0.696373
vt 0.235333 0.817406
vt 0.461236 0.715624
vt 0.500524 0.667606
vt 0.489933 0.683811
vt 0.193415 0.809810
vt 0.213225 0.803550
vt 0.477850 0.700784
vt 0.234315 0.799783
vt 0.464739 0.717872
vt 0.255876 0.798655
vt 0.242273 0.694852
vt 0.277077 0.800210
vt 0.255184 0.677860
vt 0.297105 0.804388
vt 0.268300 0.662325
vt 0.315189 0.811027
vt 0.281117 0.648844
vt 0.509216 0.652792
vt 0.306387 0.649330
vt 0.293143 0.637936
vt 0.238719 0.692865
vt 0.248212 0.673962
vt 0.719103 0.135576
vt 0.715126 0.115508
vt 0.732738 0.116702
vt 0.735693 0.136701
vt 0.258178 0.656666
vt 0.725562 0.153726
vt 0.740492 0.154738
vt 0.268235 0.641642
vt 0.521913 0.664990
vt 0.511322 0.677979
vt 0.725562 0.031946
vt 0.734253 0.014263
vt 0.746951 0.015124
vt 0.740492 0.032958
vt 0.498417 0.691961
vt 0.719103 0.051692
vt 0.735693 0.052817
vt 0.483694 0.706397
vt 0.715126 0.072744
vt 0.732738 0.073938
vt 0.467718 0.720734
vt 0.713783 0.094292
vt 0.731740 0.095509
vt 0.757082 0.033655
vt 0.754127 0.053592
vt 0.505083 0.701544
vt 0.488286 0.712998
vt 0.752307 0.074760
vt 0.470059 0.724099
vt 0.751693 0.096348
vt 0.234855 0.691640
vt 0.752307 0.117524
vt 0.240632 0.671560
vt 0.754127 0.137475
vt 0.247174 0.653179
vt 0.757082 0.155435
vt 0.254228 0.637204
vt 0.531889 0.679332
vt 0.519806 0.690176
vt 0.761059 0.015717
vt 0.773082 0.117943
vt 0.773696 0.137870
vt 0.232735 0.670746
vt 0.235709 0.651997
vt 0.774694 0.155791
vt 0.239636 0.635700
vt 0.761059 0.170714
vt 0.776037 0.171016
vt 0.776037 0.016019
vt 0.774694 0.034010
vt 0.525650 0.703729
vt 0.509675 0.712192
vt 0.773696 0.053986
vt 0.491448 0.720333
vt 0.773082 0.075179
vt 0.471672 0.727838
vt 0.772874 0.096775
vt 0.230829 0.691226
vt 0.512016 0.723496
vt 0.493061 0.728119
vt 0.793649 0.053986
vt 0.794264 0.075179
vt 0.472494 0.731808
vt 0.794471 0.096775
vt 0.226796 0.691636
vt 0.794264 0.117943
vt 0.224824 0.671552
vt 0.793649 0.137870
vt 0.224224 0.653167
vt 0.792651 0.155791
vt 0.777674 0.000703
vt 0.789672 0.000703
vt 0.791308 0.016019
vt 0.791308 0.171016
vt 0.792651 0.034010
vt 0.528630 0.718116
vt 0.813218 0.137475
vt 0.810263 0.155435
vt 0.801440 0.000466
vt 0.806286 0.015717
vt 0.806286 0.170714
vt 0.810263 0.033655
vt 0.528630 0.732786
vt 0.512016 0.735022
vt 0.813218 0.053592
vt 0.493061 0.736059
vt 0.815038 0.074760
vt 0.472494 0.735855
vt 0.815653 0.096348
vt 0.222911 0.692857
vt 0.815038 0.117524
vt 0.217204 0.673946
vt 0.213161 0.656643
vt 0.491448 0.743845
vt 0.471672 0.739825
vt 0.834608 0.073938
vt 0.835606 0.095509
vt 0.219324 0.694841
vt 0.834608 0.116702
vt 0.210167 0.677837
vt 0.831652 0.136701
vt 0.202945 0.662292
vt 0.826853 0.154738
vt 0.812525 0.000000
vt 0.820395 0.015124
vt 0.820395 0.170121
vt 0.826853 0.032958
vt 0.525650 0.747173
vt 0.509675 0.746326
vt 0.831652 0.052817
vt 0.197936 0.648802
vt 0.193969 0.669896
vt 0.186511 0.658480
vt 0.841784 0.153726
vt 0.833092 0.169260
vt 0.833092 0.014263
vt 0.841784 0.031946
vt 0.519806 0.760726
vt 0.505083 0.756975
vt 0.848242 0.051692
vt 0.488286 0.751180
vt 0.852220 0.072744
vt 0.470059 0.743564
vt 0.853562 0.094292
vt 0.216172 0.697511
vt 0.852220 0.115508
vt 0.203984 0.683075
vt 0.848242 0.135576
vt 0.000000 0.554219
vt 0.001421 0.532686
vt 0.016413 0.534056
vt 0.015286 0.555616
vt 0.213576 0.700765
vt 0.467718 0.746929
vt 0.001848 0.575447
vt 0.016841 0.576817
vt 0.198892 0.689458
vt 0.867197 0.113988
vt 0.862351 0.134145
vt 0.186576 0.679163
vt 0.854481 0.152438
vt 0.177103 0.670275
vt 0.531889 0.762290
vt 0.521913 0.776632
vt 0.511322 0.772923
vt 0.843891 0.013168
vt 0.854481 0.030658
vt 0.498417 0.766558
vt 0.862351 0.050261
vt 0.483694 0.757781
vt 0.867197 0.071225
vt 0.036504 0.630376
vt 0.027658 0.614929
vt 0.042598 0.615792
vt 0.049209 0.631109
vt 0.026441 0.493155
vt 0.034955 0.475386
vt 0.047661 0.476120
vt 0.041381 0.494018
vt 0.500524 0.783296
vt 0.489933 0.774708
vt 0.020180 0.512965
vt 0.036780 0.513924
vt 0.477850 0.763394
vt 0.034036 0.535074
vt 0.464739 0.749791
vt 0.033254 0.556654
vt 0.211636 0.704478
vt 0.034464 0.577835
vt 0.195087 0.696742
vt 0.021018 0.596845
vt 0.037619 0.597804
vt 0.181053 0.689738
vt 0.045396 0.460342
vt 0.055379 0.460919
vt 0.210427 0.708508
vt 0.461236 0.752039
vt 0.053214 0.557293
vt 0.054040 0.578462
vt 0.192716 0.704647
vt 0.056059 0.598394
vt 0.177610 0.701213
vt 0.059194 0.616324
vt 0.066468 0.461274
vt 0.061775 0.476572
vt 0.063323 0.631561
vt 0.057977 0.494549
vt 0.487826 0.791446
vt 0.479957 0.781111
vt 0.055221 0.514515
vt 0.470978 0.767805
vt 0.053613 0.535700
vt 0.076755 0.476725
vt 0.075592 0.494729
vt 0.473718 0.797060
vt 0.468872 0.785522
vt 0.074793 0.514714
vt 0.463343 0.770843
vt 0.074391 0.535912
vt 0.457343 0.753588
vt 0.074399 0.557508
vt 0.209995 0.712699
vt 0.074818 0.578673
vt 0.191868 0.712868
vt 0.075632 0.598593
vt 0.176380 0.713148
vt 0.076808 0.616503
vt 0.078238 0.461394
vt 0.078303 0.631714
vt 0.095995 0.557293
vt 0.095999 0.578462
vt 0.210357 0.716891
vt 0.192578 0.721090
vt 0.095583 0.598394
vt 0.177410 0.725085
vt 0.094764 0.616324
vt 0.090236 0.461274
vt 0.092025 0.476572
vt 0.093574 0.631561
vt 0.093548 0.494549
vt 0.458740 0.799922
vt 0.457104 0.787770
vt 0.094745 0.514515
vt 0.455237 0.772392
vt 0.095571 0.535700
vt 0.453211 0.754378
vt 0.443469 0.799922
vt 0.445105 0.787770
vt 0.111155 0.494018
vt 0.114310 0.513924
vt 0.446972 0.772392
vt 0.116341 0.535074
vt 0.448998 0.754378
vt 0.117171 0.556654
vt 0.211499 0.720921
vt 0.116768 0.577835
vt 0.194818 0.728996
vt 0.115148 0.597804
vt 0.180662 0.736564
vt 0.112372 0.615792
vt 0.102001 0.460919
vt 0.106999 0.476120
vt 0.108548 0.631109
vt 0.136328 0.576817
vt 0.133573 0.596845
vt 0.198501 0.736284
vt 0.186009 0.747144
vt 0.128954 0.614929
vt 0.113081 0.460342
vt 0.121101 0.475386
vt 0.122650 0.630376
vt 0.127737 0.493155
vt 0.428491 0.797060
vt 0.433337 0.785522
vt 0.132735 0.512965
vt 0.438866 0.770843
vt 0.135901 0.534056
vt 0.444865 0.753588
vt 0.137114 0.555616
vt 0.213377 0.724637
vt 0.422252 0.781111
vt 0.431231 0.767805
vt 0.149313 0.511675
vt 0.153500 0.532686
vt 0.440973 0.752039
vt 0.155058 0.554219
vt 0.215918 0.727894
vt 0.153927 0.575447
vt 0.203486 0.742673
vt 0.150151 0.595555
vt 0.193246 0.756419
vt 0.143874 0.613768
vt 0.176380 0.756799
vt 0.185591 0.768603
vt 0.135338 0.629388
vt 0.133789 0.474399
vt 0.142657 0.491994
vt 0.414382 0.791446
vt 0.209582 0.747917
vt 0.202095 0.764032
vt 0.013097 0.770769
vt 0.005624 0.751011
vt 0.019759 0.749864
vt 0.025818 0.769737
vt 0.196855 0.778293
vt 0.023332 0.788469
vt 0.034151 0.787592
vt 0.144576 0.473196
vt 0.155341 0.490579
vt 0.401685 0.783296
vt 0.412276 0.774708
vt 0.163406 0.510103
vt 0.424359 0.763394
vt 0.168462 0.531017
vt 0.437470 0.749791
vt 0.170313 0.552518
vt 0.219026 0.730567
vt 0.001202 0.729954
vt -0.000000 0.708407
vt 0.015299 0.707166
vt 0.016207 0.728737
vt 0.017070 0.685982
vt 0.021451 0.665998
vt 0.038060 0.665208
vt 0.034702 0.685144
vt 0.418515 0.757781
vt 0.434490 0.746929
vt 0.033277 0.706312
vt 0.222580 0.732554
vt 0.033840 0.727898
vt 0.216553 0.751815
vt 0.036368 0.749075
vt 0.212217 0.769691
vt 0.040766 0.769027
vt 0.209737 0.785495
vt 0.046863 0.786987
vt 0.028274 0.647982
vt 0.037278 0.632626
vt 0.049990 0.632022
vt 0.043222 0.647271
vt 0.390887 0.772923
vt 0.403792 0.766558
vt 0.054426 0.802267
s 0
usemtl Material.001
f 940/1156/931 949/1159/931 948/1158/931 1413/1157/931
f 945/1160/932 957/1163/932 956/1162/932 1416/1161/932
f 1414/1164/933 950/1165/933 949/1159/933 940/1156/933
f 1417/1166/934 958/1167/934 957/1163/934 945/1160/934
f 941/1168/935 951/1171/935 950/1170/935 1414/1169/935
f 1418/1172/936 959/1173/936 958/1167/936 1417/1166/936
f 1415/1174/937 952/1175/937 951/1171/937 941/1168/937
f 1419/1176/938 960/1179/938 959/1178/938 1418/1177/938
f 942/1180/939 953/1181/939 952/1175/939 1415/1174/939
f 1420/1182/940 961/1183/940 960/1179/940 1419/1176/940
f 943/1184/941 954/1185/941 953/1181/941 942/1180/941
f 1412/1186/942 947/1188/942 939/1187/942
f 946/1189/943 961/1183/943 1420/1182/943
f 944/1190/944 955/1191/944 954/1185/944 943/1184/944
f 1413/1157/945 948/1158/945 947/1188/945 1412/1186/945
f 1416/1161/946 956/1162/946 955/1191/946 944/1190/946
f 948/1158/947 963/1193/947 962/1192/947 947/1188/947
f 956/1162/948 971/1195/948 970/1194/948 955/1191/948
f 949/1159/949 964/1196/949 963/1193/949 948/1158/949
f 957/1163/950 972/1197/950 971/1195/950 956/1162/950
f 950/1165/951 965/1198/951 964/1196/951 949/1159/951
f 958/1167/952 973/1199/952 972/1197/952 957/1163/952
f 951/1171/953 966/1201/953 965/1200/953 950/1170/953
f 959/1173/954 974/1202/954 973/1199/954 958/1167/954
f 952/1175/955 967/1203/955 966/1201/955 951/1171/955
f 960/1179/956 975/1205/956 974/1204/956 959/1178/956
f 953/1181/957 968/1206/957 967/1203/957 952/1175/957
f 961/1183/958 976/1207/958 975/1205/958 960/1179/958
f 954/1185/959 969/1208/959 968/1206/959 953/1181/959
f 947/1188/960 962/1192/960 939/1187/960
f 946/1189/961 976/1207/961 961/1183/961
f 955/1191/962 970/1194/962 969/1208/962 954/1185/962
f 967/1203/963 982/1210/963 981/1209/963 966/1201/963
f 975/1205/964 990/1212/964 989/1211/964 974/1204/964
f 968/1206/965 983/1213/965 982/1210/965 967/1203/965
f 976/1207/966 991/1214/966 990/1212/966 975/1205/966
f 969/1208/967 984/1215/967 983/1213/967 968/1206/967
f 962/1192/968 977/1216/968 939/1187/968
f 946/1189/969 991/1214/969 976/1207/969
f 970/1194/970 985/1217/970 984/1215/970 969/1208/970
f 963/1193/971 978/1218/971 977/1216/971 962/1192/971
f 971/1195/972 986/1219/972 985/1217/972 970/1194/972
f 964/1196/973 979/1220/973 978/1218/973 963/1193/973
f 972/1197/974 987/1221/974 986/1219/974 971/1195/974
f 965/1198/975 980/1222/975 979/1220/975 964/1196/975
f 973/1199/976 988/1223/976 987/1221/976 972/1197/976
f 966/1201/977 981/1209/977 980/1224/977 965/1200/977
f 974/1204/978 989/1211/978 988/1226/978 973/1225/978
f 986/1219/979 1001/1228/979 1000/1227/979 985/1217/979
f 979/1220/980 994/1230/980 993/1229/980 978/1218/980
f 987/1221/981 1002/1231/981 1001/1228/981 986/1219/981
f 980/1222/982 995/1232/982 994/1230/982 979/1220/982
f 988/1223/983 1003/1233/983 1002/1231/983 987/1221/983
f 981/1234/984 996/1235/984 995/1232/984 980/1222/984
f 989/1211/985 1004/1237/985 1003/1236/985 988/1226/985
f 982/1210/986 997/1239/986 996/1238/986 981/1209/986
f 990/1212/987 1005/1240/987 1004/1237/987 989/1211/987
f 983/1213/988 998/1241/988 997/1239/988 982/1210/988
f 991/1214/989 1006/1242/989 1005/1240/989 990/1212/989
f 984/1215/990 999/1243/990 998/1241/990 983/1213/990
f 977/1216/991 992/1244/991 939/1187/991
f 946/1189/992 1006/1242/992 991/1214/992
f 985/1217/993 1000/1227/993 999/1243/993 984/1215/993
f 978/1218/994 993/1229/994 992/1244/994 977/1216/994
f 1005/1240/995 1020/1246/995 1019/1245/995 1004/1237/995
f 998/1241/996 1013/1248/996 1012/1247/996 997/1239/996
f 1006/1242/997 1021/1249/997 1020/1246/997 1005/1240/997
f 999/1243/998 1014/1250/998 1013/1248/998 998/1241/998
f 992/1244/999 1007/1251/999 939/1187/999
f 946/1189/1000 1021/1249/1000 1006/1242/1000
f 1000/1227/1001 1015/1252/1001 1014/1250/1001 999/1243/1001
f 993/1229/1002 1008/1253/1002 1007/1251/1002 992/1244/1002
f 1001/1228/1003 1016/1254/1003 1015/1252/1003 1000/1227/1003
f 994/1230/1004 1009/1255/1004 1008/1253/1004 993/1229/1004
f 1002/1231/1005 1017/1256/1005 1016/1254/1005 1001/1228/1005
f 995/1232/1006 1010/1257/1006 1009/1255/1006 994/1230/1006
f 1003/1233/1007 1018/1258/1007 1017/1256/1007 1002/1231/1007
f 996/1235/1008 1011/1259/1008 1010/1257/1008 995/1232/1008
f 1004/1237/1009 1019/1245/1009 1018/1260/1009 1003/1236/1009
f 997/1239/1010 1012/1247/1010 1011/1261/1010 996/1238/1010
f 1009/1255/1011 1024/1263/1011 1023/1262/1011 1008/1253/1011
f 1017/1256/1012 1032/1265/1012 1031/1264/1012 1016/1254/1012
f 1010/1257/1013 1025/1266/1013 1024/1263/1013 1009/1255/1013
f 1018/1260/1014 1033/1269/1014 1032/1268/1014 1017/1267/1014
f 1011/1259/1015 1026/1270/1015 1025/1266/1015 1010/1257/1015
f 1019/1245/1016 1034/1271/1016 1033/1269/1016 1018/1260/1016
f 1012/1272/1017 1027/1273/1017 1026/1270/1017 1011/1259/1017
f 1020/1246/1018 1035/1274/1018 1034/1271/1018 1019/1245/1018
f 1013/1248/1019 1028/1276/1019 1027/1275/1019 1012/1247/1019
f 1021/1249/1020 1036/1277/1020 1035/1274/1020 1020/1246/1020
f 1014/1250/1021 1029/1278/1021 1028/1276/1021 1013/1248/1021
f 1007/1251/1022 1022/1279/1022 939/1187/1022
f 946/1189/1023 1036/1277/1023 1021/1249/1023
f 1015/1252/1024 1030/1280/1024 1029/1278/1024 1014/1250/1024
f 1008/1253/1025 1023/1262/1025 1022/1279/1025 1007/1251/1025
f 1016/1254/1026 1031/1264/1026 1030/1280/1026 1015/1252/1026
f 1028/1281/1027 1043/1284/1027 1042/1283/1027 1027/1282/1027
f 1036/1277/1028 1051/1286/1028 1050/1285/1028 1035/1274/1028
f 1029/1287/1029 1044/1288/1029 1043/1284/1029 1028/1281/1029
f 1022/1279/1030 1037/1289/1030 939/1187/1030
f 946/1189/1031 1051/1286/1031 1036/1277/1031
f 1030/1290/1032 1045/1291/1032 1044/1288/1032 1029/1287/1032
f 1023/1262/1033 1038/1292/1033 1037/1289/1033 1022/1279/1033
f 1031/1293/1034 1046/1294/1034 1045/1291/1034 1030/1290/1034
f 1024/1263/1035 1039/1295/1035 1038/1292/1035 1023/1262/1035
f 1032/1268/1036 1047/1298/1036 1046/1297/1036 1031/1296/1036
f 1025/1266/1037 1040/1299/1037 1039/1295/1037 1024/1263/1037
f 1033/1269/1038 1048/1300/1038 1047/1298/1038 1032/1268/1038
f 1026/1270/1039 1041/1301/1039 1040/1299/1039 1025/1266/1039
f 1034/1271/1040 1049/1302/1040 1048/1300/1040 1033/1269/1040
f 1027/1273/1041 1042/1303/1041 1041/1301/1041 1026/1270/1041
f 1035/1274/1042 1050/1285/1042 1049/1302/1042 1034/1271/1042
f 1047/1304/1043 1062/1306/1043 1061/1305/1043 1046/1294/1043
f 1040/1299/1044 1055/1308/1044 1054/1307/1044 1039/1295/1044
f 1048/1300/1045 1063/1310/1045 1062/1309/1045 1047/1298/1045
f 1041/1301/1046 1056/1311/1046 1055/1308/1046 1040/1299/1046
f 1049/1302/1047 1064/1312/1047 1063/1310/1047 1048/1300/1047
f 1042/1283/1048 1057/1315/1048 1056/1314/1048 1041/1313/1048
f 1050/1285/1049 1065/1316/1049 1064/1312/1049 1049/1302/1049
f 1043/1284/1050 1058/1317/1050 1057/1315/1050 1042/1283/1050
f 1051/1286/1051 1066/1318/1051 1065/1316/1051 1050/1285/1051
f 1044/1288/1052 1059/1319/1052 1058/1317/1052 1043/1284/1052
f 1037/1289/1053 1052/1320/1053 939/1187/1053
f 946/1189/1054 1066/1318/1054 1051/1286/1054
f 1045/1291/1055 1060/1321/1055 1059/1319/1055 1044/1288/1055
f 1038/1292/1056 1053/1322/1056 1052/1320/1056 1037/1289/1056
f 1046/1294/1057 1061/1305/1057 1060/1321/1057 1045/1291/1057
f 1039/1295/1058 1054/1307/1058 1053/1322/1058 1038/1292/1058
f 1066/1318/1059 1081/1324/1059 1080/1323/1059 1065/1316/1059
f 1059/1319/1060 1074/1326/1060 1073/1325/1060 1058/1317/1060
f 1052/1320/1061 1067/1327/1061 939/1187/1061
f 946/1189/1062 1081/1324/1062 1066/1318/1062
f 1060/1321/1063 1075/1328/1063 1074/1326/1063 1059/1319/1063
f 1053/1322/1064 1068/1329/1064 1067/1327/1064 1052/1320/1064
f 1061/1305/1065 1076/1330/1065 1075/1328/1065 1060/1321/1065
f 1054/1307/1066 1069/1331/1066 1068/1329/1066 1053/1322/1066
f 1062/1306/1067 1077/1332/1067 1076/1330/1067 1061/1305/1067
f 1055/1308/1068 1070/1333/1068 1069/1331/1068 1054/1307/1068
f 1063/1310/1069 1078/1335/1069 1077/1334/1069 1062/1309/1069
f 1056/1311/1070 1071/1336/1070 1070/1333/1070 1055/1308/1070
f 1064/1312/1071 1079/1337/1071 1078/1335/1071 1063/1310/1071
f 1057/1315/1072 1072/1339/1072 1071/1338/1072 1056/1314/1072
f 1065/1316/1073 1080/1323/1073 1079/1337/1073 1064/1312/1073
f 1058/1317/1074 1073/1325/1074 1072/1339/1074 1057/1315/1074
f 1078/1335/1075 1093/1341/1075 1092/1340/1075 1077/1334/1075
f 1071/1338/1076 1086/1344/1076 1085/1343/1076 1070/1342/1076
f 1079/1337/1077 1094/1345/1077 1093/1341/1077 1078/1335/1077
f 1072/1339/1078 1087/1346/1078 1086/1344/1078 1071/1338/1078
f 1080/1323/1079 1095/1347/1079 1094/1345/1079 1079/1337/1079
f 1073/1325/1080 1088/1348/1080 1087/1346/1080 1072/1339/1080
f 1081/1324/1081 1096/1349/1081 1095/1347/1081 1080/1323/1081
f 1074/1326/1082 1089/1350/1082 1088/1348/1082 1073/1325/1082
f 1067/1327/1083 1082/1351/1083 939/1187/1083
f 946/1189/1084 1096/1349/1084 1081/1324/1084
f 1075/1328/1085 1090/1352/1085 1089/1350/1085 1074/1326/1085
f 1068/1329/1086 1083/1353/1086 1082/1351/1086 1067/1327/1086
f 1076/1330/1087 1091/1354/1087 1090/1352/1087 1075/1328/1087
f 1069/1331/1088 1084/1355/1088 1083/1353/1088 1068/1329/1088
f 1077/1332/1089 1092/1356/1089 1091/1354/1089 1076/1330/1089
f 1070/1333/1090 1085/1357/1090 1084/1355/1090 1069/1331/1090
f 1082/1351/1091 1097/1358/1091 939/1187/1091
f 946/1189/1092 1111/1359/1092 1096/1349/1092
f 1090/1352/1093 1105/1361/1093 1104/1360/1093 1089/1350/1093
f 1083/1353/1094 1098/1362/1094 1097/1358/1094 1082/1351/1094
f 1091/1354/1095 1106/1363/1095 1105/1361/1095 1090/1352/1095
f 1084/1355/1096 1099/1364/1096 1098/1362/1096 1083/1353/1096
f 1092/1356/1097 1107/1365/1097 1106/1363/1097 1091/1354/1097
f 1085/1357/1098 1100/1366/1098 1099/1364/1098 1084/1355/1098
f 1093/1341/1099 1108/1368/1099 1107/1367/1099 1092/1340/1099
f 1086/1344/1100 1101/1370/1100 1100/1369/1100 1085/1343/1100
f 1094/1345/1101 1109/1371/1101 1108/1368/1101 1093/1341/1101
f 1087/1346/1102 1102/1372/1102 1101/1370/1102 1086/1344/1102
f 1095/1347/1103 1110/1373/1103 1109/1371/1103 1094/1345/1103
f 1088/1348/1104 1103/1374/1104 1102/1372/1104 1087/1346/1104
f 1096/1349/1105 1111/1359/1105 1110/1373/1105 1095/1347/1105
f 1089/1350/1106 1104/1360/1106 1103/1374/1106 1088/1348/1106
f 1101/1370/1107 1116/1376/1107 1115/1375/1107 1100/1369/1107
f 1109/1371/1108 1124/1378/1108 1123/1377/1108 1108/1368/1108
f 1102/1372/1109 1117/1379/1109 1116/1376/1109 1101/1370/1109
f 1110/1373/1110 1125/1380/1110 1124/1378/1110 1109/1371/1110
f 1103/1374/1111 1118/1381/1111 1117/1379/1111 1102/1372/1111
f 1111/1359/1112 1126/1382/1112 1125/1380/1112 1110/1373/1112
f 1104/1360/1113 1119/1383/1113 1118/1381/1113 1103/1374/1113
f 1097/1358/1114 1112/1384/1114 939/1187/1114
f 946/1189/1115 1126/1382/1115 1111/1359/1115
f 1105/1361/1116 1120/1385/1116 1119/1383/1116 1104/1360/1116
f 1098/1362/1117 1113/1386/1117 1112/1384/1117 1097/1358/1117
f 1106/1363/1118 1121/1387/1118 1120/1385/1118 1105/1361/1118
f 1099/1364/1119 1114/1388/1119 1113/1386/1119 1098/1362/1119
f 1107/1365/1120 1122/1389/1120 1121/1387/1120 1106/1363/1120
f 1100/1366/1121 1115/1390/1121 1114/1388/1121 1099/1364/1121
f 1108/1368/1122 1123/1377/1122 1122/1391/1122 1107/1367/1122
f 1120/1385/1123 1135/1393/1123 1134/1392/1123 1119/1383/1123
f 1113/1386/1124 1128/1395/1124 1127/1394/1124 1112/1384/1124
f 1121/1387/1125 1136/1396/1125 1135/1393/1125 1120/1385/1125
f 1114/1388/1126 1129/1397/1126 1128/1395/1126 1113/1386/1126
f 1122/1389/1127 1137/1398/1127 1136/1396/1127 1121/1387/1127
f 1115/1390/1128 1130/1399/1128 1129/1397/1128 1114/1388/1128
f 1123/1377/1129 1138/1401/1129 1137/1400/1129 1122/1391/1129
f 1116/1376/1130 1131/1403/1130 1130/1402/1130 1115/1375/1130
f 1124/1378/1131 1139/1404/1131 1138/1401/1131 1123/1377/1131
f 1117/1379/1132 1132/1405/1132 1131/1403/1132 1116/1376/1132
f 1125/1380/1133 1140/1406/1133 1139/1404/1133 1124/1378/1133
f 1118/1381/1134 1133/1407/1134 1132/1405/1134 1117/1379/1134
f 1126/1382/1135 1141/1408/1135 1140/1406/1135 1125/1380/1135
f 1119/1383/1136 1134/1392/1136 1133/1407/1136 1118/1381/1136
f 1112/1384/1137 1127/1394/1137 939/1187/1137
f 946/1189/1138 1141/1408/1138 1126/1382/1138
f 1139/1404/1139 1154/1410/1139 1153/1409/1139 1138/1401/1139
f 1132/1405/1140 1147/1412/1140 1146/1411/1140 1131/1403/1140
f 1140/1406/1141 1155/1413/1141 1154/1410/1141 1139/1404/1141
f 1133/1407/1142 1148/1414/1142 1147/1412/1142 1132/1405/1142
f 1141/1408/1143 1156/1415/1143 1155/1413/1143 1140/1406/1143
f 1134/1392/1144 1149/1416/1144 1148/1414/1144 1133/1407/1144
f 1127/1394/1145 1142/1417/1145 939/1187/1145
f 946/1189/1146 1156/1415/1146 1141/1408/1146
f 1135/1393/1147 1150/1418/1147 1149/1416/1147 1134/1392/1147
f 1128/1395/1148 1143/1419/1148 1142/1417/1148 1127/1394/1148
f 1136/1396/1149 1151/1420/1149 1150/1418/1149 1135/1393/1149
f 1129/1397/1150 1144/1421/1150 1143/1419/1150 1128/1395/1150
f 1137/1398/1151 1152/1422/1151 1151/1420/1151 1136/1396/1151
f 1130/1399/1152 1145/1423/1152 1144/1421/1152 1129/1397/1152
f 1138/1401/1153 1153/1409/1153 1152/1424/1153 1137/1400/1153
f 1131/1425/1154 1146/1426/1154 1145/1423/1154 1130/1399/1154
f 1143/1419/1155 1158/1428/1155 1157/1427/1155 1142/1417/1155
f 1151/1429/1156 1166/1432/1156 1165/1431/1156 1150/1430/1156
f 1144/1421/1157 1159/1433/1157 1158/1428/1157 1143/1419/1157
f 1152/1434/1158 1167/1435/1158 1166/1432/1158 1151/1429/1158
f 1145/1423/1159 1160/1436/1159 1159/1433/1159 1144/1421/1159
f 1153/1409/1160 1168/1438/1160 1167/1437/1160 1152/1424/1160
f 1146/1439/1161 1161/1442/1161 1160/1441/1161 1145/1440/1161
f 1154/1410/1162 1169/1443/1162 1168/1438/1162 1153/1409/1162
f 1147/1444/1163 1162/1445/1163 1161/1442/1163 1146/1439/1163
f 1155/1413/1164 1170/1446/1164 1169/1443/1164 1154/1410/1164
f 1148/1447/1165 1163/1448/1165 1162/1445/1165 1147/1444/1165
f 1156/1415/1166 1171/1449/1166 1170/1446/1166 1155/1413/1166
f 1149/1450/1167 1164/1451/1167 1163/1448/1167 1148/1447/1167
f 1142/1417/1168 1157/1427/1168 939/1187/1168
f 946/1189/1169 1171/1449/1169 1156/1415/1169
f 1150/1430/1170 1165/1431/1170 1164/1451/1170 1149/1450/1170
f 1162/1445/1171 1177/1453/1171 1176/1452/1171 1161/1442/1171
f 1170/1446/1172 1185/1455/1172 1184/1454/1172 1169/1443/1172
f 1163/1448/1173 1178/1456/1173 1177/1453/1173 1162/1445/1173
f 1171/1449/1174 1186/1457/1174 1185/1455/1174 1170/1446/1174
f 1164/1451/1175 1179/1458/1175 1178/1456/1175 1163/1448/1175
f 1157/1427/1176 1172/1459/1176 939/1187/1176
f 946/1189/1177 1186/1457/1177 1171/1449/1177
f 1165/1431/1178 1180/1460/1178 1179/1458/1178 1164/1451/1178
f 1158/1428/1179 1173/1461/1179 1172/1459/1179 1157/1427/1179
f 1166/1432/1180 1181/1462/1180 1180/1460/1180 1165/1431/1180
f 1159/1433/1181 1174/1463/1181 1173/1461/1181 1158/1428/1181
f 1167/1435/1182 1182/1464/1182 1181/1462/1182 1166/1432/1182
f 1160/1436/1183 1175/1465/1183 1174/1463/1183 1159/1433/1183
f 1168/1438/1184 1183/1467/1184 1182/1466/1184 1167/1437/1184
f 1161/1442/1185 1176/1452/1185 1175/1468/1185 1160/1441/1185
f 1169/1443/1186 1184/1454/1186 1183/1467/1186 1168/1438/1186
f 1181/1462/1187 1196/1470/1187 1195/1469/1187 1180/1460/1187
f 1174/1463/1188 1189/1472/1188 1188/1471/1188 1173/1461/1188
f 1182/1464/1189 1197/1473/1189 1196/1470/1189 1181/1462/1189
f 1175/1465/1190 1190/1474/1190 1189/1472/1190 1174/1463/1190
f 1183/1475/1191 1198/1476/1191 1197/1473/1191 1182/1464/1191
f 1176/1452/1192 1191/1478/1192 1190/1477/1192 1175/1468/1192
f 1184/1454/1193 1199/1480/1193 1198/1479/1193 1183/1467/1193
f 1177/1453/1194 1192/1481/1194 1191/1478/1194 1176/1452/1194
f 1185/1455/1195 1200/1482/1195 1199/1480/1195 1184/1454/1195
f 1178/1456/1196 1193/1483/1196 1192/1481/1196 1177/1453/1196
f 1186/1457/1197 1201/1484/1197 1200/1482/1197 1185/1455/1197
f 1179/1458/1198 1194/1485/1198 1193/1483/1198 1178/1456/1198
f 1172/1459/1199 1187/1486/1199 939/1187/1199
f 946/1189/1200 1201/1484/1200 1186/1457/1200
f 1180/1460/1201 1195/1469/1201 1194/1485/1201 1179/1458/1201
f 1173/1461/1202 1188/1471/1202 1187/1486/1202 1172/1459/1202
f 1200/1482/1203 1215/1488/1203 1214/1487/1203 1199/1480/1203
f 1193/1483/1204 1208/1490/1204 1207/1489/1204 1192/1481/1204
f 1201/1484/1205 1216/1491/1205 1215/1488/1205 1200/1482/1205
f 1194/1485/1206 1209/1492/1206 1208/1490/1206 1193/1483/1206
f 1187/1486/1207 1202/1493/1207 939/1187/1207
f 946/1189/1208 1216/1491/1208 1201/1484/1208
f 1195/1469/1209 1210/1494/1209 1209/1492/1209 1194/1485/1209
f 1188/1471/1210 1203/1495/1210 1202/1493/1210 1187/1486/1210
f 1196/1470/1211 1211/1496/1211 1210/1494/1211 1195/1469/1211
f 1189/1472/1212 1204/1497/1212 1203/1495/1212 1188/1471/1212
f 1197/1473/1213 1212/1498/1213 1211/1496/1213 1196/1470/1213
f 1190/1477/1214 1205/1501/1214 1204/1500/1214 1189/1499/1214
f 1198/1476/1215 1213/1502/1215 1212/1498/1215 1197/1473/1215
f 1191/1478/1216 1206/1503/1216 1205/1501/1216 1190/1477/1216
f 1199/1480/1217 1214/1487/1217 1213/1504/1217 1198/1479/1217
f 1192/1481/1218 1207/1489/1218 1206/1503/1218 1191/1478/1218
f 1212/1498/1219 1227/1506/1219 1226/1505/1219 1211/1496/1219
f 1205/1501/1220 1220/1508/1220 1219/1507/1220 1204/1500/1220
f 1213/1502/1221 1228/1509/1221 1227/1506/1221 1212/1498/1221
f 1206/1503/1222 1221/1510/1222 1220/1508/1222 1205/1501/1222
f 1214/1487/1223 1229/1512/1223 1228/1511/1223 1213/1504/1223
f 1207/1489/1224 1222/1513/1224 1221/1510/1224 1206/1503/1224
f 1215/1488/1225 1230/1514/1225 1229/1512/1225 1214/1487/1225
f 1208/1490/1226 1223/1515/1226 1222/1513/1226 1207/1489/1226
f 1216/1491/1227 1231/1516/1227 1230/1514/1227 1215/1488/1227
f 1209/1492/1228 1224/1517/1228 1223/1515/1228 1208/1490/1228
f 1202/1493/1229 1217/1518/1229 939/1187/1229
f 946/1189/1230 1231/1516/1230 1216/1491/1230
f 1210/1494/1231 1225/1519/1231 1224/1517/1231 1209/1492/1231
f 1203/1495/1232 1218/1520/1232 1217/1518/1232 1202/1493/1232
f 1211/1496/1233 1226/1505/1233 1225/1519/1233 1210/1494/1233
f 1204/1497/1234 1219/1521/1234 1218/1520/1234 1203/1495/1234
f 1231/1516/1235 1246/1523/1235 1245/1522/1235 1230/1514/1235
f 1224/1517/1236 1239/1525/1236 1238/1524/1236 1223/1515/1236
f 1217/1518/1237 1232/1526/1237 939/1187/1237
f 946/1189/1238 1246/1523/1238 1231/1516/1238
f 1225/1519/1239 1240/1527/1239 1239/1525/1239 1224/1517/1239
f 1218/1520/1240 1233/1528/1240 1232/1526/1240 1217/1518/1240
f 1226/1505/1241 1241/1529/1241 1240/1527/1241 1225/1519/1241
f 1219/1521/1242 1234/1530/1242 1233/1528/1242 1218/1520/1242
f 1227/1506/1243 1242/1531/1243 1241/1529/1243 1226/1505/1243
f 1220/1508/1244 1235/1533/1244 1234/1532/1244 1219/1507/1244
f 1228/1509/1245 1243/1534/1245 1242/1531/1245 1227/1506/1245
f 1221/1510/1246 1236/1535/1246 1235/1533/1246 1220/1508/1246
f 1229/1512/1247 1244/1537/1247 1243/1536/1247 1228/1511/1247
f 1222/1513/1248 1237/1538/1248 1236/1535/1248 1221/1510/1248
f 1230/1514/1249 1245/1522/1249 1244/1537/1249 1229/1512/1249
f 1223/1515/1250 1238/1524/1250 1237/1538/1250 1222/1513/1250
f 1235/1539/1251 1250/1541/1251 1249/1540/1251 1234/1530/1251
f 1243/1534/1252 1258/1543/1252 1257/1542/1252 1242/1531/1252
f 1236/1535/1253 1251/1545/1253 1250/1544/1253 1235/1533/1253
f 1244/1537/1254 1259/1547/1254 1258/1546/1254 1243/1536/1254
f 1237/1538/1255 1252/1548/1255 1251/1545/1255 1236/1535/1255
f 1245/1522/1256 1260/1549/1256 1259/1547/1256 1244/1537/1256
f 1238/1524/1257 1253/1550/1257 1252/1548/1257 1237/1538/1257
f 1246/1523/1258 1261/1551/1258 1260/1549/1258 1245/1522/1258
f 1239/1525/1259 1254/1552/1259 1253/1550/1259 1238/1524/1259
f 1232/1526/1260 1247/1553/1260 939/1187/1260
f 946/1189/1261 1261/1551/1261 1246/1523/1261
f 1240/1527/1262 1255/1554/1262 1254/1552/1262 1239/1525/1262
f 1233/1528/1263 1248/1555/1263 1247/1553/1263 1232/1526/1263
f 1241/1529/1264 1256/1556/1264 1255/1554/1264 1240/1527/1264
f 1234/1530/1265 1249/1540/1265 1248/1555/1265 1233/1528/1265
f 1242/1531/1266 1257/1542/1266 1256/1556/1266 1241/1529/1266
f 1254/1557/1267 1269/1560/1267 1268/1559/1267 1253/1558/1267
f 1247/1553/1268 1262/1561/1268 939/1187/1268
f 946/1189/1269 1276/1562/1269 1261/1551/1269
f 1255/1563/1270 1270/1564/1270 1269/1560/1270 1254/1557/1270
f 1248/1555/1271 1263/1565/1271 1262/1561/1271 1247/1553/1271
f 1256/1556/1272 1271/1567/1272 1270/1566/1272 1255/1554/1272
f 1249/1540/1273 1264/1568/1273 1263/1565/1273 1248/1555/1273
f 1257/1542/1274 1272/1569/1274 1271/1567/1274 1256/1556/1274
f 1250/1541/1275 1265/1570/1275 1264/1568/1275 1249/1540/1275
f 1258/1546/1276 1273/1573/1276 1272/1572/1276 1257/1571/1276
f 1251/1545/1277 1266/1575/1277 1265/1574/1277 1250/1544/1277
f 1259/1547/1278 1274/1576/1278 1273/1573/1278 1258/1546/1278
f 1252/1548/1279 1267/1577/1279 1266/1575/1279 1251/1545/1279
f 1260/1549/1280 1275/1578/1280 1274/1576/1280 1259/1547/1280
f 1253/1550/1281 1268/1579/1281 1267/1577/1281 1252/1548/1281
f 1261/1551/1282 1276/1562/1282 1275/1578/1282 1260/1549/1282
f 1273/1580/1283 1288/1583/1283 1287/1582/1283 1272/1581/1283
f 1266/1584/1284 1281/1587/1284 1280/1586/1284 1265/1585/1284
f 1274/1576/1285 1289/1589/1285 1288/1588/1285 1273/1573/1285
f 1267/1590/1286 1282/1591/1286 1281/1587/1286 1266/1584/1286
f 1275/1578/1287 1290/1592/1287 1289/1589/1287 1274/1576/1287
f 1268/1559/1288 1283/1593/1288 1282/1591/1288 1267/1590/1288
f 1276/1562/1289 1291/1594/1289 1290/1592/1289 1275/1578/1289
f 1269/1560/1290 1284/1595/1290 1283/1593/1290 1268/1559/1290
f 1262/1561/1291 1277/1596/1291 939/1187/1291
f 946/1189/1292 1291/1594/1292 1276/1562/1292
f 1270/1564/1293 1285/1597/1293 1284/1595/1293 1269/1560/1293
f 1263/1565/1294 1278/1598/1294 1277/1596/1294 1262/1561/1294
f 1271/1599/1295 1286/1600/1295 1285/1597/1295 1270/1564/1295
f 1264/1568/1296 1279/1601/1296 1278/1598/1296 1263/1565/1296
f 1272/1581/1297 1287/1582/1297 1286/1600/1297 1271/1599/1297
f 1265/1585/1298 1280/1586/1298 1279/1603/1298 1264/1602/1298
f 1277/1596/1299 1292/1604/1299 939/1187/1299
f 946/1189/1300 1306/1605/1300 1291/1594/1300
f 1285/1597/1301 1300/1607/1301 1299/1606/1301 1284/1595/1301
f 1278/1598/1302 1293/1608/1302 1292/1604/1302 1277/1596/1302
f 1286/1600/1303 1301/1609/1303 1300/1607/1303 1285/1597/1303
f 1279/1601/1304 1294/1610/1304 1293/1608/1304 1278/1598/1304
f 1287/1582/1305 1302/1611/1305 1301/1609/1305 1286/1600/1305
f 1280/1586/1306 1295/1613/1306 1294/1612/1306 1279/1603/1306
f 1288/1583/1307 1303/1614/1307 1302/1611/1307 1287/1582/1307
f 1281/1587/1308 1296/1615/1308 1295/1613/1308 1280/1586/1308
f 1289/1589/1309 1304/1617/1309 1303/1616/1309 1288/1588/1309
f 1282/1591/1310 1297/1618/1310 1296/1615/1310 1281/1587/1310
f 1290/1592/1311 1305/1619/1311 1304/1617/1311 1289/1589/1311
f 1283/1593/1312 1298/1620/1312 1297/1618/1312 1282/1591/1312
f 1291/1594/1313 1306/1605/1313 1305/1619/1313 1290/1592/1313
f 1284/1595/1314 1299/1606/1314 1298/1620/1314 1283/1593/1314
f 1296/1615/1315 1311/1622/1315 1310/1621/1315 1295/1613/1315
f 1304/1617/1316 1319/1624/1316 1318/1623/1316 1303/1616/1316
f 1297/1618/1317 1312/1625/1317 1311/1622/1317 1296/1615/1317
f 1305/1619/1318 1320/1626/1318 1319/1624/1318 1304/1617/1318
f 1298/1620/1319 1313/1627/1319 1312/1625/1319 1297/1618/1319
f 1306/1605/1320 1321/1628/1320 1320/1626/1320 1305/1619/1320
f 1299/1606/1321 1314/1629/1321 1313/1627/1321 1298/1620/1321
f 1292/1604/1322 1307/1630/1322 939/1187/1322
f 946/1189/1323 1321/1628/1323 1306/1605/1323
f 1300/1607/1324 1315/1631/1324 1314/1629/1324 1299/1606/1324
f 1293/1608/1325 1308/1632/1325 1307/1630/1325 1292/1604/1325
f 1301/1609/1326 1316/1633/1326 1315/1631/1326 1300/1607/1326
f 1294/1610/1327 1309/1634/1327 1308/1632/1327 1293/1608/1327
f 1302/1611/1328 1317/1635/1328 1316/1633/1328 1301/1609/1328
f 1295/1613/1329 1310/1621/1329 1309/1636/1329 1294/1612/1329
f 1303/1614/1330 1318/1637/1330 1317/1635/1330 1302/1611/1330
f 1315/1631/1331 1330/1639/1331 1329/1638/1331 1314/1629/1331
f 1308/1632/1332 1323/1641/1332 1322/1640/1332 1307/1630/1332
f 1316/1633/1333 1331/1642/1333 1330/1639/1333 1315/1631/1333
f 1309/1634/1334 1324/1643/1334 1323/1641/1334 1308/1632/1334
f 1317/1635/1335 1332/1644/1335 1331/1642/1335 1316/1633/1335
f 1310/1621/1336 1325/1646/1336 1324/1645/1336 1309/1636/1336
f 1318/1637/1337 1333/1647/1337 1332/1644/1337 1317/1635/1337
f 1311/1622/1338 1326/1648/1338 1325/1646/1338 1310/1621/1338
f 1319/1624/1339 1334/1650/1339 1333/1649/1339 1318/1623/1339
f 1312/1625/1340 1327/1651/1340 1326/1648/1340 1311/1622/1340
f 1320/1626/1341 1335/1652/1341 1334/1650/1341 1319/1624/1341
f 1313/1627/1342 1328/1653/1342 1327/1651/1342 1312/1625/1342
f 1321/1628/1343 1336/1654/1343 1335/1652/1343 1320/1626/1343
f 1314/1629/1344 1329/1638/1344 1328/1653/1344 1313/1627/1344
f 1307/1630/1345 1322/1640/1345 939/1187/1345
f 946/1189/1346 1336/1654/1346 1321/1628/1346
f 1334/1650/1347 1349/1656/1347 1348/1655/1347 1333/1649/1347
f 1327/1651/1348 1342/1658/1348 1341/1657/1348 1326/1648/1348
f 1335/1652/1349 1350/1659/1349 1349/1656/1349 1334/1650/1349
f 1328/1653/1350 1343/1660/1350 1342/1658/1350 1327/1651/1350
f 1336/1654/1351 1351/1661/1351 1350/1659/1351 1335/1652/1351
f 1329/1638/1352 1344/1662/1352 1343/1660/1352 1328/1653/1352
f 1322/1640/1353 1337/1663/1353 939/1187/1353
f 946/1189/1354 1351/1661/1354 1336/1654/1354
f 1330/1639/1355 1345/1664/1355 1344/1662/1355 1329/1638/1355
f 1323/1641/1356 1338/1665/1356 1337/1663/1356 1322/1640/1356
f 1331/1642/1357 1346/1666/1357 1345/1664/1357 1330/1639/1357
f 1324/1643/1358 1339/1667/1358 1338/1665/1358 1323/1641/1358
f 1332/1644/1359 1347/1668/1359 1346/1666/1359 1331/1642/1359
f 1325/1646/1360 1340/1670/1360 1339/1669/1360 1324/1645/1360
f 1333/1647/1361 1348/1671/1361 1347/1668/1361 1332/1644/1361
f 1326/1648/1362 1341/1657/1362 1340/1670/1362 1325/1646/1362
f 1346/1666/1363 1361/1673/1363 1360/1672/1363 1345/1664/1363
f 1339/1667/1364 1354/1675/1364 1353/1674/1364 1338/1665/1364
f 1347/1668/1365 1362/1676/1365 1361/1673/1365 1346/1666/1365
f 1340/1670/1366 1355/1678/1366 1354/1677/1366 1339/1669/1366
f 1348/1671/1367 1363/1679/1367 1362/1676/1367 1347/1668/1367
f 1341/1657/1368 1356/1680/1368 1355/1678/1368 1340/1670/1368
f 1349/1656/1369 1364/1682/1369 1363/1681/1369 1348/1655/1369
f 1342/1658/1370 1357/1683/1370 1356/1680/1370 1341/1657/1370
f 1350/1659/1371 1365/1684/1371 1364/1682/1371 1349/1656/1371
f 1343/1660/1372 1358/1685/1372 1357/1683/1372 1342/1658/1372
f 1351/1661/1373 1366/1686/1373 1365/1684/1373 1350/1659/1373
f 1344/1662/1374 1359/1687/1374 1358/1685/1374 1343/1660/1374
f 1337/1663/1375 1352/1688/1375 939/1187/1375
f 946/1189/1376 1366/1686/1376 1351/1661/1376
f 1345/1664/1377 1360/1672/1377 1359/1687/1377 1344/1662/1377
f 1338/1665/1378 1353/1674/1378 1352/1688/1378 1337/1663/1378
f 1365/1684/1379 1380/1690/1379 1379/1689/1379 1364/1682/1379
f 1358/1685/1380 1373/1692/1380 1372/1691/1380 1357/1683/1380
f 1366/1686/1381 1381/1693/1381 1380/1690/1381 1365/1684/1381
f 1359/1687/1382 1374/1694/1382 1373/1692/1382 1358/1685/1382
f 1352/1688/1383 1367/1695/1383 939/1187/1383
f 946/1189/1384 1381/1693/1384 1366/1686/1384
f 1360/1672/1385 1375/1696/1385 1374/1694/1385 1359/1687/1385
f 1353/1674/1386 1368/1697/1386 1367/1695/1386 1352/1688/1386
f 1361/1673/1387 1376/1698/1387 1375/1696/1387 1360/1672/1387
f 1354/1675/1388 1369/1699/1388 1368/1697/1388 1353/1674/1388
f 1362/1676/1389 1377/1700/1389 1376/1698/1389 1361/1673/1389
f 1355/1701/1390 1370/1702/1390 1369/1699/1390 1354/1675/1390
f 1363/1679/1391 1378/1703/1391 1377/1700/1391 1362/1676/1391
f 1356/1680/1392 1371/1705/1392 1370/1704/1392 1355/1678/1392
f 1364/1682/1393 1379/1689/1393 1378/1706/1393 1363/1681/1393
f 1357/1683/1394 1372/1691/1394 1371/1705/1394 1356/1680/1394
f 1369/1699/1395 1384/1708/1395 1383/1707/1395 1368/1697/1395
f 1377/1709/1396 1392/1712/1396 1391/1711/1396 1376/1710/1396
f 1370/1702/1397 1385/1713/1397 1384/1708/1397 1369/1699/1397
f 1378/1714/1398 1393/1715/1398 1392/1712/1398 1377/1709/1398
f 1371/1705/1399 1386/1717/1399 1385/1716/1399 1370/1704/1399
f 1379/1689/1400 1394/1719/1400 1393/1718/1400 1378/1706/1400
f 1372/1691/1401 1387/1720/1401 1386/1717/1401 1371/1705/1401
f 1380/1690/1402 1395/1721/1402 1394/1719/1402 1379/1689/1402
f 1373/1692/1403 1388/1722/1403 1387/1720/1403 1372/1691/1403
f 1381/1693/1404 1396/1723/1404 1395/1721/1404 1380/1690/1404
f 1374/1694/1405 1389/1724/1405 1388/1722/1405 1373/1692/1405
f 1367/1695/1406 1382/1725/1406 939/1187/1406
f 946/1189/1407 1396/1723/1407 1381/1693/1407
f 1375/1726/1408 1390/1729/1408 1389/1728/1408 1374/1727/1408
f 1368/1697/1409 1383/1707/1409 1382/1725/1409 1367/1695/1409
f 1376/1710/1410 1391/1711/1410 1390/1729/1410 1375/1726/1410
f 1388/1730/1411 1403/1733/1411 1402/1732/1411 1387/1731/1411
f 1396/1723/1412 1411/1735/1412 1410/1734/1412 1395/1721/1412
f 1389/1728/1413 1404/1736/1413 1403/1733/1413 1388/1730/1413
f 1382/1725/1414 1397/1737/1414 939/1187/1414
f 946/1189/1415 1411/1735/1415 1396/1723/1415
f 1390/1729/1416 1405/1738/1416 1404/1736/1416 1389/1728/1416
f 1383/1707/1417 1398/1739/1417 1397/1737/1417 1382/1725/1417
f 1391/1711/1418 1406/1740/1418 1405/1738/1418 1390/1729/1418
f 1384/1708/1419 1399/1741/1419 1398/1739/1419 1383/1707/1419
f 1392/1712/1420 1407/1742/1420 1406/1740/1420 1391/1711/1420
f 1385/1713/1421 1400/1743/1421 1399/1741/1421 1384/1708/1421
f 1393/1715/1422 1408/1744/1422 1407/1742/1422 1392/1712/1422
f 1386/1745/1423 1401/1748/1423 1400/1747/1423 1385/1746/1423
f 1394/1719/1424 1409/1750/1424 1408/1749/1424 1393/1718/1424
f 1387/1731/1425 1402/1732/1425 1401/1748/1425 1386/1745/1425
f 1395/1721/1426 1410/1734/1426 1409/1750/1426 1394/1719/1426
f 1407/1742/1427 945/1160/1427 1416/1161/1427 1406/1740/1427
f 1400/1743/1428 1414/1164/1428 940/1156/1428 1399/1741/1428
f 1408/1744/1429 1417/1166/1429 945/1160/1429 1407/1742/1429
f 1401/1748/1430 941/1168/1430 1414/1169/1430 1400/1747/1430
f 1409/1751/1431 1418/1172/1431 1417/1166/1431 1408/1744/1431
f 1402/1732/1432 1415/1174/1432 941/1168/1432 1401/1748/1432
f 1410/1734/1433 1419/1176/1433 1418/1177/1433 1409/1750/1433
f 1403/1733/1434 942/1180/1434 1415/1174/1434 1402/1732/1434
f 1411/1735/1435 1420/1182/1435 1419/1176/1435 1410/1734/1435
f 1404/1736/1436 943/1184/1436 942/1180/1436 1403/1733/1436
f 1397/1737/1437 1412/1186/1437 939/1187/1437
f 946/1189/1438 1420/1182/1438 1411/1735/1438
f 1405/1738/1439 944/1190/1439 943/1184/1439 1404/1736/1439
f 1398/1739/1440 1413/1157/1440 1412/1186/1440 1397/1737/1440
f 1406/1740/1441 1416/1161/1441 944/1190/1441 1405/1738/1441
f 1399/1741/1442 940/1156/1442 1413/1157/1442 1398/1739/1442
o Petalo.001
v 0.452144 4.600909 -0.388074
v 0.678400 4.437021 0.088325
v 1.220824 3.983914 -1.205408
v 1.635124 3.704470 -0.344551
v 1.468453 3.913561 -0.573813
v 1.330012 3.995511 -0.854811
v 1.202732 4.225958 -0.528134
v 0.865686 4.447948 -0.916737
v 1.262872 4.130570 -0.065818
v 0.502849 4.673489 -0.390110
v 0.726400 4.510305 0.082453
v 1.271200 4.056862 -1.207077
v 1.682684 3.778139 -0.350143
v 1.517210 3.986677 -0.577306
v 1.378993 4.068593 -0.858132
v 1.359457 4.194386 -0.622354
v 0.933588 4.543993 -0.917380
v 1.323561 4.228493 -0.076688
v 1.604350 4.049324 -0.770739
v 0.795651 4.499063 -0.849765
v 0.725736 4.537628 -0.778401
v 0.658764 4.565339 -0.704668
v 0.597554 4.583892 -0.630593
v 0.544686 4.594984 -0.558321
v 0.501765 4.600303 -0.490471
v 0.470147 4.601586 -0.430449
v 0.456157 4.586793 -0.339867
v 0.468040 4.566280 -0.272128
v 0.488992 4.542869 -0.197943
v 0.519101 4.518176 -0.123464
v 0.557583 4.493627 -0.053771
v 0.601044 4.470602 0.007543
v 0.644796 4.450634 0.057051
v 1.338218 4.063169 -0.111505
v 1.406285 3.992090 -0.158248
v 1.466610 3.921707 -0.203236
v 1.518730 3.856397 -0.243659
v 1.562182 3.800080 -0.277418
v 1.596505 3.754857 -0.305255
v 1.621237 3.722293 -0.328274
v 1.328639 3.978579 -0.880354
v 1.324948 3.958130 -0.917805
v 1.317384 3.941474 -0.962582
v 1.304268 3.933076 -1.013874
v 1.284770 3.935913 -1.070208
v 1.261493 3.948249 -1.125909
v 1.238135 3.966686 -1.174117
v 1.622224 3.710853 -0.377800
v 1.601296 3.726112 -0.423695
v 1.576068 3.749748 -0.470564
v 1.549575 3.780118 -0.511023
v 1.524449 3.815149 -0.539735
v 1.501685 3.852040 -0.557968
v 1.482078 3.887370 -0.568583
v 1.326329 4.009270 -0.823165
v 1.320407 4.029802 -0.779425
v 1.312415 4.054080 -0.732859
v 1.302027 4.080811 -0.688088
v 1.288775 4.109155 -0.648218
v 1.271804 4.139431 -0.612183
v 1.249269 4.172986 -0.577262
v 1.254421 4.170092 -0.566965
v 1.285698 4.131553 -0.584338
v 1.315353 4.093925 -0.594791
v 1.346297 4.055178 -0.598825
v 1.379818 4.014708 -0.596596
v 1.413970 3.974802 -0.589917
v 1.445660 3.938815 -0.581145
v 1.203682 4.008750 -1.198390
v 1.177691 4.049285 -1.181686
v 1.144596 4.101795 -1.155510
v 1.103513 4.164855 -1.121148
v 1.053747 4.236420 -1.079883
v 0.996446 4.311377 -1.032020
v 0.933222 4.383846 -0.977618
v 0.717752 4.419881 0.092059
v 0.776716 4.394951 0.091520
v 0.847068 4.364997 0.083800
v 0.925581 4.330059 0.068147
v 1.009442 4.289806 0.044390
v 1.095646 4.243609 0.013394
v 1.181141 4.190764 -0.023717
v 0.901985 4.408360 -0.826631
v 0.946964 4.365418 -0.721435
v 0.998162 4.320656 -0.606461
v 1.053124 4.275611 -0.487022
v 1.109412 4.231931 -0.368352
v 1.164682 4.191720 -0.255370
v 1.216610 4.157195 -0.152912
v 0.863528 4.595045 -0.850539
v 0.793281 4.633223 -0.779410
v 0.725413 4.659812 -0.705959
v 0.662485 4.676098 -0.632151
v 0.606892 4.683481 -0.560082
v 0.560355 4.683814 -0.492373
v 0.524522 4.679257 -0.432439
v 0.510222 4.664555 -0.342393
v 0.525599 4.649658 -0.275361
v 0.548832 4.630263 -0.201943
v 0.579483 4.607145 -0.128186
v 0.616502 4.581261 -0.059078
v 0.656860 4.554433 0.001839
v 0.696494 4.529012 0.051170
v 1.398954 4.161065 -0.122171
v 1.467021 4.089565 -0.168458
v 1.526966 4.017975 -0.212806
v 1.577989 3.950279 -0.252466
v 1.619378 3.890115 -0.285397
v 1.650761 3.839753 -0.312374
v 1.671943 3.801190 -0.334539
v 1.381131 4.056866 -0.883909
v 1.381259 4.042032 -0.921585
v 1.376469 4.029345 -0.966440
v 1.364537 4.022412 -1.017583
v 1.344330 4.023738 -1.073503
v 1.318702 4.032064 -1.128623
v 1.291847 4.044855 -1.176227
v 1.673426 3.789662 -0.383383
v 1.656522 3.810426 -0.429116
v 1.634254 3.837910 -0.475685
v 1.609009 3.869649 -0.515781
v 1.583044 3.903123 -0.544140
v 1.557684 3.935998 -0.562037
v 1.534328 3.965694 -0.572331
v 1.378829 4.087242 -0.826881
v 1.377677 4.112037 -0.784421
v 1.375418 4.136974 -0.740770
v 1.372232 4.158969 -0.701355
v 1.368422 4.175733 -0.670137
v 1.364584 4.186918 -0.647086
v 1.361373 4.192798 -0.631223
v 1.366490 4.189910 -0.620953
v 1.378394 4.179053 -0.619306
v 1.394862 4.160524 -0.616815
v 1.416320 4.133365 -0.612231
v 1.442608 4.097635 -0.604670
v 1.471010 4.057072 -0.595089
v 1.497929 4.016821 -0.585039
v 1.257720 4.086790 -1.199993
v 1.235944 4.133149 -1.183186
v 1.206481 4.190615 -1.156872
v 1.168158 4.257337 -1.122335
v 1.120165 4.331110 -1.080865
v 1.063829 4.407122 -1.032808
v 1.001015 4.479904 -0.978276
v 0.768895 4.498394 0.085485
v 0.831386 4.479483 0.084060
v 0.904635 4.454703 0.075460
v 0.985152 4.423661 0.058990
v 1.070041 4.385855 0.034520
v 1.156549 4.340933 0.002965
v 1.241961 4.288584 -0.034497
v 0.980131 4.520395 -0.828643
v 1.031832 4.489028 -0.725262
v 1.086401 4.451385 -0.612315
v 1.141546 4.408957 -0.494882
v 1.195002 4.363349 -0.377962
v 1.244591 4.316622 -0.266227
v 1.288162 4.270946 -0.164272
v 1.250679 4.193844 -0.563519
v 1.275144 4.189567 -0.577382
v 1.294586 4.191240 -0.586838
v 1.311248 4.194725 -0.594492
v 1.326269 4.197348 -0.601852
v 1.339733 4.198183 -0.609241
v 1.351327 4.196908 -0.616531
v 1.517986 3.977292 -0.574313
v 1.516759 3.965022 -0.571471
v 1.512827 3.952494 -0.569663
v 1.506396 3.940602 -0.568762
v 1.497864 3.930058 -0.568599
v 1.487824 3.921637 -0.569409
v 1.477137 3.916038 -0.571394
v 1.221228 3.980803 -1.235487
v 1.223936 3.979365 -1.267284
v 1.229134 3.982010 -1.289315
v 1.236252 3.990148 -1.297502
v 1.244650 4.004388 -1.289757
v 1.253915 4.022642 -1.268170
v 1.263494 4.041909 -1.236809
v 1.375816 4.061463 -0.863074
v 1.370877 4.051289 -0.867649
v 1.364745 4.039977 -0.870197
v 1.357600 4.028463 -0.870669
v 1.349705 4.017553 -0.869191
v 1.341798 4.007926 -0.865698
v 1.334771 4.000240 -0.860305
v 0.436816 4.613027 -0.393012
v 0.422247 4.628422 -0.398028
v 0.414987 4.643285 -0.401385
v 0.417424 4.656035 -0.402726
v 0.430608 4.665545 -0.401936
v 0.452426 4.671472 -0.399125
v 0.479361 4.673818 -0.394638
v 0.894189 4.558667 -0.987226
v 0.862700 4.564626 -1.037262
v 0.839582 4.562416 -1.067405
v 0.825295 4.552583 -1.077569
v 0.820302 4.535673 -1.067670
v 0.825061 4.512233 -1.037621
v 0.840036 4.482809 -0.987339
v 1.696817 3.749710 -0.335194
v 1.710186 3.716490 -0.319783
v 1.716768 3.688800 -0.309270
v 1.714420 3.671108 -0.304987
v 1.702213 3.666176 -0.307490
v 1.682024 3.672748 -0.316369
v 1.657016 3.687973 -0.330440
v 0.675657 4.441370 0.109296
v 0.674217 4.448788 0.131307
v 0.675808 4.458345 0.146222
v 0.681159 4.469285 0.151077
v 0.690506 4.480845 0.144363
v 0.702653 4.492292 0.127738
v 0.715836 4.502778 0.104315
v 1.301484 4.113596 0.001906
v 1.331815 4.106151 0.049583
v 1.353574 4.107642 0.077367
v 1.366468 4.117480 0.085413
v 1.370205 4.135075 0.073876
v 1.364495 4.159835 0.042910
v 1.349044 4.191172 -0.007330
v 1.252934 4.203878 -0.558459
v 1.303136 4.181799 -0.588785
v 1.353338 4.159720 -0.619111
v 1.403541 4.137641 -0.649436
v 1.453743 4.115561 -0.679762
v 1.503945 4.093482 -0.710088
v 1.554147 4.071403 -0.740413
v 0.485199 4.579702 -0.377306
v 0.522575 4.573441 -0.429785
v 0.569657 4.564351 -0.490890
v 0.625818 4.550245 -0.557172
v 0.689745 4.529256 -0.625920
v 0.758943 4.499702 -0.695040
v 0.830620 4.459948 -0.762590
v 0.503671 4.555332 -0.308355
v 0.547672 4.544662 -0.355605
v 0.600245 4.531672 -0.410550
v 0.660810 4.514258 -0.470634
v 0.728272 4.490513 -0.533590
v 0.800252 4.458820 -0.597552
v 0.874049 4.417636 -0.660755
v 0.528975 4.529065 -0.231708
v 0.578322 4.514769 -0.273745
v 0.636099 4.498117 -0.322306
v 0.701272 4.477310 -0.375743
v 0.772524 4.450622 -0.432441
v 0.847499 4.416567 -0.490831
v 0.923584 4.373720 -0.549356
v 0.561755 4.502140 -0.153490
v 0.614826 4.484863 -0.189614
v 0.676746 4.464895 -0.231112
v 0.745944 4.440781 -0.277263
v 0.820678 4.411096 -0.327238
v 0.898521 4.374528 -0.379771
v 0.976870 4.329794 -0.433490
v 0.601381 4.475952 -0.078977
v 0.656585 4.456213 -0.108104
v 0.721216 4.433304 -0.141607
v 0.793318 4.406106 -0.179788
v 0.870815 4.373492 -0.222658
v 0.951130 4.334341 -0.269213
v 1.031563 4.287529 -0.318197
v 0.644290 4.452112 -0.011683
v 0.700347 4.430444 -0.032454
v 0.766666 4.404973 -0.057228
v 0.840887 4.374947 -0.087232
v 0.920606 4.339552 -0.123031
v 1.003052 4.297856 -0.163784
v 1.085365 4.248899 -0.208295
v 0.685627 4.432470 0.045649
v 0.742011 4.409339 0.034705
v 0.809760 4.381620 0.018912
v 0.885894 4.349025 -0.003339
v 0.967624 4.311061 -0.032601
v 1.051990 4.266978 -0.068057
v 1.135987 4.215961 -0.108547
v 1.319228 3.994959 -0.678838
v 0.970404 4.344570 -0.885618
v 1.033859 4.273278 -0.939583
v 1.090431 4.200497 -0.989012
v 1.137953 4.132429 -1.034629
v 1.016468 4.301824 -0.778227
v 1.080727 4.231321 -0.831369
v 1.137588 4.159952 -0.881971
v 1.182935 4.095257 -0.933031
v 1.068925 4.257001 -0.660881
v 1.134789 4.186590 -0.712526
v 1.194040 4.115048 -0.762633
v 1.238745 4.052853 -0.819002
v 1.223750 3.991210 -1.145046
v 1.249733 3.971231 -1.084659
v 1.276191 3.955739 -1.020863
v 1.298210 3.949564 -0.960966
v 1.202889 4.027180 -1.113896
v 1.234493 4.002824 -1.038474
v 1.267607 3.981452 -0.961537
v 1.294593 3.970153 -0.894884
v 1.174940 4.074290 -1.076758
v 1.213890 4.043312 -0.986526
v 1.258106 4.011938 -0.891431
v 1.296007 3.990416 -0.811581
v 1.323407 3.990412 -0.842259
v 1.318074 4.009272 -0.794472
v 1.311646 4.032463 -0.743457
v 1.303367 4.058383 -0.695025
v 1.319699 3.970804 -0.872178
v 1.315549 3.989215 -0.816954
v 1.311988 4.011005 -0.757228
v 1.307824 4.034750 -0.701897
v 1.312221 3.955620 -0.911397
v 1.309460 3.974135 -0.848190
v 1.310094 3.993717 -0.774897
v 1.313844 4.012079 -0.703905
v 1.263451 4.145494 -0.587490
v 1.287756 4.110137 -0.600579
v 1.314847 4.073068 -0.608712
v 1.345488 4.033789 -0.609906
v 1.279017 4.115133 -0.618130
v 1.294840 4.084848 -0.625690
v 1.316500 4.050982 -0.629272
v 1.345766 4.012258 -0.624954
v 1.292595 4.085927 -0.653546
v 1.302017 4.059450 -0.658542
v 1.316784 4.030353 -0.658150
v 1.342937 3.994303 -0.644558
v 1.452616 3.913705 -0.579849
v 1.466448 3.882579 -0.573387
v 1.485082 3.849442 -0.558066
v 1.508433 3.816724 -0.529151
v 1.417580 3.950368 -0.592575
v 1.426150 3.922691 -0.591821
v 1.439321 3.893777 -0.582491
v 1.459873 3.863804 -0.554414
v 1.380646 3.991832 -0.603679
v 1.383969 3.967882 -0.610882
v 1.388880 3.944839 -0.613682
v 1.401964 3.920624 -0.592483
v 1.593999 3.739750 -0.374956
v 1.561562 3.777266 -0.364623
v 1.521960 3.825301 -0.348106
v 1.474922 3.883233 -0.323249
v 1.565656 3.760436 -0.429621
v 1.525352 3.803411 -0.432649
v 1.478826 3.855602 -0.431555
v 1.426557 3.916399 -0.419473
v 1.536201 3.786458 -0.484043
v 1.489868 3.832973 -0.500707
v 1.435834 3.888956 -0.520724
v 1.375504 3.953665 -0.531374
v 1.291316 4.090722 -0.199649
v 1.238629 4.126212 -0.303494
v 1.182477 4.167278 -0.418277
v 1.125133 4.211600 -0.539087
v 1.359412 4.020016 -0.245879
v 1.306786 4.055687 -0.349872
v 1.250569 4.096709 -0.465980
v 1.192553 4.141014 -0.588781
v 1.420676 3.949406 -0.288295
v 1.369290 3.984331 -0.390704
v 1.314256 4.024200 -0.507911
v 1.255718 4.067979 -0.635311
v 0.546905 4.668419 -0.380084
v 0.570358 4.651994 -0.312059
v 0.598537 4.630819 -0.236392
v 0.631925 4.605792 -0.159093
v 0.669768 4.578013 -0.085326
v 0.708773 4.549348 -0.018513
v 0.744388 4.521953 0.038697
v 0.590044 4.670379 -0.432656
v 0.621150 4.651236 -0.359616
v 0.655107 4.627299 -0.278951
v 0.692231 4.599546 -0.195940
v 0.731933 4.569118 -0.115347
v 0.771133 4.537719 -0.040282
v 0.805899 4.507210 0.026755
v 0.641506 4.667515 -0.493751
v 0.678621 4.645430 -0.414735
v 0.717984 4.618366 -0.327889
v 0.759205 4.587472 -0.238016
v 0.801399 4.553996 -0.149604
v 0.841853 4.519561 -0.065935
v 0.877369 4.485888 0.010038
v 0.700763 4.657784 -0.559929
v 0.742481 4.632878 -0.474873
v 0.786492 4.602716 -0.381569
v 0.831653 4.568633 -0.284607
v 0.876571 4.532024 -0.188404
v 0.918873 4.494526 -0.096695
v 0.955940 4.457839 -0.013042
v 0.766587 4.639438 -0.628490
v 0.811901 4.612051 -0.537779
v 0.859671 4.579123 -0.438391
v 0.908213 4.542125 -0.334891
v 0.955741 4.502573 -0.231758
v 1.000075 4.462174 -0.133118
v 1.038935 4.422683 -0.043012
v 0.836745 4.611199 -0.697386
v 0.884835 4.581820 -0.601627
v 0.935540 4.546630 -0.496809
v 0.986850 4.507171 -0.387610
v 1.036732 4.465040 -0.278650
v 1.083068 4.422047 -0.174334
v 1.123721 4.380056 -0.079012
v 0.908754 4.571906 -0.764731
v 0.958929 4.541156 -0.664695
v 1.011862 4.504347 -0.555294
v 1.065362 4.463029 -0.441396
v 1.117250 4.418830 -0.327809
v 1.165394 4.373683 -0.219113
v 1.207671 4.329597 -0.119834
v 1.407539 4.124674 -0.686474
v 1.048445 4.456617 -0.887614
v 1.101260 4.425454 -0.781996
v 1.157137 4.387769 -0.666633
v 1.213571 4.344994 -0.546802
v 1.111491 4.384963 -0.941652
v 1.165216 4.354626 -0.835128
v 1.222920 4.317183 -0.718178
v 1.281084 4.274321 -0.596296
v 1.167047 4.310972 -0.991197
v 1.221230 4.282099 -0.885739
v 1.281788 4.244827 -0.768198
v 1.344312 4.200750 -0.642651
v 1.362906 4.204449 -0.210792
v 1.430967 4.133282 -0.256561
v 1.491747 4.061323 -0.298334
v 1.544659 3.992431 -0.332522
v 1.318569 4.251105 -0.314143
v 1.386704 4.180182 -0.360110
v 1.448756 4.107564 -0.400385
v 1.504553 4.036803 -0.428485
v 1.268097 4.298720 -0.427703
v 1.336259 4.227939 -0.475094
v 1.399766 4.154561 -0.516641
v 1.459691 4.081397 -0.539670
v 1.652247 3.829684 -0.381548
v 1.629532 3.858192 -0.436098
v 1.603841 3.889111 -0.490156
v 1.577611 3.920993 -0.534814
v 1.624972 3.875582 -0.372161
v 1.595652 3.911287 -0.440064
v 1.564769 3.946708 -0.507684
v 1.536725 3.979249 -0.560930
v 1.589171 3.929998 -0.356540
v 1.553801 3.970957 -0.439812
v 1.516312 4.011033 -0.528446
v 1.485132 4.044360 -0.599845
v 1.512279 4.002814 -0.584281
v 1.483464 4.046171 -0.598324
v 1.452728 4.089645 -0.612162
v 1.424477 4.127668 -0.623300
v 1.531376 3.979704 -0.578245
v 1.498247 4.028581 -0.597881
v 1.462382 4.077657 -0.619151
v 1.430102 4.119777 -0.637065
v 1.553280 3.951754 -0.563317
v 1.515161 4.006419 -0.588742
v 1.471099 4.063699 -0.621417
v 1.430097 4.113513 -0.654692
v 1.372234 4.186512 -0.633090
v 1.376473 4.179990 -0.650214
v 1.379952 4.168811 -0.674618
v 1.382525 4.152236 -0.708288
v 1.385159 4.175003 -0.632703
v 1.389766 4.168059 -0.650814
v 1.392112 4.157662 -0.676444
v 1.392306 4.142245 -0.713882
v 1.402093 4.155969 -0.629869
v 1.406529 4.149205 -0.647227
v 1.406561 4.141551 -0.672004
v 1.401135 4.131262 -0.713898
v 1.383326 4.079481 -0.846487
v 1.384963 4.067867 -0.876716
v 1.380968 4.057813 -0.916013
v 1.368374 4.053598 -0.965362
v 1.384205 4.105036 -0.800024
v 1.387960 4.095047 -0.822711
v 1.385825 4.086661 -0.853823
v 1.372473 4.085348 -0.900047
v 1.383945 4.130243 -0.751770
v 1.390642 4.120737 -0.765274
v 1.392681 4.112496 -0.782201
v 1.380031 4.113939 -0.817793
v 1.285078 4.080355 -1.147350
v 1.269989 4.124545 -1.116264
v 1.246463 4.177871 -1.079119
v 1.212625 4.240345 -1.036926
v 1.316059 4.068365 -1.087758
v 1.307695 4.109958 -1.041847
v 1.292189 4.157809 -0.990118
v 1.264672 4.214691 -0.936761
v 1.345508 4.057973 -1.024712
v 1.344415 4.094706 -0.965899
v 1.340601 4.133498 -0.896348
v 1.324994 4.180050 -0.824394
v 1.447824 3.954837 -0.580133
v 1.415908 3.994270 -0.587164
v 1.382943 4.034496 -0.591404
v 1.350766 4.073997 -0.591605
v 1.320797 4.111265 -0.586893
v 1.292667 4.145960 -0.577994
v 1.266618 4.176802 -0.567055
v 1.454854 3.966814 -0.578892
v 1.421754 4.009994 -0.585257
v 1.389282 4.051273 -0.588320
v 1.358429 4.090025 -0.587786
v 1.330207 4.125316 -0.583786
v 1.305474 4.155703 -0.578269
v 1.285723 4.178876 -0.574273
v 1.463134 3.978328 -0.578398
v 1.429482 4.023666 -0.584466
v 1.397563 4.065606 -0.587158
v 1.368060 4.103590 -0.586819
v 1.341756 4.136847 -0.584165
v 1.319801 4.163826 -0.581435
v 1.303523 4.182692 -0.581321
v 1.471247 3.989841 -0.578658
v 1.437764 4.035907 -0.584750
v 1.406607 4.077926 -0.587697
v 1.378436 4.115023 -0.588156
v 1.353950 4.146295 -0.587038
v 1.333998 4.170710 -0.586270
v 1.319469 4.187207 -0.588028
v 1.478377 4.001053 -0.579538
v 1.445693 4.046778 -0.586016
v 1.415488 4.088362 -0.589743
v 1.388542 4.124454 -0.591352
v 1.365598 4.153859 -0.591672
v 1.347221 4.176045 -0.592315
v 1.333933 4.190655 -0.595097
v 1.484442 4.010932 -0.581104
v 1.453374 4.055170 -0.588253
v 1.424238 4.095973 -0.593262
v 1.398201 4.131226 -0.596380
v 1.376374 4.159123 -0.598059
v 1.359164 4.179428 -0.599654
v 1.346832 4.192334 -0.602787
v 1.489987 4.017730 -0.583282
v 1.461362 4.059452 -0.591399
v 1.433148 4.099515 -0.598252
v 1.407449 4.134482 -0.603315
v 1.386168 4.161523 -0.606376
v 1.369642 4.180482 -0.608532
v 1.357891 4.191955 -0.611272
v 1.334917 3.976170 -0.904047
v 1.331509 3.953068 -0.950768
v 1.324004 3.934338 -1.001463
v 1.311399 3.923603 -1.055442
v 1.293154 3.923662 -1.110985
v 1.270893 3.933972 -1.163327
v 1.246606 3.953228 -1.206871
v 1.342331 3.980214 -0.917945
v 1.339094 3.954616 -0.972321
v 1.331591 3.933952 -1.028571
v 1.319170 3.921217 -1.085741
v 1.301429 3.918956 -1.142170
v 1.279113 3.927730 -1.194095
v 1.253134 3.947699 -1.237227
v 1.350405 3.988105 -0.925675
v 1.347265 3.961164 -0.984580
v 1.339767 3.939345 -1.044615
v 1.327378 3.925284 -1.104398
v 1.309731 3.921350 -1.162157
v 1.287157 3.928814 -1.214643
v 1.260148 3.948683 -1.258235
v 1.358431 3.998642 -0.928422
v 1.355479 3.971557 -0.988790
v 1.348143 3.949601 -1.050191
v 1.335823 3.935165 -1.111043
v 1.318097 3.930480 -1.169454
v 1.295270 3.937132 -1.222295
v 1.267827 3.956547 -1.266124
v 1.365754 4.010965 -0.926695
v 1.363229 3.984912 -0.985628
v 1.356336 3.963945 -1.045674
v 1.344249 3.950260 -1.105421
v 1.326416 3.945939 -1.163078
v 1.303356 3.952539 -1.215414
v 1.275849 3.971510 -1.258837
v 1.372111 4.024580 -0.919932
v 1.370249 4.000974 -0.974375
v 1.364006 3.982096 -1.030651
v 1.352190 3.970113 -1.087748
v 1.334079 3.967077 -1.143973
v 1.310729 3.974044 -1.195603
v 1.283593 3.992000 -1.238411
v 1.377324 4.039374 -0.906893
v 1.376331 4.019797 -0.953744
v 1.370826 4.003917 -1.004488
v 1.359127 3.994304 -1.058358
v 1.340329 3.993207 -1.113593
v 1.316393 4.000636 -1.165499
v 1.289972 4.016340 -1.208582
v 0.771029 4.533563 -0.918050
v 0.702374 4.571188 -0.843584
v 0.636817 4.597412 -0.765926
v 0.577105 4.613962 -0.687058
v 0.525754 4.622522 -0.608933
v 0.484370 4.624588 -0.533362
v 0.454293 4.621406 -0.461736
v 0.756772 4.562726 -0.966673
v 0.688906 4.599663 -0.889915
v 0.624069 4.624773 -0.809211
v 0.564865 4.639787 -0.726429
v 0.513682 4.646368 -0.643251
v 0.472030 4.645916 -0.560631
v 0.441170 4.639659 -0.479074
v 0.752432 4.586007 -0.995728
v 0.684960 4.622509 -0.917559
v 0.620348 4.646883 -0.834900
v 0.561058 4.660839 -0.749492
v 0.509375 4.666030 -0.662861
v 0.466874 4.663914 -0.575693
v 0.434952 4.655885 -0.488431
v 0.757559 4.602858 -1.005310
v 0.690163 4.639179 -0.926685
v 0.625486 4.663204 -0.843368
v 0.565906 4.676592 -0.757032
v 0.513664 4.680986 -0.669161
v 0.470460 4.677975 -0.580470
v 0.437859 4.669133 -0.491483
v 0.771699 4.612734 -0.995508
v 0.704115 4.649131 -0.917430
v 0.639223 4.673196 -0.834886
v 0.579417 4.686519 -0.749595
v 0.526957 4.690711 -0.663069
v 0.483588 4.687469 -0.576001
v 0.450927 4.678510 -0.488848
v 0.794387 4.615088 -0.966398
v 0.726309 4.651818 -0.889809
v 0.660934 4.676320 -0.809317
v 0.600732 4.690096 -0.726750
v 0.548032 4.694705 -0.643760
v 0.504611 4.691926 -0.561312
v 0.472139 4.683586 -0.479938
v 0.825153 4.609374 -0.918052
v 0.756209 4.646697 -0.843807
v 0.689903 4.672038 -0.766422
v 0.628779 4.686798 -0.687826
v 0.575245 4.692465 -0.609929
v 0.531149 4.690888 -0.534549
v 0.498323 4.684028 -0.463108
v 1.193852 4.017767 -1.244382
v 1.162099 4.065648 -1.237656
v 1.124432 4.124370 -1.218806
v 1.079940 4.192481 -1.189576
v 1.028154 4.267624 -1.151276
v 0.970032 4.344817 -1.104514
v 0.906888 4.418424 -1.049724
v 1.191607 4.023037 -1.281061
v 1.155268 4.077892 -1.279664
v 1.113875 4.142675 -1.265135
v 1.066682 4.215541 -1.238974
v 1.013306 4.293940 -1.202421
v 0.954529 4.373085 -1.156246
v 0.891423 4.447630 -1.101096
v 1.194370 4.029282 -1.305092
v 1.155454 4.088701 -1.306080
v 1.111829 4.157876 -1.293604
v 1.062974 4.234341 -1.268920
v 1.008619 4.315179 -1.233185
v 0.949442 4.395738 -1.187231
v 0.886364 4.470932 -1.131809
v 1.200871 4.038647 -1.313759
v 1.161364 4.099895 -1.315305
v 1.117250 4.171028 -1.303322
v 1.068048 4.249184 -1.278993
v 1.013505 4.331152 -1.243432
v 0.954276 4.412337 -1.197486
v 0.891245 4.487794 -1.141938
v 1.210245 4.052015 -1.305404
v 1.172071 4.112356 -1.306285
v 1.129319 4.182647 -1.293713
v 1.081251 4.260098 -1.268932
v 1.027427 4.341553 -1.233094
v 0.968550 4.422403 -1.187047
v 0.905606 4.497681 -1.131561
v 1.222382 4.067172 -1.281719
v 1.187660 4.124095 -1.280140
v 1.148047 4.191186 -1.265445
v 1.102389 4.266002 -1.239111
v 1.050041 4.345607 -1.202375
v 0.991839 4.425323 -1.156031
v 0.928990 4.500034 -1.100765
v 1.237609 4.080685 -1.245453
v 1.208608 4.132227 -1.238539
v 1.173666 4.194566 -1.219502
v 1.131385 4.265535 -1.190067
v 1.081052 4.342423 -1.151542
v 1.023735 4.420445 -1.104573
v 0.960944 4.494295 -1.049640
v 1.650486 3.687336 -0.371042
v 1.633652 3.699961 -0.415216
v 1.610546 3.723213 -0.458804
v 1.584148 3.754930 -0.497016
v 1.556923 3.792839 -0.526085
v 1.529944 3.834099 -0.546783
v 1.503687 3.875840 -0.561084
v 1.676677 3.670712 -0.361526
v 1.661371 3.683055 -0.406658
v 1.638930 3.707283 -0.449357
v 1.611897 3.741031 -0.486790
v 1.582459 3.781905 -0.516702
v 1.551656 3.827279 -0.539595
v 1.520100 3.874573 -0.556700
v 1.697257 3.663871 -0.354860
v 1.682463 3.676812 -0.400733
v 1.660072 3.702393 -0.443294
v 1.632290 3.738024 -0.480673
v 1.601109 3.781129 -0.511422
v 1.567695 3.829171 -0.535834
v 1.532990 3.879634 -0.554641
v 1.709670 3.668917 -0.352927
v 1.695144 3.682479 -0.398981
v 1.672849 3.708955 -0.441540
v 1.644794 3.745511 -0.478995
v 1.612850 3.789384 -0.510099
v 1.578343 3.838114 -0.535053
v 1.542461 3.889315 -0.554420
v 1.712224 3.686883 -0.356472
v 1.698131 3.700669 -0.402219
v 1.676400 3.727067 -0.444678
v 1.648937 3.763051 -0.481966
v 1.617537 3.805758 -0.512630
v 1.583563 3.852936 -0.536968
v 1.548259 3.902507 -0.555724
v 1.705725 3.715370 -0.364650
v 1.691946 3.729628 -0.409571
v 1.670871 3.755576 -0.452082
v 1.644475 3.790027 -0.489334
v 1.614601 3.830105 -0.519074
v 1.582627 3.873670 -0.541815
v 1.549731 3.918962 -0.558805
v 1.691864 3.750953 -0.375493
v 1.677633 3.767004 -0.419447
v 1.656674 3.793013 -0.462787
v 1.631227 3.825780 -0.500729
v 1.603354 3.862499 -0.529538
v 1.574507 3.900873 -0.549995
v 1.545889 3.939076 -0.564093
v 0.432827 4.598561 -0.322844
v 0.440622 4.579504 -0.249163
v 0.459182 4.557590 -0.173691
v 0.488119 4.534096 -0.100137
v 0.526676 4.510142 -0.032297
v 0.572331 4.486555 0.026948
v 0.622361 4.463870 0.074981
v 0.416066 4.612950 -0.316970
v 0.422197 4.594104 -0.236581
v 0.439945 4.572755 -0.158079
v 0.468812 4.549699 -0.083642
v 0.508131 4.525621 -0.015598
v 0.556380 4.500815 0.044088
v 0.612009 4.475349 0.093591
v 0.408022 4.627299 -0.315030
v 0.413760 4.608530 -0.230650
v 0.431576 4.587433 -0.149760
v 0.460866 4.564455 -0.073993
v 0.500955 4.539974 -0.004989
v 0.550836 4.514113 0.055715
v 0.609444 4.486911 0.106612
v 0.410335 4.640025 -0.314890
v 0.416229 4.621525 -0.229338
v 0.434357 4.600729 -0.147599
v 0.463970 4.577832 -0.071204
v 0.504302 4.553028 -0.001671
v 0.554515 4.526527 0.059528
v 0.613753 4.498543 0.110931
v 0.423834 4.649994 -0.315751
v 0.430069 4.632114 -0.231564
v 0.448355 4.611880 -0.150868
v 0.477793 4.589303 -0.075277
v 0.517509 4.564480 -0.006417
v 0.566692 4.537815 0.054159
v 0.624573 4.509784 0.104922
v 0.446737 4.657001 -0.318385
v 0.454024 4.640149 -0.238368
v 0.472774 4.620606 -0.160251
v 0.501932 4.598353 -0.086168
v 0.540506 4.573590 -0.018412
v 0.587314 4.547092 0.041034
v 0.641366 4.519742 0.090312
v 0.476488 4.661327 -0.324888
v 0.486415 4.645796 -0.251742
v 0.506602 4.626763 -0.176842
v 0.535969 4.604471 -0.103822
v 0.573413 4.579494 -0.036417
v 0.616810 4.553188 0.022505
v 0.664164 4.527119 0.070302
v 0.734207 4.416851 0.128666
v 0.800890 4.388746 0.136539
v 0.875965 4.356389 0.134891
v 0.957744 4.319345 0.124088
v 1.044047 4.277161 0.104412
v 1.132076 4.229233 0.076777
v 1.218873 4.174924 0.042251
v 0.742505 4.420500 0.156182
v 0.816856 4.389598 0.169132
v 0.897149 4.355172 0.171425
v 0.982385 4.316482 0.163765
v 1.071084 4.272849 0.146787
v 1.160735 4.223652 0.121425
v 1.248568 4.168287 0.088687
v 0.748985 4.428236 0.173462
v 0.828062 4.395835 0.188801
v 0.912103 4.360259 0.193079
v 1.000061 4.320645 0.187066
v 1.090614 4.276183 0.171549
v 1.181434 4.226248 0.147454
v 1.269946 4.170260 0.115739
v 0.755816 4.438769 0.178880
v 0.836551 4.406209 0.194756
v 0.922133 4.370617 0.199493
v 1.011327 4.331009 0.193881
v 1.102695 4.286475 0.178736
v 1.193981 4.236401 0.154979
v 1.282726 4.180249 0.123555
v 0.763786 4.451167 0.171379
v 0.843339 4.419765 0.186455
v 0.927982 4.385384 0.190456
v 1.016452 4.346838 0.184173
v 1.107268 4.303074 0.168414
v 1.198150 4.253505 0.144124
v 1.286622 4.197662 0.112285
v 0.771269 4.465001 0.152192
v 0.846745 4.436309 0.164634
v 0.928311 4.404339 0.166394
v 1.014568 4.367751 0.158219
v 1.103791 4.325479 0.140783
v 1.193571 4.276996 0.115055
v 1.281331 4.221912 0.082083
v 0.775293 4.480239 0.123119
v 0.844087 4.455979 0.130273
v 0.921216 4.427436 0.127883
v 1.004520 4.393456 0.116374
v 1.091602 4.353227 0.096074
v 1.179839 4.306323 0.067944
v 1.266547 4.252414 0.033103
v 1.258902 4.181129 -0.582474
v 1.275555 4.155627 -0.612259
v 1.291309 4.128079 -0.646098
v 1.304864 4.100433 -0.684032
v 1.316051 4.073372 -0.726455
v 1.324853 4.047573 -0.771390
v 1.331221 4.023479 -0.816440
v 1.276783 4.183890 -0.592144
v 1.286426 4.166448 -0.616408
v 1.298744 4.143211 -0.646930
v 1.311212 4.117130 -0.682795
v 1.322256 4.090098 -0.723539
v 1.331291 4.062802 -0.768166
v 1.337958 4.035500 -0.815692
v 1.293989 4.188042 -0.600390
v 1.299736 4.175143 -0.621624
v 1.309167 4.155365 -0.649574
v 1.319975 4.131153 -0.683562
v 1.330209 4.104553 -0.723003
v 1.338988 4.076412 -0.767391
v 1.345696 4.047258 -0.816253
v 1.309769 4.192654 -0.607442
v 1.313640 4.182198 -0.627068
v 1.321018 4.165011 -0.653162
v 1.330056 4.142752 -0.685518
v 1.339092 4.116955 -0.723886
v 1.347194 4.088681 -0.767843
v 1.353613 4.058870 -0.816925
v 1.324419 4.196002 -0.614150
v 1.327194 4.187356 -0.632475
v 1.333064 4.172369 -0.657038
v 1.340524 4.152006 -0.688044
v 1.348208 4.127298 -0.725531
v 1.355274 4.099513 -0.768882
v 1.361016 4.069971 -0.817334
v 1.337928 4.197343 -0.620630
v 1.340188 4.190162 -0.637738
v 1.345013 4.177002 -0.661124
v 1.351110 4.158311 -0.691293
v 1.357352 4.134776 -0.728374
v 1.363055 4.107956 -0.771051
v 1.367690 4.079596 -0.817792
v 1.350220 4.196275 -0.626656
v 1.352619 4.190135 -0.642729
v 1.356812 4.178317 -0.665480
v 1.361714 4.160891 -0.695614
v 1.366444 4.138363 -0.733158
v 1.370505 4.112724 -0.775474
v 1.373582 4.086342 -0.819437
v 1.377346 4.045431 -0.042974
v 1.445471 3.973891 -0.090237
v 1.505265 3.903261 -0.137516
v 1.556135 3.837822 -0.182443
v 1.597490 3.781462 -0.223218
v 1.628754 3.736480 -0.260302
v 1.649186 3.704726 -0.295008
v 1.408059 4.037423 0.005286
v 1.476296 3.965427 -0.042356
v 1.535878 3.894272 -0.091332
v 1.586153 3.828066 -0.139627
v 1.626493 3.770577 -0.185685
v 1.656355 3.724200 -0.229780
v 1.675153 3.690956 -0.272814
v 1.430057 4.038565 0.033432
v 1.498406 3.966206 -0.014425
v 1.557948 3.894490 -0.064429
v 1.608009 3.827346 -0.114803
v 1.647953 3.768437 -0.164130
v 1.677286 3.720377 -0.212415
v 1.695539 3.685513 -0.260045
v 1.443039 4.048281 0.041620
v 1.511444 3.975739 -0.006263
v 1.570976 3.903667 -0.056553
v 1.620933 3.835877 -0.107568
v 1.660665 3.775984 -0.157934
v 1.689741 3.726810 -0.207512
v 1.707784 3.690976 -0.256473
v 1.446708 4.065989 0.030006
v 1.515073 3.993506 -0.017701
v 1.574531 3.921443 -0.067491
v 1.624311 3.853617 -0.117610
v 1.663729 3.793653 -0.166663
v 1.692446 3.744409 -0.214673
v 1.710210 3.708556 -0.262045
v 1.440773 4.091090 -0.001263
v 1.509038 4.018855 -0.048619
v 1.568447 3.947023 -0.097188
v 1.618162 3.879489 -0.144999
v 1.657450 3.819923 -0.190536
v 1.686016 3.771110 -0.234104
v 1.703668 3.735674 -0.276640
v 1.424951 4.122983 -0.052037
v 1.493099 4.051102 -0.098908
v 1.552625 3.979502 -0.145631
v 1.602662 3.912155 -0.189897
v 1.642447 3.852769 -0.229956
v 1.671623 3.804001 -0.266309
v 1.689920 3.768423 -0.300315
vn -0.5222 -0.8255 -0.2141
vn -0.4207 -0.9037 0.0800
vn -0.7895 -0.6091 0.0753
vn -0.6730 -0.7246 0.1486
vn 0.3252 0.0030 -0.9456
vn 0.8456 -0.4538 0.2813
vn 0.8427 -0.2155 -0.4934
vn -0.6818 -0.7273 -0.0786
vn -0.5912 -0.7997 0.1043
vn 0.0270 0.9858 0.1660
vn 0.2054 0.9056 0.3711
vn 0.8105 0.4298 -0.3979
vn 0.8980 0.4328 -0.0791
vn -0.2727 -0.4043 -0.8730
vn 0.6788 -0.6329 0.3724
vn -0.3998 -0.9151 -0.0522
vn 0.5695 0.8134 -0.1182
vn 0.6651 0.7370 0.1205
vn -0.6230 -0.7712 -0.1310
vn -0.5713 -0.8023 -0.1732
vn -0.5314 -0.8222 -0.2042
vn -0.5044 -0.8337 -0.2248
vn -0.4896 -0.8393 -0.2365
vn -0.4874 -0.8396 -0.2398
vn -0.5012 -0.8333 -0.2333
vn -0.5067 -0.8417 -0.1866
vn -0.4861 -0.8600 -0.1553
vn -0.4700 -0.8742 -0.1221
vn -0.4570 -0.8854 -0.0848
vn -0.4466 -0.8936 -0.0443
vn -0.4387 -0.8987 -0.0015
vn -0.4310 -0.9013 0.0436
vn -0.6407 -0.7552 0.1384
vn -0.6753 -0.7188 0.1649
vn -0.6975 -0.6926 0.1837
vn -0.7100 -0.6765 0.1956
vn -0.7148 -0.6697 0.2015
vn -0.7120 -0.6732 0.1997
vn -0.6989 -0.6909 0.1846
vn 0.7944 -0.5440 0.2702
vn 0.5582 -0.7828 0.2752
vn 0.0744 -0.9649 0.2520
vn -0.3732 -0.9082 0.1897
vn -0.6164 -0.7740 0.1446
vn -0.7127 -0.6909 0.1210
vn -0.7609 -0.6413 0.0993
vn -0.6726 -0.7346 0.0891
vn -0.6555 -0.7552 0.0029
vn -0.6023 -0.7847 -0.1465
vn -0.4494 -0.7784 -0.4382
vn -0.1546 -0.6066 -0.7799
vn 0.1730 -0.2772 -0.9451
vn 0.3079 -0.0661 -0.9491
vn 0.8727 -0.3974 0.2835
vn 0.9057 -0.3116 0.2874
vn 0.9317 -0.2089 0.2971
vn 0.9389 -0.1104 0.3259
vn 0.9262 -0.0280 0.3760
vn 0.9023 0.0425 0.4290
vn 0.8875 0.1515 0.4352
vn 0.2636 0.5730 -0.7760
vn 0.2870 0.4964 -0.8193
vn 0.3531 0.4242 -0.8339
vn 0.4006 0.3369 -0.8521
vn 0.4109 0.2403 -0.8794
vn 0.3889 0.1441 -0.9099
vn 0.3548 0.0602 -0.9330
vn -0.8135 -0.5751 0.0867
vn -0.8209 -0.5637 0.0911
vn -0.8179 -0.5689 0.0858
vn -0.8083 -0.5845 0.0715
vn -0.7927 -0.6077 0.0484
vn -0.7690 -0.6391 0.0161
vn -0.7332 -0.6795 -0.0264
vn -0.3975 -0.9154 0.0628
vn -0.3886 -0.9204 0.0427
vn -0.3952 -0.9181 0.0309
vn -0.4142 -0.9098 0.0270
vn -0.4442 -0.8954 0.0317
vn -0.4849 -0.8734 0.0459
vn -0.5351 -0.8418 0.0705
vn -0.6588 -0.7510 -0.0446
vn -0.6428 -0.7657 -0.0244
vn -0.6314 -0.7754 -0.0108
vn -0.6235 -0.7818 0.0006
vn -0.6178 -0.7862 0.0136
vn -0.6125 -0.7898 0.0321
vn -0.6051 -0.7939 0.0597
vn 0.4906 0.8693 -0.0611
vn 0.4122 0.9110 -0.0118
vn 0.3377 0.9408 0.0288
vn 0.2658 0.9619 0.0631
vn 0.1963 0.9761 0.0929
vn 0.1295 0.9843 0.1199
vn 0.0687 0.9871 0.1446
vn 0.0486 0.9805 0.1903
vn 0.0782 0.9735 0.2148
vn 0.1065 0.9652 0.2390
vn 0.1328 0.9552 0.2644
vn 0.1557 0.9441 0.2905
vn 0.1744 0.9323 0.3168
vn 0.1899 0.9191 0.3452
vn 0.7188 0.6908 0.0776
vn 0.7587 0.6499 0.0440
vn 0.7884 0.6149 0.0196
vn 0.8120 0.5836 0.0027
vn 0.8337 0.5522 -0.0104
vn 0.8561 0.5162 -0.0259
vn 0.8786 0.4751 -0.0488
vn 0.8238 -0.5065 0.2546
vn 0.9814 -0.1906 0.0214
vn 0.9795 0.1041 -0.1724
vn 0.9186 0.2820 -0.2768
vn 0.8740 0.3629 -0.3233
vn 0.8487 0.3969 -0.3496
vn 0.8293 0.4158 -0.3732
vn 0.8924 0.4361 -0.1155
vn 0.8880 0.4333 -0.1540
vn 0.8841 0.4183 -0.2085
vn 0.8699 0.3655 -0.3310
vn 0.7698 0.2147 -0.6011
vn 0.4122 -0.0792 -0.9077
vn -0.1443 -0.3742 -0.9160
vn 0.5416 -0.7234 0.4282
vn 0.3224 -0.8167 0.4786
vn 0.0990 -0.8650 0.4920
vn -0.0704 -0.8783 0.4730
vn -0.1822 -0.8855 0.4273
vn -0.2635 -0.9029 0.3396
vn -0.3397 -0.9233 0.1791
vn -0.5719 -0.7978 -0.1911
vn -0.6637 -0.6928 -0.2821
vn -0.6960 -0.6328 -0.3393
vn -0.6894 -0.6016 -0.4035
vn -0.6438 -0.5757 -0.5041
vn -0.5492 -0.5352 -0.6418
vn -0.4096 -0.4725 -0.7804
vn 0.7918 0.4768 -0.3818
vn 0.7727 0.5252 -0.3566
vn 0.7547 0.5691 -0.3265
vn 0.7362 0.6095 -0.2940
vn 0.7135 0.6509 -0.2593
vn 0.6819 0.6975 -0.2202
vn 0.6357 0.7521 -0.1737
vn 0.2515 0.8998 0.3566
vn 0.3077 0.8916 0.3322
vn 0.3659 0.8794 0.3048
vn 0.4244 0.8628 0.2746
vn 0.4830 0.8416 0.2419
vn 0.5419 0.8148 0.2061
vn 0.6030 0.7803 0.1657
vn 0.5927 0.8017 -0.0769
vn 0.6063 0.7939 -0.0465
vn 0.6158 0.7876 -0.0209
vn 0.6245 0.7810 0.0032
vn 0.6334 0.7733 0.0266
vn 0.6428 0.7643 0.0507
vn 0.6531 0.7530 0.0796
vn -0.2429 -0.9498 -0.1974
vn -0.0692 -0.9622 -0.2635
vn 0.0524 -0.9504 -0.3067
vn 0.0740 -0.9476 -0.3109
vn 0.0037 -0.9613 -0.2753
vn -0.1174 -0.9698 -0.2137
vn -0.2647 -0.9551 -0.1335
vn -0.0814 -0.2888 -0.9539
vn 0.0412 -0.2078 -0.9773
vn 0.1071 -0.1621 -0.9809
vn 0.1389 -0.1395 -0.9804
vn 0.1655 -0.1203 -0.9788
vn 0.2070 -0.0899 -0.9742
vn 0.2648 -0.0462 -0.9632
vn -0.7716 -0.6361 0.0055
vn -0.7116 -0.6863 -0.1502
vn -0.4330 -0.7084 -0.5573
vn 0.2299 -0.3286 -0.9161
vn 0.6975 0.1661 -0.6971
vn 0.7824 0.3291 -0.5288
vn 0.8030 0.3951 -0.4461
vn 0.7557 -0.5627 0.3350
vn 0.7909 -0.5240 0.3161
vn 0.8008 -0.5123 0.3104
vn 0.7952 -0.5189 0.3137
vn 0.7902 -0.5249 0.3164
vn 0.7987 -0.5151 0.3110
vn 0.8206 -0.4883 0.2970
vn -0.6164 -0.7566 -0.2181
vn -0.7775 -0.5911 -0.2146
vn -0.9736 -0.1497 -0.1722
vn -0.8485 0.5269 -0.0489
vn -0.4414 0.8941 0.0762
vn -0.1930 0.9726 0.1293
vn -0.0583 0.9865 0.1528
vn 0.5271 0.8305 -0.1801
vn 0.4386 0.8515 -0.2873
vn 0.1744 0.8300 -0.5298
vn -0.4750 0.3809 -0.7932
vn -0.7988 -0.3479 -0.4908
vn -0.7585 -0.6054 -0.2410
vn -0.7137 -0.6871 -0.1358
vn 0.9227 0.3794 -0.0677
vn 0.9596 0.2776 -0.0464
vn 0.9994 0.0322 0.0098
vn 0.7625 -0.6247 0.1685
vn 0.0011 -0.9785 0.2065
vn -0.4688 -0.8655 0.1764
vn -0.6141 -0.7730 0.1592
vn -0.4566 -0.8701 0.1859
vn -0.5099 -0.7714 0.3807
vn -0.5336 -0.4366 0.7243
vn -0.3366 0.2286 0.9135
vn -0.0455 0.6983 0.7143
vn 0.0980 0.8386 0.5358
vn 0.1667 0.8853 0.4342
vn -0.5637 -0.8067 0.1776
vn -0.4994 -0.8077 0.3135
vn -0.2640 -0.7202 0.6416
vn 0.3574 -0.1452 0.9226
vn 0.6811 0.4843 0.5491
vn 0.6931 0.6572 0.2960
vn 0.6789 0.7108 0.1842
vn -0.4532 -0.8675 -0.2050
vn -0.4425 -0.8716 -0.2109
vn -0.4489 -0.8696 -0.2058
vn -0.4679 -0.8625 -0.1926
vn -0.4988 -0.8497 -0.1710
vn -0.5422 -0.8286 -0.1395
vn -0.5971 -0.7963 -0.0970
vn -0.4309 -0.8845 -0.1789
vn -0.4162 -0.8899 -0.1866
vn -0.4238 -0.8872 -0.1824
vn -0.4451 -0.8793 -0.1694
vn -0.4783 -0.8656 -0.1480
vn -0.5236 -0.8439 -0.1171
vn -0.5800 -0.8111 -0.0756
vn -0.4153 -0.8968 -0.1526
vn -0.3998 -0.9019 -0.1634
vn -0.4077 -0.8988 -0.1610
vn -0.4303 -0.8902 -0.1493
vn -0.4652 -0.8758 -0.1290
vn -0.5115 -0.8535 -0.0996
vn -0.5684 -0.8206 -0.0599
vn -0.4045 -0.9062 -0.1232
vn -0.3894 -0.9107 -0.1378
vn -0.3977 -0.9071 -0.1380
vn -0.4214 -0.8978 -0.1283
vn -0.4572 -0.8825 -0.1101
vn -0.5041 -0.8597 -0.0829
vn -0.5609 -0.8266 -0.0457
vn -0.3976 -0.9131 -0.0900
vn -0.3838 -0.9170 -0.1083
vn -0.3930 -0.9128 -0.1110
vn -0.4172 -0.9029 -0.1038
vn -0.4533 -0.8870 -0.0883
vn -0.4999 -0.8637 -0.0640
vn -0.5561 -0.8306 -0.0297
vn -0.3942 -0.9175 -0.0527
vn -0.3824 -0.9211 -0.0729
vn -0.3922 -0.9166 -0.0778
vn -0.4163 -0.9062 -0.0736
vn -0.4516 -0.8901 -0.0611
vn -0.4971 -0.8668 -0.0397
vn -0.5521 -0.8338 -0.0083
vn -0.3922 -0.9198 -0.0082
vn -0.3840 -0.9230 -0.0261
vn -0.3938 -0.9186 -0.0338
vn -0.4164 -0.9086 -0.0331
vn -0.4498 -0.8928 -0.0242
vn -0.4934 -0.8698 -0.0060
vn -0.5464 -0.8372 0.0223
vn 0.1251 -0.9183 -0.3755
vn -0.7126 -0.7016 0.0075
vn -0.7496 -0.6600 0.0500
vn -0.7739 -0.6278 0.0832
vn -0.7902 -0.6033 0.1078
vn -0.6971 -0.7165 0.0264
vn -0.7337 -0.6760 0.0681
vn -0.7567 -0.6457 0.1020
vn -0.7722 -0.6220 0.1293
vn -0.6855 -0.7271 0.0376
vn -0.7207 -0.6889 0.0768
vn -0.7378 -0.6662 0.1086
vn -0.7462 -0.6510 0.1394
vn -0.7944 -0.5942 0.1262
vn -0.7656 -0.6263 0.1474
vn -0.7111 -0.6829 0.1675
vn -0.5505 -0.8087 0.2074
vn -0.8042 -0.5800 0.1300
vn -0.7834 -0.6023 0.1534
vn -0.7462 -0.6431 0.1718
vn -0.6140 -0.7616 0.2072
vn -0.8008 -0.5861 0.1235
vn -0.7826 -0.6049 0.1472
vn -0.7529 -0.6375 0.1634
vn -0.5873 -0.7857 0.1944
vn 0.8546 -0.4505 0.2582
vn 0.9360 -0.2769 0.2175
vn 0.9809 -0.0856 0.1744
vn 0.9861 0.0843 0.1431
vn 0.5980 -0.7480 0.2879
vn 0.8608 -0.4653 0.2061
vn 0.9960 -0.0528 0.0716
vn 0.9777 0.2085 -0.0239
vn -0.0819 -0.9561 0.2815
vn -0.0046 -0.9578 0.2873
vn 0.9039 -0.4254 0.0452
vn 0.9912 0.0194 -0.1310
vn 0.8063 0.5476 -0.2236
vn 0.6493 0.5733 -0.4997
vn 0.6013 0.5079 -0.6168
vn 0.5843 0.4139 -0.6980
vn 0.9241 0.3811 0.0282
vn 0.8250 0.5041 -0.2554
vn 0.7548 0.5012 -0.4232
vn 0.7071 0.4254 -0.5649
vn 0.9662 0.2331 0.1105
vn 0.9152 0.3852 -0.1182
vn 0.8655 0.4000 -0.3016
vn 0.7725 0.2688 -0.5753
vn 0.3902 0.0366 -0.9200
vn 0.2614 -0.1786 -0.9486
vn -0.2261 -0.6252 -0.7470
vn -0.5771 -0.7626 -0.2922
vn 0.4832 0.1692 -0.8590
vn 0.4803 0.0632 -0.8748
vn -0.0899 -0.5515 -0.8293
vn -0.6198 -0.7512 -0.2271
vn 0.5508 0.2997 -0.7790
vn 0.6374 0.2882 -0.7146
vn 0.6237 0.0699 -0.7785
vn -0.5776 -0.7698 -0.2716
vn -0.7148 -0.6867 0.1328
vn -0.7298 -0.6661 0.1540
vn -0.7326 -0.6619 0.1588
vn -0.7276 -0.6683 0.1548
vn -0.7108 -0.6996 0.0735
vn -0.7325 -0.6720 0.1088
vn -0.7379 -0.6637 0.1226
vn -0.7346 -0.6669 0.1251
vn -0.6851 -0.7279 -0.0291
vn -0.7174 -0.6958 0.0327
vn -0.7269 -0.6835 0.0668
vn -0.7281 -0.6792 0.0927
vn -0.6564 -0.7482 0.0969
vn -0.6650 -0.7434 0.0716
vn -0.6710 -0.7394 0.0558
vn -0.6771 -0.7344 0.0459
vn -0.6920 -0.7110 0.1251
vn -0.7008 -0.7062 0.1008
vn -0.7062 -0.7026 0.0867
vn -0.7118 -0.6977 0.0806
vn -0.7148 -0.6844 0.1440
vn -0.7229 -0.6807 0.1184
vn -0.7251 -0.6812 0.1009
vn -0.7266 -0.6794 0.1023
vn 0.1240 0.9769 0.1741
vn 0.1542 0.9682 0.1967
vn 0.1798 0.9596 0.2166
vn 0.2019 0.9504 0.2367
vn 0.2206 0.9407 0.2576
vn 0.2358 0.9306 0.2801
vn 0.2490 0.9184 0.3074
vn 0.1869 0.9707 0.1512
vn 0.2209 0.9596 0.1746
vn 0.2444 0.9502 0.1933
vn 0.2633 0.9414 0.2109
vn 0.2794 0.9324 0.2291
vn 0.2932 0.9227 0.2504
vn 0.3043 0.9102 0.2809
vn 0.2500 0.9600 0.1259
vn 0.2826 0.9475 0.1495
vn 0.3045 0.9376 0.1681
vn 0.3214 0.9287 0.1848
vn 0.3360 0.9199 0.2020
vn 0.3491 0.9102 0.2231
vn 0.3600 0.8977 0.2540
vn 0.3137 0.9445 0.0975
vn 0.3430 0.9315 0.1215
vn 0.3628 0.9212 0.1404
vn 0.3784 0.9122 0.1573
vn 0.3922 0.9032 0.1745
vn 0.4050 0.8932 0.1955
vn 0.4163 0.8808 0.2258
vn 0.3789 0.9232 0.0646
vn 0.4042 0.9103 0.0895
vn 0.4218 0.9001 0.1093
vn 0.4361 0.8909 0.1270
vn 0.4492 0.8816 0.1449
vn 0.4616 0.8714 0.1661
vn 0.4731 0.8590 0.1955
vn 0.4470 0.8942 0.0254
vn 0.4684 0.8820 0.0517
vn 0.4836 0.8723 0.0728
vn 0.4963 0.8632 0.0922
vn 0.5083 0.8540 0.1115
vn 0.5198 0.8438 0.1332
vn 0.5311 0.8317 0.1621
vn 0.5193 0.8543 -0.0219
vn 0.5367 0.8438 0.0062
vn 0.5492 0.8352 0.0293
vn 0.5600 0.8270 0.0508
vn 0.5704 0.8182 0.0720
vn 0.5808 0.8085 0.0948
vn 0.5916 0.7968 0.1235
vn 0.0421 0.9434 0.3291
vn 0.6547 0.7445 -0.1307
vn 0.6649 0.7404 -0.0984
vn 0.6716 0.7376 -0.0700
vn 0.6785 0.7334 -0.0425
vn 0.6981 0.6939 -0.1762
vn 0.7053 0.6944 -0.1431
vn 0.7089 0.6963 -0.1119
vn 0.7146 0.6951 -0.0788
vn 0.7281 0.6508 -0.2153
vn 0.7326 0.6555 -0.1833
vn 0.7306 0.6660 -0.1507
vn 0.7353 0.6693 -0.1066
vn 0.7062 0.7070 0.0377
vn 0.7451 0.6669 0.0051
vn 0.7737 0.6334 -0.0179
vn 0.7960 0.6044 -0.0331
vn 0.6958 0.7181 0.0089
vn 0.7340 0.6788 -0.0226
vn 0.7615 0.6467 -0.0430
vn 0.7833 0.6193 -0.0545
vn 0.6867 0.7268 -0.0164
vn 0.7237 0.6884 -0.0483
vn 0.7484 0.6600 -0.0660
vn 0.7667 0.6384 -0.0683
vn 0.8646 0.4953 -0.0846
vn 0.8582 0.5014 -0.1102
vn 0.8551 0.5001 -0.1369
vn 0.8552 0.4776 -0.2011
vn 0.8396 0.5398 -0.0605
vn 0.8301 0.5517 -0.0809
vn 0.8247 0.5579 -0.0921
vn 0.8244 0.5558 -0.1068
vn 0.8168 0.5751 -0.0451
vn 0.8051 0.5897 -0.0641
vn 0.7945 0.6033 -0.0692
vn 0.7718 0.6357 -0.0114
vn -0.5098 -0.5457 -0.6650
vn -0.6998 -0.6051 -0.3796
vn -0.7616 -0.6151 -0.2042
vn -0.7741 -0.6226 -0.1146
vn 0.1554 -0.2596 -0.9531
vn -0.7661 -0.6134 -0.1919
vn -0.8100 -0.5852 0.0381
vn -0.8050 -0.5845 0.1021
vn 0.8105 0.3432 -0.4746
vn 0.7713 0.3408 -0.5376
vn -0.8393 -0.3281 0.4334
vn -0.8344 -0.3508 0.4252
vn -0.5788 -0.8129 0.0652
vn -0.5420 -0.8068 0.2351
vn -0.4943 -0.8043 0.3298
vn -0.4124 -0.8240 0.3885
vn -0.7057 -0.7082 -0.0214
vn -0.7049 -0.6921 0.1554
vn -0.6904 -0.6789 0.2500
vn -0.6437 -0.7021 0.3044
vn -0.7586 -0.6480 -0.0682
vn -0.7771 -0.6178 0.1205
vn -0.8123 -0.5280 0.2478
vn -0.9752 -0.0262 0.2197
vn 0.6228 -0.6914 0.3663
vn 0.9817 -0.1850 0.0439
vn 0.9505 0.2421 -0.1950
vn 0.8745 0.3998 -0.2748
vn 0.1150 -0.8800 0.4609
vn 0.5912 -0.7450 0.3090
vn 0.9352 0.3001 -0.1882
vn 0.8338 0.4848 -0.2643
vn -0.2402 -0.8667 0.4372
vn -0.4574 -0.8086 0.3700
vn 0.0950 -0.1071 0.9897
vn 0.7732 0.5866 -0.2411
vn 0.8104 0.4759 -0.3419
vn 0.7896 0.5275 -0.3136
vn 0.7698 0.5721 -0.2829
vn 0.7504 0.6118 -0.2503
vn 0.8244 0.4669 -0.3199
vn 0.8001 0.5249 -0.2905
vn 0.7766 0.5744 -0.2586
vn 0.7545 0.6176 -0.2221
vn 0.8406 0.4497 -0.3020
vn 0.8098 0.5168 -0.2778
vn 0.7795 0.5762 -0.2457
vn 0.7506 0.6307 -0.1970
vn 0.2643 0.0120 -0.9644
vn 0.2679 0.0792 -0.9602
vn 0.2563 0.1530 -0.9544
vn 0.2067 0.2221 -0.9528
vn 0.1022 0.2636 -0.9592
vn -0.0746 0.2308 -0.9701
vn -0.3271 -0.0263 -0.9446
vn 0.1851 -0.0381 -0.9820
vn 0.1652 0.0175 -0.9861
vn 0.1290 0.0702 -0.9892
vn 0.0591 0.1094 -0.9922
vn -0.0490 0.1088 -0.9929
vn -0.1824 0.0260 -0.9829
vn -0.2919 -0.2682 -0.9181
vn 0.1257 -0.0767 -0.9891
vn 0.0854 -0.0362 -0.9957
vn 0.0302 -0.0061 -0.9995
vn -0.0486 0.0055 -0.9988
vn -0.1400 -0.0212 -0.9899
vn -0.2197 -0.1236 -0.9677
vn -0.2313 -0.4254 -0.8750
vn 0.0823 -0.1079 -0.9907
vn 0.0206 -0.0879 -0.9959
vn -0.0532 -0.0828 -0.9951
vn -0.1377 -0.0954 -0.9859
vn -0.2157 -0.1392 -0.9665
vn -0.2616 -0.2511 -0.9319
vn -0.2164 -0.5382 -0.8146
vn 0.0347 -0.1471 -0.9885
vn -0.0507 -0.1523 -0.9870
vn -0.1451 -0.1742 -0.9739
vn -0.2365 -0.2082 -0.9490
vn -0.3054 -0.2631 -0.9152
vn -0.3310 -0.3756 -0.8657
vn -0.2636 -0.6334 -0.7275
vn -0.0471 -0.2141 -0.9757
vn -0.1590 -0.2496 -0.9552
vn -0.2743 -0.2979 -0.9143
vn -0.3701 -0.3470 -0.8617
vn -0.4283 -0.4041 -0.8082
vn -0.4362 -0.5038 -0.7456
vn -0.3562 -0.7136 -0.6032
vn -0.2043 -0.3315 -0.9211
vn -0.3374 -0.3933 -0.8553
vn -0.4557 -0.4509 -0.7675
vn -0.5367 -0.4966 -0.6821
vn -0.5732 -0.5429 -0.6137
vn -0.5617 -0.6193 -0.5486
vn -0.4744 -0.7641 -0.4371
vn 0.7814 -0.5657 0.2633
vn 0.6458 -0.7271 0.2329
vn 0.3178 -0.9273 0.1977
vn -0.0927 -0.9856 0.1415
vn -0.4216 -0.9022 0.0913
vn -0.6011 -0.7970 0.0590
vn -0.6984 -0.7152 0.0280
vn 0.7863 -0.5626 0.2554
vn 0.7234 -0.6619 0.1964
vn 0.5457 -0.8272 0.1339
vn 0.2339 -0.9703 0.0619
vn -0.0977 -0.9952 -0.0104
vn -0.3727 -0.9253 -0.0702
vn -0.5703 -0.8126 -0.1203
vn 0.7954 -0.5528 0.2484
vn 0.7793 -0.6041 0.1667
vn 0.7131 -0.6975 0.0711
vn 0.5617 -0.8262 -0.0435
vn 0.3363 -0.9253 -0.1752
vn 0.0836 -0.9433 -0.3211
vn -0.1793 -0.8668 -0.4653
vn 0.8118 -0.5329 0.2386
vn 0.8260 -0.5457 0.1412
vn 0.8312 -0.5558 0.0158
vn 0.8143 -0.5635 -0.1391
vn 0.7591 -0.5676 -0.3189
vn 0.6471 -0.5527 -0.5252
vn 0.4628 -0.4813 -0.7444
vn 0.8294 -0.5096 0.2289
vn 0.8693 -0.4807 0.1152
vn 0.9122 -0.4085 -0.0326
vn 0.9334 -0.3015 -0.1945
vn 0.9203 -0.1850 -0.3446
vn 0.8755 -0.0714 -0.4778
vn 0.7997 0.0430 -0.5988
vn 0.8409 -0.4925 0.2243
vn 0.9120 -0.4013 0.0851
vn 0.9653 -0.2476 -0.0830
vn 0.9687 -0.0766 -0.2360
vn 0.9355 0.0677 -0.3468
vn 0.8902 0.1712 -0.4223
vn 0.8392 0.2508 -0.4825
vn 0.8481 -0.4794 0.2255
vn 0.9531 -0.2984 0.0497
vn 0.9887 -0.0716 -0.1320
vn 0.9568 0.1206 -0.2645
vn 0.9091 0.2417 -0.3392
vn 0.8718 0.3064 -0.3823
vn 0.8396 0.3473 -0.4178
vn -0.6610 -0.7269 -0.1864
vn -0.6159 -0.7545 -0.2269
vn -0.5830 -0.7712 -0.2558
vn -0.5636 -0.7794 -0.2735
vn -0.5575 -0.7811 -0.2810
vn -0.5657 -0.7763 -0.2779
vn -0.5897 -0.7647 -0.2596
vn -0.7182 -0.6345 -0.2857
vn -0.6868 -0.6523 -0.3205
vn -0.6687 -0.6594 -0.3436
vn -0.6651 -0.6574 -0.3542
vn -0.6764 -0.6474 -0.3511
vn -0.7030 -0.6292 -0.3315
vn -0.7418 -0.6056 -0.2880
vn -0.7889 -0.3467 -0.5074
vn -0.7881 -0.3366 -0.5153
vn -0.7989 -0.3168 -0.5113
vn -0.8215 -0.2884 -0.4919
vn -0.8549 -0.2531 -0.4529
vn -0.8959 -0.2132 -0.3897
vn -0.9390 -0.1741 -0.2965
vn -0.5405 0.4178 -0.7303
vn -0.6032 0.4431 -0.6632
vn -0.6605 0.4618 -0.5920
vn -0.7129 0.4781 -0.5130
vn -0.7604 0.4939 -0.4217
vn -0.8011 0.5092 -0.3145
vn -0.8320 0.5215 -0.1894
vn 0.0654 0.8874 -0.4564
vn -0.0411 0.9221 -0.3849
vn -0.1399 0.9379 -0.3173
vn -0.2296 0.9405 -0.2504
vn -0.3086 0.9340 -0.1801
vn -0.3740 0.9217 -0.1029
vn -0.4205 0.9072 -0.0170
vn 0.3402 0.9133 -0.2237
vn 0.2409 0.9561 -0.1669
vn 0.1453 0.9824 -0.1178
vn 0.0541 0.9959 -0.0729
vn -0.0309 0.9991 -0.0286
vn -0.1062 0.9942 0.0182
vn -0.1645 0.9839 0.0707
vn 0.4403 0.8898 -0.1204
vn 0.3531 0.9331 -0.0685
vn 0.2691 0.9628 -0.0253
vn 0.1880 0.9821 0.0120
vn 0.1102 0.9928 0.0461
vn 0.0379 0.9961 0.0792
vn -0.0231 0.9933 0.1133
vn -0.8183 -0.5747 0.0099
vn -0.8347 -0.5503 0.0201
vn -0.8357 -0.5489 0.0196
vn -0.8284 -0.5601 0.0084
vn -0.8146 -0.5798 -0.0128
vn -0.7931 -0.6076 -0.0438
vn -0.7604 -0.6438 -0.0850
vn -0.7986 -0.5841 -0.1454
vn -0.8375 -0.5318 -0.1260
vn -0.8497 -0.5146 -0.1151
vn -0.8485 -0.5159 -0.1177
vn -0.8391 -0.5275 -0.1329
vn -0.8220 -0.5468 -0.1590
vn -0.7957 -0.5732 -0.1956
vn -0.6242 -0.5420 -0.5626
vn -0.7320 -0.4362 -0.5234
vn -0.7862 -0.3832 -0.4849
vn -0.8109 -0.3596 -0.4616
vn -0.8194 -0.3500 -0.4540
vn -0.8185 -0.3467 -0.4582
vn -0.8109 -0.3466 -0.4715
vn 0.0219 -0.1470 -0.9889
vn -0.1252 -0.0041 -0.9921
vn -0.2205 0.0956 -0.9707
vn -0.2825 0.1675 -0.9445
vn -0.3285 0.2256 -0.9172
vn -0.3711 0.2791 -0.8856
vn -0.4182 0.3315 -0.8457
vn 0.5968 0.2888 -0.7486
vn 0.5218 0.3935 -0.7569
vn 0.4706 0.4791 -0.7409
vn 0.4313 0.5514 -0.7141
vn 0.3911 0.6182 -0.6818
vn 0.3398 0.6862 -0.6431
vn 0.2692 0.7581 -0.5940
vn 0.7304 0.4104 -0.5460
vn 0.6929 0.4840 -0.5345
vn 0.6664 0.5463 -0.5074
vn 0.6434 0.6014 -0.4737
vn 0.6161 0.6554 -0.4369
vn 0.5777 0.7140 -0.3957
vn 0.5206 0.7802 -0.3469
vn 0.7696 0.4560 -0.4469
vn 0.7457 0.5127 -0.4255
vn 0.7262 0.5624 -0.3954
vn 0.7070 0.6077 -0.3617
vn 0.6832 0.6536 -0.3256
vn 0.6494 0.7049 -0.2852
vn 0.5994 0.7644 -0.2375
vn -0.5840 -0.8109 0.0367
vn -0.5410 -0.8341 -0.1079
vn -0.4404 -0.8394 -0.3186
vn -0.2510 -0.7584 -0.6015
vn -0.0001 -0.5381 -0.8429
vn 0.1940 -0.2783 -0.9407
vn 0.2597 -0.1228 -0.9579
vn -0.4056 -0.9137 -0.0269
vn -0.3177 -0.9121 -0.2592
vn -0.1845 -0.8433 -0.5048
vn -0.0146 -0.6824 -0.7309
vn 0.1473 -0.4519 -0.8798
vn 0.2262 -0.2626 -0.9380
vn 0.2321 -0.1523 -0.9607
vn 0.0689 -0.9896 -0.1262
vn 0.1183 -0.8984 -0.4229
vn 0.1776 -0.7418 -0.6467
vn 0.2386 -0.5498 -0.8005
vn 0.2680 -0.3708 -0.8892
vn 0.2540 -0.2469 -0.9352
vn 0.2128 -0.1706 -0.9621
vn 0.7568 -0.6239 -0.1950
vn 0.6871 -0.5410 -0.4850
vn 0.5900 -0.4431 -0.6750
vn 0.4828 -0.3575 -0.7994
vn 0.3747 -0.2861 -0.8819
vn 0.2793 -0.2276 -0.9328
vn 0.2016 -0.1794 -0.9629
vn 0.9785 -0.0228 -0.2052
vn 0.9118 -0.0644 -0.4056
vn 0.8062 -0.1067 -0.5820
vn 0.6577 -0.1523 -0.7377
vn 0.4743 -0.1914 -0.8593
vn 0.3049 -0.2039 -0.9303
vn 0.1861 -0.1883 -0.9643
vn 0.9574 0.2350 -0.1677
vn 0.9355 0.1930 -0.2960
vn 0.8858 0.1299 -0.4456
vn 0.7766 0.0364 -0.6289
vn 0.5821 -0.0764 -0.8096
vn 0.3362 -0.1733 -0.9257
vn 0.1469 -0.2109 -0.9664
vn 0.9238 0.3555 -0.1420
vn 0.9164 0.3383 -0.2139
vn 0.9013 0.2997 -0.3129
vn 0.8478 0.2129 -0.4858
vn 0.6884 0.0643 -0.7225
vn 0.3814 -0.1263 -0.9157
vn 0.0659 -0.2575 -0.9640
vn -0.6140 -0.7722 -0.1632
vn -0.5953 -0.7953 -0.1144
vn -0.5759 -0.8149 -0.0654
vn -0.5568 -0.8305 -0.0129
vn -0.5376 -0.8422 0.0417
vn -0.5181 -0.8499 0.0967
vn -0.4945 -0.8561 0.1503
vn -0.7878 -0.6030 -0.1259
vn -0.7750 -0.6306 -0.0420
vn -0.7520 -0.6581 0.0385
vn -0.7214 -0.6821 0.1195
vn -0.6831 -0.7028 0.1986
vn -0.6374 -0.7203 0.2735
vn -0.5807 -0.7396 0.3402
vn -0.9878 -0.1519 -0.0333
vn -0.9794 -0.1742 0.1022
vn -0.9511 -0.2040 0.2318
vn -0.9036 -0.2384 0.3560
vn -0.8370 -0.2777 0.4715
vn -0.7525 -0.3211 0.5751
vn -0.6499 -0.3715 0.6631
vn -0.8468 0.5230 0.0974
vn -0.8270 0.5089 0.2389
vn -0.7899 0.4860 0.3740
vn -0.7357 0.4540 0.5027
vn -0.6641 0.4124 0.6237
vn -0.5740 0.3611 0.7349
vn -0.4643 0.2998 0.8334
vn -0.4360 0.8835 0.1712
vn -0.4125 0.8722 0.2629
vn -0.3778 0.8570 0.3504
vn -0.3332 0.8369 0.4344
vn -0.2786 0.8112 0.5141
vn -0.2144 0.7792 0.5890
vn -0.1379 0.7405 0.6578
vn -0.1868 0.9640 0.1894
vn -0.1607 0.9558 0.2461
vn -0.1275 0.9455 0.2996
vn -0.0906 0.9316 0.3520
vn -0.0514 0.9139 0.4027
vn -0.0104 0.8922 0.4515
vn 0.0363 0.8660 0.4986
vn -0.0472 0.9799 0.1941
vn -0.0183 0.9730 0.2300
vn 0.0128 0.9643 0.2645
vn 0.0439 0.9530 0.2997
vn 0.0733 0.9395 0.3347
vn 0.0999 0.9239 0.3693
vn 0.1262 0.9055 0.4051
vn -0.4163 -0.8919 0.1768
vn -0.3952 -0.9058 0.1528
vn -0.3927 -0.9098 0.1341
vn -0.4048 -0.9060 0.1236
vn -0.4292 -0.8949 0.1220
vn -0.4653 -0.8755 0.1303
vn -0.5114 -0.8463 0.1492
vn -0.4420 -0.8131 0.3788
vn -0.3967 -0.8475 0.3525
vn -0.3757 -0.8682 0.3242
vn -0.3738 -0.8768 0.3025
vn -0.3877 -0.8751 0.2895
vn -0.4153 -0.8633 0.2867
vn -0.4540 -0.8408 0.2950
vn -0.4226 -0.5130 0.7472
vn -0.3360 -0.5841 0.7389
vn -0.2767 -0.6407 0.7162
vn -0.2414 -0.6821 0.6903
vn -0.2266 -0.7098 0.6670
vn -0.2282 -0.7249 0.6499
vn -0.2421 -0.7279 0.6415
vn -0.2037 0.1549 0.9667
vn -0.0816 0.0873 0.9928
vn 0.0235 0.0301 0.9993
vn 0.1118 -0.0165 0.9936
vn 0.1859 -0.0541 0.9811
vn 0.2498 -0.0859 0.9645
vn 0.3066 -0.1151 0.9449
vn 0.0599 0.6606 0.7483
vn 0.1670 0.6314 0.7572
vn 0.2680 0.6089 0.7466
vn 0.3610 0.5899 0.7223
vn 0.4466 0.5718 0.6882
vn 0.5273 0.5507 0.6470
vn 0.6056 0.5225 0.6002
vn 0.1765 0.8169 0.5491
vn 0.2598 0.8015 0.5387
vn 0.3401 0.7877 0.5136
vn 0.4157 0.7726 0.4798
vn 0.4872 0.7543 0.4401
vn 0.5560 0.7308 0.3959
vn 0.6249 0.6990 0.3477
vn 0.2289 0.8716 0.4336
vn 0.2955 0.8613 0.4133
vn 0.3617 0.8490 0.3852
vn 0.4263 0.8332 0.3522
vn 0.4892 0.8130 0.3157
vn 0.5513 0.7873 0.2760
vn 0.6149 0.7537 0.2321
vn 0.4690 -0.5759 0.6696
vn 0.6963 -0.3369 0.6338
vn 0.8000 -0.2716 0.5350
vn 0.8459 -0.2829 0.4521
vn 0.8581 -0.3300 0.3934
vn 0.8497 -0.3886 0.3562
vn 0.8345 -0.4425 0.3284
vn 0.4305 -0.7300 0.5308
vn 0.6032 -0.5044 0.6178
vn 0.7029 -0.4174 0.5759
vn 0.7636 -0.3960 0.5100
vn 0.7933 -0.4118 0.4483
vn 0.8019 -0.4442 0.3996
vn 0.8007 -0.4810 0.3570
vn 0.4201 -0.8122 0.4047
vn 0.5580 -0.6026 0.5705
vn 0.6393 -0.5120 0.5737
vn 0.7017 -0.4752 0.5309
vn 0.7448 -0.4685 0.4751
vn 0.7690 -0.4797 0.4225
vn 0.7814 -0.5012 0.3717
vn 0.3803 -0.8681 0.3192
vn 0.5072 -0.6814 0.5277
vn 0.5834 -0.5883 0.5599
vn 0.6501 -0.5405 0.5340
vn 0.7064 -0.5151 0.4854
vn 0.7477 -0.5048 0.4315
vn 0.7757 -0.5075 0.3753
vn 0.2875 -0.9184 0.2718
vn 0.4240 -0.7596 0.4931
vn 0.5076 -0.6681 0.5440
vn 0.5859 -0.6118 0.5314
vn 0.6608 -0.5689 0.4897
vn 0.7237 -0.5354 0.4355
vn 0.7699 -0.5160 0.3754
vn 0.1386 -0.9590 0.2471
vn 0.2782 -0.8424 0.4615
vn 0.3732 -0.7640 0.5264
vn 0.4717 -0.7063 0.5279
vn 0.5770 -0.6495 0.4952
vn 0.6732 -0.5919 0.4433
vn 0.7453 -0.5464 0.3821
vn -0.0626 -0.9697 0.2360
vn 0.0444 -0.9071 0.4185
vn 0.1424 -0.8574 0.4946
vn 0.2595 -0.8162 0.5163
vn 0.4032 -0.7646 0.5029
vn 0.5522 -0.6941 0.4619
vn 0.6714 -0.6204 0.4054
vn -0.6101 -0.7648 0.2071
vn -0.6427 -0.7306 0.2305
vn -0.6633 -0.7062 0.2476
vn -0.6741 -0.6919 0.2587
vn -0.6761 -0.6878 0.2640
vn -0.6685 -0.6967 0.2601
vn -0.6470 -0.7254 0.2351
vn -0.5401 -0.7722 0.3346
vn -0.5681 -0.7439 0.3519
vn -0.5842 -0.7250 0.3648
vn -0.5894 -0.7165 0.3730
vn -0.5830 -0.7210 0.3744
vn -0.5621 -0.7442 0.3607
vn -0.5231 -0.7948 0.3077
vn -0.2847 -0.7094 0.6447
vn -0.2955 -0.7025 0.6474
vn -0.2943 -0.7024 0.6481
vn -0.2790 -0.7122 0.6441
vn -0.2442 -0.7389 0.6280
vn -0.1841 -0.7933 0.5804
vn -0.0963 -0.8838 0.4579
vn 0.3987 -0.1795 0.8994
vn 0.4334 -0.2150 0.8752
vn 0.4663 -0.2525 0.8478
vn 0.5027 -0.2953 0.8125
vn 0.5513 -0.3510 0.7569
vn 0.6190 -0.4292 0.6578
vn 0.7010 -0.5327 0.4742
vn 0.7459 0.4397 0.5003
vn 0.7959 0.3944 0.4592
vn 0.8351 0.3489 0.4253
vn 0.8684 0.3008 0.3942
vn 0.9013 0.2460 0.3567
vn 0.9380 0.1810 0.2955
vn 0.9767 0.1065 0.1866
vn 0.7521 0.6107 0.2475
vn 0.7969 0.5667 0.2092
vn 0.8314 0.5254 0.1806
vn 0.8601 0.4847 0.1588
vn 0.8871 0.4406 0.1378
vn 0.9147 0.3899 0.1066
vn 0.9417 0.3327 0.0495
vn 0.7344 0.6644 0.1391
vn 0.7760 0.6221 0.1038
vn 0.8076 0.5845 0.0780
vn 0.8334 0.5494 0.0596
vn 0.8572 0.5130 0.0444
vn 0.8814 0.4716 0.0249
vn 0.9055 0.4243 -0.0079
vt 0.572596 0.304855
vt 0.580697 0.299038
vt 0.581016 0.313302
vt 0.572717 0.317590
vt 0.588837 0.293239
vt 0.589386 0.309048
vt 0.597033 0.287467
vt 0.597862 0.304845
vt 0.605322 0.281757
vt 0.606507 0.300748
vt 0.613811 0.276243
vt 0.615494 0.296959
vt 0.622732 0.271235
vt 0.625077 0.293788
vt 0.581329 0.327562
vt 0.572838 0.330324
vt 0.589914 0.324846
vt 0.598639 0.322199
vt 0.607579 0.319670
vt 0.616909 0.317421
vt 0.626837 0.315652
vt 0.581632 0.341818
vt 0.572958 0.343057
vt 0.590409 0.340629
vt 0.599340 0.339514
vt 0.608497 0.338507
vt 0.618033 0.337665
vt 0.628122 0.337058
vt 0.581923 0.356068
vt 0.573076 0.355790
vt 0.590864 0.356392
vt 0.599946 0.356785
vt 0.609235 0.357256
vt 0.618875 0.357768
vt 0.629031 0.358264
vt 0.582204 0.370314
vt 0.573193 0.368522
vt 0.591287 0.372140
vt 0.600475 0.374017
vt 0.609823 0.375942
vt 0.619456 0.377826
vt 0.629548 0.379514
vt 0.582479 0.384556
vt 0.573309 0.381253
vt 0.591688 0.387877
vt 0.600953 0.391225
vt 0.610305 0.394595
vt 0.619816 0.397920
vt 0.629639 0.401026
vt 0.564573 0.299469
vt 0.572474 0.292121
vt 0.564513 0.310682
vt 0.580375 0.284773
vt 0.588277 0.277425
vt 0.596178 0.270077
vt 0.604079 0.262729
vt 0.611980 0.255381
vt 0.619882 0.248033
vt 0.627783 0.240685
vt 0.632945 0.267950
vt 0.635708 0.291836
vt 0.637599 0.314597
vt 0.638936 0.336752
vt 0.639885 0.358668
vt 0.640397 0.380677
vt 0.640309 0.403188
vt 0.638713 0.427668
vt 0.629386 0.422856
vt 0.620059 0.418044
vt 0.610732 0.413232
vt 0.601405 0.408421
vt 0.592078 0.403609
vt 0.582751 0.398797
vt 0.573424 0.393985
vt 0.564157 0.377960
vt 0.564097 0.389173
vt 0.564216 0.366747
vt 0.564276 0.355534
vt 0.564335 0.344321
vt 0.564394 0.333108
vt 0.564454 0.321895
vt 0.645554 0.267946
vt 0.659386 0.269502
vt 0.660623 0.292174
vt 0.647702 0.291512
vt 0.673508 0.271225
vt 0.673873 0.292886
vt 0.687606 0.272580
vt 0.686967 0.292606
vt 0.661744 0.314749
vt 0.649328 0.314392
vt 0.674421 0.315074
vt 0.686661 0.313465
vt 0.728918 0.273382
vt 0.723973 0.284423
vt 0.711829 0.287599
vt 0.715264 0.273467
vt 0.718952 0.294830
vt 0.708321 0.300822
vt 0.713801 0.304166
vt 0.704565 0.311739
vt 0.699570 0.290615
vt 0.701516 0.273278
vt 0.697713 0.307568
vt 0.695656 0.321289
vt 0.697453 0.325248
vt 0.691159 0.328723
vt 0.695898 0.324472
vt 0.703013 0.319005
vt 0.685046 0.331995
vt 0.689123 0.329904
vt 0.679220 0.334880
vt 0.683001 0.334623
vt 0.700404 0.319271
vt 0.708478 0.312122
vt 0.692766 0.327299
vt 0.686274 0.335087
vt 0.663536 0.340816
vt 0.668547 0.342105
vt 0.673051 0.340361
vt 0.668565 0.339163
vt 0.673719 0.343718
vt 0.677729 0.342223
vt 0.679169 0.345849
vt 0.682976 0.345320
vt 0.677745 0.338019
vt 0.673754 0.337236
vt 0.681682 0.339762
vt 0.686287 0.343940
vt 0.697350 0.355381
vt 0.702951 0.361352
vt 0.695865 0.355621
vt 0.691076 0.351873
vt 0.708496 0.367969
vt 0.700487 0.360307
vt 0.713964 0.375673
vt 0.704904 0.367342
vt 0.689098 0.350014
vt 0.684979 0.348623
vt 0.692840 0.351848
vt 0.696041 0.357048
vt 0.729933 0.405797
vt 0.717309 0.404366
vt 0.713214 0.390621
vt 0.724655 0.394964
vt 0.704588 0.403202
vt 0.701636 0.386422
vt 0.691703 0.402533
vt 0.689704 0.383199
vt 0.709113 0.377808
vt 0.719342 0.384775
vt 0.698833 0.370069
vt 0.688053 0.363059
vt 0.652505 0.403472
vt 0.652203 0.381101
vt 0.664644 0.381213
vt 0.665480 0.402955
vt 0.651536 0.358950
vt 0.663740 0.359293
vt 0.650566 0.336793
vt 0.662772 0.337146
vt 0.677278 0.381643
vt 0.678624 0.402517
vt 0.676123 0.360124
vt 0.675211 0.337763
vt 0.686967 0.292606
vt 0.687606 0.272580
vt 0.704565 0.311739
vt 0.682976 0.345320
vt 0.679169 0.345849
vt 0.704904 0.367342
vt 0.713964 0.375673
vt 0.662772 0.337146
vt 0.687684 0.338780
vt 0.642932 0.243735
vt 0.658082 0.246785
vt 0.673231 0.249835
vt 0.688380 0.252885
vt 0.748977 0.265085
vt 0.742528 0.273170
vt 0.733828 0.262035
vt 0.736079 0.281255
vt 0.729630 0.289340
vt 0.723181 0.297425
vt 0.718679 0.258985
vt 0.703529 0.255935
vt 0.697385 0.329765
vt 0.691845 0.331183
vt 0.703834 0.321680
vt 0.686304 0.332600
vt 0.680764 0.334017
vt 0.675223 0.335435
vt 0.710283 0.313595
vt 0.716732 0.305510
vt 0.723181 0.297425
vt 0.653061 0.341104
vt 0.658584 0.342335
vt 0.658602 0.339686
vt 0.664107 0.343566
vt 0.669630 0.344796
vt 0.675153 0.346027
vt 0.664142 0.338269
vt 0.669683 0.336852
vt 0.675223 0.335435
vt 0.697244 0.350951
vt 0.703711 0.359008
vt 0.691722 0.349720
vt 0.710178 0.367065
vt 0.716644 0.375122
vt 0.723111 0.383179
vt 0.686199 0.348489
vt 0.680676 0.347258
vt 0.748977 0.415408
vt 0.735194 0.416940
vt 0.742511 0.407351
vt 0.721411 0.418473
vt 0.707628 0.420005
vt 0.693845 0.421538
vt 0.736044 0.399293
vt 0.729577 0.391236
vt 0.640308 0.403188
vt 0.652496 0.426136
vt 0.640397 0.380677
vt 0.639885 0.358668
vt 0.638936 0.336752
vt 0.666279 0.424603
vt 0.680062 0.423070
vt 0.619873 0.641573
vt 0.632509 0.641694
vt 0.628301 0.650053
vt 0.614229 0.649738
vt 0.645145 0.641813
vt 0.642370 0.650363
vt 0.657780 0.641931
vt 0.656434 0.650663
vt 0.670415 0.642048
vt 0.670491 0.650951
vt 0.683049 0.642164
vt 0.684544 0.651230
vt 0.695682 0.642278
vt 0.698593 0.651502
vt 0.624130 0.658483
vt 0.608605 0.657939
vt 0.639644 0.659005
vt 0.655141 0.659495
vt 0.670616 0.659947
vt 0.686075 0.660366
vt 0.701523 0.660764
vt 0.620014 0.667017
vt 0.603010 0.666197
vt 0.636992 0.667786
vt 0.653928 0.668480
vt 0.670816 0.669081
vt 0.687663 0.669606
vt 0.704483 0.670080
vt 0.616008 0.675717
vt 0.597479 0.674546
vt 0.634464 0.676777
vt 0.652831 0.677686
vt 0.671104 0.678419
vt 0.689306 0.679003
vt 0.707470 0.679482
vt 0.612304 0.684754
vt 0.592138 0.683092
vt 0.632220 0.686153
vt 0.651915 0.687266
vt 0.671456 0.688101
vt 0.690935 0.688680
vt 0.710429 0.689041
vt 0.609201 0.694379
vt 0.587285 0.692063
vt 0.630452 0.696118
vt 0.651252 0.697389
vt 0.671836 0.698291
vt 0.692424 0.698808
vt 0.713214 0.698906
vt 0.614318 0.633486
vt 0.625527 0.633427
vt 0.607237 0.641453
vt 0.636736 0.633368
vt 0.647945 0.633309
vt 0.659154 0.633250
vt 0.670363 0.633191
vt 0.681572 0.633132
vt 0.692781 0.633073
vt 0.703991 0.633014
vt 0.708315 0.642393
vt 0.712640 0.651772
vt 0.716965 0.661151
vt 0.721290 0.670530
vt 0.725615 0.679909
vt 0.729939 0.689288
vt 0.734264 0.698666
vt 0.738589 0.708045
vt 0.715208 0.709605
vt 0.693495 0.709682
vt 0.672185 0.709169
vt 0.650915 0.708226
vt 0.629388 0.706903
vt 0.607267 0.705036
vt 0.584068 0.702309
vt 0.564750 0.689250
vt 0.557668 0.697216
vt 0.571831 0.681284
vt 0.578912 0.673318
vt 0.585993 0.665351
vt 0.593074 0.657385
vt 0.600155 0.649419
vt 0.583959 0.714919
vt 0.606890 0.717038
vt 0.607449 0.729951
vt 0.585323 0.728734
vt 0.629159 0.718642
vt 0.629482 0.731055
vt 0.650954 0.719867
vt 0.651330 0.732072
vt 0.608040 0.743185
vt 0.586835 0.742833
vt 0.629769 0.743722
vt 0.651990 0.744503
vt 0.715621 0.721806
vt 0.715385 0.734772
vt 0.694250 0.733934
vt 0.693975 0.721497
vt 0.715272 0.747901
vt 0.694895 0.746558
vt 0.715627 0.760964
vt 0.696684 0.758969
vt 0.672914 0.733033
vt 0.672487 0.720830
vt 0.673866 0.745408
vt 0.676933 0.757323
vt 0.719913 0.799136
vt 0.709151 0.793860
vt 0.704570 0.782440
vt 0.718141 0.786532
vt 0.699023 0.788548
vt 0.691914 0.778343
vt 0.689964 0.783172
vt 0.681563 0.774137
vt 0.700140 0.770882
vt 0.716637 0.773830
vt 0.684053 0.768084
vt 0.671238 0.765298
vt 0.669676 0.766565
vt 0.666169 0.760323
vt 0.669919 0.765107
vt 0.675660 0.772163
vt 0.662920 0.754257
vt 0.664311 0.758368
vt 0.660152 0.748478
vt 0.659622 0.752274
vt 0.674587 0.769724
vt 0.682278 0.777706
vt 0.666123 0.762103
vt 0.658235 0.755574
vt 0.655149 0.732934
vt 0.653505 0.737937
vt 0.654689 0.742400
vt 0.656426 0.737916
vt 0.651590 0.743101
vt 0.652355 0.747073
vt 0.649249 0.748540
vt 0.648975 0.752307
vt 0.656536 0.747053
vt 0.658029 0.743058
vt 0.654079 0.750990
vt 0.649423 0.755566
vt 0.639677 0.766688
vt 0.633444 0.772243
vt 0.638882 0.765154
vt 0.643131 0.760423
vt 0.626581 0.777704
vt 0.633703 0.769653
vt 0.618664 0.783022
vt 0.626233 0.773809
vt 0.644284 0.758405
vt 0.646382 0.754338
vt 0.641685 0.762038
vt 0.635744 0.764921
vt 0.588120 0.798133
vt 0.588423 0.784507
vt 0.602374 0.781071
vt 0.599068 0.793189
vt 0.588452 0.770788
vt 0.605516 0.768838
vt 0.587972 0.756905
vt 0.607633 0.756258
vt 0.615437 0.777564
vt 0.609392 0.788171
vt 0.622215 0.766978
vt 0.628129 0.755945
vt 0.651330 0.732072
vt 0.650954 0.719867
vt 0.696684 0.758969
vt 0.715627 0.760964
vt 0.681563 0.774137
vt 0.689963 0.783172
vt 0.660152 0.748478
vt 0.648975 0.752307
vt 0.649249 0.748540
vt 0.626233 0.773809
vt 0.618664 0.783022
vt 0.607633 0.756258
vt 0.587971 0.756905
vt 0.653070 0.756963
vt 0.560412 0.712334
vt 0.563156 0.727452
vt 0.565899 0.742570
vt 0.568643 0.757688
vt 0.737502 0.721810
vt 0.715208 0.709605
vt 0.736414 0.735574
vt 0.735327 0.749338
vt 0.734240 0.763103
vt 0.693495 0.709682
vt 0.672185 0.709169
vt 0.729891 0.818160
vt 0.721807 0.811693
vt 0.730978 0.804395
vt 0.713723 0.805226
vt 0.705639 0.798760
vt 0.697556 0.792293
vt 0.732065 0.790631
vt 0.733153 0.776867
vt 0.665220 0.766427
vt 0.663997 0.760938
vt 0.673304 0.772893
vt 0.662774 0.755450
vt 0.661551 0.749962
vt 0.660328 0.744473
vt 0.681388 0.779360
vt 0.689472 0.785827
vt 0.655435 0.722520
vt 0.654031 0.728029
vt 0.656658 0.728008
vt 0.652627 0.733539
vt 0.651224 0.739048
vt 0.649820 0.744558
vt 0.657881 0.733497
vt 0.659104 0.738985
vt 0.660328 0.744473
vt 0.644206 0.766595
vt 0.636132 0.773041
vt 0.645609 0.761086
vt 0.628059 0.779487
vt 0.619985 0.785932
vt 0.611912 0.792378
vt 0.647013 0.755577
vt 0.648417 0.750067
vt 0.649820 0.744558
vt 0.579618 0.818160
vt 0.576874 0.803042
vt 0.587691 0.811714
vt 0.574130 0.787924
vt 0.571387 0.772806
vt 0.568643 0.757688
vt 0.595765 0.805269
vt 0.603838 0.798823
vt 0.536618 0.801527
vt 0.536330 0.795531
vt 0.538454 0.794896
vt 0.538682 0.801098
vt 0.535988 0.789690
vt 0.538149 0.788919
vt 0.535619 0.783928
vt 0.537796 0.783078
vt 0.535236 0.778206
vt 0.537416 0.777314
vt 0.534843 0.772511
vt 0.537018 0.771599
vt 0.534443 0.766834
vt 0.536608 0.765917
vt 0.540617 0.794152
vt 0.540821 0.800449
vt 0.540328 0.788097
vt 0.539981 0.782205
vt 0.539600 0.776411
vt 0.539194 0.770683
vt 0.538772 0.765000
vt 0.542826 0.793280
vt 0.543032 0.799599
vt 0.542533 0.787203
vt 0.542180 0.781295
vt 0.541789 0.775493
vt 0.541372 0.769763
vt 0.540937 0.764082
vt 0.545083 0.792272
vt 0.545309 0.798562
vt 0.544768 0.786224
vt 0.544394 0.780342
vt 0.543984 0.774556
vt 0.543551 0.768837
vt 0.543102 0.763163
vt 0.547386 0.791135
vt 0.547661 0.797321
vt 0.547029 0.785174
vt 0.546621 0.779351
vt 0.546186 0.773604
vt 0.545733 0.767907
vt 0.545268 0.762243
vt 0.549730 0.789887
vt 0.550095 0.795859
vt 0.549308 0.784073
vt 0.548857 0.778337
vt 0.548391 0.772642
vt 0.547915 0.766974
vt 0.547433 0.761324
vt 0.535005 0.807450
vt 0.534616 0.801778
vt 0.536759 0.807953
vt 0.534226 0.796107
vt 0.533837 0.790436
vt 0.533447 0.784765
vt 0.533058 0.779094
vt 0.532668 0.773422
vt 0.532279 0.767751
vt 0.531889 0.762080
vt 0.534041 0.761166
vt 0.536192 0.760252
vt 0.538343 0.759338
vt 0.540494 0.758424
vt 0.542645 0.757510
vt 0.544797 0.756596
vt 0.546948 0.755682
vt 0.549099 0.754768
vt 0.549599 0.760404
vt 0.550098 0.766039
vt 0.550598 0.771675
vt 0.551097 0.777310
vt 0.551597 0.782946
vt 0.552096 0.788581
vt 0.552596 0.794216
vt 0.550294 0.802269
vt 0.553095 0.799852
vt 0.547794 0.803887
vt 0.545415 0.805181
vt 0.543125 0.806232
vt 0.540910 0.807073
vt 0.538779 0.807673
vt 0.737346 0.871722
vt 0.737764 0.876747
vt 0.735702 0.875699
vt 0.735395 0.870655
vt 0.738263 0.881756
vt 0.736127 0.880722
vt 0.738803 0.886759
vt 0.736624 0.885732
vt 0.739364 0.891757
vt 0.737161 0.890735
vt 0.739940 0.896754
vt 0.737725 0.895734
vt 0.740525 0.901749
vt 0.738306 0.900730
vt 0.733582 0.874661
vt 0.733329 0.869608
vt 0.733964 0.879691
vt 0.734432 0.884707
vt 0.734952 0.889714
vt 0.735508 0.894715
vt 0.736087 0.899711
vt 0.731394 0.873635
vt 0.731156 0.868580
vt 0.731762 0.878667
vt 0.732221 0.883685
vt 0.732735 0.888694
vt 0.733289 0.893695
vt 0.733868 0.898693
vt 0.729134 0.872620
vt 0.728884 0.867569
vt 0.729515 0.877651
vt 0.729986 0.882667
vt 0.730508 0.887675
vt 0.731066 0.892677
vt 0.731648 0.897675
vt 0.726804 0.871617
vt 0.726501 0.866575
vt 0.727230 0.876641
vt 0.727731 0.881653
vt 0.728273 0.886658
vt 0.728842 0.891659
vt 0.729428 0.896656
vt 0.724414 0.870624
vt 0.723997 0.865599
vt 0.724918 0.875636
vt 0.725464 0.880640
vt 0.726033 0.885642
vt 0.726615 0.890641
vt 0.727208 0.895638
vt 0.738616 0.867813
vt 0.739206 0.872806
vt 0.737151 0.866657
vt 0.739796 0.877800
vt 0.740385 0.882793
vt 0.740975 0.887787
vt 0.741565 0.892780
vt 0.742154 0.897774
vt 0.742744 0.902767
vt 0.743334 0.907761
vt 0.741115 0.906743
vt 0.738897 0.905725
vt 0.736679 0.904707
vt 0.734460 0.903689
vt 0.732242 0.902671
vt 0.730023 0.901653
vt 0.727805 0.900635
vt 0.725587 0.899617
vt 0.724988 0.894620
vt 0.724388 0.889623
vt 0.723789 0.884626
vt 0.723190 0.879629
vt 0.722591 0.874632
vt 0.721992 0.869635
vt 0.721393 0.864639
vt 0.723822 0.860539
vt 0.720794 0.859642
vt 0.726406 0.861500
vt 0.728812 0.862489
vt 0.731086 0.863498
vt 0.733248 0.864526
vt 0.735282 0.865576
vt 0.411763 0.863768
vt 0.407402 0.854296
vt 0.408247 0.854877
vt 0.411504 0.864856
vt 0.402225 0.845196
vt 0.403809 0.845433
vt 0.396636 0.836282
vt 0.398650 0.836315
vt 0.390830 0.827465
vt 0.393093 0.827377
vt 0.384884 0.818712
vt 0.387275 0.818556
vt 0.378846 0.810000
vt 0.381281 0.809814
vt 0.409668 0.855196
vt 0.412404 0.865417
vt 0.405661 0.845550
vt 0.400791 0.836292
vt 0.395410 0.827265
vt 0.389681 0.818394
vt 0.383719 0.809627
vt 0.411764 0.855212
vt 0.414369 0.865497
vt 0.407888 0.845497
vt 0.403123 0.836183
vt 0.397807 0.827116
vt 0.392111 0.818220
vt 0.386160 0.809439
vt 0.414572 0.854907
vt 0.417310 0.865138
vt 0.410561 0.845245
vt 0.405688 0.835969
vt 0.400303 0.826923
vt 0.394570 0.818034
vt 0.388604 0.809249
vt 0.418055 0.854300
vt 0.421318 0.864303
vt 0.413611 0.844823
vt 0.408443 0.835670
vt 0.402879 0.826694
vt 0.397052 0.817837
vt 0.391051 0.809058
vt 0.422116 0.853435
vt 0.426486 0.862951
vt 0.416927 0.844282
vt 0.411326 0.835313
vt 0.405509 0.826441
vt 0.399551 0.817632
vt 0.393500 0.808866
vt 0.419050 0.870931
vt 0.412959 0.862253
vt 0.413845 0.874278
vt 0.406868 0.853575
vt 0.400776 0.844897
vt 0.394685 0.836219
vt 0.388594 0.827542
vt 0.382502 0.818864
vt 0.376411 0.810186
vt 0.370319 0.801508
vt 0.372760 0.801310
vt 0.375201 0.801111
vt 0.377641 0.800913
vt 0.380082 0.800715
vt 0.382522 0.800516
vt 0.384963 0.800318
vt 0.387403 0.800120
vt 0.389844 0.799922
vt 0.395951 0.808673
vt 0.402058 0.817425
vt 0.408165 0.826176
vt 0.414272 0.834928
vt 0.420379 0.843679
vt 0.426486 0.852431
vt 0.432593 0.861183
vt 0.428573 0.873480
vt 0.438700 0.869934
vt 0.422601 0.875186
vt 0.418326 0.876140
vt 0.415321 0.876525
vt 0.413418 0.876416
vt 0.412785 0.875732
vt 0.378846 0.970454
vt 0.384884 0.956244
vt 0.387275 0.956070
vt 0.381281 0.970247
vt 0.390830 0.942075
vt 0.393093 0.941972
vt 0.396636 0.927970
vt 0.398650 0.927991
vt 0.402225 0.913962
vt 0.403809 0.914190
vt 0.407402 0.900140
vt 0.408247 0.900715
vt 0.411763 0.886690
vt 0.411504 0.887775
vt 0.389681 0.955890
vt 0.383719 0.970040
vt 0.395410 0.941845
vt 0.400791 0.927956
vt 0.405661 0.914298
vt 0.409668 0.901029
vt 0.412404 0.888333
vt 0.392110 0.955699
vt 0.386159 0.969831
vt 0.397807 0.941681
vt 0.403123 0.927835
vt 0.407888 0.914237
vt 0.411764 0.901038
vt 0.414368 0.888411
vt 0.394569 0.955495
vt 0.388604 0.969620
vt 0.400303 0.941474
vt 0.405688 0.927610
vt 0.410561 0.913975
vt 0.414572 0.900727
vt 0.417310 0.888048
vt 0.397052 0.955280
vt 0.391051 0.969408
vt 0.402879 0.941230
vt 0.408443 0.927298
vt 0.413611 0.913545
vt 0.418055 0.900114
vt 0.421318 0.887210
vt 0.399551 0.955058
vt 0.393500 0.969195
vt 0.405508 0.940962
vt 0.411326 0.926930
vt 0.416927 0.912994
vt 0.422115 0.899243
vt 0.426486 0.885855
vt 0.370319 0.984907
vt 0.376411 0.970660
vt 0.372760 0.984685
vt 0.382502 0.956413
vt 0.388594 0.942166
vt 0.394685 0.927919
vt 0.400776 0.913672
vt 0.406868 0.899425
vt 0.412959 0.885178
vt 0.432593 0.884084
vt 0.426486 0.898234
vt 0.420379 0.912383
vt 0.414272 0.926533
vt 0.408165 0.940683
vt 0.402057 0.954832
vt 0.395950 0.968982
vt 0.387403 0.983354
vt 0.389843 0.983132
vt 0.384962 0.983576
vt 0.382522 0.983797
vt 0.380081 0.984019
vt 0.377641 0.984241
vt 0.375200 0.984463
vt 0.534542 0.862306
vt 0.534927 0.854344
vt 0.537186 0.853414
vt 0.536805 0.861368
vt 0.535306 0.846400
vt 0.537556 0.845493
vt 0.535676 0.838483
vt 0.537908 0.837622
vt 0.536031 0.830607
vt 0.538234 0.829826
vt 0.536358 0.822809
vt 0.538511 0.822168
vt 0.536632 0.815165
vt 0.538710 0.814733
vt 0.539447 0.852480
vt 0.539068 0.860429
vt 0.539810 0.844575
vt 0.540150 0.836736
vt 0.540455 0.828995
vt 0.540702 0.821418
vt 0.540863 0.814082
vt 0.541709 0.851541
vt 0.541331 0.859489
vt 0.542070 0.843641
vt 0.542405 0.835814
vt 0.542702 0.828092
vt 0.542938 0.820539
vt 0.543088 0.813228
vt 0.543973 0.850597
vt 0.543594 0.858549
vt 0.544336 0.842689
vt 0.544675 0.834848
vt 0.544979 0.827104
vt 0.545223 0.819525
vt 0.545379 0.812188
vt 0.546239 0.849648
vt 0.545858 0.857608
vt 0.546607 0.841722
vt 0.546958 0.833845
vt 0.547282 0.826045
vt 0.547555 0.818382
vt 0.547745 0.810945
vt 0.548505 0.848697
vt 0.548122 0.856667
vt 0.548883 0.840744
vt 0.549250 0.832819
vt 0.549603 0.824934
vt 0.549927 0.817128
vt 0.550193 0.809479
vt 0.531889 0.871215
vt 0.532279 0.863245
vt 0.534153 0.870277
vt 0.532668 0.855274
vt 0.533058 0.847303
vt 0.533447 0.839332
vt 0.533837 0.831362
vt 0.534226 0.823391
vt 0.534616 0.815420
vt 0.552708 0.807834
vt 0.552321 0.815816
vt 0.551934 0.823798
vt 0.551547 0.831780
vt 0.551160 0.839762
vt 0.550773 0.847744
vt 0.550386 0.855726
vt 0.547735 0.864646
vt 0.549999 0.863708
vt 0.545471 0.865585
vt 0.543208 0.866523
vt 0.540944 0.867462
vt 0.538680 0.868400
vt 0.536417 0.869338
vt 0.997550 0.348657
vt 0.997550 0.359887
vt 0.995101 0.359891
vt 0.995101 0.348661
vt 0.997550 0.371117
vt 0.995101 0.371121
vt 0.997550 0.382347
vt 0.995101 0.382351
vt 0.997550 0.393577
vt 0.995101 0.393581
vt 0.997550 0.404807
vt 0.995101 0.404811
vt 0.997550 0.416037
vt 0.995101 0.416041
vt 0.992651 0.359896
vt 0.992651 0.348666
vt 0.992651 0.371126
vt 0.992651 0.382356
vt 0.992651 0.393586
vt 0.992651 0.404816
vt 0.992651 0.416046
vt 0.990202 0.359900
vt 0.990202 0.348671
vt 0.990202 0.371130
vt 0.990202 0.382360
vt 0.990202 0.393590
vt 0.990202 0.404820
vt 0.990201 0.416050
vt 0.987752 0.359905
vt 0.987752 0.348675
vt 0.987752 0.371135
vt 0.987752 0.382365
vt 0.987752 0.393595
vt 0.987752 0.404825
vt 0.987752 0.416055
vt 0.985302 0.359910
vt 0.985302 0.348680
vt 0.985302 0.371140
vt 0.985302 0.382370
vt 0.985302 0.393600
vt 0.985302 0.404829
vt 0.985302 0.416059
vt 0.982853 0.359914
vt 0.982853 0.348684
vt 0.982853 0.371144
vt 0.982853 0.382374
vt 0.982853 0.393604
vt 0.982853 0.404834
vt 0.982853 0.416064
vt 1.000000 0.337422
vt 1.000000 0.348652
vt 0.997550 0.337427
vt 1.000000 0.359882
vt 1.000000 0.371112
vt 1.000000 0.382342
vt 1.000000 0.393572
vt 1.000000 0.404802
vt 1.000000 0.416032
vt 1.000000 0.427262
vt 0.997550 0.427267
vt 0.995101 0.427271
vt 0.992651 0.427276
vt 0.990202 0.427280
vt 0.987752 0.427285
vt 0.985302 0.427289
vt 0.982853 0.427294
vt 0.980403 0.427299
vt 0.980403 0.416069
vt 0.980403 0.404839
vt 0.980403 0.393609
vt 0.980403 0.382379
vt 0.980403 0.371149
vt 0.980403 0.359919
vt 0.980403 0.348689
vt 0.982853 0.337454
vt 0.980403 0.337459
vt 0.985302 0.337450
vt 0.987752 0.337445
vt 0.990202 0.337441
vt 0.992651 0.337436
vt 0.995101 0.337431
vt 0.361198 0.811898
vt 0.357220 0.823972
vt 0.354847 0.823779
vt 0.358781 0.811717
vt 0.353303 0.836051
vt 0.351026 0.835851
vt 0.349477 0.848139
vt 0.347377 0.847939
vt 0.345793 0.860239
vt 0.343986 0.860051
vt 0.342379 0.872363
vt 0.341069 0.872204
vt 0.339501 0.884532
vt 0.338926 0.884423
vt 0.352463 0.823584
vt 0.356363 0.811535
vt 0.348715 0.835648
vt 0.345193 0.847732
vt 0.342006 0.859847
vt 0.339382 0.872012
vt 0.337589 0.884251
vt 0.350064 0.823389
vt 0.353944 0.811353
vt 0.346351 0.835439
vt 0.342885 0.847513
vt 0.339779 0.859620
vt 0.337253 0.871780
vt 0.335555 0.884017
vt 0.347646 0.823191
vt 0.351521 0.811171
vt 0.343922 0.835225
vt 0.340426 0.847280
vt 0.337263 0.859366
vt 0.334660 0.871506
vt 0.332884 0.883725
vt 0.345213 0.822992
vt 0.349097 0.810989
vt 0.341442 0.835006
vt 0.337842 0.847036
vt 0.334501 0.859090
vt 0.331628 0.871190
vt 0.329521 0.883366
vt 0.342769 0.822792
vt 0.346672 0.810806
vt 0.338926 0.834784
vt 0.335175 0.846784
vt 0.331565 0.858797
vt 0.328222 0.870837
vt 0.325408 0.882930
vt 0.367640 0.799995
vt 0.363614 0.812080
vt 0.365206 0.799827
vt 0.359588 0.824165
vt 0.355563 0.836250
vt 0.351537 0.848335
vt 0.347511 0.860420
vt 0.343485 0.872505
vt 0.339459 0.884590
vt 0.335434 0.896675
vt 0.338127 0.896820
vt 0.338083 0.896750
vt 0.336925 0.896588
vt 0.334934 0.896353
vt 0.332225 0.896053
vt 0.328692 0.895671
vt 0.324065 0.895178
vt 0.316763 0.894401
vt 0.320689 0.882433
vt 0.324615 0.870465
vt 0.328541 0.858497
vt 0.332467 0.846528
vt 0.336393 0.834560
vt 0.340319 0.822592
vt 0.344245 0.810624
vt 0.350605 0.798823
vt 0.348172 0.798656
vt 0.353039 0.798990
vt 0.355472 0.799158
vt 0.357906 0.799325
vt 0.360339 0.799493
vt 0.362773 0.799660
vt 0.740620 0.830296
vt 0.740021 0.835509
vt 0.737887 0.834511
vt 0.738496 0.829303
vt 0.739432 0.840720
vt 0.737296 0.839715
vt 0.738857 0.845928
vt 0.736732 0.844916
vt 0.738304 0.851134
vt 0.736208 0.850110
vt 0.737791 0.856331
vt 0.735757 0.855291
vt 0.737360 0.861515
vt 0.735422 0.860451
vt 0.735752 0.833513
vt 0.736372 0.828310
vt 0.735155 0.838712
vt 0.734595 0.843906
vt 0.734086 0.849090
vt 0.733664 0.854260
vt 0.733369 0.859408
vt 0.733614 0.832516
vt 0.734247 0.827317
vt 0.733006 0.837710
vt 0.732438 0.842898
vt 0.731925 0.848077
vt 0.731503 0.853241
vt 0.731210 0.858384
vt 0.731473 0.831519
vt 0.732122 0.826324
vt 0.730847 0.836710
vt 0.730257 0.841895
vt 0.729719 0.847072
vt 0.729269 0.852234
vt 0.728952 0.857376
vt 0.729330 0.830522
vt 0.729997 0.825331
vt 0.728680 0.835711
vt 0.728057 0.840895
vt 0.727474 0.846073
vt 0.726967 0.851239
vt 0.726582 0.856385
vt 0.727185 0.829526
vt 0.727872 0.824338
vt 0.726507 0.834713
vt 0.725843 0.839898
vt 0.725202 0.845078
vt 0.724604 0.850252
vt 0.724091 0.855413
vt 0.743334 0.826071
vt 0.742744 0.831289
vt 0.741224 0.825082
vt 0.742154 0.836507
vt 0.741565 0.841724
vt 0.740975 0.846942
vt 0.740385 0.852160
vt 0.739796 0.857377
vt 0.739206 0.862595
vt 0.721501 0.854456
vt 0.722209 0.849271
vt 0.722916 0.844086
vt 0.723624 0.838901
vt 0.724331 0.833716
vt 0.725039 0.828530
vt 0.725747 0.823345
vt 0.728564 0.819149
vt 0.726454 0.818160
vt 0.730674 0.820138
vt 0.732784 0.821127
vt 0.734894 0.822115
vt 0.737004 0.823104
vt 0.739114 0.824093
vt 0.339501 0.909327
vt 0.342379 0.921955
vt 0.341069 0.921790
vt 0.338926 0.909216
vt 0.345793 0.934627
vt 0.343987 0.934430
vt 0.349478 0.947322
vt 0.347377 0.947111
vt 0.353303 0.960030
vt 0.351027 0.959815
vt 0.357220 0.972747
vt 0.354847 0.972535
vt 0.361198 0.985469
vt 0.358782 0.985266
vt 0.339382 0.921592
vt 0.337589 0.909040
vt 0.342006 0.934216
vt 0.345194 0.946891
vt 0.348715 0.959597
vt 0.352464 0.972323
vt 0.356364 0.985064
vt 0.337253 0.921354
vt 0.335555 0.908804
vt 0.339780 0.933981
vt 0.342886 0.946660
vt 0.346351 0.959373
vt 0.350065 0.972109
vt 0.353945 0.984861
vt 0.334661 0.921074
vt 0.332884 0.908509
vt 0.337263 0.933718
vt 0.340427 0.946416
vt 0.343923 0.959144
vt 0.347647 0.971894
vt 0.351522 0.984658
vt 0.331629 0.920751
vt 0.329521 0.908146
vt 0.334501 0.933433
vt 0.337843 0.946159
vt 0.341443 0.958910
vt 0.345214 0.971677
vt 0.349099 0.984454
vt 0.328223 0.920393
vt 0.325408 0.907708
vt 0.331566 0.933131
vt 0.335176 0.945895
vt 0.338928 0.958673
vt 0.342770 0.971459
vt 0.346673 0.984251
vt 0.339459 0.909389
vt 0.343485 0.922103
vt 0.347511 0.934816
vt 0.351537 0.947530
vt 0.355562 0.960244
vt 0.359588 0.972958
vt 0.363614 0.985672
vt 0.367640 0.998385
vt 0.365206 0.998194
vt 0.362773 0.998003
vt 0.360340 0.997811
vt 0.357907 0.997620
vt 0.355474 0.997428
vt 0.353040 0.997237
vt 0.350607 0.997046
vt 0.348174 0.996854
vt 0.344247 0.984047
vt 0.340321 0.971241
vt 0.336395 0.958434
vt 0.332468 0.945628
vt 0.328542 0.932821
vt 0.324616 0.920015
vt 0.320689 0.907208
s 1
usemtl Material.002
f 1650/1752/1664 1651/1753/1665 1658/1754/1672 1657/1755/1671
f 1651/1753/1665 1652/1756/1666 1659/1757/1673 1658/1754/1672
f 1652/1756/1666 1653/1758/1667 1660/1759/1674 1659/1757/1673
f 1653/1758/1667 1654/1760/1668 1661/1761/1675 1660/1759/1674
f 1654/1760/1668 1655/1762/1669 1662/1763/1676 1661/1761/1675
f 1655/1762/1669 1656/1764/1670 1663/1765/1677 1662/1763/1676
f 1657/1755/1671 1658/1754/1672 1665/1766/1679 1664/1767/1678
f 1658/1754/1672 1659/1757/1673 1666/1768/1680 1665/1766/1679
f 1659/1757/1673 1660/1759/1674 1667/1769/1681 1666/1768/1680
f 1660/1759/1674 1661/1761/1675 1668/1770/1682 1667/1769/1681
f 1661/1761/1675 1662/1763/1676 1669/1771/1683 1668/1770/1682
f 1662/1763/1676 1663/1765/1677 1670/1772/1684 1669/1771/1683
f 1664/1767/1678 1665/1766/1679 1672/1773/1686 1671/1774/1685
f 1665/1766/1679 1666/1768/1680 1673/1775/1687 1672/1773/1686
f 1666/1768/1680 1667/1769/1681 1674/1776/1688 1673/1775/1687
f 1667/1769/1681 1668/1770/1682 1675/1777/1689 1674/1776/1688
f 1668/1770/1682 1669/1771/1683 1676/1778/1690 1675/1777/1689
f 1669/1771/1683 1670/1772/1684 1677/1779/1691 1676/1778/1690
f 1671/1774/1685 1672/1773/1686 1679/1780/1693 1678/1781/1692
f 1672/1773/1686 1673/1775/1687 1680/1782/1694 1679/1780/1693
f 1673/1775/1687 1674/1776/1688 1681/1783/1695 1680/1782/1694
f 1674/1776/1688 1675/1777/1689 1682/1784/1696 1681/1783/1695
f 1675/1777/1689 1676/1778/1690 1683/1785/1697 1682/1784/1696
f 1676/1778/1690 1677/1779/1691 1684/1786/1698 1683/1785/1697
f 1678/1781/1692 1679/1780/1693 1686/1787/1700 1685/1788/1699
f 1679/1780/1693 1680/1782/1694 1687/1789/1701 1686/1787/1700
f 1680/1782/1694 1681/1783/1695 1688/1790/1702 1687/1789/1701
f 1681/1783/1695 1682/1784/1696 1689/1791/1703 1688/1790/1702
f 1682/1784/1696 1683/1785/1697 1690/1792/1704 1689/1791/1703
f 1683/1785/1697 1684/1786/1698 1691/1793/1705 1690/1792/1704
f 1685/1788/1699 1686/1787/1700 1693/1794/1707 1692/1795/1706
f 1686/1787/1700 1687/1789/1701 1694/1796/1708 1693/1794/1707
f 1687/1789/1701 1688/1790/1702 1695/1797/1709 1694/1796/1708
f 1688/1790/1702 1689/1791/1703 1696/1798/1710 1695/1797/1709
f 1689/1791/1703 1690/1792/1704 1697/1799/1711 1696/1798/1710
f 1690/1792/1704 1691/1793/1705 1698/1800/1712 1697/1799/1711
f 1421/1801/1443 1446/1802/1467 1650/1752/1664 1447/1803/1468
f 1446/1802/1467 1445/1804/1466 1651/1753/1665 1650/1752/1664
f 1445/1804/1466 1444/1805/1465 1652/1756/1666 1651/1753/1665
f 1444/1805/1465 1443/1806/1464 1653/1758/1667 1652/1756/1666
f 1443/1806/1464 1442/1807/1463 1654/1760/1668 1653/1758/1667
f 1442/1807/1463 1441/1808/1462 1655/1762/1669 1654/1760/1668
f 1441/1808/1462 1440/1809/1461 1656/1764/1670 1655/1762/1669
f 1440/1809/1461 1428/1810/1450 1503/1811/1524 1656/1764/1670
f 1656/1764/1670 1503/1811/1524 1504/1812/1525 1663/1765/1677
f 1663/1765/1677 1504/1812/1525 1505/1813/1526 1670/1772/1684
f 1670/1772/1684 1505/1813/1526 1506/1814/1527 1677/1779/1691
f 1677/1779/1691 1506/1814/1527 1507/1815/1528 1684/1786/1698
f 1684/1786/1698 1507/1815/1528 1508/1816/1529 1691/1793/1705
f 1691/1793/1705 1508/1816/1529 1509/1817/1530 1698/1800/1712
f 1698/1800/1712 1509/1817/1530 1429/1818/1451 1502/1819/1523
f 1697/1799/1711 1698/1800/1712 1502/1819/1523 1501/1820/1522
f 1696/1798/1710 1697/1799/1711 1501/1820/1522 1500/1821/1521
f 1695/1797/1709 1696/1798/1710 1500/1821/1521 1499/1822/1520
f 1694/1796/1708 1695/1797/1709 1499/1822/1520 1498/1823/1519
f 1693/1794/1707 1694/1796/1708 1498/1823/1519 1497/1824/1518
f 1692/1795/1706 1693/1794/1707 1497/1824/1518 1496/1825/1517
f 1453/1826/1474 1692/1795/1706 1496/1825/1517 1422/1827/1444
f 1452/1828/1473 1685/1788/1699 1692/1795/1706 1453/1826/1474
f 1451/1829/1472 1678/1781/1692 1685/1788/1699 1452/1828/1473
f 1450/1830/1471 1671/1774/1685 1678/1781/1692 1451/1829/1472
f 1449/1831/1470 1664/1767/1678 1671/1774/1685 1450/1830/1471
f 1448/1832/1469 1657/1755/1671 1664/1767/1678 1449/1831/1470
f 1447/1803/1468 1650/1752/1664 1657/1755/1671 1448/1832/1469
f 1700/1833/1714 1701/1834/1715 1705/1835/1719 1704/1836/1718
f 1701/1834/1715 1702/1837/1716 1706/1838/1720 1705/1835/1719
f 1702/1837/1716 1703/1839/1717 1707/1840/1721 1706/1838/1720
f 1704/1836/1718 1705/1835/1719 1709/1841/1723 1708/1842/1722
f 1705/1835/1719 1706/1838/1720 1710/1843/1724 1709/1841/1723
f 1706/1838/1720 1707/1840/1721 1711/1844/1725 1710/1843/1724
f 1712/1845/1726 1713/1846/1727 1717/1847/1731 1716/1848/1730
f 1713/1846/1727 1714/1849/1728 1718/1850/1732 1717/1847/1731
f 1714/1849/1728 1715/1851/1729 1719/1852/1733 1718/1850/1732
f 1716/1848/1730 1717/1847/1731 1721/1853/1735 1720/1854/1734
f 1717/1847/1731 1718/1850/1732 1722/1855/1736 1721/1853/1735
f 1718/1850/1732 1719/1852/1733 1723/1856/1737 1722/1855/1736
f 1724/1857/1738 1725/1858/1739 1729/1859/1743 1728/1860/1742
f 1725/1858/1739 1726/1861/1740 1730/1862/1744 1729/1859/1743
f 1726/1861/1740 1727/1863/1741 1731/1864/1745 1730/1862/1744
f 1728/1860/1742 1729/1859/1743 1733/1865/1747 1732/1866/1746
f 1729/1859/1743 1730/1862/1744 1734/1867/1748 1733/1865/1747
f 1730/1862/1744 1731/1864/1745 1735/1868/1749 1734/1867/1748
f 1736/1869/1750 1737/1870/1751 1741/1871/1755 1740/1872/1754
f 1737/1870/1751 1738/1873/1752 1742/1874/1756 1741/1871/1755
f 1738/1873/1752 1739/1875/1753 1743/1876/1757 1742/1874/1756
f 1740/1872/1754 1741/1871/1755 1745/1877/1759 1744/1878/1758
f 1741/1871/1755 1742/1874/1756 1746/1879/1760 1745/1877/1759
f 1742/1874/1756 1743/1876/1757 1747/1880/1761 1746/1879/1760
f 1748/1881/1762 1749/1882/1763 1753/1883/1767 1752/1884/1766
f 1749/1882/1763 1750/1885/1764 1754/1886/1768 1753/1883/1767
f 1750/1885/1764 1751/1887/1765 1755/1888/1769 1754/1886/1768
f 1752/1884/1766 1753/1883/1767 1757/1889/1771 1756/1890/1770
f 1753/1883/1767 1754/1886/1768 1758/1891/1772 1757/1889/1771
f 1754/1886/1768 1755/1888/1769 1759/1892/1773 1758/1891/1772
f 1760/1893/1774 1761/1894/1775 1765/1895/1779 1764/1896/1778
f 1761/1894/1775 1762/1897/1776 1766/1898/1780 1765/1895/1779
f 1762/1897/1776 1763/1899/1777 1767/1900/1781 1766/1898/1780
f 1764/1896/1778 1765/1895/1779 1769/1901/1783 1768/1902/1782
f 1765/1895/1779 1766/1898/1780 1770/1903/1784 1769/1901/1783
f 1766/1898/1780 1767/1900/1781 1771/1904/1785 1770/1903/1784
f 1772/1905/1786 1773/1906/1787 1777/1907/1791 1776/1908/1790
f 1773/1906/1787 1774/1909/1788 1778/1910/1792 1777/1907/1791
f 1774/1909/1788 1775/1911/1789 1779/1912/1793 1778/1910/1792
f 1776/1908/1790 1777/1907/1791 1781/1913/1795 1780/1914/1794
f 1777/1907/1791 1778/1910/1792 1782/1915/1796 1781/1913/1795
f 1778/1910/1792 1779/1912/1793 1783/1916/1797 1782/1915/1796
f 1720/1854/1734 1721/1853/1735 1707/1917/1721 1703/1918/1717
f 1721/1853/1735 1722/1855/1736 1711/1844/1725 1707/1917/1721
f 1732/1866/1746 1733/1865/1747 1719/1919/1733 1715/1851/1729
f 1733/1865/1747 1734/1867/1748 1723/1856/1737 1719/1919/1733
f 1744/1878/1758 1745/1877/1759 1731/1864/1745 1727/1863/1741
f 1745/1877/1759 1746/1879/1760 1735/1868/1749 1731/1864/1745
f 1756/1890/1770 1757/1889/1771 1743/1920/1757 1739/1921/1753
f 1757/1889/1771 1758/1891/1772 1747/1880/1761 1743/1920/1757
f 1768/1902/1782 1769/1901/1783 1755/1922/1769 1751/1923/1765
f 1769/1901/1783 1770/1903/1784 1759/1892/1773 1755/1922/1769
f 1780/1914/1794 1781/1913/1795 1767/1900/1781 1763/1899/1777
f 1781/1913/1795 1782/1915/1796 1771/1904/1785 1767/1900/1781
f 1708/1842/1722 1709/1841/1723 1779/1924/1793 1775/1911/1789
f 1709/1841/1723 1710/1843/1724 1783/1916/1797 1779/1924/1793
f 1710/1843/1724 1711/1844/1725 1699/1925/1713 1783/1916/1797
f 1722/1855/1736 1723/1856/1737 1699/1925/1713 1711/1844/1725
f 1734/1867/1748 1735/1868/1749 1699/1925/1713 1723/1856/1737
f 1746/1879/1760 1747/1880/1761 1699/1925/1713 1735/1868/1749
f 1758/1891/1772 1759/1892/1773 1699/1925/1713 1747/1880/1761
f 1770/1903/1784 1771/1904/1785 1699/1925/1713 1759/1892/1773
f 1782/1915/1796 1783/1916/1797 1699/1925/1713 1771/1904/1785
f 1428/1810/1450 1495/1926/1516 1700/1833/1714 1503/1811/1524
f 1495/1926/1516 1494/1927/1515 1701/1834/1715 1700/1833/1714
f 1494/1927/1515 1493/1928/1514 1702/1837/1716 1701/1834/1715
f 1493/1928/1514 1492/1929/1513 1703/1839/1717 1702/1837/1716
f 1503/1811/1524 1700/1833/1714 1704/1836/1718 1504/1812/1525
f 1504/1812/1525 1704/1836/1718 1708/1842/1722 1505/1813/1526
f 1505/1813/1526 1708/1842/1722 1775/1911/1789 1506/1814/1527
f 1423/1930/1445 1467/1931/1488 1712/1845/1726 1489/1932/1510
f 1467/1931/1488 1466/1933/1487 1713/1846/1727 1712/1845/1726
f 1466/1933/1487 1465/1934/1486 1714/1849/1728 1713/1846/1727
f 1465/1934/1486 1464/1935/1485 1715/1851/1729 1714/1849/1728
f 1489/1932/1510 1712/1845/1726 1716/1848/1730 1490/1936/1511
f 1490/1936/1511 1716/1848/1730 1720/1854/1734 1491/1937/1512
f 1491/1937/1512 1720/1854/1734 1703/1918/1717 1492/1929/1513
f 1426/1938/1448 1475/1939/1496 1724/1857/1738 1461/1940/1482
f 1475/1939/1496 1476/1941/1497 1725/1858/1739 1724/1857/1738
f 1476/1941/1497 1477/1942/1498 1726/1861/1740 1725/1858/1739
f 1477/1942/1498 1478/1943/1499 1727/1863/1741 1726/1861/1740
f 1461/1940/1482 1724/1857/1738 1728/1860/1742 1462/1944/1483
f 1462/1944/1483 1728/1860/1742 1732/1866/1746 1463/1945/1484
f 1463/1945/1484 1732/1866/1746 1715/1851/1729 1464/1946/1485
f 1427/1947/1449 1482/1948/1503 1736/1869/1750 1481/1949/1502
f 1482/1948/1503 1483/1950/1504 1737/1870/1751 1736/1869/1750
f 1483/1950/1504 1484/1951/1505 1738/1873/1752 1737/1870/1751
f 1484/1951/1505 1485/1952/1506 1739/1875/1753 1738/1873/1752
f 1481/1949/1502 1736/1869/1750 1740/1872/1754 1480/1953/1501
f 1480/1953/1501 1740/1872/1754 1744/1878/1758 1479/1954/1500
f 1479/1954/1500 1744/1878/1758 1727/1863/1741 1478/1955/1499
f 1425/1956/1447 1474/1957/1495 1748/1881/1762 1488/1958/1509
f 1474/1957/1495 1473/1959/1494 1749/1882/1763 1748/1881/1762
f 1473/1959/1494 1472/1960/1493 1750/1885/1764 1749/1882/1763
f 1472/1960/1493 1471/1961/1492 1751/1887/1765 1750/1885/1764
f 1488/1958/1509 1748/1881/1762 1752/1884/1766 1487/1962/1508
f 1487/1962/1508 1752/1884/1766 1756/1890/1770 1486/1963/1507
f 1486/1963/1507 1756/1890/1770 1739/1921/1753 1485/1952/1506
f 1424/1964/1446 1460/1965/1481 1760/1893/1774 1468/1966/1489
f 1460/1965/1481 1459/1967/1480 1761/1894/1775 1760/1893/1774
f 1459/1967/1480 1458/1968/1479 1762/1897/1776 1761/1894/1775
f 1458/1968/1479 1457/1969/1478 1763/1899/1777 1762/1897/1776
f 1468/1966/1489 1760/1893/1774 1764/1896/1778 1469/1970/1490
f 1469/1970/1490 1764/1896/1778 1768/1902/1782 1470/1971/1491
f 1470/1971/1491 1768/1902/1782 1751/1923/1765 1471/1961/1492
f 1429/1818/1451 1509/1972/1530 1772/1905/1786 1454/1973/1475
f 1509/1972/1530 1508/1974/1529 1773/1906/1787 1772/1905/1786
f 1508/1974/1529 1507/1975/1528 1774/1909/1788 1773/1906/1787
f 1507/1975/1528 1506/1976/1527 1775/1911/1789 1774/1909/1788
f 1454/1973/1475 1772/1905/1786 1776/1908/1790 1455/1977/1476
f 1455/1977/1476 1776/1908/1790 1780/1914/1794 1456/1978/1477
f 1456/1978/1477 1780/1914/1794 1763/1899/1777 1457/1969/1478
f 1784/1979/1798 1785/1980/1799 1792/1981/1806 1791/1982/1805
f 1785/1980/1799 1786/1983/1800 1793/1984/1807 1792/1981/1806
f 1786/1983/1800 1787/1985/1801 1794/1986/1808 1793/1984/1807
f 1787/1985/1801 1788/1987/1802 1795/1988/1809 1794/1986/1808
f 1788/1987/1802 1789/1989/1803 1796/1990/1810 1795/1988/1809
f 1789/1989/1803 1790/1991/1804 1797/1992/1811 1796/1990/1810
f 1791/1982/1805 1792/1981/1806 1799/1993/1813 1798/1994/1812
f 1792/1981/1806 1793/1984/1807 1800/1995/1814 1799/1993/1813
f 1793/1984/1807 1794/1986/1808 1801/1996/1815 1800/1995/1814
f 1794/1986/1808 1795/1988/1809 1802/1997/1816 1801/1996/1815
f 1795/1988/1809 1796/1990/1810 1803/1998/1817 1802/1997/1816
f 1796/1990/1810 1797/1992/1811 1804/1999/1818 1803/1998/1817
f 1798/1994/1812 1799/1993/1813 1806/2000/1820 1805/2001/1819
f 1799/1993/1813 1800/1995/1814 1807/2002/1821 1806/2000/1820
f 1800/1995/1814 1801/1996/1815 1808/2003/1822 1807/2002/1821
f 1801/1996/1815 1802/1997/1816 1809/2004/1823 1808/2003/1822
f 1802/1997/1816 1803/1998/1817 1810/2005/1824 1809/2004/1823
f 1803/1998/1817 1804/1999/1818 1811/2006/1825 1810/2005/1824
f 1805/2001/1819 1806/2000/1820 1813/2007/1827 1812/2008/1826
f 1806/2000/1820 1807/2002/1821 1814/2009/1828 1813/2007/1827
f 1807/2002/1821 1808/2003/1822 1815/2010/1829 1814/2009/1828
f 1808/2003/1822 1809/2004/1823 1816/2011/1830 1815/2010/1829
f 1809/2004/1823 1810/2005/1824 1817/2012/1831 1816/2011/1830
f 1810/2005/1824 1811/2006/1825 1818/2013/1832 1817/2012/1831
f 1812/2008/1826 1813/2007/1827 1820/2014/1834 1819/2015/1833
f 1813/2007/1827 1814/2009/1828 1821/2016/1835 1820/2014/1834
f 1814/2009/1828 1815/2010/1829 1822/2017/1836 1821/2016/1835
f 1815/2010/1829 1816/2011/1830 1823/2018/1837 1822/2017/1836
f 1816/2011/1830 1817/2012/1831 1824/2019/1838 1823/2018/1837
f 1817/2012/1831 1818/2013/1832 1825/2020/1839 1824/2019/1838
f 1819/2015/1833 1820/2014/1834 1827/2021/1841 1826/2022/1840
f 1820/2014/1834 1821/2016/1835 1828/2023/1842 1827/2021/1841
f 1821/2016/1835 1822/2017/1836 1829/2024/1843 1828/2023/1842
f 1822/2017/1836 1823/2018/1837 1830/2025/1844 1829/2024/1843
f 1823/2018/1837 1824/2019/1838 1831/2026/1845 1830/2025/1844
f 1824/2019/1838 1825/2020/1839 1832/2027/1846 1831/2026/1845
f 1430/2028/1452 1517/2029/1538 1784/1979/1798 1516/2030/1537
f 1517/2029/1538 1518/2031/1539 1785/1980/1799 1784/1979/1798
f 1518/2031/1539 1519/2032/1540 1786/1983/1800 1785/1980/1799
f 1519/2032/1540 1520/2033/1541 1787/1985/1801 1786/1983/1800
f 1520/2033/1541 1521/2034/1542 1788/1987/1802 1787/1985/1801
f 1521/2034/1542 1522/2035/1543 1789/1989/1803 1788/1987/1802
f 1522/2035/1543 1523/2036/1544 1790/1991/1804 1789/1989/1803
f 1523/2036/1544 1431/2037/1453 1566/2038/1587 1790/1991/1804
f 1790/1991/1804 1566/2038/1587 1567/2039/1588 1797/1992/1811
f 1797/1992/1811 1567/2039/1588 1568/2040/1589 1804/1999/1818
f 1804/1999/1818 1568/2040/1589 1569/2041/1590 1811/2006/1825
f 1811/2006/1825 1569/2041/1590 1570/2042/1591 1818/2013/1832
f 1818/2013/1832 1570/2042/1591 1571/2043/1592 1825/2020/1839
f 1825/2020/1839 1571/2043/1592 1572/2044/1593 1832/2027/1846
f 1832/2027/1846 1572/2044/1593 1438/2045/1460 1579/2046/1600
f 1831/2026/1845 1832/2027/1846 1579/2046/1600 1578/2047/1599
f 1830/2025/1844 1831/2026/1845 1578/2047/1599 1577/2048/1598
f 1829/2024/1843 1830/2025/1844 1577/2048/1598 1576/2049/1597
f 1828/2023/1842 1829/2024/1843 1576/2049/1597 1575/2050/1596
f 1827/2021/1841 1828/2023/1842 1575/2050/1596 1574/2051/1595
f 1826/2022/1840 1827/2021/1841 1574/2051/1595 1573/2052/1594
f 1510/2053/1531 1826/2022/1840 1573/2052/1594 1437/2054/1459
f 1511/2055/1532 1819/2015/1833 1826/2022/1840 1510/2053/1531
f 1512/2056/1533 1812/2008/1826 1819/2015/1833 1511/2055/1532
f 1513/2057/1534 1805/2001/1819 1812/2008/1826 1512/2056/1533
f 1514/2058/1535 1798/1994/1812 1805/2001/1819 1513/2057/1534
f 1515/2059/1536 1791/1982/1805 1798/1994/1812 1514/2058/1535
f 1516/2030/1537 1784/1979/1798 1791/1982/1805 1515/2059/1536
f 1834/2060/1848 1835/2061/1849 1839/2062/1853 1838/2063/1852
f 1835/2061/1849 1836/2064/1850 1840/2065/1854 1839/2062/1853
f 1836/2064/1850 1837/2066/1851 1841/2067/1855 1840/2065/1854
f 1838/2063/1852 1839/2062/1853 1843/2068/1857 1842/2069/1856
f 1839/2062/1853 1840/2065/1854 1844/2070/1858 1843/2068/1857
f 1840/2065/1854 1841/2067/1855 1845/2071/1859 1844/2070/1858
f 1846/2072/1860 1847/2073/1861 1851/2074/1865 1850/2075/1864
f 1847/2073/1861 1848/2076/1862 1852/2077/1866 1851/2074/1865
f 1848/2076/1862 1849/2078/1863 1853/2079/1867 1852/2077/1866
f 1850/2075/1864 1851/2074/1865 1855/2080/1869 1854/2081/1868
f 1851/2074/1865 1852/2077/1866 1856/2082/1870 1855/2080/1869
f 1852/2077/1866 1853/2079/1867 1857/2083/1871 1856/2082/1870
f 1858/2084/1872 1859/2085/1873 1863/2086/1877 1862/2087/1876
f 1859/2085/1873 1860/2088/1874 1864/2089/1878 1863/2086/1877
f 1860/2088/1874 1861/2090/1875 1865/2091/1879 1864/2089/1878
f 1862/2087/1876 1863/2086/1877 1867/2092/1881 1866/2093/1880
f 1863/2086/1877 1864/2089/1878 1868/2094/1882 1867/2092/1881
f 1864/2089/1878 1865/2091/1879 1869/2095/1883 1868/2094/1882
f 1870/2096/1884 1871/2097/1885 1875/2098/1889 1874/2099/1888
f 1871/2097/1885 1872/2100/1886 1876/2101/1890 1875/2098/1889
f 1872/2100/1886 1873/2102/1887 1877/2103/1891 1876/2101/1890
f 1874/2099/1888 1875/2098/1889 1879/2104/1893 1878/2105/1892
f 1875/2098/1889 1876/2101/1890 1880/2106/1894 1879/2104/1893
f 1876/2101/1890 1877/2103/1891 1881/2107/1895 1880/2106/1894
f 1882/2108/1896 1883/2109/1897 1887/2110/1901 1886/2111/1900
f 1883/2109/1897 1884/2112/1898 1888/2113/1902 1887/2110/1901
f 1884/2112/1898 1885/2114/1899 1889/2115/1903 1888/2113/1902
f 1886/2111/1900 1887/2110/1901 1891/2116/1905 1890/2117/1904
f 1887/2110/1901 1888/2113/1902 1892/2118/1906 1891/2116/1905
f 1888/2113/1902 1889/2115/1903 1893/2119/1907 1892/2118/1906
f 1894/2120/1908 1895/2121/1909 1899/2122/1913 1898/2123/1912
f 1895/2121/1909 1896/2124/1910 1900/2125/1914 1899/2122/1913
f 1896/2124/1910 1897/2126/1911 1901/2127/1915 1900/2125/1914
f 1898/2123/1912 1899/2122/1913 1903/2128/1917 1902/2129/1916
f 1899/2122/1913 1900/2125/1914 1904/2130/1918 1903/2128/1917
f 1900/2125/1914 1901/2127/1915 1905/2131/1919 1904/2130/1918
f 1906/2132/1920 1907/2133/1921 1911/2134/1925 1910/2135/1924
f 1907/2133/1921 1908/2136/1922 1912/2137/1926 1911/2134/1925
f 1908/2136/1922 1909/2138/1923 1913/2139/1927 1912/2137/1926
f 1910/2135/1924 1911/2134/1925 1915/2140/1929 1914/2141/1928
f 1911/2134/1925 1912/2137/1926 1916/2142/1930 1915/2140/1929
f 1912/2137/1926 1913/2139/1927 1917/2143/1931 1916/2142/1930
f 1854/2081/1868 1855/2080/1869 1841/2144/1855 1837/2145/1851
f 1855/2080/1869 1856/2082/1870 1845/2071/1859 1841/2144/1855
f 1866/2093/1880 1867/2092/1881 1853/2146/1867 1849/2147/1863
f 1867/2092/1881 1868/2094/1882 1857/2083/1871 1853/2146/1867
f 1878/2105/1892 1879/2104/1893 1865/2148/1879 1861/2149/1875
f 1879/2104/1893 1880/2106/1894 1869/2095/1883 1865/2148/1879
f 1890/2117/1904 1891/2116/1905 1877/2103/1891 1873/2150/1887
f 1891/2116/1905 1892/2118/1906 1881/2107/1895 1877/2103/1891
f 1902/2129/1916 1903/2128/1917 1889/2151/1903 1885/2152/1899
f 1903/2128/1917 1904/2130/1918 1893/2119/1907 1889/2151/1903
f 1914/2141/1928 1915/2140/1929 1901/2153/1915 1897/2154/1911
f 1915/2140/1929 1916/2142/1930 1905/2131/1919 1901/2153/1915
f 1842/2069/1856 1843/2068/1857 1913/2155/1927 1909/2156/1923
f 1843/2068/1857 1844/2070/1858 1917/2143/1931 1913/2155/1927
f 1844/2070/1858 1845/2071/1859 1833/2157/1847 1917/2143/1931
f 1856/2082/1870 1857/2083/1871 1833/2157/1847 1845/2071/1859
f 1868/2094/1882 1869/2095/1883 1833/2157/1847 1857/2083/1871
f 1880/2106/1894 1881/2107/1895 1833/2157/1847 1869/2095/1883
f 1892/2118/1906 1893/2119/1907 1833/2157/1847 1881/2107/1895
f 1904/2130/1918 1905/2131/1919 1833/2157/1847 1893/2119/1907
f 1916/2142/1930 1917/2143/1931 1833/2157/1847 1905/2131/1919
f 1437/2054/1459 1573/2052/1594 1834/2060/1848 1565/2158/1586
f 1573/2052/1594 1574/2051/1595 1835/2061/1849 1834/2060/1848
f 1574/2051/1595 1575/2050/1596 1836/2064/1850 1835/2061/1849
f 1575/2050/1596 1576/2049/1597 1837/2066/1851 1836/2064/1850
f 1565/2158/1586 1834/2060/1848 1838/2063/1852 1564/2159/1585
f 1564/2159/1585 1838/2063/1852 1842/2069/1856 1563/2160/1584
f 1563/2160/1584 1842/2069/1856 1909/2156/1923 1562/2161/1583
f 1438/2045/1460 1524/2162/1545 1846/2072/1860 1579/2163/1600
f 1524/2162/1545 1525/2164/1546 1847/2073/1861 1846/2072/1860
f 1525/2164/1546 1526/2165/1547 1848/2076/1862 1847/2073/1861
f 1526/2165/1547 1527/2166/1548 1849/2078/1863 1848/2076/1862
f 1579/2163/1600 1846/2072/1860 1850/2075/1864 1578/2167/1599
f 1578/2167/1599 1850/2075/1864 1854/2081/1868 1577/2168/1598
f 1577/2168/1598 1854/2081/1868 1837/2145/1851 1576/2049/1597
f 1433/2169/1455 1538/2170/1559 1858/2084/1872 1530/2171/1551
f 1538/2170/1559 1539/2172/1560 1859/2085/1873 1858/2084/1872
f 1539/2172/1560 1540/2173/1561 1860/2088/1874 1859/2085/1873
f 1540/2173/1561 1541/2174/1562 1861/2090/1875 1860/2088/1874
f 1530/2171/1551 1858/2084/1872 1862/2087/1876 1529/2175/1550
f 1529/2175/1550 1862/2087/1876 1866/2093/1880 1528/2176/1549
f 1528/2176/1549 1866/2093/1880 1849/2147/1863 1527/2166/1548
f 1434/2177/1456 1558/2178/1579 1870/2096/1884 1544/2179/1565
f 1558/2178/1579 1557/2180/1578 1871/2097/1885 1870/2096/1884
f 1557/2180/1578 1556/2181/1577 1872/2100/1886 1871/2097/1885
f 1556/2181/1577 1555/2182/1576 1873/2102/1887 1872/2100/1886
f 1544/2179/1565 1870/2096/1884 1874/2099/1888 1543/2183/1564
f 1543/2183/1564 1874/2099/1888 1878/2105/1892 1542/2184/1563
f 1542/2184/1563 1878/2105/1892 1861/2149/1875 1541/2174/1562
f 1436/2185/1458 1551/2186/1572 1882/2108/1896 1552/2187/1573
f 1551/2186/1572 1550/2188/1571 1883/2109/1897 1882/2108/1896
f 1550/2188/1571 1549/2189/1570 1884/2112/1898 1883/2109/1897
f 1549/2189/1570 1548/2190/1569 1885/2114/1899 1884/2112/1898
f 1552/2187/1573 1882/2108/1896 1886/2111/1900 1553/2191/1574
f 1553/2191/1574 1886/2111/1900 1890/2117/1904 1554/2192/1575
f 1554/2192/1575 1890/2117/1904 1873/2150/1887 1555/2193/1576
f 1435/2194/1457 1531/2195/1552 1894/2120/1908 1545/2196/1566
f 1531/2195/1552 1532/2197/1553 1895/2121/1909 1894/2120/1908
f 1532/2197/1553 1533/2198/1554 1896/2124/1910 1895/2121/1909
f 1533/2198/1554 1534/2199/1555 1897/2126/1911 1896/2124/1910
f 1545/2196/1566 1894/2120/1908 1898/2123/1912 1546/2200/1567
f 1546/2200/1567 1898/2123/1912 1902/2129/1916 1547/2201/1568
f 1547/2201/1568 1902/2129/1916 1885/2152/1899 1548/2202/1569
f 1432/2203/1454 1559/2204/1580 1906/2132/1920 1537/2205/1558
f 1559/2204/1580 1560/2206/1581 1907/2133/1921 1906/2132/1920
f 1560/2206/1581 1561/2207/1582 1908/2136/1922 1907/2133/1921
f 1561/2207/1582 1562/2208/1583 1909/2138/1923 1908/2136/1922
f 1537/2205/1558 1906/2132/1920 1910/2135/1924 1536/2209/1557
f 1536/2209/1557 1910/2135/1924 1914/2141/1928 1535/2210/1556
f 1535/2210/1556 1914/2141/1928 1897/2154/1911 1534/2199/1555
f 1918/2211/1932 1919/2212/1933 1926/2213/1940 1925/2214/1939
f 1919/2212/1933 1920/2215/1934 1927/2216/1941 1926/2213/1940
f 1920/2215/1934 1921/2217/1935 1928/2218/1942 1927/2216/1941
f 1921/2217/1935 1922/2219/1936 1929/2220/1943 1928/2218/1942
f 1922/2219/1936 1923/2221/1937 1930/2222/1944 1929/2220/1943
f 1923/2221/1937 1924/2223/1938 1931/2224/1945 1930/2222/1944
f 1925/2214/1939 1926/2213/1940 1933/2225/1947 1932/2226/1946
f 1926/2213/1940 1927/2216/1941 1934/2227/1948 1933/2225/1947
f 1927/2216/1941 1928/2218/1942 1935/2228/1949 1934/2227/1948
f 1928/2218/1942 1929/2220/1943 1936/2229/1950 1935/2228/1949
f 1929/2220/1943 1930/2222/1944 1937/2230/1951 1936/2229/1950
f 1930/2222/1944 1931/2224/1945 1938/2231/1952 1937/2230/1951
f 1932/2226/1946 1933/2225/1947 1940/2232/1954 1939/2233/1953
f 1933/2225/1947 1934/2227/1948 1941/2234/1955 1940/2232/1954
f 1934/2227/1948 1935/2228/1949 1942/2235/1956 1941/2234/1955
f 1935/2228/1949 1936/2229/1950 1943/2236/1957 1942/2235/1956
f 1936/2229/1950 1937/2230/1951 1944/2237/1958 1943/2236/1957
f 1937/2230/1951 1938/2231/1952 1945/2238/1959 1944/2237/1958
f 1939/2233/1953 1940/2232/1954 1947/2239/1961 1946/2240/1960
f 1940/2232/1954 1941/2234/1955 1948/2241/1962 1947/2239/1961
f 1941/2234/1955 1942/2235/1956 1949/2242/1963 1948/2241/1962
f 1942/2235/1956 1943/2236/1957 1950/2243/1964 1949/2242/1963
f 1943/2236/1957 1944/2237/1958 1951/2244/1965 1950/2243/1964
f 1944/2237/1958 1945/2238/1959 1952/2245/1966 1951/2244/1965
f 1946/2240/1960 1947/2239/1961 1954/2246/1968 1953/2247/1967
f 1947/2239/1961 1948/2241/1962 1955/2248/1969 1954/2246/1968
f 1948/2241/1962 1949/2242/1963 1956/2249/1970 1955/2248/1969
f 1949/2242/1963 1950/2243/1964 1957/2250/1971 1956/2249/1970
f 1950/2243/1964 1951/2244/1965 1958/2251/1972 1957/2250/1971
f 1951/2244/1965 1952/2245/1966 1959/2252/1973 1958/2251/1972
f 1953/2247/1967 1954/2246/1968 1961/2253/1975 1960/2254/1974
f 1954/2246/1968 1955/2248/1969 1962/2255/1976 1961/2253/1975
f 1955/2248/1969 1956/2249/1970 1963/2256/1977 1962/2255/1976
f 1956/2249/1970 1957/2250/1971 1964/2257/1978 1963/2256/1977
f 1957/2250/1971 1958/2251/1972 1965/2258/1979 1964/2257/1978
f 1958/2251/1972 1959/2252/1973 1966/2259/1980 1965/2258/1979
f 1425/2260/1447 1488/2261/1509 1918/2211/1932 1593/2262/1614
f 1488/2261/1509 1487/2263/1508 1919/2212/1933 1918/2211/1932
f 1487/2263/1508 1486/2264/1507 1920/2215/1934 1919/2212/1933
f 1486/2264/1507 1485/2265/1506 1921/2217/1935 1920/2215/1934
f 1485/2265/1506 1484/2266/1505 1922/2219/1936 1921/2217/1935
f 1484/2266/1505 1483/2267/1504 1923/2221/1937 1922/2219/1936
f 1483/2267/1504 1482/2268/1503 1924/2223/1938 1923/2221/1937
f 1482/2268/1503 1427/2269/1449 1580/2270/1601 1924/2223/1938
f 1924/2223/1938 1580/2270/1601 1581/2271/1602 1931/2224/1945
f 1931/2224/1945 1581/2271/1602 1582/2272/1603 1938/2231/1952
f 1938/2231/1952 1582/2272/1603 1583/2273/1604 1945/2238/1959
f 1945/2238/1959 1583/2273/1604 1584/2274/1605 1952/2245/1966
f 1952/2245/1966 1584/2274/1605 1585/2275/1606 1959/2252/1973
f 1959/2252/1973 1585/2275/1606 1586/2276/1607 1966/2259/1980
f 1966/2259/1980 1586/2276/1607 1436/2277/1458 1552/2278/1573
f 1965/2258/1979 1966/2259/1980 1552/2278/1573 1553/2279/1574
f 1964/2257/1978 1965/2258/1979 1553/2279/1574 1554/2280/1575
f 1963/2256/1977 1964/2257/1978 1554/2280/1575 1555/2281/1576
f 1962/2255/1976 1963/2256/1977 1555/2281/1576 1556/2282/1577
f 1961/2253/1975 1962/2255/1976 1556/2282/1577 1557/2283/1578
f 1960/2254/1974 1961/2253/1975 1557/2283/1578 1558/2284/1579
f 1587/2285/1608 1960/2254/1974 1558/2284/1579 1434/2286/1456
f 1588/2287/1609 1953/2247/1967 1960/2254/1974 1587/2285/1608
f 1589/2288/1610 1946/2240/1960 1953/2247/1967 1588/2287/1609
f 1590/2289/1611 1939/2233/1953 1946/2240/1960 1589/2288/1610
f 1591/2290/1612 1932/2226/1946 1939/2233/1953 1590/2289/1611
f 1592/2291/1613 1925/2214/1939 1932/2226/1946 1591/2290/1612
f 1593/2262/1614 1918/2211/1932 1925/2214/1939 1592/2291/1613
f 1967/2292/1981 1968/2293/1982 1975/2294/1989 1974/2295/1988
f 1968/2293/1982 1969/2296/1983 1976/2297/1990 1975/2294/1989
f 1969/2296/1983 1970/2298/1984 1977/2299/1991 1976/2297/1990
f 1970/2298/1984 1971/2300/1985 1978/2301/1992 1977/2299/1991
f 1971/2300/1985 1972/2302/1986 1979/2303/1993 1978/2301/1992
f 1972/2302/1986 1973/2304/1987 1980/2305/1994 1979/2303/1993
f 1974/2295/1988 1975/2294/1989 1982/2306/1996 1981/2307/1995
f 1975/2294/1989 1976/2297/1990 1983/2308/1997 1982/2306/1996
f 1976/2297/1990 1977/2299/1991 1984/2309/1998 1983/2308/1997
f 1977/2299/1991 1978/2301/1992 1985/2310/1999 1984/2309/1998
f 1978/2301/1992 1979/2303/1993 1986/2311/2000 1985/2310/1999
f 1979/2303/1993 1980/2305/1994 1987/2312/2001 1986/2311/2000
f 1981/2307/1995 1982/2306/1996 1989/2313/2003 1988/2314/2002
f 1982/2306/1996 1983/2308/1997 1990/2315/2004 1989/2313/2003
f 1983/2308/1997 1984/2309/1998 1991/2316/2005 1990/2315/2004
f 1984/2309/1998 1985/2310/1999 1992/2317/2006 1991/2316/2005
f 1985/2310/1999 1986/2311/2000 1993/2318/2007 1992/2317/2006
f 1986/2311/2000 1987/2312/2001 1994/2319/2008 1993/2318/2007
f 1988/2314/2002 1989/2313/2003 1996/2320/2010 1995/2321/2009
f 1989/2313/2003 1990/2315/2004 1997/2322/2011 1996/2320/2010
f 1990/2315/2004 1991/2316/2005 1998/2323/2012 1997/2322/2011
f 1991/2316/2005 1992/2317/2006 1999/2324/2013 1998/2323/2012
f 1992/2317/2006 1993/2318/2007 2000/2325/2014 1999/2324/2013
f 1993/2318/2007 1994/2319/2008 2001/2326/2015 2000/2325/2014
f 1995/2321/2009 1996/2320/2010 2003/2327/2017 2002/2328/2016
f 1996/2320/2010 1997/2322/2011 2004/2329/2018 2003/2327/2017
f 1997/2322/2011 1998/2323/2012 2005/2330/2019 2004/2329/2018
f 1998/2323/2012 1999/2324/2013 2006/2331/2020 2005/2330/2019
f 1999/2324/2013 2000/2325/2014 2007/2332/2021 2006/2331/2020
f 2000/2325/2014 2001/2326/2015 2008/2333/2022 2007/2332/2021
f 2002/2328/2016 2003/2327/2017 2010/2334/2024 2009/2335/2023
f 2003/2327/2017 2004/2329/2018 2011/2336/2025 2010/2334/2024
f 2004/2329/2018 2005/2330/2019 2012/2337/2026 2011/2336/2025
f 2005/2330/2019 2006/2331/2020 2013/2338/2027 2012/2337/2026
f 2006/2331/2020 2007/2332/2021 2014/2339/2028 2013/2338/2027
f 2007/2332/2021 2008/2333/2022 2015/2340/2029 2014/2339/2028
f 1426/2341/1448 1461/2342/1482 1967/2292/1981 1607/2343/1628
f 1461/2342/1482 1462/2344/1483 1968/2293/1982 1967/2292/1981
f 1462/2344/1483 1463/2345/1484 1969/2296/1983 1968/2293/1982
f 1463/2345/1484 1464/2346/1485 1970/2298/1984 1969/2296/1983
f 1464/2346/1485 1465/2347/1486 1971/2300/1985 1970/2298/1984
f 1465/2347/1486 1466/2348/1487 1972/2302/1986 1971/2300/1985
f 1466/2348/1487 1467/2349/1488 1973/2304/1987 1972/2302/1986
f 1467/2349/1488 1423/2350/1445 1594/2351/1615 1973/2304/1987
f 1973/2304/1987 1594/2351/1615 1595/2352/1616 1980/2305/1994
f 1980/2305/1994 1595/2352/1616 1596/2353/1617 1987/2312/2001
f 1987/2312/2001 1596/2353/1617 1597/2354/1618 1994/2319/2008
f 1994/2319/2008 1597/2354/1618 1598/2355/1619 2001/2326/2015
f 2001/2326/2015 1598/2355/1619 1599/2356/1620 2008/2333/2022
f 2008/2333/2022 1599/2356/1620 1600/2357/1621 2015/2340/2029
f 2015/2340/2029 1600/2357/1621 1432/2358/1454 1537/2359/1558
f 2014/2339/2028 2015/2340/2029 1537/2359/1558 1536/2360/1557
f 2013/2338/2027 2014/2339/2028 1536/2360/1557 1535/2361/1556
f 2012/2337/2026 2013/2338/2027 1535/2361/1556 1534/2362/1555
f 2011/2336/2025 2012/2337/2026 1534/2362/1555 1533/2363/1554
f 2010/2334/2024 2011/2336/2025 1533/2363/1554 1532/2364/1553
f 2009/2335/2023 2010/2334/2024 1532/2364/1553 1531/2365/1552
f 1601/2366/1622 2009/2335/2023 1531/2365/1552 1435/2367/1457
f 1602/2368/1623 2002/2328/2016 2009/2335/2023 1601/2366/1622
f 1603/2369/1624 1995/2321/2009 2002/2328/2016 1602/2368/1623
f 1604/2370/1625 1988/2314/2002 1995/2321/2009 1603/2369/1624
f 1605/2371/1626 1981/2307/1995 1988/2314/2002 1604/2370/1625
f 1606/2372/1627 1974/2295/1988 1981/2307/1995 1605/2371/1626
f 1607/2343/1628 1967/2292/1981 1974/2295/1988 1606/2372/1627
f 2016/2373/2030 2017/2374/2031 2024/2375/2038 2023/2376/2037
f 2017/2374/2031 2018/2377/2032 2025/2378/2039 2024/2375/2038
f 2018/2377/2032 2019/2379/2033 2026/2380/2040 2025/2378/2039
f 2019/2379/2033 2020/2381/2034 2027/2382/2041 2026/2380/2040
f 2020/2381/2034 2021/2383/2035 2028/2384/2042 2027/2382/2041
f 2021/2383/2035 2022/2385/2036 2029/2386/2043 2028/2384/2042
f 2023/2376/2037 2024/2375/2038 2031/2387/2045 2030/2388/2044
f 2024/2375/2038 2025/2378/2039 2032/2389/2046 2031/2387/2045
f 2025/2378/2039 2026/2380/2040 2033/2390/2047 2032/2389/2046
f 2026/2380/2040 2027/2382/2041 2034/2391/2048 2033/2390/2047
f 2027/2382/2041 2028/2384/2042 2035/2392/2049 2034/2391/2048
f 2028/2384/2042 2029/2386/2043 2036/2393/2050 2035/2392/2049
f 2030/2388/2044 2031/2387/2045 2038/2394/2052 2037/2395/2051
f 2031/2387/2045 2032/2389/2046 2039/2396/2053 2038/2394/2052
f 2032/2389/2046 2033/2390/2047 2040/2397/2054 2039/2396/2053
f 2033/2390/2047 2034/2391/2048 2041/2398/2055 2040/2397/2054
f 2034/2391/2048 2035/2392/2049 2042/2399/2056 2041/2398/2055
f 2035/2392/2049 2036/2393/2050 2043/2400/2057 2042/2399/2056
f 2037/2395/2051 2038/2394/2052 2045/2401/2059 2044/2402/2058
f 2038/2394/2052 2039/2396/2053 2046/2403/2060 2045/2401/2059
f 2039/2396/2053 2040/2397/2054 2047/2404/2061 2046/2403/2060
f 2040/2397/2054 2041/2398/2055 2048/2405/2062 2047/2404/2061
f 2041/2398/2055 2042/2399/2056 2049/2406/2063 2048/2405/2062
f 2042/2399/2056 2043/2400/2057 2050/2407/2064 2049/2406/2063
f 2044/2402/2058 2045/2401/2059 2052/2408/2066 2051/2409/2065
f 2045/2401/2059 2046/2403/2060 2053/2410/2067 2052/2408/2066
f 2046/2403/2060 2047/2404/2061 2054/2411/2068 2053/2410/2067
f 2047/2404/2061 2048/2405/2062 2055/2412/2069 2054/2411/2068
f 2048/2405/2062 2049/2406/2063 2056/2413/2070 2055/2412/2069
f 2049/2406/2063 2050/2407/2064 2057/2414/2071 2056/2413/2070
f 2051/2409/2065 2052/2408/2066 2059/2415/2073 2058/2416/2072
f 2052/2408/2066 2053/2410/2067 2060/2417/2074 2059/2415/2073
f 2053/2410/2067 2054/2411/2068 2061/2418/2075 2060/2417/2074
f 2054/2411/2068 2055/2412/2069 2062/2419/2076 2061/2418/2075
f 2055/2412/2069 2056/2413/2070 2063/2420/2077 2062/2419/2076
f 2056/2413/2070 2057/2414/2071 2064/2421/2078 2063/2420/2077
f 1428/2422/1450 1440/2423/1461 2016/2373/2030 1621/2424/1642
f 1440/2423/1461 1441/2425/1462 2017/2374/2031 2016/2373/2030
f 1441/2425/1462 1442/2426/1463 2018/2377/2032 2017/2374/2031
f 1442/2426/1463 1443/2427/1464 2019/2379/2033 2018/2377/2032
f 1443/2427/1464 1444/2428/1465 2020/2381/2034 2019/2379/2033
f 1444/2428/1465 1445/2429/1466 2021/2383/2035 2020/2381/2034
f 1445/2429/1466 1446/2430/1467 2022/2385/2036 2021/2383/2035
f 1446/2430/1467 1421/2431/1443 1608/2432/1629 2022/2385/2036
f 2022/2385/2036 1608/2432/1629 1609/2433/1630 2029/2386/2043
f 2029/2386/2043 1609/2433/1630 1610/2434/1631 2036/2393/2050
f 2036/2393/2050 1610/2434/1631 1611/2435/1632 2043/2400/2057
f 2043/2400/2057 1611/2435/1632 1612/2436/1633 2050/2407/2064
f 2050/2407/2064 1612/2436/1633 1613/2437/1634 2057/2414/2071
f 2057/2414/2071 1613/2437/1634 1614/2438/1635 2064/2421/2078
f 2064/2421/2078 1614/2438/1635 1430/2439/1452 1516/2440/1537
f 2063/2420/2077 2064/2421/2078 1516/2440/1537 1515/2441/1536
f 2062/2419/2076 2063/2420/2077 1515/2441/1536 1514/2442/1535
f 2061/2418/2075 2062/2419/2076 1514/2442/1535 1513/2443/1534
f 2060/2417/2074 2061/2418/2075 1513/2443/1534 1512/2444/1533
f 2059/2415/2073 2060/2417/2074 1512/2444/1533 1511/2445/1532
f 2058/2416/2072 2059/2415/2073 1511/2445/1532 1510/2446/1531
f 1615/2447/1636 2058/2416/2072 1510/2446/1531 1437/2448/1459
f 1616/2449/1637 2051/2409/2065 2058/2416/2072 1615/2447/1636
f 1617/2450/1638 2044/2402/2058 2051/2409/2065 1616/2449/1637
f 1618/2451/1639 2037/2395/2051 2044/2402/2058 1617/2450/1638
f 1619/2452/1640 2030/2388/2044 2037/2395/2051 1618/2451/1639
f 1620/2453/1641 2023/2376/2037 2030/2388/2044 1619/2452/1640
f 1621/2424/1642 2016/2373/2030 2023/2376/2037 1620/2453/1641
f 2065/2454/2079 2066/2455/2080 2073/2456/2087 2072/2457/2086
f 2066/2455/2080 2067/2458/2081 2074/2459/2088 2073/2456/2087
f 2067/2458/2081 2068/2460/2082 2075/2461/2089 2074/2459/2088
f 2068/2460/2082 2069/2462/2083 2076/2463/2090 2075/2461/2089
f 2069/2462/2083 2070/2464/2084 2077/2465/2091 2076/2463/2090
f 2070/2464/2084 2071/2466/2085 2078/2467/2092 2077/2465/2091
f 2072/2457/2086 2073/2456/2087 2080/2468/2094 2079/2469/2093
f 2073/2456/2087 2074/2459/2088 2081/2470/2095 2080/2468/2094
f 2074/2459/2088 2075/2461/2089 2082/2471/2096 2081/2470/2095
f 2075/2461/2089 2076/2463/2090 2083/2472/2097 2082/2471/2096
f 2076/2463/2090 2077/2465/2091 2084/2473/2098 2083/2472/2097
f 2077/2465/2091 2078/2467/2092 2085/2474/2099 2084/2473/2098
f 2079/2469/2093 2080/2468/2094 2087/2475/2101 2086/2476/2100
f 2080/2468/2094 2081/2470/2095 2088/2477/2102 2087/2475/2101
f 2081/2470/2095 2082/2471/2096 2089/2478/2103 2088/2477/2102
f 2082/2471/2096 2083/2472/2097 2090/2479/2104 2089/2478/2103
f 2083/2472/2097 2084/2473/2098 2091/2480/2105 2090/2479/2104
f 2084/2473/2098 2085/2474/2099 2092/2481/2106 2091/2480/2105
f 2086/2476/2100 2087/2475/2101 2094/2482/2108 2093/2483/2107
f 2087/2475/2101 2088/2477/2102 2095/2484/2109 2094/2482/2108
f 2088/2477/2102 2089/2478/2103 2096/2485/2110 2095/2484/2109
f 2089/2478/2103 2090/2479/2104 2097/2486/2111 2096/2485/2110
f 2090/2479/2104 2091/2480/2105 2098/2487/2112 2097/2486/2111
f 2091/2480/2105 2092/2481/2106 2099/2488/2113 2098/2487/2112
f 2093/2483/2107 2094/2482/2108 2101/2489/2115 2100/2490/2114
f 2094/2482/2108 2095/2484/2109 2102/2491/2116 2101/2489/2115
f 2095/2484/2109 2096/2485/2110 2103/2492/2117 2102/2491/2116
f 2096/2485/2110 2097/2486/2111 2104/2493/2118 2103/2492/2117
f 2097/2486/2111 2098/2487/2112 2105/2494/2119 2104/2493/2118
f 2098/2487/2112 2099/2488/2113 2106/2495/2120 2105/2494/2119
f 2100/2490/2114 2101/2489/2115 2108/2496/2122 2107/2497/2121
f 2101/2489/2115 2102/2491/2116 2109/2498/2123 2108/2496/2122
f 2102/2491/2116 2103/2492/2117 2110/2499/2124 2109/2498/2123
f 2103/2492/2117 2104/2493/2118 2111/2500/2125 2110/2499/2124
f 2104/2493/2118 2105/2494/2119 2112/2501/2126 2111/2500/2125
f 2105/2494/2119 2106/2495/2120 2113/2502/2127 2112/2501/2126
f 1423/2503/1445 1489/2504/1510 2065/2454/2079 1594/2505/1615
f 1489/2504/1510 1490/2506/1511 2066/2455/2080 2065/2454/2079
f 1490/2506/1511 1491/2507/1512 2067/2458/2081 2066/2455/2080
f 1491/2507/1512 1492/2508/1513 2068/2460/2082 2067/2458/2081
f 1492/2508/1513 1493/2509/1514 2069/2462/2083 2068/2460/2082
f 1493/2509/1514 1494/2510/1515 2070/2464/2084 2069/2462/2083
f 1494/2510/1515 1495/2511/1516 2071/2466/2085 2070/2464/2084
f 1495/2511/1516 1428/2422/1450 1621/2424/1642 2071/2466/2085
f 2071/2466/2085 1621/2424/1642 1620/2453/1641 2078/2467/2092
f 2078/2467/2092 1620/2453/1641 1619/2452/1640 2085/2474/2099
f 2085/2474/2099 1619/2452/1640 1618/2451/1639 2092/2481/2106
f 2092/2481/2106 1618/2451/1639 1617/2450/1638 2099/2488/2113
f 2099/2488/2113 1617/2450/1638 1616/2449/1637 2106/2495/2120
f 2106/2495/2120 1616/2449/1637 1615/2447/1636 2113/2502/2127
f 2113/2502/2127 1615/2447/1636 1437/2448/1459 1565/2512/1586
f 2112/2501/2126 2113/2502/2127 1565/2512/1586 1564/2513/1585
f 2111/2500/2125 2112/2501/2126 1564/2513/1585 1563/2514/1584
f 2110/2499/2124 2111/2500/2125 1563/2514/1584 1562/2515/1583
f 2109/2498/2123 2110/2499/2124 1562/2515/1583 1561/2516/1582
f 2108/2496/2122 2109/2498/2123 1561/2516/1582 1560/2517/1581
f 2107/2497/2121 2108/2496/2122 1560/2517/1581 1559/2518/1580
f 1600/2519/1621 2107/2497/2121 1559/2518/1580 1432/2520/1454
f 1599/2521/1620 2100/2490/2114 2107/2497/2121 1600/2519/1621
f 1598/2522/1619 2093/2483/2107 2100/2490/2114 1599/2521/1620
f 1597/2523/1618 2086/2476/2100 2093/2483/2107 1598/2522/1619
f 1596/2524/1617 2079/2469/2093 2086/2476/2100 1597/2523/1618
f 1595/2525/1616 2072/2457/2086 2079/2469/2093 1596/2524/1617
f 1594/2505/1615 2065/2454/2079 2072/2457/2086 1595/2525/1616
f 2114/2526/2128 2115/2527/2129 2122/2528/2136 2121/2529/2135
f 2115/2527/2129 2116/2530/2130 2123/2531/2137 2122/2528/2136
f 2116/2530/2130 2117/2532/2131 2124/2533/2138 2123/2531/2137
f 2117/2532/2131 2118/2534/2132 2125/2535/2139 2124/2533/2138
f 2118/2534/2132 2119/2536/2133 2126/2537/2140 2125/2535/2139
f 2119/2536/2133 2120/2538/2134 2127/2539/2141 2126/2537/2140
f 2121/2529/2135 2122/2528/2136 2129/2540/2143 2128/2541/2142
f 2122/2528/2136 2123/2531/2137 2130/2542/2144 2129/2540/2143
f 2123/2531/2137 2124/2533/2138 2131/2543/2145 2130/2542/2144
f 2124/2533/2138 2125/2535/2139 2132/2544/2146 2131/2543/2145
f 2125/2535/2139 2126/2537/2140 2133/2545/2147 2132/2544/2146
f 2126/2537/2140 2127/2539/2141 2134/2546/2148 2133/2545/2147
f 2128/2541/2142 2129/2540/2143 2136/2547/2150 2135/2548/2149
f 2129/2540/2143 2130/2542/2144 2137/2549/2151 2136/2547/2150
f 2130/2542/2144 2131/2543/2145 2138/2550/2152 2137/2549/2151
f 2131/2543/2145 2132/2544/2146 2139/2551/2153 2138/2550/2152
f 2132/2544/2146 2133/2545/2147 2140/2552/2154 2139/2551/2153
f 2133/2545/2147 2134/2546/2148 2141/2553/2155 2140/2552/2154
f 2135/2548/2149 2136/2547/2150 2143/2554/2157 2142/2555/2156
f 2136/2547/2150 2137/2549/2151 2144/2556/2158 2143/2554/2157
f 2137/2549/2151 2138/2550/2152 2145/2557/2159 2144/2556/2158
f 2138/2550/2152 2139/2551/2153 2146/2558/2160 2145/2557/2159
f 2139/2551/2153 2140/2552/2154 2147/2559/2161 2146/2558/2160
f 2140/2552/2154 2141/2553/2155 2148/2560/2162 2147/2559/2161
f 2142/2555/2156 2143/2554/2157 2150/2561/2164 2149/2562/2163
f 2143/2554/2157 2144/2556/2158 2151/2563/2165 2150/2561/2164
f 2144/2556/2158 2145/2557/2159 2152/2564/2166 2151/2563/2165
f 2145/2557/2159 2146/2558/2160 2153/2565/2167 2152/2564/2166
f 2146/2558/2160 2147/2559/2161 2154/2566/2168 2153/2565/2167
f 2147/2559/2161 2148/2560/2162 2155/2567/2169 2154/2566/2168
f 2149/2562/2163 2150/2561/2164 2157/2568/2171 2156/2569/2170
f 2150/2561/2164 2151/2563/2165 2158/2570/2172 2157/2568/2171
f 2151/2563/2165 2152/2564/2166 2159/2571/2173 2158/2570/2172
f 2152/2564/2166 2153/2565/2167 2160/2572/2174 2159/2571/2173
f 2153/2565/2167 2154/2566/2168 2161/2573/2175 2160/2572/2174
f 2154/2566/2168 2155/2567/2169 2162/2574/2176 2161/2573/2175
f 1424/2575/1446 1468/2576/1489 2114/2526/2128 1628/2577/1649
f 1468/2576/1489 1469/2578/1490 2115/2527/2129 2114/2526/2128
f 1469/2578/1490 1470/2579/1491 2116/2530/2130 2115/2527/2129
f 1470/2579/1491 1471/2580/1492 2117/2532/2131 2116/2530/2130
f 1471/2580/1492 1472/2581/1493 2118/2534/2132 2117/2532/2131
f 1472/2581/1493 1473/2582/1494 2119/2536/2133 2118/2534/2132
f 1473/2582/1494 1474/2583/1495 2120/2538/2134 2119/2536/2133
f 1474/2583/1495 1425/2260/1447 1593/2262/1614 2120/2538/2134
f 2120/2538/2134 1593/2262/1614 1592/2291/1613 2127/2539/2141
f 2127/2539/2141 1592/2291/1613 1591/2290/1612 2134/2546/2148
f 2134/2546/2148 1591/2290/1612 1590/2289/1611 2141/2553/2155
f 2141/2553/2155 1590/2289/1611 1589/2288/1610 2148/2560/2162
f 2148/2560/2162 1589/2288/1610 1588/2287/1609 2155/2567/2169
f 2155/2567/2169 1588/2287/1609 1587/2285/1608 2162/2574/2176
f 2162/2574/2176 1587/2285/1608 1434/2286/1456 1544/2584/1565
f 2161/2573/2175 2162/2574/2176 1544/2584/1565 1543/2585/1564
f 2160/2572/2174 2161/2573/2175 1543/2585/1564 1542/2586/1563
f 2159/2571/2173 2160/2572/2174 1542/2586/1563 1541/2587/1562
f 2158/2570/2172 2159/2571/2173 1541/2587/1562 1540/2588/1561
f 2157/2568/2171 2158/2570/2172 1540/2588/1561 1539/2589/1560
f 2156/2569/2170 2157/2568/2171 1539/2589/1560 1538/2590/1559
f 1622/2591/1643 2156/2569/2170 1538/2590/1559 1433/2592/1455
f 1623/2593/1644 2149/2562/2163 2156/2569/2170 1622/2591/1643
f 1624/2594/1645 2142/2555/2156 2149/2562/2163 1623/2593/1644
f 1625/2595/1646 2135/2548/2149 2142/2555/2156 1624/2594/1645
f 1626/2596/1647 2128/2541/2142 2135/2548/2149 1625/2595/1646
f 1627/2597/1648 2121/2529/2135 2128/2541/2142 1626/2596/1647
f 1628/2577/1649 2114/2526/2128 2121/2529/2135 1627/2597/1648
f 2163/2598/2177 2164/2599/2178 2171/2600/2185 2170/2601/2184
f 2164/2599/2178 2165/2602/2179 2172/2603/2186 2171/2600/2185
f 2165/2602/2179 2166/2604/2180 2173/2605/2187 2172/2603/2186
f 2166/2604/2180 2167/2606/2181 2174/2607/2188 2173/2605/2187
f 2167/2606/2181 2168/2608/2182 2175/2609/2189 2174/2607/2188
f 2168/2608/2182 2169/2610/2183 2176/2611/2190 2175/2609/2189
f 2170/2601/2184 2171/2600/2185 2178/2612/2192 2177/2613/2191
f 2171/2600/2185 2172/2603/2186 2179/2614/2193 2178/2612/2192
f 2172/2603/2186 2173/2605/2187 2180/2615/2194 2179/2614/2193
f 2173/2605/2187 2174/2607/2188 2181/2616/2195 2180/2615/2194
f 2174/2607/2188 2175/2609/2189 2182/2617/2196 2181/2616/2195
f 2175/2609/2189 2176/2611/2190 2183/2618/2197 2182/2617/2196
f 2177/2613/2191 2178/2612/2192 2185/2619/2199 2184/2620/2198
f 2178/2612/2192 2179/2614/2193 2186/2621/2200 2185/2619/2199
f 2179/2614/2193 2180/2615/2194 2187/2622/2201 2186/2621/2200
f 2180/2615/2194 2181/2616/2195 2188/2623/2202 2187/2622/2201
f 2181/2616/2195 2182/2617/2196 2189/2624/2203 2188/2623/2202
f 2182/2617/2196 2183/2618/2197 2190/2625/2204 2189/2624/2203
f 2184/2620/2198 2185/2619/2199 2192/2626/2206 2191/2627/2205
f 2185/2619/2199 2186/2621/2200 2193/2628/2207 2192/2626/2206
f 2186/2621/2200 2187/2622/2201 2194/2629/2208 2193/2628/2207
f 2187/2622/2201 2188/2623/2202 2195/2630/2209 2194/2629/2208
f 2188/2623/2202 2189/2624/2203 2196/2631/2210 2195/2630/2209
f 2189/2624/2203 2190/2625/2204 2197/2632/2211 2196/2631/2210
f 2191/2627/2205 2192/2626/2206 2199/2633/2213 2198/2634/2212
f 2192/2626/2206 2193/2628/2207 2200/2635/2214 2199/2633/2213
f 2193/2628/2207 2194/2629/2208 2201/2636/2215 2200/2635/2214
f 2194/2629/2208 2195/2630/2209 2202/2637/2216 2201/2636/2215
f 2195/2630/2209 2196/2631/2210 2203/2638/2217 2202/2637/2216
f 2196/2631/2210 2197/2632/2211 2204/2639/2218 2203/2638/2217
f 2198/2634/2212 2199/2633/2213 2206/2640/2220 2205/2641/2219
f 2199/2633/2213 2200/2635/2214 2207/2642/2221 2206/2640/2220
f 2200/2635/2214 2201/2636/2215 2208/2643/2222 2207/2642/2221
f 2201/2636/2215 2202/2637/2216 2209/2644/2223 2208/2643/2222
f 2202/2637/2216 2203/2638/2217 2210/2645/2224 2209/2644/2223
f 2203/2638/2217 2204/2639/2218 2211/2646/2225 2210/2645/2224
f 1421/2647/1443 1447/2648/1468 2163/2598/2177 1608/2649/1629
f 1447/2648/1468 1448/2650/1469 2164/2599/2178 2163/2598/2177
f 1448/2650/1469 1449/2651/1470 2165/2602/2179 2164/2599/2178
f 1449/2651/1470 1450/2652/1471 2166/2604/2180 2165/2602/2179
f 1450/2652/1471 1451/2653/1472 2167/2606/2181 2166/2604/2180
f 1451/2653/1472 1452/2654/1473 2168/2608/2182 2167/2606/2181
f 1452/2654/1473 1453/2655/1474 2169/2610/2183 2168/2608/2182
f 1453/2655/1474 1422/2656/1444 1629/2657/1650 2169/2610/2183
f 2169/2610/2183 1629/2657/1650 1630/2658/1651 2176/2611/2190
f 2176/2611/2190 1630/2658/1651 1631/2659/1652 2183/2618/2197
f 2183/2618/2197 1631/2659/1652 1632/2660/1653 2190/2625/2204
f 2190/2625/2204 1632/2660/1653 1633/2661/1654 2197/2632/2211
f 2197/2632/2211 1633/2661/1654 1634/2662/1655 2204/2639/2218
f 2204/2639/2218 1634/2662/1655 1635/2663/1656 2211/2646/2225
f 2211/2646/2225 1635/2663/1656 1431/2664/1453 1523/2665/1544
f 2210/2645/2224 2211/2646/2225 1523/2665/1544 1522/2666/1543
f 2209/2644/2223 2210/2645/2224 1522/2666/1543 1521/2667/1542
f 2208/2643/2222 2209/2644/2223 1521/2667/1542 1520/2668/1541
f 2207/2642/2221 2208/2643/2222 1520/2668/1541 1519/2669/1540
f 2206/2640/2220 2207/2642/2221 1519/2669/1540 1518/2670/1539
f 2205/2641/2219 2206/2640/2220 1518/2670/1539 1517/2671/1538
f 1614/2672/1635 2205/2641/2219 1517/2671/1538 1430/2673/1452
f 1613/2674/1634 2198/2634/2212 2205/2641/2219 1614/2672/1635
f 1612/2675/1633 2191/2627/2205 2198/2634/2212 1613/2674/1634
f 1611/2676/1632 2184/2620/2198 2191/2627/2205 1612/2675/1633
f 1610/2677/1631 2177/2613/2191 2184/2620/2198 1611/2676/1632
f 1609/2678/1630 2170/2601/2184 2177/2613/2191 1610/2677/1631
f 1608/2649/1629 2163/2598/2177 2170/2601/2184 1609/2678/1630
f 2212/2679/2226 2213/2680/2227 2220/2681/2234 2219/2682/2233
f 2213/2680/2227 2214/2683/2228 2221/2684/2235 2220/2681/2234
f 2214/2683/2228 2215/2685/2229 2222/2686/2236 2221/2684/2235
f 2215/2685/2229 2216/2687/2230 2223/2688/2237 2222/2686/2236
f 2216/2687/2230 2217/2689/2231 2224/2690/2238 2223/2688/2237
f 2217/2689/2231 2218/2691/2232 2225/2692/2239 2224/2690/2238
f 2219/2682/2233 2220/2681/2234 2227/2693/2241 2226/2694/2240
f 2220/2681/2234 2221/2684/2235 2228/2695/2242 2227/2693/2241
f 2221/2684/2235 2222/2686/2236 2229/2696/2243 2228/2695/2242
f 2222/2686/2236 2223/2688/2237 2230/2697/2244 2229/2696/2243
f 2223/2688/2237 2224/2690/2238 2231/2698/2245 2230/2697/2244
f 2224/2690/2238 2225/2692/2239 2232/2699/2246 2231/2698/2245
f 2226/2694/2240 2227/2693/2241 2234/2700/2248 2233/2701/2247
f 2227/2693/2241 2228/2695/2242 2235/2702/2249 2234/2700/2248
f 2228/2695/2242 2229/2696/2243 2236/2703/2250 2235/2702/2249
f 2229/2696/2243 2230/2697/2244 2237/2704/2251 2236/2703/2250
f 2230/2697/2244 2231/2698/2245 2238/2705/2252 2237/2704/2251
f 2231/2698/2245 2232/2699/2246 2239/2706/2253 2238/2705/2252
f 2233/2701/2247 2234/2700/2248 2241/2707/2255 2240/2708/2254
f 2234/2700/2248 2235/2702/2249 2242/2709/2256 2241/2707/2255
f 2235/2702/2249 2236/2703/2250 2243/2710/2257 2242/2709/2256
f 2236/2703/2250 2237/2704/2251 2244/2711/2258 2243/2710/2257
f 2237/2704/2251 2238/2705/2252 2245/2712/2259 2244/2711/2258
f 2238/2705/2252 2239/2706/2253 2246/2713/2260 2245/2712/2259
f 2240/2708/2254 2241/2707/2255 2248/2714/2262 2247/2715/2261
f 2241/2707/2255 2242/2709/2256 2249/2716/2263 2248/2714/2262
f 2242/2709/2256 2243/2710/2257 2250/2717/2264 2249/2716/2263
f 2243/2710/2257 2244/2711/2258 2251/2718/2265 2250/2717/2264
f 2244/2711/2258 2245/2712/2259 2252/2719/2266 2251/2718/2265
f 2245/2712/2259 2246/2713/2260 2253/2720/2267 2252/2719/2266
f 2247/2715/2261 2248/2714/2262 2255/2721/2269 2254/2722/2268
f 2248/2714/2262 2249/2716/2263 2256/2723/2270 2255/2721/2269
f 2249/2716/2263 2250/2717/2264 2257/2724/2271 2256/2723/2270
f 2250/2717/2264 2251/2718/2265 2258/2725/2272 2257/2724/2271
f 2251/2718/2265 2252/2719/2266 2259/2726/2273 2258/2725/2272
f 2252/2719/2266 2253/2720/2267 2260/2727/2274 2259/2726/2273
f 1422/2728/1444 1496/2729/1517 2212/2679/2226 1629/2730/1650
f 1496/2729/1517 1497/2731/1518 2213/2680/2227 2212/2679/2226
f 1497/2731/1518 1498/2732/1519 2214/2683/2228 2213/2680/2227
f 1498/2732/1519 1499/2733/1520 2215/2685/2229 2214/2683/2228
f 1499/2733/1520 1500/2734/1521 2216/2687/2230 2215/2685/2229
f 1500/2734/1521 1501/2735/1522 2217/2689/2231 2216/2687/2230
f 1501/2735/1522 1502/2736/1523 2218/2691/2232 2217/2689/2231
f 1502/2736/1523 1429/2737/1451 1636/2738/1657 2218/2691/2232
f 2218/2691/2232 1636/2738/1657 1637/2739/1658 2225/2692/2239
f 2225/2692/2239 1637/2739/1658 1638/2740/1659 2232/2699/2246
f 2232/2699/2246 1638/2740/1659 1639/2741/1660 2239/2706/2253
f 2239/2706/2253 1639/2741/1660 1640/2742/1661 2246/2713/2260
f 2246/2713/2260 1640/2742/1661 1641/2743/1662 2253/2720/2267
f 2253/2720/2267 1641/2743/1662 1642/2744/1663 2260/2727/2274
f 2260/2727/2274 1642/2744/1663 1438/2745/1460 1572/2746/1593
f 2259/2726/2273 2260/2727/2274 1572/2746/1593 1571/2747/1592
f 2258/2725/2272 2259/2726/2273 1571/2747/1592 1570/2748/1591
f 2257/2724/2271 2258/2725/2272 1570/2748/1591 1569/2749/1590
f 2256/2723/2270 2257/2724/2271 1569/2749/1590 1568/2750/1589
f 2255/2721/2269 2256/2723/2270 1568/2750/1589 1567/2751/1588
f 2254/2722/2268 2255/2721/2269 1567/2751/1588 1566/2752/1587
f 1635/2753/1656 2254/2722/2268 1566/2752/1587 1431/2754/1453
f 1634/2755/1655 2247/2715/2261 2254/2722/2268 1635/2753/1656
f 1633/2756/1654 2240/2708/2254 2247/2715/2261 1634/2755/1655
f 1632/2757/1653 2233/2701/2247 2240/2708/2254 1633/2756/1654
f 1631/2758/1652 2226/2694/2240 2233/2701/2247 1632/2757/1653
f 1630/2759/1651 2219/2682/2233 2226/2694/2240 1631/2758/1652
f 1629/2730/1650 2212/2679/2226 2219/2682/2233 1630/2759/1651
f 2261/2760/2275 2262/2761/2276 2269/2762/2283 2268/2763/2282
f 2262/2761/2276 2263/2764/2277 2270/2765/2284 2269/2762/2283
f 2263/2764/2277 2264/2766/2278 2271/2767/2285 2270/2765/2284
f 2264/2766/2278 2265/2768/2279 2272/2769/2286 2271/2767/2285
f 2265/2768/2279 2266/2770/2280 2273/2771/2287 2272/2769/2286
f 2266/2770/2280 2267/2772/2281 2274/2773/2288 2273/2771/2287
f 2268/2763/2282 2269/2762/2283 2276/2774/2290 2275/2775/2289
f 2269/2762/2283 2270/2765/2284 2277/2776/2291 2276/2774/2290
f 2270/2765/2284 2271/2767/2285 2278/2777/2292 2277/2776/2291
f 2271/2767/2285 2272/2769/2286 2279/2778/2293 2278/2777/2292
f 2272/2769/2286 2273/2771/2287 2280/2779/2294 2279/2778/2293
f 2273/2771/2287 2274/2773/2288 2281/2780/2295 2280/2779/2294
f 2275/2775/2289 2276/2774/2290 2283/2781/2297 2282/2782/2296
f 2276/2774/2290 2277/2776/2291 2284/2783/2298 2283/2781/2297
f 2277/2776/2291 2278/2777/2292 2285/2784/2299 2284/2783/2298
f 2278/2777/2292 2279/2778/2293 2286/2785/2300 2285/2784/2299
f 2279/2778/2293 2280/2779/2294 2287/2786/2301 2286/2785/2300
f 2280/2779/2294 2281/2780/2295 2288/2787/2302 2287/2786/2301
f 2282/2782/2296 2283/2781/2297 2290/2788/2304 2289/2789/2303
f 2283/2781/2297 2284/2783/2298 2291/2790/2305 2290/2788/2304
f 2284/2783/2298 2285/2784/2299 2292/2791/2306 2291/2790/2305
f 2285/2784/2299 2286/2785/2300 2293/2792/2307 2292/2791/2306
f 2286/2785/2300 2287/2786/2301 2294/2793/2308 2293/2792/2307
f 2287/2786/2301 2288/2787/2302 2295/2794/2309 2294/2793/2308
f 2289/2789/2303 2290/2788/2304 2297/2795/2311 2296/2796/2310
f 2290/2788/2304 2291/2790/2305 2298/2797/2312 2297/2795/2311
f 2291/2790/2305 2292/2791/2306 2299/2798/2313 2298/2797/2312
f 2292/2791/2306 2293/2792/2307 2300/2799/2314 2299/2798/2313
f 2293/2792/2307 2294/2793/2308 2301/2800/2315 2300/2799/2314
f 2294/2793/2308 2295/2794/2309 2302/2801/2316 2301/2800/2315
f 2296/2796/2310 2297/2795/2311 2304/2802/2318 2303/2803/2317
f 2297/2795/2311 2298/2797/2312 2305/2804/2319 2304/2802/2318
f 2298/2797/2312 2299/2798/2313 2306/2805/2320 2305/2804/2319
f 2299/2798/2313 2300/2799/2314 2307/2806/2321 2306/2805/2320
f 2300/2799/2314 2301/2800/2315 2308/2807/2322 2307/2806/2321
f 2301/2800/2315 2302/2801/2316 2309/2808/2323 2308/2807/2322
f 1427/2809/1449 1481/2810/1502 2261/2760/2275 1580/2811/1601
f 1481/2810/1502 1480/2812/1501 2262/2761/2276 2261/2760/2275
f 1480/2812/1501 1479/2813/1500 2263/2764/2277 2262/2761/2276
f 1479/2813/1500 1478/2814/1499 2264/2766/2278 2263/2764/2277
f 1478/2814/1499 1477/2815/1498 2265/2768/2279 2264/2766/2278
f 1477/2815/1498 1476/2816/1497 2266/2770/2280 2265/2768/2279
f 1476/2816/1497 1475/2817/1496 2267/2772/2281 2266/2770/2280
f 1475/2817/1496 1426/2341/1448 1607/2343/1628 2267/2772/2281
f 2267/2772/2281 1607/2343/1628 1606/2372/1627 2274/2773/2288
f 2274/2773/2288 1606/2372/1627 1605/2371/1626 2281/2780/2295
f 2281/2780/2295 1605/2371/1626 1604/2370/1625 2288/2787/2302
f 2288/2787/2302 1604/2370/1625 1603/2369/1624 2295/2794/2309
f 2295/2794/2309 1603/2369/1624 1602/2368/1623 2302/2801/2316
f 2302/2801/2316 1602/2368/1623 1601/2366/1622 2309/2808/2323
f 2309/2808/2323 1601/2366/1622 1435/2367/1457 1545/2818/1566
f 2308/2807/2322 2309/2808/2323 1545/2818/1566 1546/2819/1567
f 2307/2806/2321 2308/2807/2322 1546/2819/1567 1547/2820/1568
f 2306/2805/2320 2307/2806/2321 1547/2820/1568 1548/2821/1569
f 2305/2804/2319 2306/2805/2320 1548/2821/1569 1549/2822/1570
f 2304/2802/2318 2305/2804/2319 1549/2822/1570 1550/2823/1571
f 2303/2803/2317 2304/2802/2318 1550/2823/1571 1551/2824/1572
f 1586/2825/1607 2303/2803/2317 1551/2824/1572 1436/2826/1458
f 1585/2827/1606 2296/2796/2310 2303/2803/2317 1586/2825/1607
f 1584/2828/1605 2289/2789/2303 2296/2796/2310 1585/2827/1606
f 1583/2829/1604 2282/2782/2296 2289/2789/2303 1584/2828/1605
f 1582/2830/1603 2275/2775/2289 2282/2782/2296 1583/2829/1604
f 1581/2831/1602 2268/2763/2282 2275/2775/2289 1582/2830/1603
f 1580/2811/1601 2261/2760/2275 2268/2763/2282 1581/2831/1602
f 2310/2832/2324 2311/2833/2325 2318/2834/2332 2317/2835/2331
f 2311/2833/2325 2312/2836/2326 2319/2837/2333 2318/2834/2332
f 2312/2836/2326 2313/2838/2327 2320/2839/2334 2319/2837/2333
f 2313/2838/2327 2314/2840/2328 2321/2841/2335 2320/2839/2334
f 2314/2840/2328 2315/2842/2329 2322/2843/2336 2321/2841/2335
f 2315/2842/2329 2316/2844/2330 2323/2845/2337 2322/2843/2336
f 2317/2835/2331 2318/2834/2332 2325/2846/2339 2324/2847/2338
f 2318/2834/2332 2319/2837/2333 2326/2848/2340 2325/2846/2339
f 2319/2837/2333 2320/2839/2334 2327/2849/2341 2326/2848/2340
f 2320/2839/2334 2321/2841/2335 2328/2850/2342 2327/2849/2341
f 2321/2841/2335 2322/2843/2336 2329/2851/2343 2328/2850/2342
f 2322/2843/2336 2323/2845/2337 2330/2852/2344 2329/2851/2343
f 2324/2847/2338 2325/2846/2339 2332/2853/2346 2331/2854/2345
f 2325/2846/2339 2326/2848/2340 2333/2855/2347 2332/2853/2346
f 2326/2848/2340 2327/2849/2341 2334/2856/2348 2333/2855/2347
f 2327/2849/2341 2328/2850/2342 2335/2857/2349 2334/2856/2348
f 2328/2850/2342 2329/2851/2343 2336/2858/2350 2335/2857/2349
f 2329/2851/2343 2330/2852/2344 2337/2859/2351 2336/2858/2350
f 2331/2854/2345 2332/2853/2346 2339/2860/2353 2338/2861/2352
f 2332/2853/2346 2333/2855/2347 2340/2862/2354 2339/2860/2353
f 2333/2855/2347 2334/2856/2348 2341/2863/2355 2340/2862/2354
f 2334/2856/2348 2335/2857/2349 2342/2864/2356 2341/2863/2355
f 2335/2857/2349 2336/2858/2350 2343/2865/2357 2342/2864/2356
f 2336/2858/2350 2337/2859/2351 2344/2866/2358 2343/2865/2357
f 2338/2861/2352 2339/2860/2353 2346/2867/2360 2345/2868/2359
f 2339/2860/2353 2340/2862/2354 2347/2869/2361 2346/2867/2360
f 2340/2862/2354 2341/2863/2355 2348/2870/2362 2347/2869/2361
f 2341/2863/2355 2342/2864/2356 2349/2871/2363 2348/2870/2362
f 2342/2864/2356 2343/2865/2357 2350/2872/2364 2349/2871/2363
f 2343/2865/2357 2344/2866/2358 2351/2873/2365 2350/2872/2364
f 2345/2868/2359 2346/2867/2360 2353/2874/2367 2352/2875/2366
f 2346/2867/2360 2347/2869/2361 2354/2876/2368 2353/2874/2367
f 2347/2869/2361 2348/2870/2362 2355/2877/2369 2354/2876/2368
f 2348/2870/2362 2349/2871/2363 2356/2878/2370 2355/2877/2369
f 2349/2871/2363 2350/2872/2364 2357/2879/2371 2356/2878/2370
f 2350/2872/2364 2351/2873/2365 2358/2880/2372 2357/2879/2371
f 1429/2737/1451 1454/2881/1475 2310/2832/2324 1636/2738/1657
f 1454/2881/1475 1455/2882/1476 2311/2833/2325 2310/2832/2324
f 1455/2882/1476 1456/2883/1477 2312/2836/2326 2311/2833/2325
f 1456/2883/1477 1457/2884/1478 2313/2838/2327 2312/2836/2326
f 1457/2884/1478 1458/2885/1479 2314/2840/2328 2313/2838/2327
f 1458/2885/1479 1459/2886/1480 2315/2842/2329 2314/2840/2328
f 1459/2886/1480 1460/2887/1481 2316/2844/2330 2315/2842/2329
f 1460/2887/1481 1424/2888/1446 1628/2889/1649 2316/2844/2330
f 2316/2844/2330 1628/2889/1649 1627/2890/1648 2323/2845/2337
f 2323/2845/2337 1627/2890/1648 1626/2891/1647 2330/2852/2344
f 2330/2852/2344 1626/2891/1647 1625/2892/1646 2337/2859/2351
f 2337/2859/2351 1625/2892/1646 1624/2893/1645 2344/2866/2358
f 2344/2866/2358 1624/2893/1645 1623/2894/1644 2351/2873/2365
f 2351/2873/2365 1623/2894/1644 1622/2895/1643 2358/2880/2372
f 2358/2880/2372 1622/2895/1643 1433/2896/1455 1530/2897/1551
f 2357/2879/2371 2358/2880/2372 1530/2897/1551 1529/2898/1550
f 2356/2878/2370 2357/2879/2371 1529/2898/1550 1528/2899/1549
f 2355/2877/2369 2356/2878/2370 1528/2899/1549 1527/2900/1548
f 2354/2876/2368 2355/2877/2369 1527/2900/1548 1526/2901/1547
f 2353/2874/2367 2354/2876/2368 1526/2901/1547 1525/2902/1546
f 2352/2875/2366 2353/2874/2367 1525/2902/1546 1524/2903/1545
f 1642/2744/1663 2352/2875/2366 1524/2903/1545 1438/2745/1460
f 1641/2743/1662 2345/2868/2359 2352/2875/2366 1642/2744/1663
f 1640/2742/1661 2338/2861/2352 2345/2868/2359 1641/2743/1662
f 1639/2741/1660 2331/2854/2345 2338/2861/2352 1640/2742/1661
f 1638/2740/1659 2324/2847/2338 2331/2854/2345 1639/2741/1660
f 1637/2739/1658 2317/2835/2331 2324/2847/2338 1638/2740/1659
f 1636/2738/1657 2310/2832/2324 2317/2835/2331 1637/2739/1658
l 1427 1643
l 1643 1644
l 1644 1645
l 1645 1646
l 1646 1647
l 1647 1648
l 1648 1649
l 1649 1439
o Petalo.002
v -0.516281 5.129192 0.079530
v -0.188262 4.947024 -0.437524
v -1.541035 5.657210 -0.473727
v -0.987984 5.345662 -1.350296
v -1.067941 5.468379 -0.969624
v -1.234133 5.560778 -0.707031
v -0.834825 5.456323 -0.625841
v -1.066791 5.575732 -0.089847
v -0.441604 5.226701 -1.079024
v -0.471313 5.205958 0.077348
v -0.144287 5.024339 -0.438139
v -1.495849 5.733798 -0.475180
v -0.943794 5.422791 -1.350181
v -1.023906 5.544925 -0.969400
v -1.190089 5.637340 -0.706808
v -0.927037 5.586040 -0.727563
v -1.004863 5.676898 -0.095519
v -0.382323 5.329331 -1.080517
v -1.136486 5.729750 -0.915597
v -0.980876 5.527812 -0.039525
v -0.897006 5.469574 0.002781
v -0.816405 5.405079 0.036615
v -0.740297 5.338380 0.061520
v -0.669960 5.273427 0.077249
v -0.606888 5.213730 0.084380
v -0.553175 5.163044 0.084022
v -0.482593 5.099525 0.045856
v -0.435649 5.061658 -0.007206
v -0.384597 5.024980 -0.072885
v -0.333577 4.993552 -0.147792
v -0.285949 4.970203 -0.228353
v -0.244013 4.955245 -0.309235
v -0.209973 4.948133 -0.383838
v -0.521944 5.257554 -1.146339
v -0.608954 5.281650 -1.203124
v -0.696638 5.300068 -1.250076
v -0.778997 5.313886 -1.287889
v -0.850930 5.324234 -1.317039
v -0.910924 5.332459 -1.337105
v -0.958065 5.339745 -1.347744
v -1.264632 5.562311 -0.704710
v -1.307052 5.566141 -0.697584
v -1.353777 5.573400 -0.682029
v -1.401918 5.585278 -0.654242
v -1.448773 5.602299 -0.612314
v -1.490392 5.622326 -0.561956
v -1.522636 5.642345 -0.511298
v -1.015809 5.356815 -1.314579
v -1.049563 5.373996 -1.260578
v -1.078417 5.393761 -1.199151
v -1.096613 5.413555 -1.137854
v -1.100624 5.431300 -1.082833
v -1.093522 5.446639 -1.035435
v -1.080263 5.459496 -0.996206
v -1.200716 5.551512 -0.711318
v -1.153569 5.539049 -0.715829
v -1.101875 5.526048 -0.717862
v -1.050105 5.513659 -0.715451
v -1.001250 5.502502 -0.707040
v -0.954261 5.491724 -0.692396
v -0.906141 5.479654 -0.670778
v -0.899971 5.476387 -0.680433
v -0.937615 5.482832 -0.718490
v -0.969396 5.485317 -0.757072
v -0.997021 5.484745 -0.798984
v -1.021018 5.481643 -0.845307
v -1.041294 5.477027 -0.893001
v -1.057486 5.472070 -0.937522
v -1.524429 5.658625 -0.450118
v -1.492304 5.659513 -0.415766
v -1.445963 5.658604 -0.374200
v -1.386705 5.654947 -0.325157
v -1.316248 5.647332 -0.268733
v -1.237396 5.633376 -0.208089
v -1.153219 5.610402 -0.147151
v -0.190096 4.961350 -0.488481
v -0.197476 4.986204 -0.561473
v -0.212527 5.019083 -0.644717
v -0.236634 5.058162 -0.733823
v -0.270939 5.101388 -0.825197
v -0.316143 5.145917 -0.915429
v -0.372835 5.188703 -1.001158
v -1.004978 5.531275 -0.191449
v -0.930682 5.483033 -0.310638
v -0.847947 5.432988 -0.441886
v -0.760817 5.383121 -0.579665
v -0.673218 5.335440 -0.718344
v -0.588597 5.292054 -0.851888
v -0.510283 5.255096 -0.974160
v -0.919068 5.628985 -0.045183
v -0.835696 5.570414 -0.002608
v -0.756160 5.504801 0.031680
v -0.681875 5.435768 0.057151
v -0.614245 5.366946 0.073490
v -0.554634 5.302015 0.081230
v -0.504849 5.245181 0.081434
v -0.434622 5.181769 0.043768
v -0.384499 5.149830 -0.009110
v -0.331276 5.117380 -0.074541
v -0.279563 5.087587 -0.149175
v -0.232966 5.062790 -0.229474
v -0.193502 5.043771 -0.310129
v -0.162871 5.030858 -0.384556
v -0.462736 5.360093 -1.147635
v -0.550094 5.383709 -1.204142
v -0.638616 5.400841 -1.250784
v -0.722515 5.412151 -1.288307
v -0.796840 5.418473 -1.317227
v -0.859971 5.421324 -1.337130
v -0.910737 5.422337 -1.347672
v -1.217429 5.644337 -0.704516
v -1.256401 5.654069 -0.697478
v -1.300619 5.665511 -0.682085
v -1.347700 5.678952 -0.654545
v -1.395225 5.694419 -0.612942
v -1.439005 5.710272 -0.562930
v -1.474432 5.724395 -0.512570
v -0.968482 5.439337 -1.314474
v -0.998850 5.462300 -1.260496
v -1.025311 5.486108 -1.199091
v -1.042632 5.507341 -1.137794
v -1.047571 5.523448 -1.082736
v -1.042909 5.534566 -1.035282
v -1.033072 5.541507 -0.996005
v -1.153820 5.633441 -0.711269
v -1.104873 5.627224 -0.716932
v -1.054934 5.619772 -0.722033
v -1.010259 5.611899 -0.725538
v -0.975439 5.604294 -0.726869
v -0.950617 5.597179 -0.726952
v -0.934777 5.590752 -0.726991
v -0.928609 5.587481 -0.736646
v -0.933974 5.588281 -0.753046
v -0.943590 5.587099 -0.776900
v -0.957182 5.582971 -0.809071
v -0.974084 5.575352 -0.849477
v -0.992607 5.565186 -0.894103
v -1.010598 5.553982 -0.937473
v -1.475911 5.740568 -0.451918
v -1.439909 5.747587 -0.418063
v -1.390168 5.751904 -0.377076
v -1.328255 5.752125 -0.328680
v -1.256006 5.746877 -0.272947
v -1.176098 5.734087 -0.212955
v -1.091421 5.711508 -0.152536
v -0.142956 5.044144 -0.489196
v -0.146661 5.075285 -0.562352
v -0.158514 5.113544 -0.645788
v -0.180179 5.156638 -0.735088
v -0.212915 5.202340 -0.826626
v -0.257270 5.248105 -0.916969
v -0.313617 5.291310 -1.002728
v -0.933259 5.649214 -0.197467
v -0.852205 5.613071 -0.316530
v -0.765671 5.570419 -0.447300
v -0.677622 5.523207 -0.584370
v -0.591913 5.473409 -0.722223
v -0.511940 5.423100 -0.854907
v -0.440983 5.374374 -0.976359
v -0.882539 5.485868 -0.665004
v -0.896075 5.505891 -0.679766
v -0.902396 5.524030 -0.689567
v -0.906104 5.540621 -0.697429
v -0.910033 5.555589 -0.705121
v -0.915024 5.568598 -0.713036
v -0.921197 5.579174 -0.721041
v -1.027836 5.538196 -0.974360
v -1.033729 5.528527 -0.979118
v -1.040496 5.517529 -0.982027
v -1.047446 5.505830 -0.983003
v -1.053988 5.494043 -0.982130
v -1.059827 5.483110 -0.979302
v -1.064705 5.474072 -0.974585
v -1.566836 5.669829 -0.461650
v -1.592780 5.685716 -0.449795
v -1.608315 5.701009 -0.442375
v -1.609500 5.714279 -0.440026
v -1.594431 5.724509 -0.442843
v -1.565940 5.731160 -0.450692
v -1.528961 5.733989 -0.462893
v -1.198753 5.633156 -0.704338
v -1.209076 5.625848 -0.702154
v -1.218447 5.616217 -0.700995
v -1.226209 5.604936 -0.700707
v -1.231941 5.592726 -0.701098
v -1.235179 5.580420 -0.702338
v -1.235628 5.569018 -0.704562
v -0.513108 5.128290 0.101908
v -0.507789 5.129803 0.125393
v -0.501206 5.135095 0.141430
v -0.494177 5.144705 0.147051
v -0.487410 5.158647 0.140761
v -0.481109 5.175348 0.124099
v -0.475438 5.192597 0.100080
v -1.063647 5.694592 -0.015203
v -1.108625 5.702458 0.042517
v -1.139408 5.701074 0.077566
v -1.155607 5.691022 0.089870
v -1.156834 5.672881 0.079356
v -1.142699 5.647232 0.045947
v -1.112815 5.614656 -0.010429
v -0.950226 5.407849 -1.380227
v -0.959599 5.389349 -1.411832
v -0.969449 5.372105 -1.433568
v -0.977747 5.358027 -1.441496
v -0.982993 5.348421 -1.433633
v -0.985797 5.343556 -1.411946
v -0.987229 5.343215 -1.380356
v -0.169157 4.937305 -0.440151
v -0.147403 4.929727 -0.442444
v -0.129815 4.928936 -0.443654
v -0.118963 4.936434 -0.444018
v -0.116357 4.952675 -0.443789
v -0.121362 4.975626 -0.442728
v -0.132355 5.002092 -0.440608
v -0.385389 5.208545 -1.161370
v -0.342465 5.200471 -1.220194
v -0.313158 5.201865 -1.255521
v -0.297795 5.212111 -1.267375
v -0.296704 5.230596 -1.255777
v -0.310210 5.256704 -1.220752
v -0.338641 5.289821 -1.162324
v -0.872532 5.490501 -0.662060
v -0.910240 5.524680 -0.698280
v -0.947948 5.558858 -0.734499
v -0.985655 5.593036 -0.770719
v -1.023363 5.627214 -0.806938
v -1.061070 5.661393 -0.843158
v -1.098778 5.695571 -0.879377
v -0.519261 5.133818 0.033433
v -0.568373 5.181635 0.021456
v -0.626593 5.238459 0.004229
v -0.692220 5.300753 -0.020094
v -0.763940 5.365069 -0.052321
v -0.840662 5.427559 -0.092073
v -0.921353 5.484277 -0.138674
v -0.472608 5.097478 -0.029125
v -0.518595 5.144485 -0.053004
v -0.572403 5.199538 -0.081431
v -0.633174 5.259637 -0.115715
v -0.700138 5.321690 -0.156522
v -0.772544 5.382094 -0.203238
v -0.849641 5.437119 -0.254922
v -0.419945 5.060747 -0.102567
v -0.462217 5.106529 -0.136921
v -0.511193 5.159637 -0.176355
v -0.566699 5.217402 -0.221114
v -0.628526 5.277021 -0.271161
v -0.696293 5.335147 -0.325479
v -0.769575 5.388298 -0.382808
v -0.365784 5.027847 -0.184046
v -0.403334 5.071331 -0.227434
v -0.446696 5.121641 -0.277070
v -0.496337 5.176416 -0.332067
v -0.552629 5.233140 -0.391409
v -0.615552 5.288686 -0.453565
v -0.684987 5.339773 -0.516871
v -0.313842 5.001806 -0.269872
v -0.345540 5.041684 -0.320993
v -0.382352 5.087995 -0.379718
v -0.425468 5.138825 -0.444141
v -0.475882 5.192036 -0.512334
v -0.533894 5.244658 -0.582195
v -0.599630 5.293519 -0.651580
v -0.266412 4.982931 -0.354264
v -0.290989 5.017990 -0.412077
v -0.320515 5.059477 -0.479005
v -0.356838 5.105893 -0.552092
v -0.401361 5.155344 -0.628580
v -0.454618 5.204946 -0.705805
v -0.516925 5.251562 -0.781122
v -0.225142 4.970428 -0.430351
v -0.241311 4.999867 -0.494511
v -0.263247 5.036425 -0.569256
v -0.293031 5.078658 -0.650469
v -0.332052 5.124613 -0.734688
v -0.380958 5.171412 -0.818760
v -0.440213 5.215943 -0.899609
v -1.093496 5.474937 -0.801381
v -1.090189 5.565732 -0.249148
v -1.174377 5.589325 -0.308241
v -1.254634 5.604875 -0.364538
v -1.328122 5.615274 -0.413510
v -1.014580 5.517200 -0.368983
v -1.098901 5.541353 -0.426696
v -1.181012 5.558469 -0.479374
v -1.258818 5.572111 -0.519889
v -0.930585 5.466760 -0.501252
v -1.015076 5.491256 -0.558629
v -1.098964 5.509496 -0.610125
v -1.182008 5.526669 -0.642648
v -1.487962 5.634827 -0.500691
v -1.446236 5.609740 -0.560385
v -1.399195 5.585920 -0.619142
v -1.350733 5.566694 -0.666747
v -1.445705 5.629257 -0.480220
v -1.393301 5.597885 -0.554372
v -1.337948 5.568417 -0.628177
v -1.286139 5.545913 -0.685729
v -1.392293 5.623059 -0.451692
v -1.330314 5.585247 -0.543081
v -1.264526 5.548096 -0.640213
v -1.206812 5.519942 -0.717881
v -1.227260 5.548055 -0.712668
v -1.177906 5.533218 -0.720987
v -1.123328 5.518585 -0.727233
v -1.069163 5.505384 -0.728612
v -1.263263 5.548952 -0.709040
v -1.208236 5.531265 -0.722635
v -1.147393 5.513670 -0.736580
v -1.088912 5.498617 -0.745697
v -1.304900 5.554658 -0.695638
v -1.243458 5.534342 -0.714665
v -1.172680 5.511914 -0.740555
v -1.104261 5.491410 -0.766758
v -0.931166 5.478096 -0.693584
v -0.963381 5.479914 -0.727022
v -0.992918 5.480049 -0.764876
v -1.018615 5.477651 -0.808269
v -0.973850 5.485550 -0.710586
v -0.998442 5.482306 -0.738001
v -1.022248 5.478787 -0.772966
v -1.043090 5.473278 -0.818022
v -1.019594 5.494554 -0.722914
v -1.039650 5.488333 -0.745543
v -1.057088 5.481551 -0.776217
v -1.068408 5.471432 -0.823440
v -1.071982 5.461590 -0.958096
v -1.085572 5.449601 -0.990137
v -1.092162 5.435312 -1.032428
v -1.085821 5.417756 -1.086359
v -1.058315 5.466820 -0.909897
v -1.074034 5.456369 -0.934855
v -1.082429 5.444092 -0.969550
v -1.074308 5.426886 -1.021247
v -1.040438 5.472780 -0.858046
v -1.060102 5.465116 -0.874525
v -1.074601 5.457041 -0.895747
v -1.068011 5.442002 -0.937715
v -0.990372 5.354684 -1.289283
v -0.951890 5.351472 -1.262763
v -0.901032 5.347000 -1.230089
v -0.837077 5.339680 -1.191419
v -1.028459 5.374546 -1.222439
v -0.998746 5.375937 -1.179585
v -0.959618 5.376926 -1.130427
v -0.906224 5.374207 -1.078461
v -1.062857 5.396636 -1.152056
v -1.043458 5.402789 -1.094768
v -1.021180 5.411342 -1.025750
v -0.986309 5.416815 -0.952667
v -0.590533 5.286452 -1.040008
v -0.668944 5.324008 -0.916058
v -0.754001 5.368059 -0.780750
v -0.842381 5.416376 -0.640410
v -0.675932 5.310354 -1.097448
v -0.753248 5.347895 -0.973982
v -0.838191 5.392254 -0.838698
v -0.926852 5.440888 -0.698067
v -0.760277 5.327804 -1.147503
v -0.835210 5.364652 -1.027056
v -0.920059 5.409217 -0.893477
v -1.010924 5.459041 -0.751732
v -0.464309 5.227620 0.030763
v -0.413060 5.199658 -0.031657
v -0.357609 5.168281 -0.104832
v -0.302619 5.137348 -0.185979
v -0.251937 5.109578 -0.271458
v -0.207672 5.085559 -0.355519
v -0.171270 5.064827 -0.431315
v -0.508012 5.284089 0.018137
v -0.452607 5.257090 -0.056226
v -0.392948 5.225384 -0.139862
v -0.333141 5.192410 -0.229982
v -0.276799 5.160831 -0.323101
v -0.225990 5.131141 -0.413739
v -0.182265 5.103049 -0.495755
v -0.561981 5.347440 0.000228
v -0.501579 5.319664 -0.085364
v -0.436794 5.286562 -0.179988
v -0.371323 5.250964 -0.280250
v -0.308577 5.215265 -0.382364
v -0.250862 5.180250 -0.481090
v -0.200191 5.146267 -0.570801
v -0.624459 5.414289 -0.024766
v -0.558905 5.384815 -0.120334
v -0.488707 5.349674 -0.225409
v -0.417359 5.311198 -0.335846
v -0.348198 5.271497 -0.447295
v -0.283921 5.231818 -0.554577
v -0.227068 5.193189 -0.652303
v -0.694096 5.481319 -0.057605
v -0.623625 5.449854 -0.161755
v -0.548217 5.412450 -0.276033
v -0.471345 5.371152 -0.395703
v -0.396389 5.327916 -0.515919
v -0.326374 5.284353 -0.631403
v -0.264237 5.241986 -0.736768
v -0.769613 5.545112 -0.097837
v -0.694747 5.511698 -0.208937
v -0.614677 5.472107 -0.330778
v -0.532982 5.428273 -0.458227
v -0.453173 5.382113 -0.586081
v -0.378498 5.335477 -0.708859
v -0.312137 5.290197 -0.821006
v -0.849754 5.602224 -0.144708
v -0.771274 5.567164 -0.260867
v -0.687393 5.525733 -0.388311
v -0.601873 5.479858 -0.521691
v -0.518399 5.431480 -0.655582
v -0.440338 5.382593 -0.784256
v -0.370981 5.335200 -0.901907
v -1.015031 5.612632 -0.803941
v -1.018628 5.683599 -0.254819
v -0.936279 5.647166 -0.374479
v -0.848486 5.604140 -0.506241
v -0.759353 5.556422 -0.644691
v -1.103387 5.706737 -0.313312
v -1.021182 5.670914 -0.431539
v -0.933491 5.628419 -0.562947
v -0.844275 5.580832 -0.701699
v -1.184842 5.720957 -0.368867
v -1.104499 5.686785 -0.483426
v -1.018440 5.645868 -0.613651
v -0.929282 5.598605 -0.754627
v -0.521339 5.405629 -1.041942
v -0.607171 5.428998 -1.099001
v -0.692515 5.445008 -1.148628
v -0.771132 5.454023 -1.192136
v -0.592424 5.454960 -0.918743
v -0.677205 5.478383 -0.976180
v -0.760226 5.493812 -1.028697
v -0.833234 5.500399 -1.079559
v -0.672853 5.505965 -0.784238
v -0.757501 5.529912 -0.841603
v -0.840353 5.546041 -0.895712
v -0.908677 5.550997 -0.954242
v -0.936321 5.448850 -1.289265
v -0.969586 5.476924 -1.222490
v -1.000928 5.504169 -1.152169
v -1.022860 5.527020 -1.086498
v -0.892734 5.454409 -1.262905
v -0.933672 5.488930 -1.179872
v -0.974722 5.522010 -1.095205
v -1.004559 5.548154 -1.021854
v -0.837938 5.456621 -1.230474
v -0.889888 5.497793 -1.131065
v -0.947254 5.539484 -1.026696
v -0.993317 5.572688 -0.939175
v -1.018342 5.555121 -0.958097
v -1.001309 5.568994 -0.911004
v -0.984158 5.581511 -0.862007
v -0.968580 5.590959 -0.817675
v -1.027017 5.551492 -0.990201
v -1.010646 5.568684 -0.935851
v -0.995793 5.584915 -0.877802
v -0.983120 5.597480 -0.825579
v -1.030406 5.542579 -1.032546
v -1.014617 5.562917 -0.970359
v -1.003758 5.584414 -0.898095
v -0.999123 5.603400 -0.828580
v -0.939786 5.595417 -0.739836
v -0.956828 5.602907 -0.741320
v -0.982560 5.610565 -0.741112
v -1.019121 5.618704 -0.738021
v -0.946361 5.597267 -0.757757
v -0.964210 5.605428 -0.760494
v -0.990176 5.613617 -0.759750
v -1.028929 5.622824 -0.753266
v -0.955888 5.596052 -0.783073
v -0.972777 5.604067 -0.787172
v -0.995958 5.612311 -0.785651
v -1.034950 5.623371 -0.771934
v -1.173607 5.641601 -0.712677
v -1.204665 5.650841 -0.709161
v -1.243016 5.661876 -0.695947
v -1.287476 5.675812 -0.667342
v -1.120887 5.635406 -0.722102
v -1.144805 5.643577 -0.723686
v -1.175517 5.653114 -0.715667
v -1.216066 5.667017 -0.686839
v -1.067039 5.627330 -0.731199
v -1.083055 5.633471 -0.739892
v -1.101747 5.639250 -0.743037
v -1.131837 5.650481 -0.719780
v -1.432821 5.728401 -0.502387
v -1.385227 5.731472 -0.482444
v -1.327638 5.731822 -0.454539
v -1.260377 5.728623 -0.417066
v -1.386514 5.711662 -0.561770
v -1.327200 5.710320 -0.556273
v -1.259388 5.705459 -0.545602
v -1.184467 5.697553 -0.523134
v -1.336708 5.693160 -0.620125
v -1.268559 5.687289 -0.629639
v -1.189887 5.675851 -0.642278
v -1.103629 5.660440 -0.645400
v -1.046827 5.482065 -0.929675
v -1.027168 5.487975 -0.883486
v -1.004847 5.492314 -0.837174
v -0.979904 5.494725 -0.793071
v -0.952657 5.494779 -0.753130
v -0.923869 5.492403 -0.717043
v -0.895984 5.488082 -0.685012
v -1.038498 5.492806 -0.927994
v -1.015978 5.499784 -0.879070
v -0.992101 5.504463 -0.832894
v -0.967069 5.506935 -0.790432
v -0.941600 5.507342 -0.752709
v -0.918110 5.506351 -0.720408
v -0.900392 5.505073 -0.694789
v -1.030947 5.504555 -0.927762
v -1.006840 5.512281 -0.877358
v -0.982266 5.517515 -0.831342
v -0.957870 5.520508 -0.790216
v -0.934718 5.521642 -0.754560
v -0.915517 5.521843 -0.725199
v -0.903505 5.522218 -0.703101
v -1.023864 5.516684 -0.927787
v -0.999313 5.524956 -0.877120
v -0.974883 5.530852 -0.831538
v -0.951664 5.534581 -0.791574
v -0.930954 5.536484 -0.757746
v -0.914892 5.537446 -0.730495
v -0.905826 5.538485 -0.710248
v -1.017321 5.528431 -0.927717
v -0.993273 5.537216 -0.877725
v -0.969711 5.543862 -0.832824
v -0.948015 5.548357 -0.793865
v -0.929608 5.550858 -0.761566
v -0.916064 5.552211 -0.736037
v -0.909000 5.553438 -0.717238
v -1.012032 5.539155 -0.927920
v -0.989419 5.548465 -0.879768
v -0.967321 5.555986 -0.835683
v -0.947317 5.561315 -0.797280
v -0.930935 5.564299 -0.765968
v -0.919354 5.565739 -0.741745
v -0.913674 5.566730 -0.724241
v -1.009067 5.548125 -0.929598
v -0.988747 5.558060 -0.884443
v -0.968501 5.566673 -0.840918
v -0.950172 5.573003 -0.802216
v -0.935432 5.576481 -0.771055
v -0.925196 5.577797 -0.747526
v -0.920178 5.578084 -0.731050
v -1.284846 5.575933 -0.698900
v -1.336133 5.582700 -0.689002
v -1.388602 5.591478 -0.671789
v -1.439906 5.603468 -0.644482
v -1.487255 5.619173 -0.605656
v -1.526958 5.637013 -0.559103
v -1.555031 5.654791 -0.509768
v -1.293319 5.589481 -0.695128
v -1.352113 5.598486 -0.683202
v -1.410007 5.608705 -0.664491
v -1.464787 5.621078 -0.637031
v -1.513885 5.636095 -0.599663
v -1.553970 5.652788 -0.554356
v -1.581490 5.669803 -0.503717
v -1.294474 5.602885 -0.693068
v -1.357624 5.613295 -0.679894
v -1.419124 5.624604 -0.660114
v -1.476627 5.637421 -0.632277
v -1.527593 5.652111 -0.595420
v -1.568798 5.668128 -0.550528
v -1.596843 5.684690 -0.499052
v -1.289966 5.615564 -0.692417
v -1.354337 5.626702 -0.678820
v -1.416963 5.638676 -0.658642
v -1.475489 5.651813 -0.630607
v -1.527369 5.666310 -0.593841
v -1.569315 5.681850 -0.549071
v -1.597851 5.697988 -0.497424
v -1.280715 5.626840 -0.692970
v -1.343319 5.638186 -0.679813
v -1.404282 5.650396 -0.660066
v -1.461518 5.663613 -0.632285
v -1.512655 5.677905 -0.595512
v -1.554302 5.693024 -0.550728
v -1.582795 5.708651 -0.499378
v -1.266606 5.635971 -0.694955
v -1.324178 5.647076 -0.683062
v -1.380946 5.659179 -0.664420
v -1.435190 5.672353 -0.637075
v -1.484633 5.686574 -0.599873
v -1.525657 5.701386 -0.554770
v -1.554222 5.716305 -0.504359
v -1.246768 5.642160 -0.698692
v -1.295894 5.652637 -0.688847
v -1.346565 5.664421 -0.671745
v -1.397064 5.677608 -0.644615
v -1.444930 5.692122 -0.606036
v -1.486163 5.706963 -0.559764
v -1.516168 5.721036 -0.510711
v -1.025082 5.565995 0.037987
v -0.938619 5.506423 0.076972
v -0.854707 5.439950 0.106260
v -0.774629 5.370588 0.125586
v -0.699623 5.302148 0.134794
v -0.630742 5.237633 0.134147
v -0.568779 5.179506 0.123745
v -1.053664 5.598028 0.093011
v -0.965283 5.537376 0.129665
v -0.878809 5.469142 0.155798
v -0.795497 5.397188 0.171299
v -0.716448 5.325099 0.176085
v -0.642150 5.255334 0.170194
v -0.572769 5.189862 0.153534
v -1.067019 5.623342 0.125614
v -0.977465 5.561959 0.160906
v -0.889374 5.492424 0.185219
v -0.803946 5.418431 0.198538
v -0.722202 5.343415 0.200851
v -0.644444 5.269786 0.192141
v -0.570773 5.199673 0.172372
v -1.065544 5.641369 0.135866
v -0.975634 5.579691 0.170741
v -0.887065 5.509564 0.194508
v -0.801023 5.434565 0.207183
v -0.718510 5.358071 0.208779
v -0.639803 5.282670 0.199292
v -0.564994 5.210752 0.178718
v -1.049633 5.651538 0.123839
v -0.960229 5.590063 0.159222
v -0.872448 5.520217 0.183678
v -0.787543 5.445570 0.197172
v -0.706546 5.369509 0.199669
v -0.629608 5.294699 0.191143
v -0.556633 5.223607 0.171548
v -1.019666 5.653259 0.089605
v -0.931573 5.592427 0.126431
v -0.845702 5.523583 0.152840
v -0.763409 5.450351 0.168676
v -0.685828 5.376198 0.173818
v -0.613204 5.303990 0.168280
v -0.545334 5.236326 0.151953
v -0.976019 5.645939 0.033239
v -0.889963 5.586104 0.072458
v -0.806911 5.518749 0.102129
v -0.728295 5.447539 0.121926
v -0.655424 5.376077 0.131635
v -0.589117 5.307737 0.131486
v -0.529716 5.245739 0.121544
v -1.558054 5.679969 -0.415790
v -1.531042 5.686536 -0.367780
v -1.488296 5.690068 -0.315059
v -1.431549 5.689811 -0.257125
v -1.362685 5.684524 -0.194437
v -1.284552 5.671927 -0.129999
v -1.200233 5.649485 -0.067450
v -1.585086 5.699253 -0.394003
v -1.559427 5.709796 -0.335776
v -1.517722 5.716784 -0.274262
v -1.461722 5.719213 -0.209412
v -1.393352 5.715752 -0.141918
v -1.315394 5.704207 -0.074615
v -1.230845 5.682171 -0.010870
v -1.600683 5.716212 -0.381708
v -1.574962 5.729096 -0.317659
v -1.533048 5.738365 -0.250711
v -1.476814 5.742665 -0.181445
v -1.408299 5.740474 -0.110895
v -1.330212 5.729646 -0.041802
v -1.245431 5.707882 0.022671
v -1.601703 5.730085 -0.377960
v -1.575571 5.743992 -0.312133
v -1.533133 5.754394 -0.243409
v -1.476416 5.759682 -0.172649
v -1.407578 5.758148 -0.101085
v -1.329294 5.747674 -0.031425
v -1.244369 5.726038 0.033253
v -1.586468 5.740092 -0.382333
v -1.560065 5.753953 -0.318455
v -1.517344 5.764403 -0.251691
v -1.460376 5.769752 -0.182621
v -1.391348 5.768222 -0.112276
v -1.312960 5.757718 -0.043371
v -1.228038 5.736061 0.020956
v -1.557514 5.745613 -0.395187
v -1.530371 5.758342 -0.337281
v -1.487018 5.767771 -0.276118
v -1.429575 5.772268 -0.211647
v -1.360206 5.770103 -0.144549
v -1.281662 5.759192 -0.077612
v -1.196836 5.737368 -0.014152
v -1.518815 5.746049 -0.417396
v -1.489277 5.756478 -0.369817
v -1.443999 5.763830 -0.317582
v -1.385155 5.766603 -0.260181
v -1.314857 5.763189 -0.198055
v -1.235880 5.751512 -0.134142
v -1.151163 5.729377 -0.072004
v -1.027943 5.357688 -1.345214
v -1.062187 5.375061 -1.295708
v -1.088163 5.394363 -1.238047
v -1.103037 5.413938 -1.178105
v -1.104971 5.432231 -1.120862
v -1.096695 5.448662 -1.067863
v -1.082059 5.462829 -1.019524
v -1.032228 5.360074 -1.374359
v -1.067799 5.378667 -1.324913
v -1.092252 5.398517 -1.267794
v -1.104794 5.418501 -1.207295
v -1.105165 5.437535 -1.147152
v -1.095785 5.454999 -1.088784
v -1.079704 5.470377 -1.032849
v -1.031947 5.366056 -1.394512
v -1.067944 5.385655 -1.344386
v -1.091339 5.406248 -1.286737
v -1.102422 5.426826 -1.225059
v -1.101856 5.446457 -1.162448
v -1.091861 5.464545 -1.100394
v -1.075042 5.480579 -1.039962
v -1.027293 5.376124 -1.401875
v -1.063126 5.396339 -1.351398
v -1.085947 5.417515 -1.293355
v -1.096460 5.438495 -1.231034
v -1.095648 5.458256 -1.167383
v -1.085617 5.476305 -1.103993
v -1.068754 5.492282 -1.042116
v -1.018153 5.390153 -1.394441
v -1.053623 5.410643 -1.344312
v -1.076510 5.432096 -1.286661
v -1.087370 5.453044 -1.224980
v -1.087040 5.472256 -1.162363
v -1.077566 5.489435 -1.100302
v -1.061287 5.504529 -1.039863
v -1.005448 5.406838 -1.374236
v -1.039832 5.427446 -1.324787
v -1.063218 5.449105 -1.267667
v -1.075313 5.469828 -1.207162
v -1.076156 5.488025 -1.147007
v -1.067868 5.503586 -1.088622
v -1.052999 5.516858 -1.032673
v -0.989769 5.424304 -1.345076
v -1.021900 5.445279 -1.295574
v -1.046167 5.467478 -1.237917
v -1.060372 5.488157 -1.177970
v -1.063014 5.505199 -1.120705
v -1.056484 5.518597 -1.067675
v -1.043991 5.529043 -1.019311
v -0.460652 5.081998 0.065187
v -0.408367 5.039288 0.014568
v -0.356265 5.001297 -0.047736
v -0.306376 4.970329 -0.119420
v -0.260941 4.948390 -0.197885
v -0.221712 4.935681 -0.279466
v -0.190398 4.931968 -0.360610
v -0.446592 5.075991 0.085210
v -0.388841 5.028953 0.033662
v -0.334490 4.989284 -0.028207
v -0.284380 4.958151 -0.099123
v -0.239569 4.936619 -0.177654
v -0.201101 4.924778 -0.261965
v -0.170022 4.922493 -0.350403
v -0.435798 5.077804 0.099334
v -0.374842 5.028568 0.046709
v -0.318718 4.987931 -0.015659
v -0.267919 4.956509 -0.086958
v -0.222986 4.934829 -0.166341
v -0.184553 4.922999 -0.252856
v -0.153276 4.921029 -0.345560
v -0.427516 5.086573 0.104406
v -0.365469 5.037018 0.051376
v -0.308562 4.996354 -0.011324
v -0.257325 4.964897 -0.082980
v -0.212273 4.942946 -0.162866
v -0.173886 4.930739 -0.250198
v -0.142627 4.928495 -0.344181
v -0.421849 5.101818 0.098794
v -0.360452 5.053522 0.046275
v -0.303891 5.013795 -0.016005
v -0.252917 4.982791 -0.087232
v -0.208241 4.960739 -0.166556
v -0.170329 4.948046 -0.253027
v -0.139577 4.945182 -0.345705
v -0.419504 5.122598 0.084143
v -0.360722 5.077667 0.032779
v -0.305436 5.039903 -0.028926
v -0.254974 5.009606 -0.099699
v -0.210681 4.987330 -0.178111
v -0.173310 4.973673 -0.262330
v -0.143417 4.969367 -0.350708
v -0.422018 5.148395 0.063614
v -0.367814 5.109410 0.013206
v -0.314184 5.074457 -0.048882
v -0.263767 5.044739 -0.120356
v -0.219111 5.021688 -0.198635
v -0.181642 5.006071 -0.280066
v -0.152446 4.998743 -0.361107
v -0.159746 4.952307 -0.521142
v -0.160291 4.976201 -0.607938
v -0.170093 5.007726 -0.700924
v -0.189882 5.045262 -0.797779
v -0.220577 5.086896 -0.895629
v -0.262925 5.129925 -0.991141
v -0.317628 5.171443 -1.080870
v -0.134157 4.946259 -0.537892
v -0.130553 4.971055 -0.636728
v -0.136809 5.002827 -0.738675
v -0.153620 5.040082 -0.842259
v -0.181795 5.081079 -0.945436
v -0.222133 5.123291 -1.045080
v -0.275425 5.163996 -1.137797
v -0.114845 4.946474 -0.546277
v -0.109094 4.972324 -0.652190
v -0.113321 5.004894 -0.760025
v -0.128342 5.042564 -0.868261
v -0.154991 5.083556 -0.975051
v -0.194112 5.125471 -1.077389
v -0.246552 5.165758 -1.171978
v -0.103439 4.954436 -0.548769
v -0.096906 4.981020 -0.656919
v -0.100298 5.014365 -0.766809
v -0.114544 5.052649 -0.876780
v -0.140562 5.093947 -0.984909
v -0.179212 5.135920 -1.088215
v -0.231341 5.176122 -1.183452
v -0.101136 4.970646 -0.546420
v -0.094786 4.997528 -0.652356
v -0.098290 5.031334 -0.760220
v -0.112661 5.070104 -0.868487
v -0.138880 5.111800 -0.975305
v -0.177771 5.154070 -1.077660
v -0.230118 5.194480 -1.172252
v -0.107531 4.993171 -0.538196
v -0.102595 5.020258 -0.637082
v -0.107360 5.054574 -0.739095
v -0.122884 5.093993 -0.842748
v -0.150215 5.136365 -0.945984
v -0.190099 5.179269 -1.045668
v -0.243207 5.220212 -1.138392
v -0.121764 5.019136 -0.521637
v -0.119981 5.047032 -0.608523
v -0.127450 5.082516 -0.701627
v -0.145346 5.123207 -0.798602
v -0.174812 5.166819 -0.896556
v -0.216498 5.210839 -0.992137
v -0.270932 5.252696 -1.081882
v -0.905230 5.492969 -0.670549
v -0.944380 5.503317 -0.684915
v -0.988012 5.513758 -0.697655
v -1.034959 5.524556 -0.706527
v -1.085105 5.536173 -0.710797
v -1.136450 5.548097 -0.711178
v -1.186800 5.559477 -0.708742
v -0.911114 5.510738 -0.678018
v -0.940956 5.518488 -0.684632
v -0.979346 5.527550 -0.693514
v -1.023727 5.537532 -0.701425
v -1.072551 5.548277 -0.706302
v -1.124581 5.559364 -0.707929
v -1.178855 5.570282 -0.706541
v -0.914949 5.528265 -0.685200
v -0.939605 5.534631 -0.687485
v -0.973844 5.542561 -0.693217
v -1.015606 5.551632 -0.699548
v -1.063149 5.561480 -0.704117
v -1.115522 5.571804 -0.706150
v -1.171997 5.582318 -0.705271
v -0.917482 5.544643 -0.692016
v -0.939355 5.550432 -0.692195
v -0.970525 5.557635 -0.695709
v -1.009794 5.565902 -0.700297
v -1.056002 5.574921 -0.703956
v -1.108129 5.584520 -0.705719
v -1.165192 5.594570 -0.704873
v -0.920444 5.559485 -0.699336
v -0.940151 5.565002 -0.698323
v -0.968731 5.571781 -0.700222
v -1.005749 5.579485 -0.703197
v -1.050591 5.587833 -0.705599
v -1.101951 5.596745 -0.706517
v -1.158368 5.606200 -0.705226
v -0.924394 5.572398 -0.707470
v -0.942198 5.577881 -0.705970
v -0.968677 5.584514 -0.706774
v -1.003971 5.591921 -0.708274
v -1.047765 5.599811 -0.709091
v -1.098016 5.608055 -0.708628
v -1.152384 5.616641 -0.706467
v -0.929422 5.582974 -0.716586
v -0.945703 5.588717 -0.715398
v -0.970783 5.595470 -0.715581
v -1.005221 5.602846 -0.715672
v -1.048753 5.610547 -0.714542
v -1.098021 5.618197 -0.712135
v -1.149033 5.625553 -0.708666
v -0.465845 5.239000 -1.229847
v -0.554366 5.263256 -1.286132
v -0.645256 5.282436 -1.330709
v -0.732819 5.297660 -1.364063
v -0.812114 5.310077 -1.386500
v -0.881223 5.320937 -1.397613
v -0.939287 5.331513 -1.396518
v -0.423021 5.230637 -1.289504
v -0.512751 5.254980 -1.345475
v -0.606288 5.274631 -1.388483
v -0.698264 5.290720 -1.418903
v -0.783953 5.304398 -1.436972
v -0.861199 5.316900 -1.442362
v -0.928672 5.329503 -1.434445
v -0.393785 5.231851 -1.325328
v -0.484328 5.256214 -1.381130
v -0.579690 5.276062 -1.423263
v -0.674775 5.292503 -1.452066
v -0.764992 5.306678 -1.467768
v -0.847776 5.319854 -1.470164
v -0.921091 5.333331 -1.458923
v -0.378453 5.242029 -1.337334
v -0.469316 5.266350 -1.393070
v -0.565419 5.286136 -1.434916
v -0.661795 5.302449 -1.463208
v -0.753900 5.316408 -1.478186
v -0.838881 5.329376 -1.479714
v -0.914307 5.342775 -1.467561
v -0.377343 5.260556 -1.325542
v -0.467971 5.284781 -1.381286
v -0.563555 5.304260 -1.423357
v -0.659059 5.319988 -1.452103
v -0.749914 5.333061 -1.467761
v -0.833408 5.345000 -1.470128
v -0.907308 5.357448 -1.458869
v -0.390792 5.286819 -1.289976
v -0.480694 5.310892 -1.345827
v -0.574669 5.329826 -1.388704
v -0.667470 5.344522 -1.419004
v -0.754421 5.356030 -1.436981
v -0.833131 5.365990 -1.442308
v -0.901911 5.376307 -1.434352
v -0.419143 5.320202 -1.230665
v -0.507922 5.344073 -1.286758
v -0.599457 5.362224 -1.331123
v -0.688223 5.375446 -1.364281
v -0.769374 5.384697 -1.386566
v -0.840774 5.391602 -1.397575
v -0.901131 5.398185 -1.396418
vn -0.6630 -0.7484 0.0163
vn -0.5098 -0.8364 -0.2014
vn -0.3139 -0.9212 0.2301
vn -0.2361 -0.9668 0.0982
vn -0.7484 0.6448 0.1555
vn -0.0353 0.3473 -0.9371
vn -0.4956 0.6900 -0.5275
vn -0.4862 -0.8663 0.1144
vn -0.3895 -0.9203 -0.0359
vn 0.7231 0.5543 0.4121
vn 0.8499 0.4773 0.2232
vn -0.0674 0.9626 -0.2625
vn 0.0171 0.9048 -0.4256
vn -0.9250 0.2079 0.3182
vn -0.1601 -0.4110 -0.8975
vn -0.6325 -0.7614 -0.1423
vn 0.3993 0.9147 0.0627
vn 0.5064 0.8546 -0.1149
vn -0.5538 -0.8302 0.0637
vn -0.6055 -0.7955 0.0251
vn -0.6420 -0.7667 -0.0006
vn -0.6664 -0.7455 -0.0147
vn -0.6808 -0.7322 -0.0189
vn -0.6859 -0.7276 -0.0138
vn -0.6797 -0.7335 0.0016
vn -0.6546 -0.7558 -0.0143
vn -0.6453 -0.7622 -0.0521
vn -0.6326 -0.7697 -0.0856
vn -0.6151 -0.7799 -0.1156
vn -0.5929 -0.7927 -0.1417
vn -0.5663 -0.8078 -0.1637
vn -0.5348 -0.8248 -0.1836
vn -0.3240 -0.9459 0.0191
vn -0.2697 -0.9610 0.0619
vn -0.2287 -0.9691 0.0924
vn -0.2001 -0.9733 0.1121
vn -0.1824 -0.9755 0.1226
vn -0.1777 -0.9762 0.1241
vn -0.1931 -0.9745 0.1146
vn -0.0911 0.2954 -0.9510
vn -0.2507 -0.0004 -0.9681
vn -0.4232 -0.5501 -0.7199
vn -0.4324 -0.8531 -0.2920
vn -0.3667 -0.9304 0.0027
vn -0.3284 -0.9363 0.1244
vn -0.3141 -0.9305 0.1887
vn -0.2696 -0.9560 0.1158
vn -0.3262 -0.9366 0.1283
vn -0.4324 -0.8915 0.1351
vn -0.6569 -0.7399 0.1450
vn -0.9225 -0.3501 0.1624
vn -0.9637 0.2191 0.1527
vn -0.8124 0.5660 0.1403
vn 0.0010 0.4030 -0.9152
vn 0.0571 0.4719 -0.8798
vn 0.1269 0.5299 -0.8385
vn 0.2101 0.5548 -0.8050
vn 0.3019 0.5408 -0.7851
vn 0.3896 0.5043 -0.7706
vn 0.4625 0.5031 -0.7301
vn -0.2649 0.8681 0.4197
vn -0.3450 0.8580 0.3805
vn -0.3984 0.8662 0.3015
vn -0.4620 0.8573 0.2271
vn -0.5413 0.8212 0.1804
vn -0.6271 0.7619 0.1618
vn -0.7003 0.6965 0.1561
vn -0.2802 -0.9229 0.2641
vn -0.2658 -0.9244 0.2736
vn -0.2694 -0.9248 0.2686
vn -0.2863 -0.9236 0.2551
vn -0.3154 -0.9195 0.2345
vn -0.3582 -0.9109 0.2051
vn -0.4158 -0.8943 0.1651
vn -0.5256 -0.8225 -0.2175
vn -0.5410 -0.8114 -0.2213
vn -0.5456 -0.8102 -0.2141
vn -0.5406 -0.8177 -0.1980
vn -0.5249 -0.8334 -0.1731
vn -0.4961 -0.8572 -0.1382
vn -0.4512 -0.8876 -0.0921
vn -0.4739 -0.8771 0.0782
vn -0.4662 -0.8829 0.0551
vn -0.4602 -0.8869 0.0391
vn -0.4540 -0.8906 0.0273
vn -0.4457 -0.8950 0.0171
vn -0.4338 -0.9010 0.0057
vn -0.4165 -0.9091 -0.0101
vn 0.4770 0.8693 0.1297
vn 0.5390 0.8211 0.1880
vn 0.5872 0.7736 0.2382
vn 0.6259 0.7268 0.2830
vn 0.6576 0.6802 0.3238
vn 0.6841 0.6338 0.3609
vn 0.7060 0.5892 0.3930
vn 0.7381 0.5518 0.3881
vn 0.7530 0.5511 0.3595
vn 0.7679 0.5475 0.3326
vn 0.7839 0.5396 0.3072
vn 0.8007 0.5276 0.2838
vn 0.8179 0.5117 0.2629
vn 0.8358 0.4924 0.2429
vn 0.4203 0.8894 -0.1797
vn 0.3459 0.9090 -0.2327
vn 0.2842 0.9182 -0.2758
vn 0.2315 0.9212 -0.3129
vn 0.1814 0.9200 -0.3473
vn 0.1280 0.9161 -0.3800
vn 0.0708 0.9102 -0.4080
vn -0.1872 -0.2672 -0.9453
vn -0.1969 0.2082 -0.9581
vn -0.1497 0.6489 -0.7460
vn -0.0951 0.8522 -0.5145
vn -0.0653 0.9193 -0.3882
vn -0.0569 0.9425 -0.3293
vn -0.0591 0.9546 -0.2921
vn -0.0018 0.9140 -0.4058
vn -0.0293 0.9221 -0.3859
vn -0.0790 0.9284 -0.3630
vn -0.1915 0.9280 -0.3197
vn -0.4156 0.8837 -0.2152
vn -0.7116 0.7024 -0.0147
vn -0.9005 0.3784 0.2142
vn -0.1674 -0.5392 -0.8254
vn -0.1750 -0.6807 -0.7113
vn -0.1831 -0.7860 -0.5904
vn -0.1969 -0.8469 -0.4940
vn -0.2299 -0.8754 -0.4253
vn -0.3052 -0.8806 -0.3624
vn -0.4462 -0.8528 -0.2712
vn -0.6936 -0.7142 0.0940
vn -0.7263 -0.6343 0.2648
vn -0.7528 -0.5519 0.3587
vn -0.7935 -0.4554 0.4036
vn -0.8503 -0.3202 0.4177
vn -0.9047 -0.1371 0.4035
vn -0.9298 0.0612 0.3629
vn -0.0236 0.9741 -0.2249
vn 0.0288 0.9816 -0.1887
vn 0.0818 0.9842 -0.1571
vn 0.1332 0.9828 -0.1279
vn 0.1865 0.9778 -0.0955
vn 0.2468 0.9675 -0.0549
vn 0.3179 0.9481 -0.0024
vn 0.8369 0.5099 0.1989
vn 0.8135 0.5564 0.1693
vn 0.7840 0.6057 0.1362
vn 0.7485 0.6557 0.0995
vn 0.7060 0.7058 0.0580
vn 0.6542 0.7563 0.0099
vn 0.5885 0.8071 -0.0479
vn 0.4186 0.9077 0.0291
vn 0.4324 0.9017 0.0067
vn 0.4438 0.8961 -0.0110
vn 0.4539 0.8906 -0.0275
vn 0.4633 0.8851 -0.0443
vn 0.4733 0.8787 -0.0625
vn 0.4863 0.8697 -0.0844
vn -0.7242 -0.6391 -0.2588
vn -0.7997 -0.4906 -0.3461
vn -0.8337 -0.3794 -0.4013
vn -0.8373 -0.3639 -0.4081
vn -0.8191 -0.4370 -0.3716
vn -0.7780 -0.5478 -0.3077
vn -0.7112 -0.6660 -0.2251
vn -0.8983 0.3403 0.2780
vn -0.8702 0.4248 0.2498
vn -0.8523 0.4679 0.2340
vn -0.8448 0.4843 0.2276
vn -0.8377 0.4994 0.2213
vn -0.8203 0.5332 0.2067
vn -0.7888 0.5870 0.1823
vn -0.3919 -0.8934 0.2197
vn -0.5594 -0.8080 0.1847
vn -0.8994 -0.4313 0.0708
vn -0.9157 0.3862 -0.1107
vn -0.4481 0.8597 -0.2453
vn -0.2281 0.9378 -0.2619
vn -0.1252 0.9568 -0.2625
vn -0.1359 -0.2270 -0.9644
vn -0.1143 -0.0860 -0.9897
vn -0.0997 0.0033 -0.9950
vn -0.0908 0.0560 -0.9943
vn -0.0828 0.1029 -0.9912
vn -0.0713 0.1685 -0.9831
vn -0.0549 0.2558 -0.9652
vn -0.6275 -0.7695 0.1193
vn -0.5321 -0.7846 0.3181
vn -0.2339 -0.6803 0.6946
vn 0.2977 -0.2215 0.9286
vn 0.6205 0.2430 0.7456
vn 0.6972 0.4287 0.5746
vn 0.7169 0.5098 0.4756
vn 0.3696 0.9218 0.1168
vn 0.3129 0.9248 0.2166
vn 0.1394 0.8702 0.4726
vn -0.3803 0.2821 0.8808
vn -0.5947 -0.5760 0.5609
vn -0.5401 -0.7937 0.2800
vn -0.5062 -0.8450 0.1727
vn -0.0153 0.8820 -0.4710
vn -0.0741 0.8345 -0.5459
vn -0.1956 0.6965 -0.6904
vn -0.4544 0.1196 -0.8827
vn -0.5291 -0.6374 -0.5601
vn -0.3709 -0.9170 -0.1470
vn -0.2782 -0.9603 0.0223
vn -0.4094 -0.8924 -0.1900
vn -0.1990 -0.9671 -0.1582
vn 0.2758 -0.9590 -0.0654
vn 0.8378 -0.5385 0.0902
vn 0.9818 0.0168 0.1890
vn 0.9357 0.2801 0.2145
vn 0.8872 0.4050 0.2211
vn -0.3456 -0.9350 -0.0794
vn -0.2619 -0.9514 -0.1619
vn -0.0115 -0.9229 -0.3848
vn 0.6060 -0.3207 -0.7280
vn 0.7134 0.5324 -0.4556
vn 0.5968 0.7644 -0.2440
vn 0.5392 0.8266 -0.1611
vn -0.6809 -0.7298 -0.0616
vn -0.6856 -0.7242 -0.0738
vn -0.6783 -0.7310 -0.0745
vn -0.6617 -0.7468 -0.0660
vn -0.6356 -0.7706 -0.0478
vn -0.5974 -0.8017 -0.0184
vn -0.5439 -0.8388 0.0239
vn -0.6741 -0.7321 -0.0980
vn -0.6808 -0.7239 -0.1123
vn -0.6737 -0.7307 -0.1107
vn -0.6568 -0.7475 -0.0991
vn -0.6301 -0.7726 -0.0780
vn -0.5914 -0.8051 -0.0460
vn -0.5372 -0.8435 -0.0014
vn -0.6647 -0.7363 -0.1269
vn -0.6729 -0.7264 -0.1397
vn -0.6669 -0.7325 -0.1365
vn -0.6505 -0.7495 -0.1227
vn -0.6241 -0.7750 -0.0993
vn -0.5855 -0.8080 -0.0653
vn -0.5314 -0.8469 -0.0189
vn -0.6512 -0.7437 -0.1510
vn -0.6615 -0.7324 -0.1613
vn -0.6568 -0.7377 -0.1563
vn -0.6415 -0.7541 -0.1406
vn -0.6160 -0.7793 -0.1153
vn -0.5782 -0.8120 -0.0796
vn -0.5247 -0.8507 -0.0318
vn -0.6334 -0.7546 -0.1712
vn -0.6457 -0.7424 -0.1787
vn -0.6423 -0.7469 -0.1718
vn -0.6285 -0.7623 -0.1546
vn -0.6044 -0.7863 -0.1280
vn -0.5679 -0.8180 -0.0912
vn -0.5155 -0.8559 -0.0426
vn -0.6107 -0.7692 -0.1881
vn -0.6242 -0.7570 -0.1932
vn -0.6222 -0.7607 -0.1849
vn -0.6101 -0.7746 -0.1668
vn -0.5878 -0.7968 -0.1397
vn -0.5530 -0.8268 -0.1025
vn -0.5021 -0.8631 -0.0538
vn -0.5809 -0.7880 -0.2039
vn -0.5926 -0.7785 -0.2069
vn -0.5927 -0.7808 -0.1979
vn -0.5832 -0.7921 -0.1799
vn -0.5636 -0.8117 -0.1532
vn -0.5311 -0.8393 -0.1166
vn -0.4824 -0.8732 -0.0686
vn -0.8760 -0.1158 -0.4682
vn -0.4010 -0.9065 0.1322
vn -0.3412 -0.9237 0.1744
vn -0.2966 -0.9328 0.2048
vn -0.2657 -0.9372 0.2260
vn -0.3922 -0.9132 0.1110
vn -0.3318 -0.9307 0.1539
vn -0.2871 -0.9402 0.1835
vn -0.2557 -0.9452 0.2032
vn -0.3860 -0.9175 0.0962
vn -0.3261 -0.9350 0.1393
vn -0.2846 -0.9443 0.1652
vn -0.2576 -0.9499 0.1770
vn -0.2576 -0.9380 0.2320
vn -0.2597 -0.9463 0.1926
vn -0.2801 -0.9520 0.1232
vn -0.3412 -0.9362 -0.0846
vn -0.2417 -0.9389 0.2451
vn -0.2350 -0.9475 0.2167
vn -0.2448 -0.9543 0.1713
vn -0.3010 -0.9536 0.0028
vn -0.2469 -0.9388 0.2401
vn -0.2370 -0.9472 0.2158
vn -0.2413 -0.9532 0.1822
vn -0.3186 -0.9477 -0.0209
vn -0.0320 0.4357 -0.8995
vn 0.0425 0.5854 -0.8097
vn 0.1178 0.6924 -0.7118
vn 0.1907 0.7549 -0.6275
vn -0.1932 0.1534 -0.9691
vn -0.0370 0.5611 -0.8269
vn 0.0836 0.7795 -0.6209
vn 0.1520 0.8642 -0.4797
vn -0.3998 -0.6640 -0.6318
vn -0.3977 -0.5468 -0.7368
vn -0.0329 0.7489 -0.6619
vn 0.0588 0.8887 -0.4548
vn 0.1786 0.9638 -0.1979
vn -0.0157 0.9998 0.0118
vn -0.1430 0.9884 0.0513
vn -0.2612 0.9642 0.0454
vn 0.2820 0.8487 -0.4475
vn 0.1482 0.9613 -0.2323
vn 0.0309 0.9894 -0.1417
vn -0.1109 0.9883 -0.1044
vn 0.2547 0.7937 -0.5524
vn 0.1832 0.9120 -0.3671
vn 0.0924 0.9575 -0.2734
vn -0.1431 0.9661 -0.2149
vn -0.7227 0.6812 0.1168
vn -0.9392 0.3070 0.1538
vn -0.8404 -0.5003 0.2084
vn -0.4737 -0.8603 0.1885
vn -0.5656 0.8213 0.0747
vn -0.6798 0.7324 0.0374
vn -0.8838 -0.4196 0.2070
vn -0.3932 -0.8974 0.2000
vn -0.4006 0.9150 0.0475
vn -0.3228 0.9444 -0.0625
vn -0.4925 0.8603 -0.1318
vn -0.4066 -0.8934 0.1911
vn -0.2089 -0.9661 0.1519
vn -0.1905 -0.9685 0.1607
vn -0.1963 -0.9678 0.1576
vn -0.2158 -0.9656 0.1453
vn -0.2420 -0.9558 0.1672
vn -0.2111 -0.9608 0.1799
vn -0.2125 -0.9609 0.1778
vn -0.2309 -0.9589 0.1646
vn -0.3050 -0.9359 0.1763
vn -0.2521 -0.9488 0.1901
vn -0.2422 -0.9518 0.1881
vn -0.2539 -0.9515 0.1738
vn -0.3467 -0.9368 0.0471
vn -0.3618 -0.9301 0.0638
vn -0.3725 -0.9250 0.0753
vn -0.3801 -0.9210 0.0851
vn -0.2892 -0.9529 0.0917
vn -0.3032 -0.9467 0.1090
vn -0.3137 -0.9419 0.1202
vn -0.3210 -0.9383 0.1290
vn -0.2461 -0.9613 0.1237
vn -0.2605 -0.9550 0.1418
vn -0.2752 -0.9494 0.1515
vn -0.2835 -0.9462 0.1560
vn 0.7212 0.6014 0.3438
vn 0.7339 0.6014 0.3157
vn 0.7456 0.5987 0.2926
vn 0.7582 0.5925 0.2720
vn 0.7720 0.5828 0.2536
vn 0.7873 0.5693 0.2367
vn 0.8055 0.5507 0.2189
vn 0.6987 0.6450 0.3095
vn 0.7107 0.6461 0.2784
vn 0.7212 0.6433 0.2569
vn 0.7320 0.6379 0.2392
vn 0.7440 0.6298 0.2233
vn 0.7585 0.6178 0.2076
vn 0.7794 0.5971 0.1900
vn 0.6721 0.6880 0.2738
vn 0.6835 0.6883 0.2431
vn 0.6936 0.6852 0.2224
vn 0.7035 0.6801 0.2061
vn 0.7145 0.6730 0.1912
vn 0.7286 0.6620 0.1758
vn 0.7498 0.6425 0.1582
vn 0.6404 0.7309 0.2360
vn 0.6516 0.7298 0.2068
vn 0.6616 0.7262 0.1868
vn 0.6713 0.7212 0.1709
vn 0.6819 0.7146 0.1562
vn 0.6955 0.7047 0.1407
vn 0.7157 0.6875 0.1228
vn 0.6021 0.7743 0.1947
vn 0.6135 0.7718 0.1673
vn 0.6236 0.7676 0.1480
vn 0.6333 0.7625 0.1321
vn 0.6437 0.7563 0.1170
vn 0.6567 0.7473 0.1012
vn 0.6756 0.7326 0.0826
vn 0.5547 0.8188 0.1480
vn 0.5665 0.8150 0.1222
vn 0.5768 0.8103 0.1034
vn 0.5867 0.8051 0.0873
vn 0.5970 0.7991 0.0717
vn 0.6092 0.7911 0.0552
vn 0.6266 0.7785 0.0359
vn 0.4941 0.8644 0.0929
vn 0.5067 0.8594 0.0688
vn 0.5174 0.8543 0.0504
vn 0.5274 0.8489 0.0340
vn 0.5374 0.8431 0.0178
vn 0.5488 0.8360 0.0006
vn 0.5643 0.8254 -0.0199
vn 0.7579 0.0716 0.6484
vn 0.3397 0.9400 -0.0330
vn 0.3552 0.9332 -0.0534
vn 0.3678 0.9273 -0.0700
vn 0.3783 0.9216 -0.0865
vn 0.2713 0.9589 -0.0828
vn 0.2889 0.9521 -0.1008
vn 0.3037 0.9457 -0.1155
vn 0.3159 0.9395 -0.1327
vn 0.2138 0.9693 -0.1211
vn 0.2331 0.9629 -0.1360
vn 0.2515 0.9566 -0.1470
vn 0.2678 0.9489 -0.1670
vn 0.4046 0.9026 -0.1470
vn 0.3345 0.9213 -0.1982
vn 0.2768 0.9305 -0.2397
vn 0.2274 0.9341 -0.2754
vn 0.3947 0.9105 -0.1236
vn 0.3282 0.9285 -0.1737
vn 0.2743 0.9373 -0.2149
vn 0.2262 0.9409 -0.2521
vn 0.3869 0.9162 -0.1043
vn 0.3235 0.9338 -0.1527
vn 0.2748 0.9421 -0.1922
vn 0.2269 0.9456 -0.2333
vn 0.0649 0.9258 -0.3723
vn 0.0481 0.9342 -0.3534
vn 0.0163 0.9413 -0.3372
vn -0.0701 0.9482 -0.3099
vn 0.1254 0.9315 -0.3415
vn 0.1156 0.9399 -0.3214
vn 0.0931 0.9461 -0.3101
vn 0.0157 0.9554 -0.2948
vn 0.1790 0.9341 -0.3088
vn 0.1746 0.9416 -0.2878
vn 0.1629 0.9468 -0.2774
vn 0.0864 0.9589 -0.2704
vn -0.9448 0.1006 0.3118
vn -0.8700 -0.3093 0.3839
vn -0.7314 -0.5649 0.3821
vn -0.6296 -0.6951 0.3470
vn -0.7638 0.6445 0.0341
vn -0.9655 -0.0243 0.2592
vn -0.6513 -0.6823 0.3320
vn -0.4751 -0.8312 0.2889
vn -0.3107 0.9241 -0.2227
vn -0.3319 0.9223 -0.1979
vn -0.7637 -0.5881 0.2664
vn -0.3469 -0.9048 0.2471
vn -0.4953 -0.8686 -0.0134
vn -0.3424 -0.9336 -0.1056
vn -0.2579 -0.9509 -0.1712
vn -0.2212 -0.9443 -0.2438
vn -0.5338 -0.8276 0.1736
vn -0.3672 -0.9256 0.0913
vn -0.2668 -0.9634 0.0265
vn -0.2269 -0.9723 -0.0558
vn -0.5701 -0.7709 0.2842
vn -0.3982 -0.8917 0.2153
vn -0.2701 -0.9486 0.1651
vn -0.2096 -0.9727 0.0996
vn -0.2055 -0.5755 -0.7916
vn -0.2277 -0.0233 -0.9734
vn -0.1025 0.7098 -0.6969
vn -0.0193 0.9070 -0.4206
vn -0.2109 -0.8092 -0.5484
vn -0.2718 -0.7404 -0.6147
vn -0.1246 0.6228 -0.7724
vn 0.0384 0.9345 -0.3538
vn -0.2109 -0.9089 -0.3596
vn -0.2324 -0.9486 -0.2149
vn -0.2635 -0.9485 -0.1759
vn 0.0933 0.9480 -0.3043
vn 0.0043 0.9677 -0.2521
vn 0.0607 0.9750 -0.2138
vn 0.1134 0.9769 -0.1809
vn 0.1631 0.9749 -0.1518
vn 0.0118 0.9602 -0.2791
vn 0.0726 0.9693 -0.2347
vn 0.1288 0.9719 -0.1968
vn 0.1818 0.9693 -0.1653
vn 0.0079 0.9477 -0.3191
vn 0.0702 0.9622 -0.2633
vn 0.1314 0.9679 -0.2143
vn 0.1971 0.9647 -0.1746
vn -0.7538 0.6208 0.2153
vn -0.7103 0.6593 0.2466
vn -0.6624 0.6898 0.2922
vn -0.6224 0.6920 0.3657
vn -0.6064 0.6436 0.4669
vn -0.6386 0.5053 0.5804
vn -0.7717 0.1719 0.6124
vn -0.7946 0.5505 0.2561
vn -0.7647 0.5686 0.3032
vn -0.7360 0.5734 0.3599
vn -0.7160 0.5475 0.4331
vn -0.7182 0.4732 0.5102
vn -0.7613 0.3327 0.5565
vn -0.8880 0.0635 0.4555
vn -0.8181 0.5021 0.2805
vn -0.7981 0.5004 0.3358
vn -0.7824 0.4816 0.3948
vn -0.7751 0.4352 0.4581
vn -0.7855 0.3561 0.5061
vn -0.8329 0.2356 0.5007
vn -0.9488 0.0093 0.3157
vn -0.8318 0.4717 0.2927
vn -0.8222 0.4469 0.3525
vn -0.8179 0.4033 0.4104
vn -0.8192 0.3387 0.4627
vn -0.8341 0.2544 0.4895
vn -0.8811 0.1411 0.4514
vn -0.9730 -0.0609 0.2224
vn -0.8469 0.4383 0.3011
vn -0.8479 0.3866 0.3627
vn -0.8524 0.3140 0.4180
vn -0.8582 0.2281 0.4599
vn -0.8723 0.1340 0.4703
vn -0.9111 0.0187 0.4118
vn -0.9693 -0.1750 0.1727
vn -0.8724 0.3737 0.3152
vn -0.8813 0.2880 0.3746
vn -0.8878 0.1792 0.4239
vn -0.8887 0.0665 0.4537
vn -0.8928 -0.0399 0.4487
vn -0.9133 -0.1551 0.3767
vn -0.9328 -0.3281 0.1491
vn -0.9078 0.2425 0.3421
vn -0.9132 0.1115 0.3920
vn -0.9032 -0.0359 0.4277
vn -0.8825 -0.1694 0.4387
vn -0.8656 -0.2798 0.4153
vn -0.8609 -0.3837 0.3342
vn -0.8518 -0.5042 0.1424
vn -0.1235 0.2123 -0.9694
vn -0.2524 0.0480 -0.9664
vn -0.4316 -0.3275 -0.8405
vn -0.5213 -0.6642 -0.5358
vn -0.5018 -0.8391 -0.2102
vn -0.4541 -0.8909 -0.0045
vn -0.4251 -0.8974 0.1185
vn -0.1398 0.1620 -0.9768
vn -0.2468 0.0953 -0.9644
vn -0.4070 -0.0994 -0.9080
vn -0.5635 -0.3866 -0.7300
vn -0.6377 -0.6090 -0.4717
vn -0.6412 -0.7371 -0.2136
vn -0.6120 -0.7908 0.0046
vn -0.1498 0.1228 -0.9811
vn -0.2434 0.1233 -0.9621
vn -0.3748 0.0711 -0.9244
vn -0.5422 -0.0528 -0.8386
vn -0.7018 -0.2036 -0.6827
vn -0.8228 -0.3196 -0.4700
vn -0.8963 -0.3897 -0.2117
vn -0.1553 0.0937 -0.9834
vn -0.2380 0.1426 -0.9607
vn -0.3401 0.2011 -0.9187
vn -0.4593 0.2598 -0.8494
vn -0.5885 0.3066 -0.7482
vn -0.7227 0.3402 -0.6016
vn -0.8459 0.3662 -0.3878
vn -0.1595 0.0601 -0.9854
vn -0.2312 0.1590 -0.9598
vn -0.3030 0.3092 -0.9014
vn -0.3610 0.4759 -0.8020
vn -0.4004 0.6159 -0.6785
vn -0.4273 0.7209 -0.5456
vn -0.4462 0.7998 -0.4017
vn -0.1657 0.0023 -0.9862
vn -0.2230 0.1784 -0.9583
vn -0.2623 0.4208 -0.8684
vn -0.2724 0.6348 -0.7231
vn -0.2627 0.7744 -0.5756
vn -0.2508 0.8533 -0.4572
vn -0.2433 0.9016 -0.3576
vn -0.1743 -0.0894 -0.9806
vn -0.2105 0.2061 -0.9556
vn -0.2106 0.5397 -0.8151
vn -0.1833 0.7608 -0.6226
vn -0.1541 0.8666 -0.4745
vn -0.1393 0.9116 -0.3867
vn -0.1365 0.9357 -0.3253
vn -0.5689 -0.8123 0.1285
vn -0.6165 -0.7814 0.0964
vn -0.6493 -0.7566 0.0773
vn -0.6694 -0.7396 0.0703
vn -0.6784 -0.7310 0.0739
vn -0.6757 -0.7319 0.0876
vn -0.6585 -0.7446 0.1089
vn -0.5912 -0.7671 0.2491
vn -0.6287 -0.7427 0.2306
vn -0.6514 -0.7244 0.2258
vn -0.6598 -0.7141 0.2338
vn -0.6538 -0.7132 0.2530
vn -0.6310 -0.7230 0.2813
vn -0.5887 -0.7464 0.3102
vn -0.6022 -0.5666 0.5624
vn -0.5989 -0.5585 0.5739
vn -0.5816 -0.5543 0.5955
vn -0.5480 -0.5566 0.6244
vn -0.4963 -0.5678 0.6567
vn -0.4254 -0.5899 0.6864
vn -0.3353 -0.6260 0.7041
vn -0.2918 0.2200 0.9308
vn -0.2132 0.1546 0.9647
vn -0.1405 0.0918 0.9858
vn -0.0676 0.0314 0.9972
vn 0.0107 -0.0283 0.9995
vn 0.0977 -0.0893 0.9912
vn 0.1941 -0.1533 0.9689
vn 0.2366 0.7957 0.5576
vn 0.3136 0.7131 0.6270
vn 0.3729 0.6290 0.6821
vn 0.4216 0.5451 0.7247
vn 0.4661 0.4618 0.7546
vn 0.5113 0.3809 0.7704
vn 0.5619 0.3058 0.7686
vn 0.3995 0.8675 0.2964
vn 0.4674 0.8044 0.3666
vn 0.5191 0.7400 0.4276
vn 0.5602 0.6745 0.4808
vn 0.5950 0.6079 0.5258
vn 0.6270 0.5413 0.5603
vn 0.6600 0.4785 0.5792
vn 0.4507 0.8724 0.1890
vn 0.5149 0.8192 0.2526
vn 0.5644 0.7659 0.3080
vn 0.6039 0.7123 0.3576
vn 0.6366 0.6582 0.4020
vn 0.6646 0.6039 0.4400
vn 0.6900 0.5521 0.4681
vn -0.3475 -0.8931 0.2858
vn -0.3193 -0.8961 0.3083
vn -0.3140 -0.8979 0.3084
vn -0.3249 -0.8976 0.2978
vn -0.3496 -0.8942 0.2796
vn -0.3881 -0.8861 0.2532
vn -0.4411 -0.8707 0.2175
vn -0.4905 -0.8160 0.3058
vn -0.4360 -0.8248 0.3600
vn -0.4088 -0.8319 0.3752
vn -0.4043 -0.8354 0.3724
vn -0.4173 -0.8344 0.3600
vn -0.4451 -0.8283 0.3402
vn -0.4869 -0.8153 0.3132
vn -0.8286 -0.4674 0.3080
vn -0.7360 -0.5055 0.4503
vn -0.6623 -0.5393 0.5201
vn -0.6156 -0.5640 0.5504
vn -0.5912 -0.5789 0.5616
vn -0.5825 -0.5853 0.5641
vn -0.5851 -0.5839 0.5628
vn -0.9039 0.3971 0.1589
vn -0.8435 0.3945 0.3646
vn -0.7704 0.3856 0.5077
vn -0.6991 0.3761 0.6081
vn -0.6292 0.3659 0.6857
vn -0.5550 0.3509 0.7542
vn -0.4721 0.3253 0.8193
vn -0.4178 0.9033 -0.0972
vn -0.3608 0.9324 0.0194
vn -0.2911 0.9509 0.1053
vn -0.2175 0.9607 0.1725
vn -0.1410 0.9617 0.2349
vn -0.0578 0.9512 0.3031
vn 0.0360 0.9231 0.3829
vn -0.1894 0.9662 -0.1751
vn -0.1317 0.9854 -0.1081
vn -0.0672 0.9960 -0.0587
vn -0.0018 0.9998 -0.0177
vn 0.0652 0.9976 0.0242
vn 0.1381 0.9876 0.0745
vn 0.2208 0.9655 0.1384
vn -0.0856 0.9754 -0.2032
vn -0.0304 0.9871 -0.1574
vn 0.0272 0.9923 -0.1211
vn 0.0843 0.9925 -0.0887
vn 0.1431 0.9883 -0.0534
vn 0.2084 0.9780 -0.0096
vn 0.2840 0.9577 0.0468
vn -0.3720 -0.9277 0.0307
vn -0.4763 -0.8781 0.0452
vn -0.6395 -0.7671 0.0510
vn -0.8587 -0.5086 0.0632
vn -0.9910 -0.1009 0.0879
vn -0.9424 0.3157 0.1103
vn -0.8422 0.5196 0.1437
vn -0.5276 -0.8381 -0.1387
vn -0.6933 -0.7113 -0.1157
vn -0.8606 -0.5017 -0.0878
vn -0.9795 -0.1966 -0.0441
vn -0.9878 0.1549 0.0138
vn -0.9136 0.3990 0.0785
vn -0.8525 0.5022 0.1450
vn -0.7285 -0.4792 -0.4896
vn -0.8759 -0.2919 -0.3841
vn -0.9594 -0.0743 -0.2721
vn -0.9742 0.1604 -0.1587
vn -0.9350 0.3517 -0.0460
vn -0.8888 0.4547 0.0569
vn -0.8579 0.4924 0.1472
vn -0.6305 0.2442 -0.7368
vn -0.7446 0.3518 -0.5673
vn -0.8088 0.4302 -0.4009
vn -0.8446 0.4782 -0.2409
vn -0.8623 0.4985 -0.0895
vn -0.8651 0.4998 0.0418
vn -0.8575 0.4930 0.1471
vn -0.3242 0.7197 -0.6139
vn -0.4435 0.7294 -0.5208
vn -0.5615 0.7174 -0.4123
vn -0.6791 0.6789 -0.2791
vn -0.7796 0.6140 -0.1235
vn -0.8390 0.5434 0.0276
vn -0.8566 0.4943 0.1480
vn -0.1602 0.8444 -0.5112
vn -0.2484 0.8501 -0.4643
vn -0.3609 0.8413 -0.4026
vn -0.5124 0.8029 -0.3046
vn -0.6786 0.7173 -0.1584
vn -0.8056 0.5924 0.0114
vn -0.8616 0.4831 0.1557
vn -0.0716 0.8902 -0.4500
vn -0.1224 0.8985 -0.4215
vn -0.2021 0.9002 -0.3857
vn -0.3453 0.8826 -0.3190
vn -0.5537 0.8104 -0.1912
vn -0.7584 0.6517 -0.0070
vn -0.8718 0.4589 0.1713
vn -0.6005 -0.7946 0.0892
vn -0.5823 -0.8118 0.0434
vn -0.5620 -0.8271 -0.0014
vn -0.5361 -0.8430 -0.0435
vn -0.5049 -0.8593 -0.0820
vn -0.4691 -0.8754 -0.1163
vn -0.4316 -0.8895 -0.1501
vn -0.4804 -0.8293 0.2854
vn -0.4406 -0.8684 0.2275
vn -0.4021 -0.9009 0.1636
vn -0.3589 -0.9281 0.0989
vn -0.3118 -0.9495 0.0351
vn -0.2625 -0.9646 -0.0264
vn -0.2177 -0.9719 -0.0897
vn -0.1384 -0.7482 0.6489
vn -0.0551 -0.8158 0.5757
vn 0.0223 -0.8735 0.4863
vn 0.0958 -0.9179 0.3852
vn 0.1621 -0.9473 0.2762
vn 0.2192 -0.9618 0.1642
vn 0.2620 -0.9638 0.0500
vn 0.4022 -0.2900 0.8684
vn 0.5005 -0.3542 0.7900
vn 0.5901 -0.4102 0.6954
vn 0.6687 -0.4563 0.5871
vn 0.7337 -0.4918 0.4688
vn 0.7840 -0.5164 0.3446
vn 0.8189 -0.5312 0.2174
vn 0.6844 0.1956 0.7024
vn 0.7470 0.1586 0.6456
vn 0.8042 0.1260 0.5808
vn 0.8551 0.0956 0.5096
vn 0.8985 0.0678 0.4336
vn 0.9341 0.0428 0.3545
vn 0.9619 0.0229 0.2725
vn 0.7373 0.3987 0.5454
vn 0.7753 0.3809 0.5038
vn 0.8100 0.3651 0.4589
vn 0.8422 0.3472 0.4124
vn 0.8716 0.3270 0.3652
vn 0.8978 0.3050 0.3178
vn 0.9203 0.2850 0.2680
vn 0.7444 0.4921 0.4513
vn 0.7677 0.4860 0.4176
vn 0.7896 0.4786 0.3839
vn 0.8116 0.4673 0.3505
vn 0.8333 0.4519 0.3185
vn 0.8540 0.4331 0.2883
vn 0.8736 0.4128 0.2577
vn -0.4255 -0.8771 -0.2230
vn -0.4490 -0.8614 -0.2373
vn -0.4635 -0.8538 -0.2370
vn -0.4670 -0.8550 -0.2257
vn -0.4589 -0.8646 -0.2047
vn -0.4372 -0.8825 -0.1733
vn -0.3995 -0.9073 -0.1311
vn -0.2207 -0.9507 -0.2177
vn -0.2594 -0.9315 -0.2549
vn -0.2938 -0.9166 -0.2713
vn -0.3166 -0.9087 -0.2723
vn -0.3261 -0.9088 -0.2604
vn -0.3208 -0.9170 -0.2372
vn -0.2991 -0.9322 -0.2036
vn 0.2519 -0.9526 -0.1704
vn 0.2040 -0.9457 -0.2531
vn 0.1495 -0.9379 -0.3131
vn 0.0972 -0.9304 -0.3535
vn 0.0522 -0.9247 -0.3772
vn 0.0182 -0.9216 -0.3877
vn -0.0027 -0.9213 -0.3888
vn 0.8417 -0.5390 -0.0310
vn 0.8338 -0.5333 -0.1424
vn 0.8184 -0.5202 -0.2444
vn 0.7975 -0.4989 -0.3393
vn 0.7710 -0.4687 -0.4312
vn 0.7355 -0.4284 -0.5249
vn 0.6835 -0.3775 -0.6247
vn 0.9936 0.0347 0.1077
vn 0.9966 0.0765 0.0316
vn 0.9900 0.1353 -0.0402
vn 0.9725 0.2052 -0.1105
vn 0.9415 0.2828 -0.1833
vn 0.8926 0.3657 -0.2636
vn 0.8186 0.4511 -0.3555
vn 0.9386 0.3055 0.1606
vn 0.9281 0.3558 0.1100
vn 0.9059 0.4190 0.0618
vn 0.8728 0.4880 0.0133
vn 0.8282 0.5591 -0.0381
vn 0.7702 0.6305 -0.0963
vn 0.6941 0.7007 -0.1652
vn 0.8820 0.4347 0.1822
vn 0.8631 0.4837 0.1452
vn 0.8349 0.5399 0.1073
vn 0.7985 0.5983 0.0670
vn 0.7535 0.6570 0.0226
vn 0.6980 0.7155 -0.0287
vn 0.6275 0.7734 -0.0900
vn 0.1979 -0.2992 -0.9334
vn 0.3218 0.0486 -0.9456
vn 0.2772 0.2320 -0.9324
vn 0.1981 0.3159 -0.9279
vn 0.1184 0.3359 -0.9344
vn 0.0508 0.3162 -0.9473
vn -0.0049 0.2825 -0.9593
vn -0.0260 -0.3714 -0.9281
vn 0.1879 -0.1433 -0.9717
vn 0.2064 0.0167 -0.9783
vn 0.1626 0.1190 -0.9795
vn 0.0995 0.1682 -0.9807
vn 0.0389 0.1790 -0.9831
vn -0.0172 0.1721 -0.9849
vn -0.1900 -0.3884 -0.9017
vn 0.0721 -0.2443 -0.9670
vn 0.1297 -0.1277 -0.9833
vn 0.1157 -0.0332 -0.9927
vn 0.0729 0.0332 -0.9968
vn 0.0237 0.0696 -0.9973
vn -0.0280 0.0872 -0.9958
vn -0.2993 -0.4279 -0.8528
vn -0.0237 -0.3392 -0.9404
vn 0.0565 -0.2500 -0.9666
vn 0.0631 -0.1631 -0.9846
vn 0.0391 -0.0843 -0.9957
vn 0.0038 -0.0228 -0.9997
vn -0.0393 0.0214 -0.9990
vn -0.3694 -0.5134 -0.7745
vn -0.1074 -0.4548 -0.8841
vn -0.0172 -0.3833 -0.9235
vn 0.0034 -0.3017 -0.9534
vn -0.0044 -0.2110 -0.9775
vn -0.0246 -0.1232 -0.9921
vn -0.0557 -0.0501 -0.9972
vn -0.4114 -0.6290 -0.6597
vn -0.1838 -0.5998 -0.7788
vn -0.0955 -0.5473 -0.8315
vn -0.0669 -0.4733 -0.8783
vn -0.0618 -0.3746 -0.9251
vn -0.0667 -0.2624 -0.9626
vn -0.0823 -0.1590 -0.9838
vn -0.4239 -0.7515 -0.5055
vn -0.2507 -0.7559 -0.6048
vn -0.1720 -0.7267 -0.6650
vn -0.1407 -0.6714 -0.7277
vn -0.1285 -0.5823 -0.8027
vn -0.1226 -0.4632 -0.8777
vn -0.1218 -0.3366 -0.9337
vn -0.2880 -0.9572 -0.0288
vn -0.2401 -0.9707 0.0104
vn -0.2043 -0.9782 0.0375
vn -0.1804 -0.9821 0.0536
vn -0.1684 -0.9839 0.0593
vn -0.1726 -0.9835 0.0540
vn -0.2051 -0.9780 0.0368
vn -0.2203 -0.9679 -0.1210
vn -0.1859 -0.9784 -0.0908
vn -0.1614 -0.9842 -0.0726
vn -0.1485 -0.9867 -0.0665
vn -0.1507 -0.9858 -0.0739
vn -0.1773 -0.9795 -0.0956
vn -0.2464 -0.9608 -0.1269
vn -0.0159 -0.9246 -0.3807
vn -0.0208 -0.9230 -0.3842
vn -0.0313 -0.9165 -0.3988
vn -0.0538 -0.9029 -0.4265
vn -0.0995 -0.8773 -0.4694
vn -0.1852 -0.8323 -0.5224
vn -0.3294 -0.7563 -0.5653
vn 0.5066 -0.2740 -0.8175
vn 0.4031 -0.2384 -0.8835
vn 0.3011 -0.2083 -0.9306
vn 0.1961 -0.1769 -0.9645
vn 0.0768 -0.1360 -0.9877
vn -0.0701 -0.0766 -0.9946
vn -0.2514 0.0082 -0.9679
vn 0.5904 0.5951 -0.5452
vn 0.4734 0.6328 -0.6128
vn 0.3685 0.6513 -0.6633
vn 0.2714 0.6580 -0.7024
vn 0.1727 0.6595 -0.7316
vn 0.0629 0.6628 -0.7461
vn -0.0616 0.6745 -0.7357
vn 0.4920 0.8100 -0.3190
vn 0.3990 0.8345 -0.3800
vn 0.3196 0.8444 -0.4299
vn 0.2489 0.8451 -0.4732
vn 0.1792 0.8404 -0.5116
vn 0.1029 0.8339 -0.5422
vn 0.0168 0.8304 -0.5569
vn 0.4460 0.8651 -0.2297
vn 0.3649 0.8861 -0.2860
vn 0.2970 0.8952 -0.3322
vn 0.2380 0.8970 -0.3724
vn 0.1813 0.8941 -0.4095
vn 0.1207 0.8885 -0.4427
vn 0.0537 0.8827 -0.4669
vt 0.013307 0.076289
vt 0.026594 0.069727
vt 0.026591 0.085743
vt 0.013315 0.089915
vt 0.039839 0.063152
vt 0.039790 0.081548
vt 0.053022 0.056558
vt 0.052873 0.077317
vt 0.066112 0.049972
vt 0.065784 0.073087
vt 0.079033 0.043554
vt 0.078396 0.069084
vt 0.091629 0.037703
vt 0.090531 0.065682
vt 0.026595 0.101762
vt 0.013324 0.103541
vt 0.039764 0.099951
vt 0.052779 0.098093
vt 0.065572 0.096203
vt 0.078003 0.094422
vt 0.089911 0.092934
vt 0.026610 0.117784
vt 0.013334 0.117168
vt 0.039774 0.118365
vt 0.052770 0.118895
vt 0.065526 0.119351
vt 0.077905 0.119691
vt 0.089754 0.119869
vt 0.026638 0.133810
vt 0.013346 0.130795
vt 0.039827 0.136792
vt 0.052863 0.139728
vt 0.065676 0.142559
vt 0.078125 0.145058
vt 0.090046 0.146941
vt 0.026676 0.149838
vt 0.013359 0.144423
vt 0.039916 0.155231
vt 0.053040 0.160587
vt 0.065992 0.165838
vt 0.078642 0.170675
vt 0.090806 0.174617
vt 0.026721 0.165870
vt 0.013373 0.158050
vt 0.040028 0.173676
vt 0.053274 0.181464
vt 0.066425 0.189186
vt 0.079405 0.196635
vt 0.092054 0.203316
vt -0.000000 0.071615
vt 0.013300 0.062664
vt 0.000001 0.082845
vt 0.026600 0.053712
vt 0.039900 0.044760
vt 0.053200 0.035808
vt 0.066500 0.026856
vt 0.079800 0.017904
vt 0.093100 0.008952
vt 0.106399 -0.000000
vt 0.103352 0.034029
vt 0.101886 0.063639
vt 0.101118 0.091970
vt 0.100922 0.119837
vt 0.101258 0.147866
vt 0.102173 0.176713
vt 0.103802 0.207273
vt 0.107066 0.243242
vt 0.093683 0.233019
vt 0.080300 0.222796
vt 0.066918 0.212572
vt 0.053535 0.202349
vt 0.040152 0.192125
vt 0.026770 0.181902
vt 0.013387 0.171678
vt 0.000004 0.150225
vt 0.000004 0.161455
vt 0.000003 0.138995
vt 0.000003 0.127765
vt 0.000002 0.116535
vt 0.000002 0.105305
vt 0.000001 0.094075
vt 0.113489 0.034623
vt 0.122718 0.037248
vt 0.121734 0.064488
vt 0.112229 0.063491
vt 0.131551 0.040136
vt 0.130631 0.065562
vt 0.140099 0.042682
vt 0.138961 0.065662
vt 0.121111 0.091739
vt 0.111495 0.091668
vt 0.130049 0.091597
vt 0.138161 0.089417
vt 0.164567 0.047156
vt 0.161483 0.058934
vt 0.154194 0.061557
vt 0.156540 0.046002
vt 0.158355 0.069967
vt 0.151825 0.076013
vt 0.155151 0.079749
vt 0.149320 0.087769
vt 0.146753 0.064091
vt 0.148406 0.044589
vt 0.145219 0.083020
vt 0.143618 0.098087
vt 0.145002 0.101027
vt 0.140521 0.104736
vt 0.143619 0.100720
vt 0.148452 0.094849
vt 0.136140 0.108201
vt 0.138971 0.106532
vt 0.131918 0.111201
vt 0.134689 0.111471
vt 0.146574 0.095598
vt 0.151844 0.087925
vt 0.141527 0.104265
vt 0.137128 0.112549
vt 0.120250 0.116953
vt 0.124051 0.118371
vt 0.127427 0.116922
vt 0.124029 0.115419
vt 0.127941 0.120069
vt 0.130922 0.119036
vt 0.131984 0.122209
vt 0.134733 0.122243
vt 0.130900 0.114814
vt 0.127897 0.113565
vt 0.133846 0.117036
vt 0.137152 0.121574
vt 0.145133 0.131255
vt 0.148563 0.137416
vt 0.143710 0.132130
vt 0.140631 0.127974
vt 0.151939 0.144325
vt 0.146650 0.137410
vt 0.155234 0.152484
vt 0.149393 0.145402
vt 0.139039 0.126828
vt 0.136227 0.124894
vt 0.141579 0.129426
vt 0.143672 0.135996
vt 0.164647 0.185007
vt 0.156676 0.187595
vt 0.154303 0.171909
vt 0.161559 0.173255
vt 0.148601 0.190449
vt 0.146893 0.170665
vt 0.140352 0.193811
vt 0.139134 0.170423
vt 0.151911 0.157311
vt 0.158432 0.162246
vt 0.145308 0.151424
vt 0.138253 0.146235
vt 0.113913 0.205975
vt 0.112504 0.176293
vt 0.121979 0.174259
vt 0.123090 0.202114
vt 0.111630 0.147622
vt 0.121234 0.146576
vt 0.111297 0.119563
vt 0.120932 0.119076
vt 0.130841 0.171895
vt 0.131865 0.197819
vt 0.130154 0.145436
vt 0.129905 0.118411
vt 0.138961 0.065662
vt 0.140099 0.042682
vt 0.149320 0.087769
vt 0.155151 0.079749
vt 0.134689 0.111471
vt 0.131918 0.111201
vt 0.155234 0.152484
vt 0.139134 0.170423
vt 0.120932 0.119076
vt 0.111297 0.119563
vt 0.138331 0.117486
vt 0.115147 0.005003
vt 0.123895 0.010006
vt 0.132642 0.015008
vt 0.141390 0.020011
vt 0.176380 0.040022
vt 0.172544 0.048191
vt 0.167632 0.035020
vt 0.168709 0.056360
vt 0.164873 0.064529
vt 0.161037 0.072698
vt 0.158885 0.030017
vt 0.150137 0.025014
vt 0.145694 0.105374
vt 0.141522 0.106845
vt 0.149530 0.097205
vt 0.137350 0.108316
vt 0.133178 0.109787
vt 0.129006 0.111259
vt 0.153366 0.089036
vt 0.157201 0.080867
vt 0.161037 0.072698
vt 0.112319 0.117143
vt 0.116512 0.118330
vt 0.116490 0.115672
vt 0.120706 0.119517
vt 0.124900 0.120705
vt 0.129094 0.121892
vt 0.120662 0.114201
vt 0.124834 0.112730
vt 0.145869 0.126641
vt 0.149683 0.134627
vt 0.141675 0.125454
vt 0.153497 0.142613
vt 0.157311 0.150598
vt 0.161125 0.158584
vt 0.137482 0.124267
vt 0.133288 0.123079
vt 0.176380 0.190526
vt 0.167716 0.197116
vt 0.172566 0.182541
vt 0.159051 0.203705
vt 0.150387 0.210295
vt 0.141723 0.216884
vt 0.168752 0.174555
vt 0.164938 0.166569
vt 0.103802 0.207273
vt 0.115730 0.236653
vt 0.102173 0.176713
vt 0.101258 0.147866
vt 0.100922 0.119837
vt 0.124394 0.230063
vt 0.133059 0.223474
vt 0.339277 0.074012
vt 0.339269 0.087598
vt 0.325993 0.083662
vt 0.325990 0.067728
vt 0.339261 0.101184
vt 0.325989 0.099600
vt 0.339251 0.114771
vt 0.325975 0.115541
vt 0.339239 0.128358
vt 0.325947 0.131488
vt 0.339226 0.141946
vt 0.325909 0.147438
vt 0.339213 0.155534
vt 0.325864 0.163391
vt 0.312795 0.079698
vt 0.312745 0.061428
vt 0.312821 0.097977
vt 0.312812 0.116270
vt 0.312759 0.134579
vt 0.312670 0.152901
vt 0.312558 0.171233
vt 0.299713 0.075689
vt 0.299562 0.055104
vt 0.299808 0.096296
vt 0.299818 0.116934
vt 0.299725 0.137611
vt 0.299547 0.158321
vt 0.299313 0.179051
vt 0.286804 0.071668
vt 0.286472 0.048781
vt 0.287019 0.094566
vt 0.287067 0.117508
vt 0.286916 0.140524
vt 0.286598 0.163622
vt 0.286163 0.186798
vt 0.274197 0.067846
vt 0.273554 0.042609
vt 0.274595 0.092915
vt 0.274695 0.117939
vt 0.274474 0.143083
vt 0.273954 0.168496
vt 0.273186 0.194264
vt 0.262070 0.064575
vt 0.260962 0.036967
vt 0.262697 0.091509
vt 0.262856 0.118169
vt 0.262563 0.144999
vt 0.261798 0.172456
vt 0.260542 0.200953
vt 0.352585 0.069059
vt 0.352585 0.080289
vt 0.339284 0.060427
vt 0.352584 0.091519
vt 0.352584 0.102749
vt 0.352583 0.113979
vt 0.352583 0.125209
vt 0.352582 0.136439
vt 0.352582 0.147669
vt 0.352581 0.158898
vt 0.339198 0.169122
vt 0.325816 0.179345
vt 0.312433 0.189568
vt 0.299050 0.199792
vt 0.285668 0.210015
vt 0.272285 0.220238
vt 0.258902 0.230462
vt 0.245519 0.240685
vt 0.248803 0.204908
vt 0.250443 0.174549
vt 0.251365 0.145923
vt 0.251703 0.118142
vt 0.251503 0.090563
vt 0.250727 0.062576
vt 0.249248 0.033390
vt 0.259479 0.008632
vt 0.246178 0.000000
vt 0.272780 0.017265
vt 0.286081 0.025897
vt 0.299382 0.034529
vt 0.312683 0.043162
vt 0.325984 0.051794
vt 0.239129 0.033871
vt 0.240403 0.062354
vt 0.230921 0.063190
vt 0.229922 0.036272
vt 0.241146 0.090202
vt 0.231555 0.090147
vt 0.241349 0.117817
vt 0.231740 0.117228
vt 0.222048 0.064058
vt 0.221111 0.038902
vt 0.222647 0.089833
vt 0.222799 0.116417
vt 0.238709 0.203595
vt 0.229554 0.199711
vt 0.230678 0.172019
vt 0.240131 0.174101
vt 0.220801 0.195388
vt 0.221840 0.169594
vt 0.212335 0.191350
vt 0.213569 0.168058
vt 0.231434 0.144516
vt 0.241013 0.145638
vt 0.222542 0.143274
vt 0.214470 0.143960
vt 0.188093 0.182470
vt 0.191183 0.170738
vt 0.198429 0.169437
vt 0.196048 0.185081
vt 0.194314 0.159743
vt 0.200832 0.154870
vt 0.197517 0.149986
vt 0.203363 0.142972
vt 0.205827 0.168242
vt 0.204106 0.187961
vt 0.207428 0.149056
vt 0.209087 0.133648
vt 0.207639 0.128718
vt 0.212180 0.125456
vt 0.209082 0.129651
vt 0.204201 0.134898
vt 0.216624 0.122391
vt 0.213782 0.124382
vt 0.220910 0.119712
vt 0.218122 0.119812
vt 0.206122 0.134965
vt 0.200818 0.141822
vt 0.211210 0.127040
vt 0.215660 0.119222
vt 0.232785 0.114416
vt 0.228956 0.112902
vt 0.225513 0.114445
vt 0.228935 0.115854
vt 0.225041 0.111062
vt 0.221994 0.112369
vt 0.220974 0.108703
vt 0.218165 0.109042
vt 0.221973 0.116591
vt 0.224998 0.117566
vt 0.219004 0.114650
vt 0.215684 0.110203
vt 0.207766 0.098490
vt 0.204309 0.092337
vt 0.209169 0.098250
vt 0.212287 0.102219
vt 0.200910 0.085442
vt 0.206196 0.093184
vt 0.197597 0.077302
vt 0.203434 0.085428
vt 0.213848 0.104093
vt 0.216709 0.105699
vt 0.211261 0.101905
vt 0.209140 0.095835
vt 0.188171 0.044860
vt 0.196182 0.043970
vt 0.198537 0.059413
vt 0.191259 0.056583
vt 0.204298 0.042821
vt 0.205965 0.062154
vt 0.212586 0.041180
vt 0.213740 0.063939
vt 0.200916 0.073765
vt 0.194389 0.067565
vt 0.207516 0.080918
vt 0.214561 0.087469
vt 0.241349 0.117817
vt 0.213569 0.168058
vt 0.212335 0.191350
vt 0.203363 0.142972
vt 0.197517 0.149986
vt 0.218122 0.119812
vt 0.220910 0.119712
vt 0.218165 0.109042
vt 0.203434 0.085428
vt 0.213740 0.063939
vt 0.212586 0.041180
vt 0.214424 0.115274
vt 0.237453 0.004683
vt 0.228729 0.009366
vt 0.220004 0.014049
vt 0.211279 0.018731
vt 0.236877 0.234095
vt 0.248803 0.204908
vt 0.228235 0.227506
vt 0.219592 0.220916
vt 0.210950 0.214326
vt 0.250443 0.174549
vt 0.176380 0.187967
vt 0.180190 0.179981
vt 0.185022 0.194556
vt 0.184000 0.171995
vt 0.187810 0.164010
vt 0.191620 0.156024
vt 0.193665 0.201146
vt 0.202307 0.207736
vt 0.210950 0.214326
vt 0.206860 0.124081
vt 0.211104 0.122894
vt 0.203050 0.132067
vt 0.215349 0.121707
vt 0.219594 0.120520
vt 0.223838 0.119333
vt 0.199240 0.140053
vt 0.195430 0.148038
vt 0.240817 0.114585
vt 0.236593 0.113113
vt 0.236572 0.115772
vt 0.232370 0.111642
vt 0.228146 0.110171
vt 0.223923 0.108699
vt 0.232327 0.116959
vt 0.228083 0.118146
vt 0.207030 0.102814
vt 0.203198 0.094645
vt 0.211253 0.104286
vt 0.199367 0.086477
vt 0.195536 0.078308
vt 0.191705 0.070139
vt 0.215476 0.105757
vt 0.219700 0.107228
vt 0.176380 0.037463
vt 0.185105 0.032780
vt 0.180211 0.045632
vt 0.193830 0.028097
vt 0.202554 0.023414
vt 0.211279 0.018731
vt 0.184042 0.053801
vt 0.187874 0.061970
vt 0.508681 0.846373
vt 0.508468 0.840339
vt 0.510639 0.839803
vt 0.510810 0.846088
vt 0.508215 0.834495
vt 0.510411 0.833791
vt 0.507942 0.828746
vt 0.510146 0.827946
vt 0.507658 0.823047
vt 0.509861 0.822194
vt 0.507367 0.817380
vt 0.509563 0.816501
vt 0.507071 0.811736
vt 0.509255 0.810850
vt 0.512839 0.839133
vt 0.512995 0.845536
vt 0.512620 0.833025
vt 0.512356 0.827117
vt 0.512067 0.821328
vt 0.511759 0.815619
vt 0.511440 0.809964
vt 0.515073 0.838307
vt 0.515233 0.844737
vt 0.514848 0.832172
vt 0.514577 0.826244
vt 0.514277 0.820443
vt 0.513957 0.814730
vt 0.513625 0.809077
vt 0.517344 0.837316
vt 0.517522 0.843711
vt 0.517099 0.831216
vt 0.516809 0.825316
vt 0.516492 0.819536
vt 0.516157 0.813836
vt 0.515810 0.808189
vt 0.519651 0.836168
vt 0.519868 0.842438
vt 0.519370 0.830172
vt 0.519051 0.824345
vt 0.518711 0.818610
vt 0.518357 0.812935
vt 0.517995 0.807301
vt 0.521988 0.834885
vt 0.522276 0.840895
vt 0.521655 0.829067
vt 0.521299 0.823344
vt 0.520933 0.817671
vt 0.520559 0.812031
vt 0.520180 0.806412
vt 0.506883 0.852077
vt 0.506598 0.846441
vt 0.508786 0.852932
vt 0.506312 0.840804
vt 0.506027 0.835167
vt 0.505742 0.829531
vt 0.505457 0.823894
vt 0.505171 0.818258
vt 0.504886 0.812621
vt 0.504601 0.806984
vt 0.506772 0.806102
vt 0.508943 0.805219
vt 0.511114 0.804336
vt 0.513285 0.803453
vt 0.515457 0.802570
vt 0.517628 0.801687
vt 0.519799 0.800805
vt 0.521970 0.799922
vt 0.522365 0.805523
vt 0.522760 0.811125
vt 0.523156 0.816726
vt 0.523551 0.822328
vt 0.523946 0.827930
vt 0.524342 0.833531
vt 0.524737 0.839133
vt 0.522438 0.847436
vt 0.525132 0.844734
vt 0.519976 0.849169
vt 0.517608 0.850507
vt 0.515308 0.851550
vt 0.513065 0.852337
vt 0.510884 0.852830
vt 0.355339 0.697095
vt 0.355504 0.705514
vt 0.353285 0.705037
vt 0.353166 0.696907
vt 0.355703 0.714146
vt 0.353453 0.713475
vt 0.355918 0.722886
vt 0.353651 0.722102
vt 0.356143 0.731682
vt 0.353866 0.730833
vt 0.356374 0.740515
vt 0.354092 0.739632
vt 0.356609 0.749373
vt 0.354326 0.748478
vt 0.351042 0.704409
vt 0.350946 0.696416
vt 0.351191 0.712734
vt 0.351377 0.721285
vt 0.351586 0.729969
vt 0.351810 0.738745
vt 0.352043 0.747582
vt 0.348770 0.703604
vt 0.348681 0.695646
vt 0.348913 0.711894
vt 0.349096 0.720417
vt 0.349303 0.729085
vt 0.349526 0.737852
vt 0.349761 0.746686
vt 0.346466 0.702612
vt 0.346374 0.694621
vt 0.346616 0.710937
vt 0.346804 0.719489
vt 0.347015 0.728175
vt 0.347241 0.736951
vt 0.347478 0.745789
vt 0.344133 0.701444
vt 0.344018 0.693316
vt 0.344302 0.709882
vt 0.344504 0.718511
vt 0.344724 0.727243
vt 0.344956 0.736044
vt 0.345195 0.744891
vt 0.341773 0.700124
vt 0.341608 0.691705
vt 0.341976 0.708757
vt 0.342199 0.717499
vt 0.342431 0.726298
vt 0.342669 0.735133
vt 0.342911 0.743993
vt 0.357238 0.688167
vt 0.357474 0.697039
vt 0.355264 0.689271
vt 0.357711 0.705910
vt 0.357947 0.714782
vt 0.358183 0.723653
vt 0.358419 0.732525
vt 0.358655 0.741396
vt 0.358891 0.750267
vt 0.359128 0.759139
vt 0.356846 0.758242
vt 0.354564 0.757346
vt 0.352282 0.756450
vt 0.350001 0.755554
vt 0.347719 0.754657
vt 0.345437 0.753761
vt 0.343156 0.752865
vt 0.340874 0.751969
vt 0.340628 0.743094
vt 0.340382 0.734220
vt 0.340136 0.725345
vt 0.339891 0.716471
vt 0.339645 0.707597
vt 0.339399 0.698722
vt 0.339153 0.689848
vt 0.341552 0.683887
vt 0.338907 0.680974
vt 0.343996 0.685707
vt 0.346359 0.687082
vt 0.348665 0.688122
vt 0.350923 0.688874
vt 0.353127 0.689294
vt 0.837588 0.725585
vt 0.842586 0.734517
vt 0.840113 0.734767
vt 0.835136 0.725866
vt 0.847544 0.743468
vt 0.845019 0.743704
vt 0.852445 0.752447
vt 0.849816 0.752693
vt 0.857256 0.761468
vt 0.854449 0.761760
vt 0.861898 0.770569
vt 0.858783 0.770967
vt 0.866201 0.779826
vt 0.862629 0.780403
vt 0.837647 0.735015
vt 0.832683 0.726146
vt 0.842515 0.743929
vt 0.847239 0.752913
vt 0.851751 0.761999
vt 0.855907 0.771254
vt 0.859537 0.780757
vt 0.835191 0.735257
vt 0.830233 0.726426
vt 0.840045 0.744138
vt 0.844741 0.753096
vt 0.849209 0.762163
vt 0.853310 0.771407
vt 0.856886 0.780905
vt 0.832747 0.735493
vt 0.827783 0.726705
vt 0.837615 0.744328
vt 0.842339 0.753232
vt 0.846852 0.762239
vt 0.851007 0.771419
vt 0.854638 0.780857
vt 0.830313 0.735725
vt 0.825335 0.726983
vt 0.835219 0.744502
vt 0.840016 0.753330
vt 0.844649 0.762239
vt 0.848984 0.771295
vt 0.852830 0.780593
vt 0.827885 0.735954
vt 0.822888 0.727261
vt 0.832844 0.744665
vt 0.837746 0.753404
vt 0.842557 0.762186
vt 0.847199 0.771053
vt 0.851502 0.780089
vt 0.835022 0.716343
vt 0.840042 0.725304
vt 0.832572 0.716662
vt 0.845061 0.734266
vt 0.850081 0.743227
vt 0.855101 0.752188
vt 0.860120 0.761150
vt 0.865140 0.770111
vt 0.870160 0.779072
vt 0.875179 0.788033
vt 0.869561 0.789512
vt 0.865658 0.790214
vt 0.862456 0.790596
vt 0.859778 0.790730
vt 0.857556 0.790646
vt 0.855859 0.790302
vt 0.854863 0.789605
vt 0.855582 0.788031
vt 0.850562 0.779389
vt 0.845542 0.770747
vt 0.840522 0.762106
vt 0.835501 0.753464
vt 0.830481 0.744822
vt 0.825461 0.736180
vt 0.820441 0.727539
vt 0.817871 0.718578
vt 0.815421 0.718897
vt 0.820321 0.718259
vt 0.822771 0.717939
vt 0.825221 0.717620
vt 0.827672 0.717301
vt 0.830122 0.716982
vt 0.687617 0.927584
vt 0.687561 0.912976
vt 0.689752 0.911873
vt 0.689799 0.926468
vt 0.687506 0.898368
vt 0.689704 0.897277
vt 0.687451 0.883759
vt 0.689657 0.882682
vt 0.687395 0.869151
vt 0.689609 0.868087
vt 0.687340 0.854542
vt 0.689561 0.853492
vt 0.687284 0.839934
vt 0.689514 0.838897
vt 0.691942 0.910769
vt 0.691981 0.925351
vt 0.691902 0.896187
vt 0.691863 0.881605
vt 0.691823 0.867024
vt 0.691783 0.852442
vt 0.691744 0.837860
vt 0.694132 0.909666
vt 0.694164 0.924235
vt 0.694100 0.895097
vt 0.694068 0.880529
vt 0.694037 0.865960
vt 0.694005 0.851391
vt 0.693973 0.836823
vt 0.696322 0.908563
vt 0.696346 0.923118
vt 0.696298 0.894007
vt 0.696275 0.879452
vt 0.696251 0.864897
vt 0.696227 0.850341
vt 0.696203 0.835786
vt 0.698512 0.907459
vt 0.698528 0.922001
vt 0.698496 0.892917
vt 0.698480 0.878375
vt 0.698465 0.863833
vt 0.698449 0.849291
vt 0.698433 0.834749
vt 0.700702 0.906356
vt 0.700710 0.920884
vt 0.700694 0.891827
vt 0.700686 0.877298
vt 0.700679 0.862769
vt 0.700671 0.848241
vt 0.700663 0.833712
vt 0.685498 0.943323
vt 0.685435 0.928701
vt 0.687672 0.942193
vt 0.685371 0.914079
vt 0.685308 0.899458
vt 0.685245 0.884836
vt 0.685181 0.870214
vt 0.685118 0.855592
vt 0.685055 0.840971
vt 0.684991 0.826349
vt 0.687229 0.825325
vt 0.689467 0.824302
vt 0.691704 0.823278
vt 0.693942 0.822254
vt 0.696179 0.821231
vt 0.698417 0.820207
vt 0.700655 0.819183
vt 0.702892 0.818160
vt 0.702892 0.832675
vt 0.702892 0.847191
vt 0.702892 0.861706
vt 0.702892 0.876222
vt 0.702892 0.890737
vt 0.702892 0.905252
vt 0.702892 0.919768
vt 0.700718 0.935413
vt 0.702892 0.934283
vt 0.698544 0.936543
vt 0.696370 0.937673
vt 0.694195 0.938803
vt 0.692021 0.939933
vt 0.689847 0.941063
vt 0.507160 0.910294
vt 0.507443 0.901859
vt 0.509716 0.900956
vt 0.509434 0.909380
vt 0.507722 0.893446
vt 0.509989 0.892572
vt 0.507993 0.885065
vt 0.510248 0.884249
vt 0.508254 0.876734
vt 0.510487 0.876018
vt 0.508494 0.868499
vt 0.510690 0.867955
vt 0.508694 0.860452
vt 0.510835 0.860164
vt 0.511989 0.900049
vt 0.511707 0.908466
vt 0.512258 0.891686
vt 0.512509 0.883404
vt 0.512734 0.875240
vt 0.512916 0.867277
vt 0.513033 0.859607
vt 0.514263 0.899136
vt 0.513981 0.907550
vt 0.514531 0.890781
vt 0.514780 0.882514
vt 0.515001 0.874375
vt 0.515175 0.866442
vt 0.515284 0.858804
vt 0.516539 0.898217
vt 0.516255 0.906634
vt 0.516810 0.889853
vt 0.517063 0.881571
vt 0.517290 0.873407
vt 0.517472 0.865443
vt 0.517586 0.857775
vt 0.518816 0.897292
vt 0.518530 0.905718
vt 0.519093 0.888907
vt 0.519356 0.880583
vt 0.519599 0.872351
vt 0.519804 0.864287
vt 0.519944 0.856497
vt 0.521094 0.896364
vt 0.520804 0.904800
vt 0.521378 0.887948
vt 0.521656 0.879566
vt 0.521922 0.871233
vt 0.522166 0.862996
vt 0.522366 0.854950
vt 0.504601 0.919655
vt 0.504886 0.911208
vt 0.506874 0.918740
vt 0.505171 0.902761
vt 0.505457 0.894313
vt 0.505742 0.885866
vt 0.506027 0.877419
vt 0.506312 0.868972
vt 0.506598 0.860524
vt 0.524839 0.853184
vt 0.524546 0.861634
vt 0.524252 0.870084
vt 0.523959 0.878534
vt 0.523665 0.886983
vt 0.523372 0.895433
vt 0.523079 0.903883
vt 0.520512 0.913248
vt 0.522785 0.912333
vt 0.518239 0.914164
vt 0.515966 0.915079
vt 0.513693 0.915994
vt 0.511420 0.916909
vt 0.509147 0.917825
vt 0.871195 0.799977
vt 0.871867 0.810867
vt 0.868730 0.811180
vt 0.867621 0.800513
vt 0.872163 0.821905
vt 0.869280 0.822061
vt 0.872231 0.833011
vt 0.869425 0.833060
vt 0.872122 0.844141
vt 0.869244 0.844105
vt 0.871787 0.855265
vt 0.868659 0.855142
vt 0.871080 0.866340
vt 0.867521 0.866115
vt 0.865839 0.811384
vt 0.864527 0.800827
vt 0.866530 0.822169
vt 0.866723 0.833096
vt 0.866496 0.844081
vt 0.865773 0.855063
vt 0.864435 0.865986
vt 0.863236 0.811456
vt 0.861874 0.800934
vt 0.863968 0.822210
vt 0.864178 0.833109
vt 0.863935 0.844072
vt 0.863172 0.855036
vt 0.861786 0.865946
vt 0.860939 0.811389
vt 0.859627 0.800847
vt 0.861631 0.822170
vt 0.861824 0.833095
vt 0.861597 0.844080
vt 0.860874 0.855063
vt 0.859536 0.865986
vt 0.858932 0.811188
vt 0.857822 0.800543
vt 0.859482 0.822061
vt 0.859626 0.833059
vt 0.859445 0.844104
vt 0.858860 0.855141
vt 0.857722 0.866114
vt 0.857169 0.810871
vt 0.856497 0.800000
vt 0.857465 0.821903
vt 0.857533 0.833009
vt 0.857424 0.844139
vt 0.857089 0.855264
vt 0.856382 0.866338
vt 0.875157 0.799263
vt 0.875135 0.810493
vt 0.875112 0.821723
vt 0.875090 0.832953
vt 0.875067 0.844183
vt 0.875045 0.855413
vt 0.875022 0.866643
vt 0.875000 0.877873
vt 0.869423 0.877234
vt 0.865540 0.876941
vt 0.862347 0.876789
vt 0.859673 0.876743
vt 0.857448 0.876788
vt 0.855741 0.876940
vt 0.854725 0.877232
vt 0.855403 0.877870
vt 0.855425 0.866640
vt 0.855448 0.855411
vt 0.855470 0.844181
vt 0.855493 0.832951
vt 0.855515 0.821721
vt 0.855537 0.810491
vt 0.855560 0.799261
vt 0.866063 0.887783
vt 0.861772 0.898141
vt 0.858667 0.898007
vt 0.862507 0.887556
vt 0.857148 0.908431
vt 0.854345 0.908359
vt 0.852356 0.918687
vt 0.849729 0.918651
vt 0.847475 0.928925
vt 0.844951 0.928909
vt 0.842538 0.939151
vt 0.840066 0.939146
vt 0.837562 0.949370
vt 0.835110 0.949369
vt 0.855797 0.897920
vt 0.859423 0.887426
vt 0.851651 0.908308
vt 0.847154 0.918625
vt 0.842449 0.928898
vt 0.837601 0.939143
vt 0.832659 0.949368
vt 0.853202 0.897890
vt 0.856774 0.887385
vt 0.849111 0.908289
vt 0.844657 0.918615
vt 0.839979 0.928894
vt 0.835145 0.939141
vt 0.830208 0.949367
vt 0.850897 0.897920
vt 0.854524 0.887426
vt 0.846752 0.908308
vt 0.842255 0.918624
vt 0.837550 0.928897
vt 0.832702 0.939142
vt 0.827759 0.949367
vt 0.848868 0.898005
vt 0.852708 0.887555
vt 0.844547 0.908357
vt 0.839931 0.918649
vt 0.835153 0.928908
vt 0.830268 0.939145
vt 0.825312 0.949367
vt 0.847075 0.898139
vt 0.851365 0.887780
vt 0.842450 0.908429
vt 0.837658 0.918685
vt 0.832778 0.928923
vt 0.827840 0.939149
vt 0.822865 0.949367
vt 0.870002 0.888087
vt 0.865004 0.898301
vt 0.860006 0.908515
vt 0.855009 0.918729
vt 0.850011 0.928943
vt 0.845013 0.939157
vt 0.840015 0.949371
vt 0.835018 0.959585
vt 0.832568 0.959584
vt 0.830118 0.959584
vt 0.827669 0.959584
vt 0.825219 0.959583
vt 0.822769 0.959583
vt 0.820320 0.959582
vt 0.817870 0.959582
vt 0.815421 0.959581
vt 0.820418 0.949368
vt 0.825416 0.939154
vt 0.830414 0.928940
vt 0.835412 0.918726
vt 0.840409 0.908512
vt 0.845407 0.898298
vt 0.850405 0.888084
vt 0.356698 0.647444
vt 0.356451 0.653147
vt 0.354245 0.652288
vt 0.354505 0.646576
vt 0.356207 0.658876
vt 0.353993 0.658046
vt 0.355969 0.664641
vt 0.353753 0.663872
vt 0.355741 0.670462
vt 0.353529 0.669803
vt 0.355530 0.676391
vt 0.353336 0.675922
vt 0.355352 0.682534
vt 0.353192 0.682350
vt 0.352040 0.651425
vt 0.352312 0.645709
vt 0.351778 0.657202
vt 0.351531 0.663071
vt 0.351306 0.669074
vt 0.351119 0.675302
vt 0.350984 0.681863
vt 0.349833 0.650556
vt 0.350119 0.644840
vt 0.349558 0.656338
vt 0.349301 0.662220
vt 0.349067 0.668246
vt 0.348872 0.674505
vt 0.348732 0.681097
vt 0.347625 0.649679
vt 0.347925 0.643971
vt 0.347335 0.655447
vt 0.347060 0.661307
vt 0.346808 0.667301
vt 0.346594 0.673521
vt 0.346438 0.680075
vt 0.345416 0.648795
vt 0.345731 0.643101
vt 0.345108 0.654536
vt 0.344811 0.660345
vt 0.344532 0.666258
vt 0.344286 0.672361
vt 0.344095 0.678774
vt 0.343206 0.647908
vt 0.343538 0.642230
vt 0.342878 0.653610
vt 0.342557 0.659349
vt 0.342245 0.665145
vt 0.341952 0.671049
vt 0.341697 0.677168
vt 0.359128 0.642617
vt 0.358891 0.648310
vt 0.356948 0.641752
vt 0.358655 0.654004
vt 0.358419 0.659698
vt 0.358183 0.665392
vt 0.357947 0.671086
vt 0.357711 0.676780
vt 0.357474 0.682474
vt 0.339256 0.675314
vt 0.339604 0.669655
vt 0.339952 0.663996
vt 0.340300 0.658337
vt 0.340648 0.652678
vt 0.340996 0.647018
vt 0.341344 0.641359
vt 0.343872 0.636565
vt 0.341692 0.635700
vt 0.346051 0.637429
vt 0.348230 0.638294
vt 0.350410 0.639158
vt 0.352589 0.640023
vt 0.354769 0.640887
vt 0.682784 0.840910
vt 0.682777 0.856114
vt 0.680580 0.855030
vt 0.680586 0.839830
vt 0.682770 0.871317
vt 0.680574 0.870231
vt 0.682763 0.886520
vt 0.680567 0.885432
vt 0.682756 0.901723
vt 0.680561 0.900632
vt 0.682748 0.916927
vt 0.680555 0.915833
vt 0.682741 0.932130
vt 0.680549 0.931034
vt 0.678382 0.853947
vt 0.678387 0.838749
vt 0.678377 0.869145
vt 0.678372 0.884343
vt 0.678367 0.899541
vt 0.678362 0.914739
vt 0.678356 0.929937
vt 0.676185 0.852864
vt 0.676189 0.837668
vt 0.676181 0.868059
vt 0.676176 0.883255
vt 0.676172 0.898450
vt 0.676168 0.913646
vt 0.676164 0.928841
vt 0.673987 0.851780
vt 0.673990 0.836587
vt 0.673984 0.866973
vt 0.673981 0.882166
vt 0.673978 0.897359
vt 0.673975 0.912552
vt 0.673972 0.927745
vt 0.671790 0.850697
vt 0.671792 0.835507
vt 0.671788 0.865887
vt 0.671785 0.881077
vt 0.671783 0.896268
vt 0.671781 0.911458
vt 0.671779 0.926648
vt 0.669592 0.849614
vt 0.669593 0.834426
vt 0.669591 0.864801
vt 0.669590 0.879989
vt 0.669589 0.895177
vt 0.669588 0.910364
vt 0.669587 0.925552
vt 0.684991 0.826786
vt 0.684983 0.841991
vt 0.682792 0.825707
vt 0.684975 0.857197
vt 0.684966 0.872403
vt 0.684958 0.887609
vt 0.684950 0.902815
vt 0.684942 0.918020
vt 0.684934 0.933226
vt 0.684925 0.948432
vt 0.682734 0.947333
vt 0.680543 0.946234
vt 0.678351 0.945135
vt 0.676160 0.944036
vt 0.673969 0.942938
vt 0.671777 0.941839
vt 0.669586 0.940740
vt 0.667395 0.939641
vt 0.667395 0.924456
vt 0.667395 0.909271
vt 0.667395 0.894086
vt 0.667395 0.878900
vt 0.667395 0.863715
vt 0.667395 0.848530
vt 0.667395 0.833345
vt 0.669594 0.819238
vt 0.667395 0.818160
vt 0.671794 0.820316
vt 0.673993 0.821394
vt 0.676193 0.822473
vt 0.678392 0.823551
vt 0.680592 0.824629
s 1
usemtl Material.002
f 2588/2904/2594 2589/2905/2595 2596/2906/2602 2595/2907/2601
f 2589/2905/2595 2590/2908/2596 2597/2909/2603 2596/2906/2602
f 2590/2908/2596 2591/2910/2597 2598/2911/2604 2597/2909/2603
f 2591/2910/2597 2592/2912/2598 2599/2913/2605 2598/2911/2604
f 2592/2912/2598 2593/2914/2599 2600/2915/2606 2599/2913/2605
f 2593/2914/2599 2594/2916/2600 2601/2917/2607 2600/2915/2606
f 2595/2907/2601 2596/2906/2602 2603/2918/2609 2602/2919/2608
f 2596/2906/2602 2597/2909/2603 2604/2920/2610 2603/2918/2609
f 2597/2909/2603 2598/2911/2604 2605/2921/2611 2604/2920/2610
f 2598/2911/2604 2599/2913/2605 2606/2922/2612 2605/2921/2611
f 2599/2913/2605 2600/2915/2606 2607/2923/2613 2606/2922/2612
f 2600/2915/2606 2601/2917/2607 2608/2924/2614 2607/2923/2613
f 2602/2919/2608 2603/2918/2609 2610/2925/2616 2609/2926/2615
f 2603/2918/2609 2604/2920/2610 2611/2927/2617 2610/2925/2616
f 2604/2920/2610 2605/2921/2611 2612/2928/2618 2611/2927/2617
f 2605/2921/2611 2606/2922/2612 2613/2929/2619 2612/2928/2618
f 2606/2922/2612 2607/2923/2613 2614/2930/2620 2613/2929/2619
f 2607/2923/2613 2608/2924/2614 2615/2931/2621 2614/2930/2620
f 2609/2926/2615 2610/2925/2616 2617/2932/2623 2616/2933/2622
f 2610/2925/2616 2611/2927/2617 2618/2934/2624 2617/2932/2623
f 2611/2927/2617 2612/2928/2618 2619/2935/2625 2618/2934/2624
f 2612/2928/2618 2613/2929/2619 2620/2936/2626 2619/2935/2625
f 2613/2929/2619 2614/2930/2620 2621/2937/2627 2620/2936/2626
f 2614/2930/2620 2615/2931/2621 2622/2938/2628 2621/2937/2627
f 2616/2933/2622 2617/2932/2623 2624/2939/2630 2623/2940/2629
f 2617/2932/2623 2618/2934/2624 2625/2941/2631 2624/2939/2630
f 2618/2934/2624 2619/2935/2625 2626/2942/2632 2625/2941/2631
f 2619/2935/2625 2620/2936/2626 2627/2943/2633 2626/2942/2632
f 2620/2936/2626 2621/2937/2627 2628/2944/2634 2627/2943/2633
f 2621/2937/2627 2622/2938/2628 2629/2945/2635 2628/2944/2634
f 2623/2940/2629 2624/2939/2630 2631/2946/2637 2630/2947/2636
f 2624/2939/2630 2625/2941/2631 2632/2948/2638 2631/2946/2637
f 2625/2941/2631 2626/2942/2632 2633/2949/2639 2632/2948/2638
f 2626/2942/2632 2627/2943/2633 2634/2950/2640 2633/2949/2639
f 2627/2943/2633 2628/2944/2634 2635/2951/2641 2634/2950/2640
f 2628/2944/2634 2629/2945/2635 2636/2952/2642 2635/2951/2641
f 2359/2953/2373 2384/2954/2397 2588/2904/2594 2385/2955/2398
f 2384/2954/2397 2383/2956/2396 2589/2905/2595 2588/2904/2594
f 2383/2956/2396 2382/2957/2395 2590/2908/2596 2589/2905/2595
f 2382/2957/2395 2381/2958/2394 2591/2910/2597 2590/2908/2596
f 2381/2958/2394 2380/2959/2393 2592/2912/2598 2591/2910/2597
f 2380/2959/2393 2379/2960/2392 2593/2914/2599 2592/2912/2598
f 2379/2960/2392 2378/2961/2391 2594/2916/2600 2593/2914/2599
f 2378/2961/2391 2366/2962/2380 2441/2963/2454 2594/2916/2600
f 2594/2916/2600 2441/2963/2454 2442/2964/2455 2601/2917/2607
f 2601/2917/2607 2442/2964/2455 2443/2965/2456 2608/2924/2614
f 2608/2924/2614 2443/2965/2456 2444/2966/2457 2615/2931/2621
f 2615/2931/2621 2444/2966/2457 2445/2967/2458 2622/2938/2628
f 2622/2938/2628 2445/2967/2458 2446/2968/2459 2629/2945/2635
f 2629/2945/2635 2446/2968/2459 2447/2969/2460 2636/2952/2642
f 2636/2952/2642 2447/2969/2460 2367/2970/2381 2440/2971/2453
f 2635/2951/2641 2636/2952/2642 2440/2971/2453 2439/2972/2452
f 2634/2950/2640 2635/2951/2641 2439/2972/2452 2438/2973/2451
f 2633/2949/2639 2634/2950/2640 2438/2973/2451 2437/2974/2450
f 2632/2948/2638 2633/2949/2639 2437/2974/2450 2436/2975/2449
f 2631/2946/2637 2632/2948/2638 2436/2975/2449 2435/2976/2448
f 2630/2947/2636 2631/2946/2637 2435/2976/2448 2434/2977/2447
f 2391/2978/2404 2630/2947/2636 2434/2977/2447 2360/2979/2374
f 2390/2980/2403 2623/2940/2629 2630/2947/2636 2391/2978/2404
f 2389/2981/2402 2616/2933/2622 2623/2940/2629 2390/2980/2403
f 2388/2982/2401 2609/2926/2615 2616/2933/2622 2389/2981/2402
f 2387/2983/2400 2602/2919/2608 2609/2926/2615 2388/2982/2401
f 2386/2984/2399 2595/2907/2601 2602/2919/2608 2387/2983/2400
f 2385/2955/2398 2588/2904/2594 2595/2907/2601 2386/2984/2399
f 2638/2985/2644 2639/2986/2645 2643/2987/2649 2642/2988/2648
f 2639/2986/2645 2640/2989/2646 2644/2990/2650 2643/2987/2649
f 2640/2989/2646 2641/2991/2647 2645/2992/2651 2644/2990/2650
f 2642/2988/2648 2643/2987/2649 2647/2993/2653 2646/2994/2652
f 2643/2987/2649 2644/2990/2650 2648/2995/2654 2647/2993/2653
f 2644/2990/2650 2645/2992/2651 2649/2996/2655 2648/2995/2654
f 2650/2997/2656 2651/2998/2657 2655/2999/2661 2654/3000/2660
f 2651/2998/2657 2652/3001/2658 2656/3002/2662 2655/2999/2661
f 2652/3001/2658 2653/3003/2659 2657/3004/2663 2656/3002/2662
f 2654/3000/2660 2655/2999/2661 2659/3005/2665 2658/3006/2664
f 2655/2999/2661 2656/3002/2662 2660/3007/2666 2659/3005/2665
f 2656/3002/2662 2657/3004/2663 2661/3008/2667 2660/3007/2666
f 2662/3009/2668 2663/3010/2669 2667/3011/2673 2666/3012/2672
f 2663/3010/2669 2664/3013/2670 2668/3014/2674 2667/3011/2673
f 2664/3013/2670 2665/3015/2671 2669/3016/2675 2668/3014/2674
f 2666/3012/2672 2667/3011/2673 2671/3017/2677 2670/3018/2676
f 2667/3011/2673 2668/3014/2674 2672/3019/2678 2671/3017/2677
f 2668/3014/2674 2669/3016/2675 2673/3020/2679 2672/3019/2678
f 2674/3021/2680 2675/3022/2681 2679/3023/2685 2678/3024/2684
f 2675/3022/2681 2676/3025/2682 2680/3026/2686 2679/3023/2685
f 2676/3025/2682 2677/3027/2683 2681/3028/2687 2680/3026/2686
f 2678/3024/2684 2679/3023/2685 2683/3029/2689 2682/3030/2688
f 2679/3023/2685 2680/3026/2686 2684/3031/2690 2683/3029/2689
f 2680/3026/2686 2681/3028/2687 2685/3032/2691 2684/3031/2690
f 2686/3033/2692 2687/3034/2693 2691/3035/2697 2690/3036/2696
f 2687/3034/2693 2688/3037/2694 2692/3038/2698 2691/3035/2697
f 2688/3037/2694 2689/3039/2695 2693/3040/2699 2692/3038/2698
f 2690/3036/2696 2691/3035/2697 2695/3041/2701 2694/3042/2700
f 2691/3035/2697 2692/3038/2698 2696/3043/2702 2695/3041/2701
f 2692/3038/2698 2693/3040/2699 2697/3044/2703 2696/3043/2702
f 2698/3045/2704 2699/3046/2705 2703/3047/2709 2702/3048/2708
f 2699/3046/2705 2700/3049/2706 2704/3050/2710 2703/3047/2709
f 2700/3049/2706 2701/3051/2707 2705/3052/2711 2704/3050/2710
f 2702/3048/2708 2703/3047/2709 2707/3053/2713 2706/3054/2712
f 2703/3047/2709 2704/3050/2710 2708/3055/2714 2707/3053/2713
f 2704/3050/2710 2705/3052/2711 2709/3056/2715 2708/3055/2714
f 2710/3057/2716 2711/3058/2717 2715/3059/2721 2714/3060/2720
f 2711/3058/2717 2712/3061/2718 2716/3062/2722 2715/3059/2721
f 2712/3061/2718 2713/3063/2719 2717/3064/2723 2716/3062/2722
f 2714/3060/2720 2715/3059/2721 2719/3065/2725 2718/3066/2724
f 2715/3059/2721 2716/3062/2722 2720/3067/2726 2719/3065/2725
f 2716/3062/2722 2717/3064/2723 2721/3068/2727 2720/3067/2726
f 2658/3006/2664 2659/3005/2665 2645/3069/2651 2641/3070/2647
f 2659/3005/2665 2660/3007/2666 2649/2996/2655 2645/3069/2651
f 2670/3018/2676 2671/3017/2677 2657/3071/2663 2653/3072/2659
f 2671/3017/2677 2672/3019/2678 2661/3008/2667 2657/3071/2663
f 2682/3030/2688 2683/3029/2689 2669/3073/2675 2665/3074/2671
f 2683/3029/2689 2684/3031/2690 2673/3020/2679 2669/3073/2675
f 2694/3042/2700 2695/3041/2701 2681/3028/2687 2677/3027/2683
f 2695/3041/2701 2696/3043/2702 2685/3032/2691 2681/3028/2687
f 2706/3054/2712 2707/3053/2713 2693/3040/2699 2689/3075/2695
f 2707/3053/2713 2708/3055/2714 2697/3044/2703 2693/3040/2699
f 2718/3066/2724 2719/3065/2725 2705/3076/2711 2701/3051/2707
f 2719/3065/2725 2720/3067/2726 2709/3056/2715 2705/3076/2711
f 2646/2994/2652 2647/2993/2653 2717/3077/2723 2713/3078/2719
f 2647/2993/2653 2648/2995/2654 2721/3068/2727 2717/3077/2723
f 2648/2995/2654 2649/2996/2655 2637/3079/2643 2721/3068/2727
f 2660/3007/2666 2661/3008/2667 2637/3079/2643 2649/2996/2655
f 2672/3019/2678 2673/3020/2679 2637/3079/2643 2661/3008/2667
f 2684/3031/2690 2685/3032/2691 2637/3079/2643 2673/3020/2679
f 2696/3043/2702 2697/3044/2703 2637/3079/2643 2685/3032/2691
f 2708/3055/2714 2709/3056/2715 2637/3079/2643 2697/3044/2703
f 2720/3067/2726 2721/3068/2727 2637/3079/2643 2709/3056/2715
f 2366/2962/2380 2433/3080/2446 2638/2985/2644 2441/2963/2454
f 2433/3080/2446 2432/3081/2445 2639/2986/2645 2638/2985/2644
f 2432/3081/2445 2431/3082/2444 2640/2989/2646 2639/2986/2645
f 2431/3082/2444 2430/3083/2443 2641/2991/2647 2640/2989/2646
f 2441/2963/2454 2638/2985/2644 2642/2988/2648 2442/2964/2455
f 2442/2964/2455 2642/2988/2648 2646/2994/2652 2443/2965/2456
f 2443/2965/2456 2646/2994/2652 2713/3078/2719 2444/2966/2457
f 2361/3084/2375 2405/3085/2418 2650/2997/2656 2427/3086/2440
f 2405/3085/2418 2404/3087/2417 2651/2998/2657 2650/2997/2656
f 2404/3087/2417 2403/3088/2416 2652/3001/2658 2651/2998/2657
f 2403/3088/2416 2402/3089/2415 2653/3003/2659 2652/3001/2658
f 2427/3086/2440 2650/2997/2656 2654/3000/2660 2428/3090/2441
f 2428/3090/2441 2654/3000/2660 2658/3006/2664 2429/3091/2442
f 2429/3091/2442 2658/3006/2664 2641/3070/2647 2430/3083/2443
f 2364/3092/2378 2413/3093/2426 2662/3009/2668 2399/3094/2412
f 2413/3093/2426 2414/3095/2427 2663/3010/2669 2662/3009/2668
f 2414/3095/2427 2415/3096/2428 2664/3013/2670 2663/3010/2669
f 2415/3096/2428 2416/3097/2429 2665/3015/2671 2664/3013/2670
f 2399/3094/2412 2662/3009/2668 2666/3012/2672 2400/3098/2413
f 2400/3098/2413 2666/3012/2672 2670/3018/2676 2401/3099/2414
f 2401/3099/2414 2670/3018/2676 2653/3072/2659 2402/3100/2415
f 2365/3101/2379 2420/3102/2433 2674/3021/2680 2419/3103/2432
f 2420/3102/2433 2421/3104/2434 2675/3022/2681 2674/3021/2680
f 2421/3104/2434 2422/3105/2435 2676/3025/2682 2675/3022/2681
f 2422/3105/2435 2423/3106/2436 2677/3027/2683 2676/3025/2682
f 2419/3103/2432 2674/3021/2680 2678/3024/2684 2418/3107/2431
f 2418/3107/2431 2678/3024/2684 2682/3030/2688 2417/3108/2430
f 2417/3108/2430 2682/3030/2688 2665/3074/2671 2416/3097/2429
f 2363/3109/2377 2412/3110/2425 2686/3033/2692 2426/3111/2439
f 2412/3110/2425 2411/3112/2424 2687/3034/2693 2686/3033/2692
f 2411/3112/2424 2410/3113/2423 2688/3037/2694 2687/3034/2693
f 2410/3113/2423 2409/3114/2422 2689/3039/2695 2688/3037/2694
f 2426/3111/2439 2686/3033/2692 2690/3036/2696 2425/3115/2438
f 2425/3115/2438 2690/3036/2696 2694/3042/2700 2424/3116/2437
f 2424/3116/2437 2694/3042/2700 2677/3027/2683 2423/3106/2436
f 2362/3117/2376 2398/3118/2411 2698/3045/2704 2406/3119/2419
f 2398/3118/2411 2397/3120/2410 2699/3046/2705 2698/3045/2704
f 2397/3120/2410 2396/3121/2409 2700/3049/2706 2699/3046/2705
f 2396/3121/2409 2395/3122/2408 2701/3051/2707 2700/3049/2706
f 2406/3119/2419 2698/3045/2704 2702/3048/2708 2407/3123/2420
f 2407/3123/2420 2702/3048/2708 2706/3054/2712 2408/3124/2421
f 2408/3124/2421 2706/3054/2712 2689/3075/2695 2409/3114/2422
f 2367/2970/2381 2447/3125/2460 2710/3057/2716 2392/3126/2405
f 2447/3125/2460 2446/3127/2459 2711/3058/2717 2710/3057/2716
f 2446/3127/2459 2445/3128/2458 2712/3061/2718 2711/3058/2717
f 2445/3128/2458 2444/3129/2457 2713/3063/2719 2712/3061/2718
f 2392/3126/2405 2710/3057/2716 2714/3060/2720 2393/3130/2406
f 2393/3130/2406 2714/3060/2720 2718/3066/2724 2394/3131/2407
f 2394/3131/2407 2718/3066/2724 2701/3051/2707 2395/3122/2408
f 2722/3132/2728 2723/3133/2729 2730/3134/2736 2729/3135/2735
f 2723/3133/2729 2724/3136/2730 2731/3137/2737 2730/3134/2736
f 2724/3136/2730 2725/3138/2731 2732/3139/2738 2731/3137/2737
f 2725/3138/2731 2726/3140/2732 2733/3141/2739 2732/3139/2738
f 2726/3140/2732 2727/3142/2733 2734/3143/2740 2733/3141/2739
f 2727/3142/2733 2728/3144/2734 2735/3145/2741 2734/3143/2740
f 2729/3135/2735 2730/3134/2736 2737/3146/2743 2736/3147/2742
f 2730/3134/2736 2731/3137/2737 2738/3148/2744 2737/3146/2743
f 2731/3137/2737 2732/3139/2738 2739/3149/2745 2738/3148/2744
f 2732/3139/2738 2733/3141/2739 2740/3150/2746 2739/3149/2745
f 2733/3141/2739 2734/3143/2740 2741/3151/2747 2740/3150/2746
f 2734/3143/2740 2735/3145/2741 2742/3152/2748 2741/3151/2747
f 2736/3147/2742 2737/3146/2743 2744/3153/2750 2743/3154/2749
f 2737/3146/2743 2738/3148/2744 2745/3155/2751 2744/3153/2750
f 2738/3148/2744 2739/3149/2745 2746/3156/2752 2745/3155/2751
f 2739/3149/2745 2740/3150/2746 2747/3157/2753 2746/3156/2752
f 2740/3150/2746 2741/3151/2747 2748/3158/2754 2747/3157/2753
f 2741/3151/2747 2742/3152/2748 2749/3159/2755 2748/3158/2754
f 2743/3154/2749 2744/3153/2750 2751/3160/2757 2750/3161/2756
f 2744/3153/2750 2745/3155/2751 2752/3162/2758 2751/3160/2757
f 2745/3155/2751 2746/3156/2752 2753/3163/2759 2752/3162/2758
f 2746/3156/2752 2747/3157/2753 2754/3164/2760 2753/3163/2759
f 2747/3157/2753 2748/3158/2754 2755/3165/2761 2754/3164/2760
f 2748/3158/2754 2749/3159/2755 2756/3166/2762 2755/3165/2761
f 2750/3161/2756 2751/3160/2757 2758/3167/2764 2757/3168/2763
f 2751/3160/2757 2752/3162/2758 2759/3169/2765 2758/3167/2764
f 2752/3162/2758 2753/3163/2759 2760/3170/2766 2759/3169/2765
f 2753/3163/2759 2754/3164/2760 2761/3171/2767 2760/3170/2766
f 2754/3164/2760 2755/3165/2761 2762/3172/2768 2761/3171/2767
f 2755/3165/2761 2756/3166/2762 2763/3173/2769 2762/3172/2768
f 2757/3168/2763 2758/3167/2764 2765/3174/2771 2764/3175/2770
f 2758/3167/2764 2759/3169/2765 2766/3176/2772 2765/3174/2771
f 2759/3169/2765 2760/3170/2766 2767/3177/2773 2766/3176/2772
f 2760/3170/2766 2761/3171/2767 2768/3178/2774 2767/3177/2773
f 2761/3171/2767 2762/3172/2768 2769/3179/2775 2768/3178/2774
f 2762/3172/2768 2763/3173/2769 2770/3180/2776 2769/3179/2775
f 2368/3181/2382 2455/3182/2468 2722/3132/2728 2454/3183/2467
f 2455/3182/2468 2456/3184/2469 2723/3133/2729 2722/3132/2728
f 2456/3184/2469 2457/3185/2470 2724/3136/2730 2723/3133/2729
f 2457/3185/2470 2458/3186/2471 2725/3138/2731 2724/3136/2730
f 2458/3186/2471 2459/3187/2472 2726/3140/2732 2725/3138/2731
f 2459/3187/2472 2460/3188/2473 2727/3142/2733 2726/3140/2732
f 2460/3188/2473 2461/3189/2474 2728/3144/2734 2727/3142/2733
f 2461/3189/2474 2369/3190/2383 2504/3191/2517 2728/3144/2734
f 2728/3144/2734 2504/3191/2517 2505/3192/2518 2735/3145/2741
f 2735/3145/2741 2505/3192/2518 2506/3193/2519 2742/3152/2748
f 2742/3152/2748 2506/3193/2519 2507/3194/2520 2749/3159/2755
f 2749/3159/2755 2507/3194/2520 2508/3195/2521 2756/3166/2762
f 2756/3166/2762 2508/3195/2521 2509/3196/2522 2763/3173/2769
f 2763/3173/2769 2509/3196/2522 2510/3197/2523 2770/3180/2776
f 2770/3180/2776 2510/3197/2523 2376/3198/2390 2517/3199/2530
f 2769/3179/2775 2770/3180/2776 2517/3199/2530 2516/3200/2529
f 2768/3178/2774 2769/3179/2775 2516/3200/2529 2515/3201/2528
f 2767/3177/2773 2768/3178/2774 2515/3201/2528 2514/3202/2527
f 2766/3176/2772 2767/3177/2773 2514/3202/2527 2513/3203/2526
f 2765/3174/2771 2766/3176/2772 2513/3203/2526 2512/3204/2525
f 2764/3175/2770 2765/3174/2771 2512/3204/2525 2511/3205/2524
f 2448/3206/2461 2764/3175/2770 2511/3205/2524 2375/3207/2389
f 2449/3208/2462 2757/3168/2763 2764/3175/2770 2448/3206/2461
f 2450/3209/2463 2750/3161/2756 2757/3168/2763 2449/3208/2462
f 2451/3210/2464 2743/3154/2749 2750/3161/2756 2450/3209/2463
f 2452/3211/2465 2736/3147/2742 2743/3154/2749 2451/3210/2464
f 2453/3212/2466 2729/3135/2735 2736/3147/2742 2452/3211/2465
f 2454/3183/2467 2722/3132/2728 2729/3135/2735 2453/3212/2466
f 2772/3213/2778 2773/3214/2779 2777/3215/2783 2776/3216/2782
f 2773/3214/2779 2774/3217/2780 2778/3218/2784 2777/3215/2783
f 2774/3217/2780 2775/3219/2781 2779/3220/2785 2778/3218/2784
f 2776/3216/2782 2777/3215/2783 2781/3221/2787 2780/3222/2786
f 2777/3215/2783 2778/3218/2784 2782/3223/2788 2781/3221/2787
f 2778/3218/2784 2779/3220/2785 2783/3224/2789 2782/3223/2788
f 2784/3225/2790 2785/3226/2791 2789/3227/2795 2788/3228/2794
f 2785/3226/2791 2786/3229/2792 2790/3230/2796 2789/3227/2795
f 2786/3229/2792 2787/3231/2793 2791/3232/2797 2790/3230/2796
f 2788/3228/2794 2789/3227/2795 2793/3233/2799 2792/3234/2798
f 2789/3227/2795 2790/3230/2796 2794/3235/2800 2793/3233/2799
f 2790/3230/2796 2791/3232/2797 2795/3236/2801 2794/3235/2800
f 2796/3237/2802 2797/3238/2803 2801/3239/2807 2800/3240/2806
f 2797/3238/2803 2798/3241/2804 2802/3242/2808 2801/3239/2807
f 2798/3241/2804 2799/3243/2805 2803/3244/2809 2802/3242/2808
f 2800/3240/2806 2801/3239/2807 2805/3245/2811 2804/3246/2810
f 2801/3239/2807 2802/3242/2808 2806/3247/2812 2805/3245/2811
f 2802/3242/2808 2803/3244/2809 2807/3248/2813 2806/3247/2812
f 2808/3249/2814 2809/3250/2815 2813/3251/2819 2812/3252/2818
f 2809/3250/2815 2810/3253/2816 2814/3254/2820 2813/3251/2819
f 2810/3253/2816 2811/3255/2817 2815/3256/2821 2814/3254/2820
f 2812/3252/2818 2813/3251/2819 2817/3257/2823 2816/3258/2822
f 2813/3251/2819 2814/3254/2820 2818/3259/2824 2817/3257/2823
f 2814/3254/2820 2815/3256/2821 2819/3260/2825 2818/3259/2824
f 2820/3261/2826 2821/3262/2827 2825/3263/2831 2824/3264/2830
f 2821/3262/2827 2822/3265/2828 2826/3266/2832 2825/3263/2831
f 2822/3265/2828 2823/3267/2829 2827/3268/2833 2826/3266/2832
f 2824/3264/2830 2825/3263/2831 2829/3269/2835 2828/3270/2834
f 2825/3263/2831 2826/3266/2832 2830/3271/2836 2829/3269/2835
f 2826/3266/2832 2827/3268/2833 2831/3272/2837 2830/3271/2836
f 2832/3273/2838 2833/3274/2839 2837/3275/2843 2836/3276/2842
f 2833/3274/2839 2834/3277/2840 2838/3278/2844 2837/3275/2843
f 2834/3277/2840 2835/3279/2841 2839/3280/2845 2838/3278/2844
f 2836/3276/2842 2837/3275/2843 2841/3281/2847 2840/3282/2846
f 2837/3275/2843 2838/3278/2844 2842/3283/2848 2841/3281/2847
f 2838/3278/2844 2839/3280/2845 2843/3284/2849 2842/3283/2848
f 2844/3285/2850 2845/3286/2851 2849/3287/2855 2848/3288/2854
f 2845/3286/2851 2846/3289/2852 2850/3290/2856 2849/3287/2855
f 2846/3289/2852 2847/3291/2853 2851/3292/2857 2850/3290/2856
f 2848/3288/2854 2849/3287/2855 2853/3293/2859 2852/3294/2858
f 2849/3287/2855 2850/3290/2856 2854/3295/2860 2853/3293/2859
f 2850/3290/2856 2851/3292/2857 2855/3296/2861 2854/3295/2860
f 2792/3234/2798 2793/3233/2799 2779/3220/2785 2775/3297/2781
f 2793/3233/2799 2794/3235/2800 2783/3224/2789 2779/3220/2785
f 2804/3246/2810 2805/3245/2811 2791/3298/2797 2787/3299/2793
f 2805/3245/2811 2806/3247/2812 2795/3236/2801 2791/3298/2797
f 2816/3258/2822 2817/3257/2823 2803/3300/2809 2799/3301/2805
f 2817/3257/2823 2818/3259/2824 2807/3248/2813 2803/3300/2809
f 2828/3270/2834 2829/3269/2835 2815/3302/2821 2811/3303/2817
f 2829/3269/2835 2830/3271/2836 2819/3260/2825 2815/3302/2821
f 2840/3282/2846 2841/3281/2847 2827/3304/2833 2823/3267/2829
f 2841/3281/2847 2842/3283/2848 2831/3272/2837 2827/3304/2833
f 2852/3294/2858 2853/3293/2859 2839/3305/2845 2835/3279/2841
f 2853/3293/2859 2854/3295/2860 2843/3284/2849 2839/3305/2845
f 2780/3222/2786 2781/3221/2787 2851/3306/2857 2847/3307/2853
f 2781/3221/2787 2782/3223/2788 2855/3296/2861 2851/3306/2857
f 2782/3223/2788 2783/3224/2789 2771/3308/2777 2855/3296/2861
f 2794/3235/2800 2795/3236/2801 2771/3308/2777 2783/3224/2789
f 2806/3247/2812 2807/3248/2813 2771/3308/2777 2795/3236/2801
f 2818/3259/2824 2819/3260/2825 2771/3308/2777 2807/3248/2813
f 2830/3271/2836 2831/3272/2837 2771/3308/2777 2819/3260/2825
f 2842/3283/2848 2843/3284/2849 2771/3308/2777 2831/3272/2837
f 2854/3295/2860 2855/3296/2861 2771/3308/2777 2843/3284/2849
f 2375/3207/2389 2511/3205/2524 2772/3213/2778 2503/3309/2516
f 2511/3205/2524 2512/3204/2525 2773/3214/2779 2772/3213/2778
f 2512/3204/2525 2513/3203/2526 2774/3217/2780 2773/3214/2779
f 2513/3203/2526 2514/3202/2527 2775/3219/2781 2774/3217/2780
f 2503/3309/2516 2772/3213/2778 2776/3216/2782 2502/3310/2515
f 2502/3310/2515 2776/3216/2782 2780/3222/2786 2501/3311/2514
f 2501/3311/2514 2780/3222/2786 2847/3307/2853 2500/3312/2513
f 2376/3198/2390 2462/3313/2475 2784/3225/2790 2517/3314/2530
f 2462/3313/2475 2463/3315/2476 2785/3226/2791 2784/3225/2790
f 2463/3315/2476 2464/3316/2477 2786/3229/2792 2785/3226/2791
f 2464/3316/2477 2465/3317/2478 2787/3231/2793 2786/3229/2792
f 2517/3314/2530 2784/3225/2790 2788/3228/2794 2516/3318/2529
f 2516/3318/2529 2788/3228/2794 2792/3234/2798 2515/3201/2528
f 2515/3201/2528 2792/3234/2798 2775/3297/2781 2514/3202/2527
f 2371/3319/2385 2476/3320/2489 2796/3237/2802 2468/3321/2481
f 2476/3320/2489 2477/3322/2490 2797/3238/2803 2796/3237/2802
f 2477/3322/2490 2478/3323/2491 2798/3241/2804 2797/3238/2803
f 2478/3323/2491 2479/3324/2492 2799/3243/2805 2798/3241/2804
f 2468/3321/2481 2796/3237/2802 2800/3240/2806 2467/3325/2480
f 2467/3325/2480 2800/3240/2806 2804/3246/2810 2466/3326/2479
f 2466/3326/2479 2804/3246/2810 2787/3299/2793 2465/3327/2478
f 2372/3328/2386 2496/3329/2509 2808/3249/2814 2482/3330/2495
f 2496/3329/2509 2495/3331/2508 2809/3250/2815 2808/3249/2814
f 2495/3331/2508 2494/3332/2507 2810/3253/2816 2809/3250/2815
f 2494/3332/2507 2493/3333/2506 2811/3255/2817 2810/3253/2816
f 2482/3330/2495 2808/3249/2814 2812/3252/2818 2481/3334/2494
f 2481/3334/2494 2812/3252/2818 2816/3258/2822 2480/3335/2493
f 2480/3335/2493 2816/3258/2822 2799/3301/2805 2479/3324/2492
f 2374/3336/2388 2489/3337/2502 2820/3261/2826 2490/3338/2503
f 2489/3337/2502 2488/3339/2501 2821/3262/2827 2820/3261/2826
f 2488/3339/2501 2487/3340/2500 2822/3265/2828 2821/3262/2827
f 2487/3340/2500 2486/3341/2499 2823/3267/2829 2822/3265/2828
f 2490/3338/2503 2820/3261/2826 2824/3264/2830 2491/3342/2504
f 2491/3342/2504 2824/3264/2830 2828/3270/2834 2492/3343/2505
f 2492/3343/2505 2828/3270/2834 2811/3303/2817 2493/3333/2506
f 2373/3344/2387 2469/3345/2482 2832/3273/2838 2483/3346/2496
f 2469/3345/2482 2470/3347/2483 2833/3274/2839 2832/3273/2838
f 2470/3347/2483 2471/3348/2484 2834/3277/2840 2833/3274/2839
f 2471/3348/2484 2472/3349/2485 2835/3279/2841 2834/3277/2840
f 2483/3346/2496 2832/3273/2838 2836/3276/2842 2484/3350/2497
f 2484/3350/2497 2836/3276/2842 2840/3282/2846 2485/3351/2498
f 2485/3351/2498 2840/3282/2846 2823/3267/2829 2486/3341/2499
f 2370/3352/2384 2497/3353/2510 2844/3285/2850 2475/3354/2488
f 2497/3353/2510 2498/3355/2511 2845/3286/2851 2844/3285/2850
f 2498/3355/2511 2499/3356/2512 2846/3289/2852 2845/3286/2851
f 2499/3356/2512 2500/3357/2513 2847/3291/2853 2846/3289/2852
f 2475/3354/2488 2844/3285/2850 2848/3288/2854 2474/3358/2487
f 2474/3358/2487 2848/3288/2854 2852/3294/2858 2473/3359/2486
f 2473/3359/2486 2852/3294/2858 2835/3279/2841 2472/3349/2485
f 2856/3360/2862 2857/3361/2863 2864/3362/2870 2863/3363/2869
f 2857/3361/2863 2858/3364/2864 2865/3365/2871 2864/3362/2870
f 2858/3364/2864 2859/3366/2865 2866/3367/2872 2865/3365/2871
f 2859/3366/2865 2860/3368/2866 2867/3369/2873 2866/3367/2872
f 2860/3368/2866 2861/3370/2867 2868/3371/2874 2867/3369/2873
f 2861/3370/2867 2862/3372/2868 2869/3373/2875 2868/3371/2874
f 2863/3363/2869 2864/3362/2870 2871/3374/2877 2870/3375/2876
f 2864/3362/2870 2865/3365/2871 2872/3376/2878 2871/3374/2877
f 2865/3365/2871 2866/3367/2872 2873/3377/2879 2872/3376/2878
f 2866/3367/2872 2867/3369/2873 2874/3378/2880 2873/3377/2879
f 2867/3369/2873 2868/3371/2874 2875/3379/2881 2874/3378/2880
f 2868/3371/2874 2869/3373/2875 2876/3380/2882 2875/3379/2881
f 2870/3375/2876 2871/3374/2877 2878/3381/2884 2877/3382/2883
f 2871/3374/2877 2872/3376/2878 2879/3383/2885 2878/3381/2884
f 2872/3376/2878 2873/3377/2879 2880/3384/2886 2879/3383/2885
f 2873/3377/2879 2874/3378/2880 2881/3385/2887 2880/3384/2886
f 2874/3378/2880 2875/3379/2881 2882/3386/2888 2881/3385/2887
f 2875/3379/2881 2876/3380/2882 2883/3387/2889 2882/3386/2888
f 2877/3382/2883 2878/3381/2884 2885/3388/2891 2884/3389/2890
f 2878/3381/2884 2879/3383/2885 2886/3390/2892 2885/3388/2891
f 2879/3383/2885 2880/3384/2886 2887/3391/2893 2886/3390/2892
f 2880/3384/2886 2881/3385/2887 2888/3392/2894 2887/3391/2893
f 2881/3385/2887 2882/3386/2888 2889/3393/2895 2888/3392/2894
f 2882/3386/2888 2883/3387/2889 2890/3394/2896 2889/3393/2895
f 2884/3389/2890 2885/3388/2891 2892/3395/2898 2891/3396/2897
f 2885/3388/2891 2886/3390/2892 2893/3397/2899 2892/3395/2898
f 2886/3390/2892 2887/3391/2893 2894/3398/2900 2893/3397/2899
f 2887/3391/2893 2888/3392/2894 2895/3399/2901 2894/3398/2900
f 2888/3392/2894 2889/3393/2895 2896/3400/2902 2895/3399/2901
f 2889/3393/2895 2890/3394/2896 2897/3401/2903 2896/3400/2902
f 2891/3396/2897 2892/3395/2898 2899/3402/2905 2898/3403/2904
f 2892/3395/2898 2893/3397/2899 2900/3404/2906 2899/3402/2905
f 2893/3397/2899 2894/3398/2900 2901/3405/2907 2900/3404/2906
f 2894/3398/2900 2895/3399/2901 2902/3406/2908 2901/3405/2907
f 2895/3399/2901 2896/3400/2902 2903/3407/2909 2902/3406/2908
f 2896/3400/2902 2897/3401/2903 2904/3408/2910 2903/3407/2909
f 2363/3409/2377 2426/3410/2439 2856/3360/2862 2531/3411/2544
f 2426/3410/2439 2425/3412/2438 2857/3361/2863 2856/3360/2862
f 2425/3412/2438 2424/3413/2437 2858/3364/2864 2857/3361/2863
f 2424/3413/2437 2423/3414/2436 2859/3366/2865 2858/3364/2864
f 2423/3414/2436 2422/3415/2435 2860/3368/2866 2859/3366/2865
f 2422/3415/2435 2421/3416/2434 2861/3370/2867 2860/3368/2866
f 2421/3416/2434 2420/3417/2433 2862/3372/2868 2861/3370/2867
f 2420/3417/2433 2365/3418/2379 2518/3419/2531 2862/3372/2868
f 2862/3372/2868 2518/3419/2531 2519/3420/2532 2869/3373/2875
f 2869/3373/2875 2519/3420/2532 2520/3421/2533 2876/3380/2882
f 2876/3380/2882 2520/3421/2533 2521/3422/2534 2883/3387/2889
f 2883/3387/2889 2521/3422/2534 2522/3423/2535 2890/3394/2896
f 2890/3394/2896 2522/3423/2535 2523/3424/2536 2897/3401/2903
f 2897/3401/2903 2523/3424/2536 2524/3425/2537 2904/3408/2910
f 2904/3408/2910 2524/3425/2537 2374/3426/2388 2490/3427/2503
f 2903/3407/2909 2904/3408/2910 2490/3427/2503 2491/3428/2504
f 2902/3406/2908 2903/3407/2909 2491/3428/2504 2492/3429/2505
f 2901/3405/2907 2902/3406/2908 2492/3429/2505 2493/3430/2506
f 2900/3404/2906 2901/3405/2907 2493/3430/2506 2494/3431/2507
f 2899/3402/2905 2900/3404/2906 2494/3431/2507 2495/3432/2508
f 2898/3403/2904 2899/3402/2905 2495/3432/2508 2496/3433/2509
f 2525/3434/2538 2898/3403/2904 2496/3433/2509 2372/3435/2386
f 2526/3436/2539 2891/3396/2897 2898/3403/2904 2525/3434/2538
f 2527/3437/2540 2884/3389/2890 2891/3396/2897 2526/3436/2539
f 2528/3438/2541 2877/3382/2883 2884/3389/2890 2527/3437/2540
f 2529/3439/2542 2870/3375/2876 2877/3382/2883 2528/3438/2541
f 2530/3440/2543 2863/3363/2869 2870/3375/2876 2529/3439/2542
f 2531/3411/2544 2856/3360/2862 2863/3363/2869 2530/3440/2543
f 2905/3441/2911 2906/3442/2912 2913/3443/2919 2912/3444/2918
f 2906/3442/2912 2907/3445/2913 2914/3446/2920 2913/3443/2919
f 2907/3445/2913 2908/3447/2914 2915/3448/2921 2914/3446/2920
f 2908/3447/2914 2909/3449/2915 2916/3450/2922 2915/3448/2921
f 2909/3449/2915 2910/3451/2916 2917/3452/2923 2916/3450/2922
f 2910/3451/2916 2911/3453/2917 2918/3454/2924 2917/3452/2923
f 2912/3444/2918 2913/3443/2919 2920/3455/2926 2919/3456/2925
f 2913/3443/2919 2914/3446/2920 2921/3457/2927 2920/3455/2926
f 2914/3446/2920 2915/3448/2921 2922/3458/2928 2921/3457/2927
f 2915/3448/2921 2916/3450/2922 2923/3459/2929 2922/3458/2928
f 2916/3450/2922 2917/3452/2923 2924/3460/2930 2923/3459/2929
f 2917/3452/2923 2918/3454/2924 2925/3461/2931 2924/3460/2930
f 2919/3456/2925 2920/3455/2926 2927/3462/2933 2926/3463/2932
f 2920/3455/2926 2921/3457/2927 2928/3464/2934 2927/3462/2933
f 2921/3457/2927 2922/3458/2928 2929/3465/2935 2928/3464/2934
f 2922/3458/2928 2923/3459/2929 2930/3466/2936 2929/3465/2935
f 2923/3459/2929 2924/3460/2930 2931/3467/2937 2930/3466/2936
f 2924/3460/2930 2925/3461/2931 2932/3468/2938 2931/3467/2937
f 2926/3463/2932 2927/3462/2933 2934/3469/2940 2933/3470/2939
f 2927/3462/2933 2928/3464/2934 2935/3471/2941 2934/3469/2940
f 2928/3464/2934 2929/3465/2935 2936/3472/2942 2935/3471/2941
f 2929/3465/2935 2930/3466/2936 2937/3473/2943 2936/3472/2942
f 2930/3466/2936 2931/3467/2937 2938/3474/2944 2937/3473/2943
f 2931/3467/2937 2932/3468/2938 2939/3475/2945 2938/3474/2944
f 2933/3470/2939 2934/3469/2940 2941/3476/2947 2940/3477/2946
f 2934/3469/2940 2935/3471/2941 2942/3478/2948 2941/3476/2947
f 2935/3471/2941 2936/3472/2942 2943/3479/2949 2942/3478/2948
f 2936/3472/2942 2937/3473/2943 2944/3480/2950 2943/3479/2949
f 2937/3473/2943 2938/3474/2944 2945/3481/2951 2944/3480/2950
f 2938/3474/2944 2939/3475/2945 2946/3482/2952 2945/3481/2951
f 2940/3477/2946 2941/3476/2947 2948/3483/2954 2947/3484/2953
f 2941/3476/2947 2942/3478/2948 2949/3485/2955 2948/3483/2954
f 2942/3478/2948 2943/3479/2949 2950/3486/2956 2949/3485/2955
f 2943/3479/2949 2944/3480/2950 2951/3487/2957 2950/3486/2956
f 2944/3480/2950 2945/3481/2951 2952/3488/2958 2951/3487/2957
f 2945/3481/2951 2946/3482/2952 2953/3489/2959 2952/3488/2958
f 2364/3490/2378 2399/3491/2412 2905/3441/2911 2545/3492/2558
f 2399/3491/2412 2400/3493/2413 2906/3442/2912 2905/3441/2911
f 2400/3493/2413 2401/3494/2414 2907/3445/2913 2906/3442/2912
f 2401/3494/2414 2402/3495/2415 2908/3447/2914 2907/3445/2913
f 2402/3495/2415 2403/3496/2416 2909/3449/2915 2908/3447/2914
f 2403/3496/2416 2404/3497/2417 2910/3451/2916 2909/3449/2915
f 2404/3497/2417 2405/3498/2418 2911/3453/2917 2910/3451/2916
f 2405/3498/2418 2361/3499/2375 2532/3500/2545 2911/3453/2917
f 2911/3453/2917 2532/3500/2545 2533/3501/2546 2918/3454/2924
f 2918/3454/2924 2533/3501/2546 2534/3502/2547 2925/3461/2931
f 2925/3461/2931 2534/3502/2547 2535/3503/2548 2932/3468/2938
f 2932/3468/2938 2535/3503/2548 2536/3504/2549 2939/3475/2945
f 2939/3475/2945 2536/3504/2549 2537/3505/2550 2946/3482/2952
f 2946/3482/2952 2537/3505/2550 2538/3506/2551 2953/3489/2959
f 2953/3489/2959 2538/3506/2551 2370/3507/2384 2475/3508/2488
f 2952/3488/2958 2953/3489/2959 2475/3508/2488 2474/3509/2487
f 2951/3487/2957 2952/3488/2958 2474/3509/2487 2473/3510/2486
f 2950/3486/2956 2951/3487/2957 2473/3510/2486 2472/3511/2485
f 2949/3485/2955 2950/3486/2956 2472/3511/2485 2471/3512/2484
f 2948/3483/2954 2949/3485/2955 2471/3512/2484 2470/3513/2483
f 2947/3484/2953 2948/3483/2954 2470/3513/2483 2469/3514/2482
f 2539/3515/2552 2947/3484/2953 2469/3514/2482 2373/3516/2387
f 2540/3517/2553 2940/3477/2946 2947/3484/2953 2539/3515/2552
f 2541/3518/2554 2933/3470/2939 2940/3477/2946 2540/3517/2553
f 2542/3519/2555 2926/3463/2932 2933/3470/2939 2541/3518/2554
f 2543/3520/2556 2919/3456/2925 2926/3463/2932 2542/3519/2555
f 2544/3521/2557 2912/3444/2918 2919/3456/2925 2543/3520/2556
f 2545/3492/2558 2905/3441/2911 2912/3444/2918 2544/3521/2557
f 2954/3522/2960 2955/3523/2961 2962/3524/2968 2961/3525/2967
f 2955/3523/2961 2956/3526/2962 2963/3527/2969 2962/3524/2968
f 2956/3526/2962 2957/3528/2963 2964/3529/2970 2963/3527/2969
f 2957/3528/2963 2958/3530/2964 2965/3531/2971 2964/3529/2970
f 2958/3530/2964 2959/3532/2965 2966/3533/2972 2965/3531/2971
f 2959/3532/2965 2960/3534/2966 2967/3535/2973 2966/3533/2972
f 2961/3525/2967 2962/3524/2968 2969/3536/2975 2968/3537/2974
f 2962/3524/2968 2963/3527/2969 2970/3538/2976 2969/3536/2975
f 2963/3527/2969 2964/3529/2970 2971/3539/2977 2970/3538/2976
f 2964/3529/2970 2965/3531/2971 2972/3540/2978 2971/3539/2977
f 2965/3531/2971 2966/3533/2972 2973/3541/2979 2972/3540/2978
f 2966/3533/2972 2967/3535/2973 2974/3542/2980 2973/3541/2979
f 2968/3537/2974 2969/3536/2975 2976/3543/2982 2975/3544/2981
f 2969/3536/2975 2970/3538/2976 2977/3545/2983 2976/3543/2982
f 2970/3538/2976 2971/3539/2977 2978/3546/2984 2977/3545/2983
f 2971/3539/2977 2972/3540/2978 2979/3547/2985 2978/3546/2984
f 2972/3540/2978 2973/3541/2979 2980/3548/2986 2979/3547/2985
f 2973/3541/2979 2974/3542/2980 2981/3549/2987 2980/3548/2986
f 2975/3544/2981 2976/3543/2982 2983/3550/2989 2982/3551/2988
f 2976/3543/2982 2977/3545/2983 2984/3552/2990 2983/3550/2989
f 2977/3545/2983 2978/3546/2984 2985/3553/2991 2984/3552/2990
f 2978/3546/2984 2979/3547/2985 2986/3554/2992 2985/3553/2991
f 2979/3547/2985 2980/3548/2986 2987/3555/2993 2986/3554/2992
f 2980/3548/2986 2981/3549/2987 2988/3556/2994 2987/3555/2993
f 2982/3551/2988 2983/3550/2989 2990/3557/2996 2989/3558/2995
f 2983/3550/2989 2984/3552/2990 2991/3559/2997 2990/3557/2996
f 2984/3552/2990 2985/3553/2991 2992/3560/2998 2991/3559/2997
f 2985/3553/2991 2986/3554/2992 2993/3561/2999 2992/3560/2998
f 2986/3554/2992 2987/3555/2993 2994/3562/3000 2993/3561/2999
f 2987/3555/2993 2988/3556/2994 2995/3563/3001 2994/3562/3000
f 2989/3558/2995 2990/3557/2996 2997/3564/3003 2996/3565/3002
f 2990/3557/2996 2991/3559/2997 2998/3566/3004 2997/3564/3003
f 2991/3559/2997 2992/3560/2998 2999/3567/3005 2998/3566/3004
f 2992/3560/2998 2993/3561/2999 3000/3568/3006 2999/3567/3005
f 2993/3561/2999 2994/3562/3000 3001/3569/3007 3000/3568/3006
f 2994/3562/3000 2995/3563/3001 3002/3570/3008 3001/3569/3007
f 2366/3571/2380 2378/3572/2391 2954/3522/2960 2559/3573/2572
f 2378/3572/2391 2379/3574/2392 2955/3523/2961 2954/3522/2960
f 2379/3574/2392 2380/3575/2393 2956/3526/2962 2955/3523/2961
f 2380/3575/2393 2381/3576/2394 2957/3528/2963 2956/3526/2962
f 2381/3576/2394 2382/3577/2395 2958/3530/2964 2957/3528/2963
f 2382/3577/2395 2383/3578/2396 2959/3532/2965 2958/3530/2964
f 2383/3578/2396 2384/3579/2397 2960/3534/2966 2959/3532/2965
f 2384/3579/2397 2359/3580/2373 2546/3581/2559 2960/3534/2966
f 2960/3534/2966 2546/3581/2559 2547/3582/2560 2967/3535/2973
f 2967/3535/2973 2547/3582/2560 2548/3583/2561 2974/3542/2980
f 2974/3542/2980 2548/3583/2561 2549/3584/2562 2981/3549/2987
f 2981/3549/2987 2549/3584/2562 2550/3585/2563 2988/3556/2994
f 2988/3556/2994 2550/3585/2563 2551/3586/2564 2995/3563/3001
f 2995/3563/3001 2551/3586/2564 2552/3587/2565 3002/3570/3008
f 3002/3570/3008 2552/3587/2565 2368/3588/2382 2454/3589/2467
f 3001/3569/3007 3002/3570/3008 2454/3589/2467 2453/3590/2466
f 3000/3568/3006 3001/3569/3007 2453/3590/2466 2452/3591/2465
f 2999/3567/3005 3000/3568/3006 2452/3591/2465 2451/3592/2464
f 2998/3566/3004 2999/3567/3005 2451/3592/2464 2450/3593/2463
f 2997/3564/3003 2998/3566/3004 2450/3593/2463 2449/3594/2462
f 2996/3565/3002 2997/3564/3003 2449/3594/2462 2448/3595/2461
f 2553/3596/2566 2996/3565/3002 2448/3595/2461 2375/3597/2389
f 2554/3598/2567 2989/3558/2995 2996/3565/3002 2553/3596/2566
f 2555/3599/2568 2982/3551/2988 2989/3558/2995 2554/3598/2567
f 2556/3600/2569 2975/3544/2981 2982/3551/2988 2555/3599/2568
f 2557/3601/2570 2968/3537/2974 2975/3544/2981 2556/3600/2569
f 2558/3602/2571 2961/3525/2967 2968/3537/2974 2557/3601/2570
f 2559/3573/2572 2954/3522/2960 2961/3525/2967 2558/3602/2571
f 3003/3603/3009 3004/3604/3010 3011/3605/3017 3010/3606/3016
f 3004/3604/3010 3005/3607/3011 3012/3608/3018 3011/3605/3017
f 3005/3607/3011 3006/3609/3012 3013/3610/3019 3012/3608/3018
f 3006/3609/3012 3007/3611/3013 3014/3612/3020 3013/3610/3019
f 3007/3611/3013 3008/3613/3014 3015/3614/3021 3014/3612/3020
f 3008/3613/3014 3009/3615/3015 3016/3616/3022 3015/3614/3021
f 3010/3606/3016 3011/3605/3017 3018/3617/3024 3017/3618/3023
f 3011/3605/3017 3012/3608/3018 3019/3619/3025 3018/3617/3024
f 3012/3608/3018 3013/3610/3019 3020/3620/3026 3019/3619/3025
f 3013/3610/3019 3014/3612/3020 3021/3621/3027 3020/3620/3026
f 3014/3612/3020 3015/3614/3021 3022/3622/3028 3021/3621/3027
f 3015/3614/3021 3016/3616/3022 3023/3623/3029 3022/3622/3028
f 3017/3618/3023 3018/3617/3024 3025/3624/3031 3024/3625/3030
f 3018/3617/3024 3019/3619/3025 3026/3626/3032 3025/3624/3031
f 3019/3619/3025 3020/3620/3026 3027/3627/3033 3026/3626/3032
f 3020/3620/3026 3021/3621/3027 3028/3628/3034 3027/3627/3033
f 3021/3621/3027 3022/3622/3028 3029/3629/3035 3028/3628/3034
f 3022/3622/3028 3023/3623/3029 3030/3630/3036 3029/3629/3035
f 3024/3625/3030 3025/3624/3031 3032/3631/3038 3031/3632/3037
f 3025/3624/3031 3026/3626/3032 3033/3633/3039 3032/3631/3038
f 3026/3626/3032 3027/3627/3033 3034/3634/3040 3033/3633/3039
f 3027/3627/3033 3028/3628/3034 3035/3635/3041 3034/3634/3040
f 3028/3628/3034 3029/3629/3035 3036/3636/3042 3035/3635/3041
f 3029/3629/3035 3030/3630/3036 3037/3637/3043 3036/3636/3042
f 3031/3632/3037 3032/3631/3038 3039/3638/3045 3038/3639/3044
f 3032/3631/3038 3033/3633/3039 3040/3640/3046 3039/3638/3045
f 3033/3633/3039 3034/3634/3040 3041/3641/3047 3040/3640/3046
f 3034/3634/3040 3035/3635/3041 3042/3642/3048 3041/3641/3047
f 3035/3635/3041 3036/3636/3042 3043/3643/3049 3042/3642/3048
f 3036/3636/3042 3037/3637/3043 3044/3644/3050 3043/3643/3049
f 3038/3639/3044 3039/3638/3045 3046/3645/3052 3045/3646/3051
f 3039/3638/3045 3040/3640/3046 3047/3647/3053 3046/3645/3052
f 3040/3640/3046 3041/3641/3047 3048/3648/3054 3047/3647/3053
f 3041/3641/3047 3042/3642/3048 3049/3649/3055 3048/3648/3054
f 3042/3642/3048 3043/3643/3049 3050/3650/3056 3049/3649/3055
f 3043/3643/3049 3044/3644/3050 3051/3651/3057 3050/3650/3056
f 2361/3652/2375 2427/3653/2440 3003/3603/3009 2532/3654/2545
f 2427/3653/2440 2428/3655/2441 3004/3604/3010 3003/3603/3009
f 2428/3655/2441 2429/3656/2442 3005/3607/3011 3004/3604/3010
f 2429/3656/2442 2430/3657/2443 3006/3609/3012 3005/3607/3011
f 2430/3657/2443 2431/3658/2444 3007/3611/3013 3006/3609/3012
f 2431/3658/2444 2432/3659/2445 3008/3613/3014 3007/3611/3013
f 2432/3659/2445 2433/3660/2446 3009/3615/3015 3008/3613/3014
f 2433/3660/2446 2366/3661/2380 2559/3662/2572 3009/3615/3015
f 3009/3615/3015 2559/3662/2572 2558/3663/2571 3016/3616/3022
f 3016/3616/3022 2558/3663/2571 2557/3664/2570 3023/3623/3029
f 3023/3623/3029 2557/3664/2570 2556/3665/2569 3030/3630/3036
f 3030/3630/3036 2556/3665/2569 2555/3666/2568 3037/3637/3043
f 3037/3637/3043 2555/3666/2568 2554/3667/2567 3044/3644/3050
f 3044/3644/3050 2554/3667/2567 2553/3668/2566 3051/3651/3057
f 3051/3651/3057 2553/3668/2566 2375/3669/2389 2503/3670/2516
f 3050/3650/3056 3051/3651/3057 2503/3670/2516 2502/3671/2515
f 3049/3649/3055 3050/3650/3056 2502/3671/2515 2501/3672/2514
f 3048/3648/3054 3049/3649/3055 2501/3672/2514 2500/3673/2513
f 3047/3647/3053 3048/3648/3054 2500/3673/2513 2499/3674/2512
f 3046/3645/3052 3047/3647/3053 2499/3674/2512 2498/3675/2511
f 3045/3646/3051 3046/3645/3052 2498/3675/2511 2497/3676/2510
f 2538/3677/2551 3045/3646/3051 2497/3676/2510 2370/3678/2384
f 2537/3679/2550 3038/3639/3044 3045/3646/3051 2538/3677/2551
f 2536/3680/2549 3031/3632/3037 3038/3639/3044 2537/3679/2550
f 2535/3681/2548 3024/3625/3030 3031/3632/3037 2536/3680/2549
f 2534/3682/2547 3017/3618/3023 3024/3625/3030 2535/3681/2548
f 2533/3683/2546 3010/3606/3016 3017/3618/3023 2534/3682/2547
f 2532/3654/2545 3003/3603/3009 3010/3606/3016 2533/3683/2546
f 3052/3684/3058 3053/3685/3059 3060/3686/3066 3059/3687/3065
f 3053/3685/3059 3054/3688/3060 3061/3689/3067 3060/3686/3066
f 3054/3688/3060 3055/3690/3061 3062/3691/3068 3061/3689/3067
f 3055/3690/3061 3056/3692/3062 3063/3693/3069 3062/3691/3068
f 3056/3692/3062 3057/3694/3063 3064/3695/3070 3063/3693/3069
f 3057/3694/3063 3058/3696/3064 3065/3697/3071 3064/3695/3070
f 3059/3687/3065 3060/3686/3066 3067/3698/3073 3066/3699/3072
f 3060/3686/3066 3061/3689/3067 3068/3700/3074 3067/3698/3073
f 3061/3689/3067 3062/3691/3068 3069/3701/3075 3068/3700/3074
f 3062/3691/3068 3063/3693/3069 3070/3702/3076 3069/3701/3075
f 3063/3693/3069 3064/3695/3070 3071/3703/3077 3070/3702/3076
f 3064/3695/3070 3065/3697/3071 3072/3704/3078 3071/3703/3077
f 3066/3699/3072 3067/3698/3073 3074/3705/3080 3073/3706/3079
f 3067/3698/3073 3068/3700/3074 3075/3707/3081 3074/3705/3080
f 3068/3700/3074 3069/3701/3075 3076/3708/3082 3075/3707/3081
f 3069/3701/3075 3070/3702/3076 3077/3709/3083 3076/3708/3082
f 3070/3702/3076 3071/3703/3077 3078/3710/3084 3077/3709/3083
f 3071/3703/3077 3072/3704/3078 3079/3711/3085 3078/3710/3084
f 3073/3706/3079 3074/3705/3080 3081/3712/3087 3080/3713/3086
f 3074/3705/3080 3075/3707/3081 3082/3714/3088 3081/3712/3087
f 3075/3707/3081 3076/3708/3082 3083/3715/3089 3082/3714/3088
f 3076/3708/3082 3077/3709/3083 3084/3716/3090 3083/3715/3089
f 3077/3709/3083 3078/3710/3084 3085/3717/3091 3084/3716/3090
f 3078/3710/3084 3079/3711/3085 3086/3718/3092 3085/3717/3091
f 3080/3713/3086 3081/3712/3087 3088/3719/3094 3087/3720/3093
f 3081/3712/3087 3082/3714/3088 3089/3721/3095 3088/3719/3094
f 3082/3714/3088 3083/3715/3089 3090/3722/3096 3089/3721/3095
f 3083/3715/3089 3084/3716/3090 3091/3723/3097 3090/3722/3096
f 3084/3716/3090 3085/3717/3091 3092/3724/3098 3091/3723/3097
f 3085/3717/3091 3086/3718/3092 3093/3725/3099 3092/3724/3098
f 3087/3720/3093 3088/3719/3094 3095/3726/3101 3094/3727/3100
f 3088/3719/3094 3089/3721/3095 3096/3728/3102 3095/3726/3101
f 3089/3721/3095 3090/3722/3096 3097/3729/3103 3096/3728/3102
f 3090/3722/3096 3091/3723/3097 3098/3730/3104 3097/3729/3103
f 3091/3723/3097 3092/3724/3098 3099/3731/3105 3098/3730/3104
f 3092/3724/3098 3093/3725/3099 3100/3732/3106 3099/3731/3105
f 2362/3733/2376 2406/3734/2419 3052/3684/3058 2566/3735/2579
f 2406/3734/2419 2407/3736/2420 3053/3685/3059 3052/3684/3058
f 2407/3736/2420 2408/3737/2421 3054/3688/3060 3053/3685/3059
f 2408/3737/2421 2409/3738/2422 3055/3690/3061 3054/3688/3060
f 2409/3738/2422 2410/3739/2423 3056/3692/3062 3055/3690/3061
f 2410/3739/2423 2411/3740/2424 3057/3694/3063 3056/3692/3062
f 2411/3740/2424 2412/3741/2425 3058/3696/3064 3057/3694/3063
f 2412/3741/2425 2363/3409/2377 2531/3411/2544 3058/3696/3064
f 3058/3696/3064 2531/3411/2544 2530/3440/2543 3065/3697/3071
f 3065/3697/3071 2530/3440/2543 2529/3439/2542 3072/3704/3078
f 3072/3704/3078 2529/3439/2542 2528/3438/2541 3079/3711/3085
f 3079/3711/3085 2528/3438/2541 2527/3437/2540 3086/3718/3092
f 3086/3718/3092 2527/3437/2540 2526/3436/2539 3093/3725/3099
f 3093/3725/3099 2526/3436/2539 2525/3434/2538 3100/3732/3106
f 3100/3732/3106 2525/3434/2538 2372/3435/2386 2482/3742/2495
f 3099/3731/3105 3100/3732/3106 2482/3742/2495 2481/3743/2494
f 3098/3730/3104 3099/3731/3105 2481/3743/2494 2480/3744/2493
f 3097/3729/3103 3098/3730/3104 2480/3744/2493 2479/3745/2492
f 3096/3728/3102 3097/3729/3103 2479/3745/2492 2478/3746/2491
f 3095/3726/3101 3096/3728/3102 2478/3746/2491 2477/3747/2490
f 3094/3727/3100 3095/3726/3101 2477/3747/2490 2476/3748/2489
f 2560/3749/2573 3094/3727/3100 2476/3748/2489 2371/3750/2385
f 2561/3751/2574 3087/3720/3093 3094/3727/3100 2560/3749/2573
f 2562/3752/2575 3080/3713/3086 3087/3720/3093 2561/3751/2574
f 2563/3753/2576 3073/3706/3079 3080/3713/3086 2562/3752/2575
f 2564/3754/2577 3066/3699/3072 3073/3706/3079 2563/3753/2576
f 2565/3755/2578 3059/3687/3065 3066/3699/3072 2564/3754/2577
f 2566/3735/2579 3052/3684/3058 3059/3687/3065 2565/3755/2578
f 3101/3756/3107 3102/3757/3108 3109/3758/3115 3108/3759/3114
f 3102/3757/3108 3103/3760/3109 3110/3761/3116 3109/3758/3115
f 3103/3760/3109 3104/3762/3110 3111/3763/3117 3110/3761/3116
f 3104/3762/3110 3105/3764/3111 3112/3765/3118 3111/3763/3117
f 3105/3764/3111 3106/3766/3112 3113/3767/3119 3112/3765/3118
f 3106/3766/3112 3107/3768/3113 3114/3769/3120 3113/3767/3119
f 3108/3759/3114 3109/3758/3115 3116/3770/3122 3115/3771/3121
f 3109/3758/3115 3110/3761/3116 3117/3772/3123 3116/3770/3122
f 3110/3761/3116 3111/3763/3117 3118/3773/3124 3117/3772/3123
f 3111/3763/3117 3112/3765/3118 3119/3774/3125 3118/3773/3124
f 3112/3765/3118 3113/3767/3119 3120/3775/3126 3119/3774/3125
f 3113/3767/3119 3114/3769/3120 3121/3776/3127 3120/3775/3126
f 3115/3771/3121 3116/3770/3122 3123/3777/3129 3122/3778/3128
f 3116/3770/3122 3117/3772/3123 3124/3779/3130 3123/3777/3129
f 3117/3772/3123 3118/3773/3124 3125/3780/3131 3124/3779/3130
f 3118/3773/3124 3119/3774/3125 3126/3781/3132 3125/3780/3131
f 3119/3774/3125 3120/3775/3126 3127/3782/3133 3126/3781/3132
f 3120/3775/3126 3121/3776/3127 3128/3783/3134 3127/3782/3133
f 3122/3778/3128 3123/3777/3129 3130/3784/3136 3129/3785/3135
f 3123/3777/3129 3124/3779/3130 3131/3786/3137 3130/3784/3136
f 3124/3779/3130 3125/3780/3131 3132/3787/3138 3131/3786/3137
f 3125/3780/3131 3126/3781/3132 3133/3788/3139 3132/3787/3138
f 3126/3781/3132 3127/3782/3133 3134/3789/3140 3133/3788/3139
f 3127/3782/3133 3128/3783/3134 3135/3790/3141 3134/3789/3140
f 3129/3785/3135 3130/3784/3136 3137/3791/3143 3136/3792/3142
f 3130/3784/3136 3131/3786/3137 3138/3793/3144 3137/3791/3143
f 3131/3786/3137 3132/3787/3138 3139/3794/3145 3138/3793/3144
f 3132/3787/3138 3133/3788/3139 3140/3795/3146 3139/3794/3145
f 3133/3788/3139 3134/3789/3140 3141/3796/3147 3140/3795/3146
f 3134/3789/3140 3135/3790/3141 3142/3797/3148 3141/3796/3147
f 3136/3792/3142 3137/3791/3143 3144/3798/3150 3143/3799/3149
f 3137/3791/3143 3138/3793/3144 3145/3800/3151 3144/3798/3150
f 3138/3793/3144 3139/3794/3145 3146/3801/3152 3145/3800/3151
f 3139/3794/3145 3140/3795/3146 3147/3802/3153 3146/3801/3152
f 3140/3795/3146 3141/3796/3147 3148/3803/3154 3147/3802/3153
f 3141/3796/3147 3142/3797/3148 3149/3804/3155 3148/3803/3154
f 2359/3580/2373 2385/3805/2398 3101/3756/3107 2546/3581/2559
f 2385/3805/2398 2386/3806/2399 3102/3757/3108 3101/3756/3107
f 2386/3806/2399 2387/3807/2400 3103/3760/3109 3102/3757/3108
f 2387/3807/2400 2388/3808/2401 3104/3762/3110 3103/3760/3109
f 2388/3808/2401 2389/3809/2402 3105/3764/3111 3104/3762/3110
f 2389/3809/2402 2390/3810/2403 3106/3766/3112 3105/3764/3111
f 2390/3810/2403 2391/3811/2404 3107/3768/3113 3106/3766/3112
f 2391/3811/2404 2360/3812/2374 2567/3813/2580 3107/3768/3113
f 3107/3768/3113 2567/3813/2580 2568/3814/2581 3114/3769/3120
f 3114/3769/3120 2568/3814/2581 2569/3815/2582 3121/3776/3127
f 3121/3776/3127 2569/3815/2582 2570/3816/2583 3128/3783/3134
f 3128/3783/3134 2570/3816/2583 2571/3817/2584 3135/3790/3141
f 3135/3790/3141 2571/3817/2584 2572/3818/2585 3142/3797/3148
f 3142/3797/3148 2572/3818/2585 2573/3819/2586 3149/3804/3155
f 3149/3804/3155 2573/3819/2586 2369/3820/2383 2461/3821/2474
f 3148/3803/3154 3149/3804/3155 2461/3821/2474 2460/3822/2473
f 3147/3802/3153 3148/3803/3154 2460/3822/2473 2459/3823/2472
f 3146/3801/3152 3147/3802/3153 2459/3823/2472 2458/3824/2471
f 3145/3800/3151 3146/3801/3152 2458/3824/2471 2457/3825/2470
f 3144/3798/3150 3145/3800/3151 2457/3825/2470 2456/3826/2469
f 3143/3799/3149 3144/3798/3150 2456/3826/2469 2455/3827/2468
f 2552/3587/2565 3143/3799/3149 2455/3827/2468 2368/3588/2382
f 2551/3586/2564 3136/3792/3142 3143/3799/3149 2552/3587/2565
f 2550/3585/2563 3129/3785/3135 3136/3792/3142 2551/3586/2564
f 2549/3584/2562 3122/3778/3128 3129/3785/3135 2550/3585/2563
f 2548/3583/2561 3115/3771/3121 3122/3778/3128 2549/3584/2562
f 2547/3582/2560 3108/3759/3114 3115/3771/3121 2548/3583/2561
f 2546/3581/2559 3101/3756/3107 3108/3759/3114 2547/3582/2560
f 3150/3828/3156 3151/3829/3157 3158/3830/3164 3157/3831/3163
f 3151/3829/3157 3152/3832/3158 3159/3833/3165 3158/3830/3164
f 3152/3832/3158 3153/3834/3159 3160/3835/3166 3159/3833/3165
f 3153/3834/3159 3154/3836/3160 3161/3837/3167 3160/3835/3166
f 3154/3836/3160 3155/3838/3161 3162/3839/3168 3161/3837/3167
f 3155/3838/3161 3156/3840/3162 3163/3841/3169 3162/3839/3168
f 3157/3831/3163 3158/3830/3164 3165/3842/3171 3164/3843/3170
f 3158/3830/3164 3159/3833/3165 3166/3844/3172 3165/3842/3171
f 3159/3833/3165 3160/3835/3166 3167/3845/3173 3166/3844/3172
f 3160/3835/3166 3161/3837/3167 3168/3846/3174 3167/3845/3173
f 3161/3837/3167 3162/3839/3168 3169/3847/3175 3168/3846/3174
f 3162/3839/3168 3163/3841/3169 3170/3848/3176 3169/3847/3175
f 3164/3843/3170 3165/3842/3171 3172/3849/3178 3171/3850/3177
f 3165/3842/3171 3166/3844/3172 3173/3851/3179 3172/3849/3178
f 3166/3844/3172 3167/3845/3173 3174/3852/3180 3173/3851/3179
f 3167/3845/3173 3168/3846/3174 3175/3853/3181 3174/3852/3180
f 3168/3846/3174 3169/3847/3175 3176/3854/3182 3175/3853/3181
f 3169/3847/3175 3170/3848/3176 3177/3855/3183 3176/3854/3182
f 3171/3850/3177 3172/3849/3178 3179/3856/3185 3178/3857/3184
f 3172/3849/3178 3173/3851/3179 3180/3858/3186 3179/3856/3185
f 3173/3851/3179 3174/3852/3180 3181/3859/3187 3180/3858/3186
f 3174/3852/3180 3175/3853/3181 3182/3860/3188 3181/3859/3187
f 3175/3853/3181 3176/3854/3182 3183/3861/3189 3182/3860/3188
f 3176/3854/3182 3177/3855/3183 3184/3862/3190 3183/3861/3189
f 3178/3857/3184 3179/3856/3185 3186/3863/3192 3185/3864/3191
f 3179/3856/3185 3180/3858/3186 3187/3865/3193 3186/3863/3192
f 3180/3858/3186 3181/3859/3187 3188/3866/3194 3187/3865/3193
f 3181/3859/3187 3182/3860/3188 3189/3867/3195 3188/3866/3194
f 3182/3860/3188 3183/3861/3189 3190/3868/3196 3189/3867/3195
f 3183/3861/3189 3184/3862/3190 3191/3869/3197 3190/3868/3196
f 3185/3864/3191 3186/3863/3192 3193/3870/3199 3192/3871/3198
f 3186/3863/3192 3187/3865/3193 3194/3872/3200 3193/3870/3199
f 3187/3865/3193 3188/3866/3194 3195/3873/3201 3194/3872/3200
f 3188/3866/3194 3189/3867/3195 3196/3874/3202 3195/3873/3201
f 3189/3867/3195 3190/3868/3196 3197/3875/3203 3196/3874/3202
f 3190/3868/3196 3191/3869/3197 3198/3876/3204 3197/3875/3203
f 2360/3812/2374 2434/3877/2447 3150/3828/3156 2567/3813/2580
f 2434/3877/2447 2435/3878/2448 3151/3829/3157 3150/3828/3156
f 2435/3878/2448 2436/3879/2449 3152/3832/3158 3151/3829/3157
f 2436/3879/2449 2437/3880/2450 3153/3834/3159 3152/3832/3158
f 2437/3880/2450 2438/3881/2451 3154/3836/3160 3153/3834/3159
f 2438/3881/2451 2439/3882/2452 3155/3838/3161 3154/3836/3160
f 2439/3882/2452 2440/3883/2453 3156/3840/3162 3155/3838/3161
f 2440/3883/2453 2367/3884/2381 2574/3885/2587 3156/3840/3162
f 3156/3840/3162 2574/3885/2587 2575/3886/2588 3163/3841/3169
f 3163/3841/3169 2575/3886/2588 2576/3887/2589 3170/3848/3176
f 3170/3848/3176 2576/3887/2589 2577/3888/2590 3177/3855/3183
f 3177/3855/3183 2577/3888/2590 2578/3889/2591 3184/3862/3190
f 3184/3862/3190 2578/3889/2591 2579/3890/2592 3191/3869/3197
f 3191/3869/3197 2579/3890/2592 2580/3891/2593 3198/3876/3204
f 3198/3876/3204 2580/3891/2593 2376/3892/2390 2510/3893/2523
f 3197/3875/3203 3198/3876/3204 2510/3893/2523 2509/3894/2522
f 3196/3874/3202 3197/3875/3203 2509/3894/2522 2508/3895/2521
f 3195/3873/3201 3196/3874/3202 2508/3895/2521 2507/3896/2520
f 3194/3872/3200 3195/3873/3201 2507/3896/2520 2506/3897/2519
f 3193/3870/3199 3194/3872/3200 2506/3897/2519 2505/3898/2518
f 3192/3871/3198 3193/3870/3199 2505/3898/2518 2504/3899/2517
f 2573/3819/2586 3192/3871/3198 2504/3899/2517 2369/3820/2383
f 2572/3818/2585 3185/3864/3191 3192/3871/3198 2573/3819/2586
f 2571/3817/2584 3178/3857/3184 3185/3864/3191 2572/3818/2585
f 2570/3816/2583 3171/3850/3177 3178/3857/3184 2571/3817/2584
f 2569/3815/2582 3164/3843/3170 3171/3850/3177 2570/3816/2583
f 2568/3814/2581 3157/3831/3163 3164/3843/3170 2569/3815/2582
f 2567/3813/2580 3150/3828/3156 3157/3831/3163 2568/3814/2581
f 3199/3900/3205 3200/3901/3206 3207/3902/3213 3206/3903/3212
f 3200/3901/3206 3201/3904/3207 3208/3905/3214 3207/3902/3213
f 3201/3904/3207 3202/3906/3208 3209/3907/3215 3208/3905/3214
f 3202/3906/3208 3203/3908/3209 3210/3909/3216 3209/3907/3215
f 3203/3908/3209 3204/3910/3210 3211/3911/3217 3210/3909/3216
f 3204/3910/3210 3205/3912/3211 3212/3913/3218 3211/3911/3217
f 3206/3903/3212 3207/3902/3213 3214/3914/3220 3213/3915/3219
f 3207/3902/3213 3208/3905/3214 3215/3916/3221 3214/3914/3220
f 3208/3905/3214 3209/3907/3215 3216/3917/3222 3215/3916/3221
f 3209/3907/3215 3210/3909/3216 3217/3918/3223 3216/3917/3222
f 3210/3909/3216 3211/3911/3217 3218/3919/3224 3217/3918/3223
f 3211/3911/3217 3212/3913/3218 3219/3920/3225 3218/3919/3224
f 3213/3915/3219 3214/3914/3220 3221/3921/3227 3220/3922/3226
f 3214/3914/3220 3215/3916/3221 3222/3923/3228 3221/3921/3227
f 3215/3916/3221 3216/3917/3222 3223/3924/3229 3222/3923/3228
f 3216/3917/3222 3217/3918/3223 3224/3925/3230 3223/3924/3229
f 3217/3918/3223 3218/3919/3224 3225/3926/3231 3224/3925/3230
f 3218/3919/3224 3219/3920/3225 3226/3927/3232 3225/3926/3231
f 3220/3922/3226 3221/3921/3227 3228/3928/3234 3227/3929/3233
f 3221/3921/3227 3222/3923/3228 3229/3930/3235 3228/3928/3234
f 3222/3923/3228 3223/3924/3229 3230/3931/3236 3229/3930/3235
f 3223/3924/3229 3224/3925/3230 3231/3932/3237 3230/3931/3236
f 3224/3925/3230 3225/3926/3231 3232/3933/3238 3231/3932/3237
f 3225/3926/3231 3226/3927/3232 3233/3934/3239 3232/3933/3238
f 3227/3929/3233 3228/3928/3234 3235/3935/3241 3234/3936/3240
f 3228/3928/3234 3229/3930/3235 3236/3937/3242 3235/3935/3241
f 3229/3930/3235 3230/3931/3236 3237/3938/3243 3236/3937/3242
f 3230/3931/3236 3231/3932/3237 3238/3939/3244 3237/3938/3243
f 3231/3932/3237 3232/3933/3238 3239/3940/3245 3238/3939/3244
f 3232/3933/3238 3233/3934/3239 3240/3941/3246 3239/3940/3245
f 3234/3936/3240 3235/3935/3241 3242/3942/3248 3241/3943/3247
f 3235/3935/3241 3236/3937/3242 3243/3944/3249 3242/3942/3248
f 3236/3937/3242 3237/3938/3243 3244/3945/3250 3243/3944/3249
f 3237/3938/3243 3238/3939/3244 3245/3946/3251 3244/3945/3250
f 3238/3939/3244 3239/3940/3245 3246/3947/3252 3245/3946/3251
f 3239/3940/3245 3240/3941/3246 3247/3948/3253 3246/3947/3252
f 2365/3949/2379 2419/3950/2432 3199/3900/3205 2518/3951/2531
f 2419/3950/2432 2418/3952/2431 3200/3901/3206 3199/3900/3205
f 2418/3952/2431 2417/3953/2430 3201/3904/3207 3200/3901/3206
f 2417/3953/2430 2416/3954/2429 3202/3906/3208 3201/3904/3207
f 2416/3954/2429 2415/3955/2428 3203/3908/3209 3202/3906/3208
f 2415/3955/2428 2414/3956/2427 3204/3910/3210 3203/3908/3209
f 2414/3956/2427 2413/3957/2426 3205/3912/3211 3204/3910/3210
f 2413/3957/2426 2364/3490/2378 2545/3492/2558 3205/3912/3211
f 3205/3912/3211 2545/3492/2558 2544/3521/2557 3212/3913/3218
f 3212/3913/3218 2544/3521/2557 2543/3520/2556 3219/3920/3225
f 3219/3920/3225 2543/3520/2556 2542/3519/2555 3226/3927/3232
f 3226/3927/3232 2542/3519/2555 2541/3518/2554 3233/3934/3239
f 3233/3934/3239 2541/3518/2554 2540/3517/2553 3240/3941/3246
f 3240/3941/3246 2540/3517/2553 2539/3515/2552 3247/3948/3253
f 3247/3948/3253 2539/3515/2552 2373/3516/2387 2483/3958/2496
f 3246/3947/3252 3247/3948/3253 2483/3958/2496 2484/3959/2497
f 3245/3946/3251 3246/3947/3252 2484/3959/2497 2485/3960/2498
f 3244/3945/3250 3245/3946/3251 2485/3960/2498 2486/3961/2499
f 3243/3944/3249 3244/3945/3250 2486/3961/2499 2487/3962/2500
f 3242/3942/3248 3243/3944/3249 2487/3962/2500 2488/3963/2501
f 3241/3943/3247 3242/3942/3248 2488/3963/2501 2489/3964/2502
f 2524/3965/2537 3241/3943/3247 2489/3964/2502 2374/3966/2388
f 2523/3967/2536 3234/3936/3240 3241/3943/3247 2524/3965/2537
f 2522/3968/2535 3227/3929/3233 3234/3936/3240 2523/3967/2536
f 2521/3969/2534 3220/3922/3226 3227/3929/3233 2522/3968/2535
f 2520/3970/2533 3213/3915/3219 3220/3922/3226 2521/3969/2534
f 2519/3971/2532 3206/3903/3212 3213/3915/3219 2520/3970/2533
f 2518/3951/2531 3199/3900/3205 3206/3903/3212 2519/3971/2532
f 3248/3972/3254 3249/3973/3255 3256/3974/3262 3255/3975/3261
f 3249/3973/3255 3250/3976/3256 3257/3977/3263 3256/3974/3262
f 3250/3976/3256 3251/3978/3257 3258/3979/3264 3257/3977/3263
f 3251/3978/3257 3252/3980/3258 3259/3981/3265 3258/3979/3264
f 3252/3980/3258 3253/3982/3259 3260/3983/3266 3259/3981/3265
f 3253/3982/3259 3254/3984/3260 3261/3985/3267 3260/3983/3266
f 3255/3975/3261 3256/3974/3262 3263/3986/3269 3262/3987/3268
f 3256/3974/3262 3257/3977/3263 3264/3988/3270 3263/3986/3269
f 3257/3977/3263 3258/3979/3264 3265/3989/3271 3264/3988/3270
f 3258/3979/3264 3259/3981/3265 3266/3990/3272 3265/3989/3271
f 3259/3981/3265 3260/3983/3266 3267/3991/3273 3266/3990/3272
f 3260/3983/3266 3261/3985/3267 3268/3992/3274 3267/3991/3273
f 3262/3987/3268 3263/3986/3269 3270/3993/3276 3269/3994/3275
f 3263/3986/3269 3264/3988/3270 3271/3995/3277 3270/3993/3276
f 3264/3988/3270 3265/3989/3271 3272/3996/3278 3271/3995/3277
f 3265/3989/3271 3266/3990/3272 3273/3997/3279 3272/3996/3278
f 3266/3990/3272 3267/3991/3273 3274/3998/3280 3273/3997/3279
f 3267/3991/3273 3268/3992/3274 3275/3999/3281 3274/3998/3280
f 3269/3994/3275 3270/3993/3276 3277/4000/3283 3276/4001/3282
f 3270/3993/3276 3271/3995/3277 3278/4002/3284 3277/4000/3283
f 3271/3995/3277 3272/3996/3278 3279/4003/3285 3278/4002/3284
f 3272/3996/3278 3273/3997/3279 3280/4004/3286 3279/4003/3285
f 3273/3997/3279 3274/3998/3280 3281/4005/3287 3280/4004/3286
f 3274/3998/3280 3275/3999/3281 3282/4006/3288 3281/4005/3287
f 3276/4001/3282 3277/4000/3283 3284/4007/3290 3283/4008/3289
f 3277/4000/3283 3278/4002/3284 3285/4009/3291 3284/4007/3290
f 3278/4002/3284 3279/4003/3285 3286/4010/3292 3285/4009/3291
f 3279/4003/3285 3280/4004/3286 3287/4011/3293 3286/4010/3292
f 3280/4004/3286 3281/4005/3287 3288/4012/3294 3287/4011/3293
f 3281/4005/3287 3282/4006/3288 3289/4013/3295 3288/4012/3294
f 3283/4008/3289 3284/4007/3290 3291/4014/3297 3290/4015/3296
f 3284/4007/3290 3285/4009/3291 3292/4016/3298 3291/4014/3297
f 3285/4009/3291 3286/4010/3292 3293/4017/3299 3292/4016/3298
f 3286/4010/3292 3287/4011/3293 3294/4018/3300 3293/4017/3299
f 3287/4011/3293 3288/4012/3294 3295/4019/3301 3294/4018/3300
f 3288/4012/3294 3289/4013/3295 3296/4020/3302 3295/4019/3301
f 2367/4021/2381 2392/4022/2405 3248/3972/3254 2574/4023/2587
f 2392/4022/2405 2393/4024/2406 3249/3973/3255 3248/3972/3254
f 2393/4024/2406 2394/4025/2407 3250/3976/3256 3249/3973/3255
f 2394/4025/2407 2395/4026/2408 3251/3978/3257 3250/3976/3256
f 2395/4026/2408 2396/4027/2409 3252/3980/3258 3251/3978/3257
f 2396/4027/2409 2397/4028/2410 3253/3982/3259 3252/3980/3258
f 2397/4028/2410 2398/4029/2411 3254/3984/3260 3253/3982/3259
f 2398/4029/2411 2362/4030/2376 2566/4031/2579 3254/3984/3260
f 3254/3984/3260 2566/4031/2579 2565/4032/2578 3261/3985/3267
f 3261/3985/3267 2565/4032/2578 2564/4033/2577 3268/3992/3274
f 3268/3992/3274 2564/4033/2577 2563/4034/2576 3275/3999/3281
f 3275/3999/3281 2563/4034/2576 2562/4035/2575 3282/4006/3288
f 3282/4006/3288 2562/4035/2575 2561/4036/2574 3289/4013/3295
f 3289/4013/3295 2561/4036/2574 2560/4037/2573 3296/4020/3302
f 3296/4020/3302 2560/4037/2573 2371/4038/2385 2468/4039/2481
f 3295/4019/3301 3296/4020/3302 2468/4039/2481 2467/4040/2480
f 3294/4018/3300 3295/4019/3301 2467/4040/2480 2466/4041/2479
f 3293/4017/3299 3294/4018/3300 2466/4041/2479 2465/4042/2478
f 3292/4016/3298 3293/4017/3299 2465/4042/2478 2464/4043/2477
f 3291/4014/3297 3292/4016/3298 2464/4043/2477 2463/4044/2476
f 3290/4015/3296 3291/4014/3297 2463/4044/2476 2462/4045/2475
f 2580/4046/2593 3290/4015/3296 2462/4045/2475 2376/4047/2390
f 2579/4048/2592 3283/4008/3289 3290/4015/3296 2580/4046/2593
f 2578/4049/2591 3276/4001/3282 3283/4008/3289 2579/4048/2592
f 2577/4050/2590 3269/3994/3275 3276/4001/3282 2578/4049/2591
f 2576/4051/2589 3262/3987/3268 3269/3994/3275 2577/4050/2590
f 2575/4052/2588 3255/3975/3261 3262/3987/3268 2576/4051/2589
f 2574/4023/2587 3248/3972/3254 3255/3975/3261 2575/4052/2588
l 2365 2581
l 2581 2582
l 2582 2583
l 2583 2584
l 2584 2585
l 2585 2586
l 2586 2587
l 2587 2377
o Petalo.003
v -0.178946 4.884260 0.575785
v -0.380513 5.040952 0.035851
v -1.178669 5.146662 1.390380
v -1.587150 5.437222 0.499727
v -1.333674 5.373057 0.734555
v -1.204346 5.280170 1.016970
v -0.926079 5.321407 0.699565
v -0.590566 5.105778 1.187515
v -1.003443 5.407849 0.251979
v -0.146143 4.966533 0.584448
v -0.346940 5.122668 0.046199
v -1.145169 5.228585 1.399100
v -1.552883 5.518580 0.510130
v -1.299474 5.453826 0.744797
v -1.170139 5.360957 1.027215
v -1.042829 5.430487 0.800905
v -0.548087 5.216360 1.195816
v -0.958910 5.516948 0.264774
v -1.302048 5.543674 0.942394
v -0.504393 5.079342 1.119446
v -0.427494 5.047084 1.041728
v -0.360279 5.011942 0.957650
v -0.303156 4.976853 0.870500
v -0.256437 4.944569 0.783690
v -0.220052 4.917102 0.701135
v -0.193885 4.896242 0.627660
v -0.186572 4.884581 0.519044
v -0.201276 4.890032 0.439973
v -0.222596 4.902445 0.354242
v -0.250142 4.922374 0.269188
v -0.283050 4.949596 0.190779
v -0.318788 4.981616 0.122909
v -0.353916 5.014838 0.069122
v -1.107247 5.431541 0.298078
v -1.209006 5.444429 0.342012
v -1.304884 5.449439 0.382105
v -1.391046 5.449495 0.416679
v -1.464063 5.447182 0.444645
v -1.522146 5.443717 0.467271
v -1.563956 5.439998 0.486070
v -1.219202 5.268159 1.041802
v -1.236506 5.251325 1.078916
v -1.249107 5.232359 1.124412
v -1.252372 5.212046 1.177971
v -1.243302 5.191236 1.238406
v -1.224375 5.171870 1.299609
v -1.199946 5.156142 1.353989
v -1.576585 5.423922 0.532822
v -1.554945 5.406774 0.578939
v -1.524020 5.390665 0.626438
v -1.486392 5.378361 0.667773
v -1.444905 5.371714 0.697446
v -1.402539 5.369806 0.716708
v -1.362783 5.370970 0.728409
v -1.189351 5.287056 0.987047
v -1.166913 5.296697 0.945731
v -1.140069 5.306798 0.901609
v -1.109903 5.315948 0.858798
v -1.076984 5.322992 0.820037
v -1.040541 5.327493 0.784372
v -0.998337 5.328877 0.749306
v -1.003044 5.332424 0.738950
v -1.053283 5.337015 0.756372
v -1.101467 5.341112 0.766321
v -1.150865 5.345978 0.769064
v -1.202671 5.352322 0.764640
v -1.254051 5.359690 0.755256
v -1.300700 5.367224 0.743801
v -1.149302 5.144700 1.390404
v -1.101951 5.143891 1.384384
v -1.040377 5.144076 1.370905
v -0.965185 5.143843 1.350413
v -0.877593 5.141572 1.323254
v -0.782271 5.135593 1.288164
v -0.684751 5.124224 1.243474
v -0.418012 5.069548 0.036293
v -0.474471 5.112377 0.043858
v -0.542947 5.162686 0.060494
v -0.621439 5.217109 0.086196
v -0.708395 5.272467 0.120303
v -0.802163 5.325171 0.160839
v -0.901071 5.371530 0.205500
v -0.635924 5.129107 1.087150
v -0.687576 5.160365 0.970464
v -0.743382 5.197574 0.843416
v -0.801199 5.238758 0.711966
v -0.858788 5.282006 0.581926
v -0.913513 5.325665 0.458527
v -0.962642 5.368142 0.346850
v -0.461971 5.189878 1.127844
v -0.385176 5.157040 1.050416
v -0.318330 5.120372 0.966689
v -0.262059 5.082403 0.879816
v -0.216838 5.045601 0.793101
v -0.182541 5.012186 0.710436
v -0.158872 4.984456 0.636668
v -0.151344 4.972544 0.528580
v -0.163395 4.984094 0.450540
v -0.182784 5.000772 0.365664
v -0.209522 5.022223 0.281121
v -0.242974 5.047733 0.202775
v -0.280410 5.075320 0.134562
v -0.318013 5.102315 0.080132
v -1.062606 5.540459 0.310959
v -1.164393 5.552700 0.355001
v -1.260647 5.556190 0.395126
v -1.347742 5.553443 0.429562
v -1.422405 5.546756 0.457146
v -1.482770 5.537533 0.479162
v -1.527298 5.527143 0.497183
v -1.182581 5.354736 1.052747
v -1.197303 5.344192 1.090569
v -1.208121 5.329750 1.136477
v -1.210799 5.311248 1.190021
v -1.202557 5.289014 1.249951
v -1.185629 5.265470 1.310279
v -1.163943 5.243713 1.363600
v -1.539910 5.510994 0.543912
v -1.515684 5.499987 0.590742
v -1.482942 5.488184 0.638720
v -1.444647 5.477419 0.680210
v -1.403850 5.469033 0.709673
v -1.363321 5.462639 0.728407
v -1.326165 5.457527 0.739357
v -1.153030 5.373487 0.998106
v -1.129749 5.389454 0.958479
v -1.105679 5.404627 0.917507
v -1.083698 5.416961 0.880066
v -1.066035 5.425091 0.849743
v -1.053340 5.429407 0.826708
v -1.045747 5.430789 0.810341
v -1.050454 5.434333 0.799985
v -1.066085 5.438923 0.798707
v -1.090522 5.443201 0.796026
v -1.124664 5.446977 0.790330
v -1.168287 5.450134 0.780535
v -1.216893 5.452429 0.768000
v -1.264386 5.453637 0.754857
v -1.113562 5.232516 1.399505
v -1.063690 5.238519 1.393833
v -1.000039 5.244609 1.380516
v -0.923407 5.248895 1.359957
v -0.835079 5.249568 1.332506
v -0.739551 5.245231 1.297014
v -0.642121 5.234592 1.251958
v -0.382078 5.157097 0.047315
v -0.435842 5.206655 0.055602
v -0.502026 5.262764 0.072795
v -0.578815 5.321558 0.098851
v -0.664722 5.379653 0.133111
v -0.757953 5.433761 0.173666
v -0.856639 5.480614 0.218294
v -0.586192 5.257602 1.097425
v -0.632481 5.301510 0.982543
v -0.684871 5.346160 0.857006
v -0.741280 5.389627 0.726649
v -0.799522 5.430048 0.597167
v -0.857005 5.465790 0.473695
v -0.911033 5.495280 0.361232
v -0.980753 5.341925 0.735396
v -0.998227 5.359072 0.749622
v -1.007804 5.375567 0.759671
v -1.014324 5.390930 0.768181
v -1.020733 5.404603 0.776651
v -1.027870 5.416131 0.785332
v -1.035809 5.425060 0.793985
v -1.307343 5.449195 0.740088
v -1.316532 5.441286 0.735224
v -1.324594 5.431014 0.731645
v -1.330910 5.419087 0.729412
v -1.335104 5.406254 0.728474
v -1.336849 5.393394 0.729104
v -1.336012 5.381557 0.731477
v -1.182927 5.142698 1.419278
v -1.187088 5.141492 1.449924
v -1.188706 5.145473 1.471448
v -1.186131 5.155210 1.480137
v -1.178435 5.170626 1.474100
v -1.167223 5.190126 1.455063
v -1.154871 5.211347 1.426558
v -1.174376 5.353628 1.030482
v -1.180176 5.343181 1.033065
v -1.186259 5.331406 1.033848
v -1.191963 5.319005 1.032968
v -1.196771 5.306640 1.030675
v -1.200497 5.295279 1.026943
v -1.203050 5.285975 1.021868
v -0.160993 4.877039 0.580191
v -0.140754 4.872284 0.584864
v -0.124780 4.873736 0.588364
v -0.115609 4.882550 0.590445
v -0.114716 4.898978 0.591021
v -0.121292 4.921097 0.590004
v -0.133514 4.945959 0.587448
v -0.519865 5.179497 1.272857
v -0.501681 5.147890 1.327578
v -0.493306 5.122200 1.359986
v -0.494512 5.103094 1.370085
v -0.505070 5.091234 1.357883
v -0.524751 5.087285 1.323383
v -0.553326 5.091912 1.266592
v -1.583267 5.515905 0.492561
v -1.617154 5.509830 0.474190
v -1.643019 5.500620 0.461339
v -1.656071 5.488964 0.455720
v -1.653552 5.475659 0.458113
v -1.637514 5.461559 0.467966
v -1.611994 5.447751 0.483809
v -0.371746 5.041424 0.010254
v -0.360891 5.044614 -0.016554
v -0.351117 5.051390 -0.034579
v -0.344055 5.062047 -0.040136
v -0.340791 5.076442 -0.031347
v -0.340932 5.093068 -0.010329
v -0.343593 5.109857 0.018985
v -1.033684 5.443357 0.178132
v -1.053140 5.473874 0.126062
v -1.062088 5.498772 0.095659
v -1.060806 5.517422 0.086813
v -1.049570 5.529194 0.099412
v -1.028657 5.533459 0.133346
v -0.998345 5.529586 0.188504
v -0.973075 5.349191 0.729919
v -1.020072 5.376974 0.760272
v -1.067068 5.404757 0.790626
v -1.114064 5.432540 0.820979
v -1.161060 5.460324 0.851333
v -1.208056 5.488107 0.881687
v -1.255052 5.515890 0.912040
v -0.213699 4.902835 0.566286
v -0.246604 4.927364 0.631620
v -0.288054 4.957839 0.706900
v -0.338904 4.992766 0.787304
v -0.399488 5.030210 0.868827
v -0.469499 5.067402 0.948107
v -0.548467 5.101361 1.021948
v -0.235483 4.912682 0.486646
v -0.275512 4.941853 0.546725
v -0.323010 4.976456 0.615610
v -0.378893 5.014943 0.689534
v -0.443684 5.055429 0.765036
v -0.517074 5.095151 0.839023
v -0.598545 5.131124 0.908498
v -0.261712 4.928327 0.398685
v -0.307554 4.961530 0.453433
v -0.360748 5.000214 0.515656
v -0.421826 5.042482 0.582629
v -0.491115 5.086242 0.651645
v -0.568202 5.128675 0.719954
v -0.652490 5.166785 0.784797
v -0.292557 4.950501 0.309727
v -0.342685 4.986745 0.358150
v -0.400607 5.028831 0.412802
v -0.466407 5.074481 0.472027
v -0.540028 5.121291 0.534020
v -0.620863 5.166319 0.596376
v -0.708169 5.206499 0.656543
v -0.327228 4.978974 0.225948
v -0.380139 5.017174 0.266570
v -0.441523 5.061645 0.312380
v -0.511123 5.109853 0.362930
v -0.588559 5.159153 0.417400
v -0.672971 5.206431 0.473680
v -0.763375 5.248459 0.529334
v -0.362823 5.011103 0.151089
v -0.417088 5.050401 0.182108
v -0.480901 5.096555 0.218061
v -0.553596 5.146761 0.259585
v -0.634406 5.198139 0.306509
v -0.722171 5.247370 0.356896
v -0.815628 5.291021 0.408362
v -0.395357 5.043216 0.087814
v -0.449986 5.083349 0.107352
v -0.515743 5.131085 0.133068
v -0.591232 5.183187 0.166003
v -0.675156 5.236496 0.205945
v -0.766042 5.287496 0.250968
v -0.862376 5.332580 0.298720
v -1.193232 5.290404 0.864353
v -0.730526 5.148422 1.141412
v -0.827441 5.160132 1.186017
v -0.920892 5.165795 1.223215
v -1.004829 5.166853 1.255539
v -0.782846 5.180665 1.022802
v -0.879815 5.192922 1.066916
v -0.972591 5.198572 1.105651
v -1.053088 5.198112 1.144106
v -0.839671 5.218892 0.893774
v -0.937715 5.231985 0.936719
v -1.032201 5.238494 0.975000
v -1.110800 5.237004 1.018967
v -1.171154 5.158575 1.332096
v -1.197602 5.177088 1.265329
v -1.220349 5.198539 1.195318
v -1.233247 5.220317 1.130369
v -1.129441 5.161502 1.310586
v -1.161633 5.184314 1.227878
v -1.192015 5.209976 1.143485
v -1.211342 5.234204 1.070417
v -1.074353 5.164804 1.284916
v -1.115039 5.192354 1.186072
v -1.158566 5.224491 1.081666
v -1.191388 5.254210 0.993173
v -1.204808 5.273456 1.006238
v -1.183979 5.283174 0.961481
v -1.158721 5.294476 0.913399
v -1.130198 5.305288 0.867149
v -1.221132 5.257776 1.036703
v -1.201049 5.269039 0.985388
v -1.178138 5.282958 0.929300
v -1.153304 5.296768 0.876354
v -1.232383 5.240135 1.077568
v -1.212675 5.253450 1.019294
v -1.193252 5.271285 0.950568
v -1.176344 5.290657 0.882054
v -1.029786 5.325701 0.760043
v -1.073448 5.326599 0.773560
v -1.119731 5.329146 0.781559
v -1.169302 5.333751 0.781582
v -1.065408 5.320636 0.791205
v -1.100053 5.317727 0.799788
v -1.140602 5.318011 0.804009
v -1.188745 5.322370 0.798891
v -1.099164 5.314041 0.826627
v -1.127152 5.308218 0.833442
v -1.159966 5.305968 0.835140
v -1.203854 5.310393 0.821988
v -1.325637 5.360106 0.742444
v -1.359060 5.356306 0.735760
v -1.396265 5.356873 0.720153
v -1.434862 5.363736 0.690751
v -1.276909 5.350017 0.758502
v -1.305007 5.343449 0.758496
v -1.336142 5.341515 0.749961
v -1.371010 5.347929 0.722156
v -1.223012 5.340939 0.772871
v -1.245675 5.331463 0.781821
v -1.268225 5.324868 0.786963
v -1.294710 5.327926 0.767658
v -1.537171 5.419168 0.533871
v -1.487811 5.417147 0.528470
v -1.425253 5.415773 0.517871
v -1.349610 5.414262 0.499674
v -1.507536 5.397636 0.589471
v -1.450193 5.390047 0.598211
v -1.381428 5.382776 0.603899
v -1.301512 5.376308 0.599608
v -1.472806 5.378107 0.644843
v -1.410100 5.365354 0.667711
v -1.335468 5.350829 0.695240
v -1.249514 5.336440 0.715061
v -1.064964 5.391686 0.393070
v -1.014213 5.348955 0.505101
v -0.957882 5.304874 0.629270
v -0.898796 5.260975 0.760574
v -1.166022 5.405158 0.435356
v -1.114707 5.362899 0.546170
v -1.057953 5.318991 0.670167
v -0.998143 5.274818 0.802221
v -1.262133 5.411633 0.471671
v -1.211613 5.370739 0.579301
v -1.156036 5.327675 0.702343
v -1.096148 5.283038 0.837140
v -0.173617 5.003370 0.576866
v -0.191693 5.021924 0.498557
v -0.215493 5.043004 0.411630
v -0.245366 5.067005 0.323292
v -0.280674 5.093409 0.239624
v -0.318405 5.119892 0.164373
v -0.354436 5.143145 0.100229
v -0.202958 5.037466 0.642759
v -0.227398 5.062553 0.559405
v -0.256613 5.088598 0.467288
v -0.290639 5.115868 0.372724
v -0.328788 5.143947 0.281321
v -0.368207 5.170548 0.196465
v -0.405320 5.192713 0.120723
v -0.241779 5.075301 0.718256
v -0.271840 5.105584 0.628616
v -0.306504 5.136273 0.529933
v -0.345162 5.167084 0.427884
v -0.386794 5.197353 0.327719
v -0.428823 5.225027 0.233054
v -0.468260 5.247675 0.147065
v -0.290848 5.115513 0.798597
v -0.325728 5.149892 0.702529
v -0.365449 5.184656 0.596961
v -0.408758 5.218922 0.487242
v -0.454185 5.251622 0.378487
v -0.499382 5.280953 0.274875
v -0.541781 5.304927 0.180348
v -0.350425 5.156273 0.879842
v -0.389390 5.193984 0.777785
v -0.433519 5.232176 0.665788
v -0.481106 5.269523 0.549120
v -0.530331 5.304631 0.432927
v -0.578928 5.335839 0.321850
v -0.624518 5.361422 0.220406
v -0.419987 5.195210 0.958762
v -0.462261 5.235591 0.851436
v -0.510030 5.276564 0.733810
v -0.561324 5.316512 0.611255
v -0.614104 5.353818 0.489056
v -0.666057 5.386870 0.372154
v -0.714801 5.414055 0.265406
v -0.498815 5.229821 1.032307
v -0.543554 5.272253 0.920637
v -0.594106 5.315373 0.798419
v -0.648389 5.357382 0.671234
v -0.704252 5.396515 0.544570
v -0.759255 5.431153 0.423524
v -0.810887 5.459713 0.313098
v -1.134517 5.436557 0.882110
v -0.680610 5.276656 1.151909
v -0.727537 5.321525 1.035138
v -0.780921 5.367198 0.907645
v -0.838632 5.411578 0.775537
v -0.777416 5.287526 1.196934
v -0.824354 5.332957 1.079727
v -0.878737 5.379643 0.951130
v -0.937719 5.424901 0.817733
v -0.871102 5.291320 1.234585
v -0.917320 5.336785 1.118991
v -0.973275 5.384761 0.990086
v -1.035699 5.432141 0.853441
v -1.013211 5.518593 0.407586
v -1.114268 5.531302 0.450056
v -1.210768 5.536019 0.486486
v -1.299282 5.535396 0.514407
v -0.957522 5.488817 0.520459
v -1.057945 5.501995 0.561827
v -1.155157 5.508094 0.595234
v -1.246097 5.510201 0.615586
v -0.898394 5.452648 0.644755
v -0.998281 5.466147 0.686097
v -1.096475 5.473483 0.718816
v -1.190905 5.478975 0.731870
v -1.495377 5.518585 0.546448
v -1.462093 5.505795 0.603038
v -1.425069 5.491769 0.659000
v -1.386357 5.479252 0.705102
v -1.442215 5.525916 0.542100
v -1.400169 5.509547 0.613016
v -1.357384 5.491523 0.683224
v -1.317612 5.476262 0.737994
v -1.376831 5.531737 0.532216
v -1.328117 5.510783 0.619507
v -1.279164 5.486644 0.711681
v -1.238078 5.466349 0.784744
v -1.284163 5.458840 0.754969
v -1.233383 5.457666 0.772912
v -1.181389 5.454822 0.790321
v -1.134999 5.451026 0.803997
v -1.313862 5.463937 0.749288
v -1.256576 5.461988 0.773889
v -1.197651 5.457438 0.799783
v -1.146058 5.451905 0.820785
v -1.348660 5.470249 0.734291
v -1.284289 5.467132 0.765788
v -1.214869 5.459356 0.804690
v -1.153056 5.449137 0.842301
v -1.057315 5.436975 0.813553
v -1.066208 5.436271 0.831785
v -1.078882 5.431749 0.856621
v -1.095893 5.422576 0.889565
v -1.074249 5.442229 0.814139
v -1.083915 5.441844 0.834109
v -1.095562 5.437023 0.861014
v -1.110619 5.426317 0.898237
v -1.099451 5.446845 0.811552
v -1.109013 5.446811 0.831581
v -1.117339 5.442114 0.859074
v -1.125562 5.429419 0.902329
v -1.163330 5.372211 1.018758
v -1.175955 5.365445 1.050175
v -1.184865 5.353595 1.091505
v -1.184960 5.336009 1.144233
v -1.140449 5.390843 0.975887
v -1.152640 5.387614 1.000725
v -1.160912 5.379149 1.034916
v -1.158187 5.362727 1.085717
v -1.117094 5.408375 0.930847
v -1.130126 5.408959 0.947227
v -1.139958 5.405831 0.968154
v -1.134969 5.392797 1.009790
v -1.130199 5.258609 1.342832
v -1.084866 5.271017 1.321978
v -1.027139 5.281646 1.296615
v -0.955896 5.288998 1.267218
v -1.152810 5.285731 1.277463
v -1.112399 5.304397 1.240949
v -1.062652 5.321034 1.199657
v -0.998727 5.332768 1.157776
v -1.173036 5.312523 1.208543
v -1.139800 5.336520 1.157897
v -1.102811 5.360710 1.096904
v -1.052768 5.379960 1.034511
v -1.288198 5.377357 0.742549
v -1.238403 5.371519 0.752102
v -1.187236 5.365425 0.758792
v -1.136855 5.359813 0.761037
v -1.089216 5.355068 0.757696
v -1.044449 5.350665 0.749551
v -1.003891 5.346009 0.738894
v -1.281748 5.389494 0.741182
v -1.228123 5.384689 0.750107
v -1.176264 5.379626 0.755539
v -1.127187 5.374768 0.756988
v -1.082207 5.370414 0.754427
v -1.043099 5.366379 0.749836
v -1.012776 5.362487 0.746335
v -1.276480 5.402518 0.740999
v -1.220730 5.398421 0.749672
v -1.168593 5.394193 0.754719
v -1.120901 5.390043 0.756348
v -1.078743 5.386131 0.755174
v -1.044155 5.382435 0.753451
v -1.019539 5.378909 0.753927
v -1.271256 5.415520 0.742076
v -1.214994 5.411957 0.750803
v -1.163221 5.408397 0.756120
v -1.117037 5.404837 0.758552
v -1.077606 5.401280 0.758909
v -1.046351 5.397754 0.759143
v -1.024761 5.394293 0.761488
v -1.265893 5.427678 0.744265
v -1.210378 5.424591 0.753405
v -1.159533 5.421557 0.759537
v -1.114915 5.418407 0.763123
v -1.077948 5.415027 0.764861
v -1.049471 5.411503 0.766418
v -1.030172 5.407975 0.769702
v -1.261199 5.438345 0.747506
v -1.207858 5.435802 0.757350
v -1.158331 5.433187 0.764837
v -1.114989 5.430250 0.769954
v -1.079941 5.426871 0.772959
v -1.053691 5.423198 0.775299
v -1.036324 5.419482 0.778765
v -1.258911 5.447011 0.751522
v -1.209086 5.445163 0.762413
v -1.160803 5.442849 0.771894
v -1.117993 5.439921 0.779028
v -1.084002 5.436399 0.783307
v -1.059229 5.432454 0.785967
v -1.043309 5.428398 0.788764
v -1.225554 5.269917 1.063890
v -1.245627 5.251119 1.109535
v -1.260214 5.230643 1.160212
v -1.265753 5.209424 1.215706
v -1.259548 5.188494 1.274650
v -1.242644 5.169424 1.332144
v -1.216867 5.153807 1.382375
v -1.226670 5.276921 1.077047
v -1.249274 5.256315 1.129853
v -1.265713 5.234391 1.185567
v -1.273127 5.212097 1.243710
v -1.269125 5.190443 1.303042
v -1.253445 5.170672 1.359948
v -1.226226 5.154022 1.410255
v -1.224693 5.287157 1.084816
v -1.248685 5.265556 1.141893
v -1.266260 5.242738 1.201097
v -1.274902 5.219609 1.261535
v -1.272387 5.197127 1.321885
v -1.257688 5.176468 1.379210
v -1.230063 5.158853 1.430171
v -1.220328 5.299331 1.088335
v -1.244611 5.277699 1.146820
v -1.262450 5.254846 1.207321
v -1.271489 5.231507 1.268732
v -1.269582 5.208533 1.329617
v -1.255438 5.187219 1.387211
v -1.227980 5.168975 1.438417
v -1.213981 5.312414 1.088049
v -1.237565 5.291812 1.145238
v -1.254756 5.269966 1.204534
v -1.263245 5.247297 1.264973
v -1.260942 5.224450 1.325193
v -1.246686 5.202915 1.382299
v -1.219529 5.184397 1.433018
v -1.205887 5.325949 1.083306
v -1.227576 5.307580 1.136366
v -1.243210 5.287691 1.192270
v -1.250318 5.266318 1.250416
v -1.246740 5.243934 1.309490
v -1.231980 5.222313 1.365958
v -1.205787 5.203602 1.415774
v -1.195965 5.339785 1.072774
v -1.214416 5.324938 1.118867
v -1.227719 5.307707 1.169847
v -1.232804 5.287869 1.225339
v -1.227231 5.265845 1.283899
v -1.211777 5.243796 1.340734
v -1.187763 5.224456 1.390211
v -0.468140 5.066496 1.196245
v -0.392791 5.035477 1.115339
v -0.327588 5.001680 1.027096
v -0.272840 4.967928 0.934738
v -0.228786 4.936861 0.841430
v -0.195366 4.910364 0.750109
v -0.172557 4.890037 0.663191
v -0.440264 5.062584 1.251399
v -0.365964 5.032357 1.168111
v -0.302051 4.999273 1.076579
v -0.248726 4.966005 0.979862
v -0.206112 4.935040 0.880786
v -0.174034 4.908125 0.781246
v -0.152274 4.886775 0.682583
v -0.420998 5.066951 1.284916
v -0.347297 5.037123 1.200148
v -0.284084 5.004272 1.106468
v -0.231476 4.970919 1.006768
v -0.189517 4.939443 0.903673
v -0.157958 4.911653 0.798755
v -0.136480 4.889207 0.693282
v -0.410581 5.078941 1.296801
v -0.337075 5.049177 1.211550
v -0.274098 5.016223 1.117134
v -0.221752 4.982503 1.016354
v -0.180059 4.950350 0.911773
v -0.148723 4.921725 0.805008
v -0.127365 4.898501 0.697439
v -0.409245 5.097898 1.287056
v -0.335566 5.067899 1.202383
v -0.272449 5.034611 1.108819
v -0.220074 5.000441 1.009212
v -0.178513 4.967730 0.906163
v -0.147410 4.938562 0.801268
v -0.126301 4.914962 0.695835
v -0.417216 5.123152 1.255663
v -0.342963 5.092594 1.172557
v -0.279241 5.058659 1.081244
v -0.226373 5.023795 0.984704
v -0.184548 4.990397 0.885710
v -0.153421 4.960657 0.786191
v -0.132507 4.936762 0.687558
v -0.434717 5.154036 1.202600
v -0.359441 5.122546 1.121944
v -0.294520 5.087526 1.034003
v -0.240439 5.051479 0.941887
v -0.197545 5.016864 0.848678
v -0.165634 4.985982 0.757332
v -0.144363 4.961251 0.670338
v -1.139247 5.136292 1.438535
v -1.083456 5.133033 1.444313
v -1.014855 5.131394 1.439633
v -0.934103 5.129870 1.425453
v -0.842807 5.126890 1.402102
v -0.745448 5.120738 1.368662
v -0.647222 5.109663 1.323902
v -1.135655 5.133604 1.475872
v -1.072097 5.129214 1.488706
v -0.996873 5.126764 1.489783
v -0.911048 5.124711 1.479770
v -0.816443 5.121478 1.458922
v -0.717297 5.115338 1.426536
v -0.618452 5.104528 1.381670
v -1.133194 5.137041 1.500346
v -1.064716 5.132391 1.516664
v -0.984879 5.129886 1.520801
v -0.895367 5.127891 1.513070
v -0.798360 5.124753 1.493585
v -0.697937 5.118754 1.461744
v -0.598655 5.108160 1.416770
v -1.129330 5.146800 1.509818
v -1.059090 5.142480 1.527086
v -0.977438 5.140456 1.532110
v -0.886404 5.138932 1.525061
v -0.788413 5.136129 1.505962
v -0.687488 5.130345 1.474243
v -0.588048 5.119895 1.429190
v -1.122818 5.162704 1.502901
v -1.053975 5.159199 1.519189
v -0.973690 5.158065 1.523312
v -0.883797 5.157307 1.515541
v -0.786586 5.155001 1.495962
v -0.686108 5.149464 1.464000
v -0.586851 5.139071 1.418921
v -1.115499 5.183401 1.480861
v -1.051101 5.181537 1.493684
v -0.974939 5.181900 1.494761
v -0.888359 5.182282 1.484678
v -0.793355 5.180674 1.463650
v -0.694098 5.175437 1.431031
v -0.595302 5.165024 1.385961
v -1.110486 5.207214 1.445726
v -1.053155 5.208325 1.451613
v -0.983061 5.211047 1.446991
v -0.901193 5.213073 1.432730
v -0.809319 5.212435 1.409130
v -0.711799 5.207586 1.375360
v -0.613644 5.197086 1.330307
v -1.611055 5.433789 0.523075
v -1.593671 5.418612 0.566991
v -1.563980 5.404589 0.611067
v -1.525124 5.393648 0.650289
v -1.480116 5.387089 0.680713
v -1.431979 5.384054 0.703024
v -1.383507 5.382998 0.719140
v -1.638570 5.446700 0.511469
v -1.622239 5.432292 0.556151
v -1.591993 5.419497 0.599333
v -1.551019 5.409407 0.637948
v -1.502373 5.402731 0.669540
v -1.448856 5.398690 0.694481
v -1.393043 5.396070 0.713898
v -1.655106 5.460411 0.503766
v -1.638538 5.446527 0.549188
v -1.607136 5.434532 0.592316
v -1.564149 5.424942 0.631041
v -1.512726 5.418045 0.663693
v -1.455647 5.413212 0.690413
v -1.395578 5.409580 0.711799
v -1.657622 5.473745 0.502012
v -1.640647 5.460326 0.547711
v -1.608512 5.448874 0.590950
v -1.564582 5.439557 0.629861
v -1.512108 5.432420 0.662959
v -1.453884 5.427011 0.690295
v -1.392592 5.422759 0.712301
v -1.644377 5.485811 0.507040
v -1.627404 5.472872 0.552571
v -1.595610 5.461790 0.595804
v -1.552450 5.452594 0.634572
v -1.501205 5.445254 0.667168
v -1.444524 5.439458 0.693769
v -1.384867 5.434831 0.715033
v -1.617756 5.496002 0.517809
v -1.600512 5.483733 0.562739
v -1.569446 5.472858 0.606142
v -1.528127 5.463556 0.644842
v -1.479837 5.455994 0.676321
v -1.427151 5.449937 0.701016
v -1.372262 5.445086 0.720159
v -1.581423 5.504045 0.532071
v -1.562417 5.492691 0.576435
v -1.531418 5.481747 0.620861
v -1.492048 5.471983 0.660208
v -1.447571 5.464098 0.690467
v -1.400757 5.457847 0.712389
v -1.353920 5.452849 0.728025
v -0.161447 4.872044 0.496575
v -0.171591 4.874772 0.409904
v -0.189793 4.885383 0.322204
v -0.215418 4.904171 0.237905
v -0.247772 4.931006 0.161494
v -0.285267 4.964086 0.096160
v -0.326418 5.001301 0.044763
v -0.139304 4.865705 0.488081
v -0.147240 4.867342 0.393184
v -0.163825 4.877325 0.301653
v -0.188617 4.895830 0.216116
v -0.221197 4.922806 0.139357
v -0.260940 4.957263 0.073631
v -0.307380 4.998085 0.021020
v -0.122563 4.866596 0.485191
v -0.129544 4.868058 0.385449
v -0.145444 4.878129 0.290981
v -0.170027 4.896817 0.203773
v -0.203068 4.924031 0.125808
v -0.244361 4.959256 0.058912
v -0.293733 5.001892 0.004863
v -0.113123 4.875395 0.485485
v -0.119755 4.877165 0.384329
v -0.135397 4.887641 0.288828
v -0.159941 4.906603 0.200830
v -0.193266 4.933819 0.122169
v -0.235190 4.968999 0.054617
v -0.285518 5.011843 -0.000070
v -0.112254 4.892230 0.488047
v -0.118787 4.894604 0.388547
v -0.134260 4.905567 0.294298
v -0.158636 4.924643 0.207224
v -0.191819 4.951422 0.129267
v -0.233475 4.985709 0.062292
v -0.283229 5.027385 0.008144
v -0.119301 4.915468 0.493604
v -0.126253 4.919187 0.399196
v -0.141950 4.931055 0.308103
v -0.166329 4.950335 0.222831
v -0.199194 4.976442 0.146089
v -0.239699 5.008924 0.080199
v -0.287002 5.047578 0.027362
v -0.132968 4.942977 0.504389
v -0.141413 4.949468 0.418464
v -0.158215 4.963115 0.331416
v -0.183223 4.983066 0.247510
v -0.215999 5.008598 0.171132
v -0.254715 5.038511 0.105540
v -0.297410 5.071852 0.053736
v -0.424621 5.085330 -0.005645
v -0.487384 5.134787 -0.007116
v -0.560226 5.189370 0.002999
v -0.642231 5.246860 0.023552
v -0.732212 5.304537 0.053423
v -0.828578 5.358942 0.090618
v -0.929633 5.406429 0.132925
v -0.422026 5.096254 -0.037888
v -0.491203 5.152213 -0.044481
v -0.568660 5.211456 -0.038370
v -0.654054 5.272182 -0.021020
v -0.746711 5.332143 0.006119
v -0.845194 5.388084 0.041077
v -0.947879 5.436497 0.081758
v -0.416443 5.107001 -0.058225
v -0.489525 5.167097 -0.067148
v -0.570133 5.229808 -0.062968
v -0.657965 5.293169 -0.047233
v -0.752495 5.354962 -0.021551
v -0.852386 5.412062 0.012157
v -0.956098 5.461116 0.051893
v -0.410583 5.118990 -0.064384
v -0.484802 5.180766 -0.073849
v -0.566387 5.245150 -0.070123
v -0.655017 5.309916 -0.054799
v -0.750169 5.372669 -0.029530
v -0.850528 5.430335 0.003794
v -0.954579 5.479667 0.043225
v -0.405929 5.132514 -0.054940
v -0.478568 5.193711 -0.063740
v -0.558644 5.257745 -0.059417
v -0.646002 5.322286 -0.043562
v -0.740227 5.384844 -0.017816
v -0.839961 5.442336 0.015912
v -0.943606 5.491529 0.055647
v -0.401631 5.145787 -0.031539
v -0.469823 5.204191 -0.037859
v -0.546186 5.266159 -0.031459
v -0.630652 5.329214 -0.013882
v -0.722715 5.390673 0.013376
v -0.820892 5.447382 0.048369
v -0.923450 5.496068 0.089044
v -0.395587 5.155938 0.003337
v -0.456631 5.209668 0.002338
v -0.527777 5.268501 0.012890
v -0.608434 5.329403 0.033753
v -0.697569 5.389246 0.063775
v -0.793497 5.444761 0.101007
v -0.894372 5.492643 0.143299
v -0.996843 5.340689 0.754405
v -1.028773 5.338907 0.784017
v -1.062097 5.334900 0.817240
v -1.094464 5.328573 0.853978
v -1.125224 5.320107 0.894575
v -1.153731 5.310057 0.937306
v -1.179510 5.298878 0.980088
v -1.004605 5.356316 0.764321
v -1.025649 5.353269 0.788212
v -1.053286 5.348849 0.817953
v -1.083622 5.342556 0.852555
v -1.114191 5.334111 0.891527
v -1.144076 5.323507 0.934026
v -1.172849 5.310709 0.979254
v -1.010817 5.372322 0.773124
v -1.025762 5.368608 0.793906
v -1.048781 5.363760 0.821001
v -1.076540 5.357186 0.853689
v -1.106235 5.348382 0.891372
v -1.136679 5.337134 0.933645
v -1.167098 5.323288 0.980170
v -1.015878 5.387584 0.781041
v -1.027673 5.383711 0.800226
v -1.047307 5.378652 0.825480
v -1.072381 5.371746 0.856545
v -1.100695 5.362437 0.893151
v -1.130858 5.350575 0.934979
v -1.161677 5.336114 0.981695
v -1.021450 5.401389 0.788900
v -1.031077 5.397678 0.806873
v -1.047985 5.392661 0.830690
v -1.070551 5.385554 0.860465
v -1.097173 5.375752 0.896191
v -1.126325 5.363310 0.937379
v -1.156510 5.348453 0.983437
v -1.028152 5.413314 0.796751
v -1.036239 5.410093 0.813677
v -1.051018 5.405314 0.836486
v -1.071420 5.398048 0.865522
v -1.096254 5.387682 0.900827
v -1.123807 5.374632 0.941271
v -1.152296 5.359571 0.985580
v -1.036260 5.423081 0.804276
v -1.043551 5.420702 0.820435
v -1.056880 5.416241 0.842853
v -1.075599 5.408694 0.871971
v -1.098785 5.397546 0.907679
v -1.124409 5.383717 0.947619
v -1.150218 5.368546 0.989064
v -1.138684 5.467148 0.224166
v -1.241170 5.479509 0.269517
v -1.337327 5.483212 0.312817
v -1.423340 5.481030 0.352694
v -1.495750 5.475439 0.388253
v -1.552530 5.467725 0.420497
v -1.591980 5.458652 0.451177
v -1.159009 5.497728 0.172054
v -1.262144 5.509666 0.218442
v -1.358861 5.512314 0.264098
v -1.445473 5.508301 0.307892
v -1.518613 5.500007 0.349082
v -1.576188 5.488828 0.388475
v -1.616419 5.475808 0.427431
v -1.168485 5.522655 0.141629
v -1.272089 5.534292 0.188656
v -1.369367 5.536187 0.235764
v -1.456789 5.530846 0.281976
v -1.531078 5.520593 0.326625
v -1.589972 5.507040 0.370262
v -1.631466 5.491607 0.413771
v -1.167374 5.541299 0.132780
v -1.271163 5.552774 0.180027
v -1.368730 5.554268 0.227625
v -1.456635 5.548201 0.274647
v -1.531642 5.536870 0.320435
v -1.591348 5.522092 0.365413
v -1.633557 5.505559 0.410277
v -1.155943 5.553034 0.145395
v -1.259565 5.564499 0.192432
v -1.356961 5.565978 0.239524
v -1.444659 5.559856 0.285673
v -1.519404 5.548420 0.330196
v -1.578823 5.533551 0.373682
v -1.620755 5.517025 0.417057
v -1.134477 5.557227 0.179367
v -1.237644 5.568826 0.225783
v -1.334587 5.570655 0.271418
v -1.421734 5.565113 0.315096
v -1.495772 5.554485 0.356046
v -1.554427 5.540594 0.395131
v -1.595637 5.525147 0.433793
v -1.103268 5.553246 0.234590
v -1.205791 5.565108 0.279999
v -1.302264 5.567619 0.323290
v -1.389036 5.563224 0.363022
v -1.462748 5.554217 0.398252
v -1.521210 5.542276 0.430028
v -1.562382 5.528962 0.460202
vn -0.4360 -0.8975 0.0665
vn -0.5847 -0.7918 -0.1765
vn -0.1019 -0.9792 -0.1753
vn -0.1410 -0.9258 -0.3508
vn -0.2011 0.3631 0.9098
vn -0.8274 0.4823 -0.2878
vn -0.6361 0.5909 0.4963
vn -0.2816 -0.9574 -0.0639
vn -0.3710 -0.8951 -0.2473
vn 0.8284 0.5601 -0.0044
vn 0.6951 0.6891 -0.2052
vn -0.1440 0.8723 0.4673
vn -0.2140 0.9386 0.2708
vn -0.2235 -0.6176 0.7541
vn -0.8798 0.2707 -0.3906
vn -0.5745 -0.8180 -0.0277
vn 0.3926 0.8849 0.2505
vn 0.2939 0.9551 0.0369
vn -0.3536 -0.9352 -0.0193
vn -0.4075 -0.9130 0.0174
vn -0.4438 -0.8950 0.0450
vn -0.4651 -0.8829 0.0644
vn -0.4740 -0.8772 0.0766
vn -0.4713 -0.8781 0.0820
vn -0.4549 -0.8870 0.0795
vn -0.4591 -0.8874 0.0423
vn -0.4899 -0.8717 0.0146
vn -0.5153 -0.8569 -0.0136
vn -0.5363 -0.8429 -0.0441
vn -0.5531 -0.8296 -0.0765
vn -0.5655 -0.8173 -0.1101
vn -0.5753 -0.8048 -0.1460
vn -0.2874 -0.9138 -0.2871
vn -0.2178 -0.9224 -0.3189
vn -0.1648 -0.9249 -0.3427
vn -0.1268 -0.9242 -0.3602
vn -0.1019 -0.9222 -0.3731
vn -0.0913 -0.9203 -0.3803
vn -0.1020 -0.9209 -0.3762
vn -0.8783 0.3798 -0.2904
vn -0.9426 0.0162 -0.3336
vn -0.8077 -0.4809 -0.3411
vn -0.5219 -0.8017 -0.2913
vn -0.2997 -0.9212 -0.2480
vn -0.1928 -0.9556 -0.2230
vn -0.1356 -0.9704 -0.1999
vn -0.1534 -0.9413 -0.3006
vn -0.1878 -0.9559 -0.2260
vn -0.2656 -0.9608 -0.0793
vn -0.4163 -0.8618 0.2900
vn -0.4835 -0.4627 0.7431
vn -0.3494 0.1525 0.9245
vn -0.2406 0.3419 0.9084
vn -0.7937 0.5385 -0.2828
vn -0.7381 0.6156 -0.2760
vn -0.6649 0.6946 -0.2748
vn -0.5874 0.7529 -0.2968
vn -0.5144 0.7857 -0.3435
vn -0.4443 0.8053 -0.3926
vn -0.3480 0.8501 -0.3953
vn 0.3311 0.5125 0.7923
vn 0.2483 0.5273 0.8125
vn 0.1472 0.5678 0.8099
vn 0.0446 0.5801 0.8133
vn -0.0441 0.5522 0.8325
vn -0.1146 0.4924 0.8628
vn -0.1685 0.4211 0.8912
vn -0.0560 -0.9812 -0.1847
vn -0.0403 -0.9807 -0.1911
vn -0.0466 -0.9807 -0.1899
vn -0.0671 -0.9811 -0.1816
vn -0.0995 -0.9811 -0.1658
vn -0.1456 -0.9792 -0.1415
vn -0.2068 -0.9725 -0.1075
vn -0.6035 -0.7800 -0.1653
vn -0.6095 -0.7777 -0.1541
vn -0.6025 -0.7840 -0.1495
vn -0.5846 -0.7971 -0.1515
vn -0.5552 -0.8160 -0.1608
vn -0.5118 -0.8402 -0.1793
vn -0.4509 -0.8680 -0.2083
vn -0.3083 -0.9462 -0.0981
vn -0.3253 -0.9381 -0.1192
vn -0.3367 -0.9320 -0.1343
vn -0.3444 -0.9272 -0.1474
vn -0.3498 -0.9228 -0.1617
vn -0.3547 -0.9174 -0.1803
vn -0.3609 -0.9094 -0.2066
vn 0.4883 0.8496 0.1993
vn 0.5671 0.8089 0.1548
vn 0.6312 0.7666 0.1179
vn 0.6854 0.7229 0.0868
vn 0.7324 0.6783 0.0598
vn 0.7732 0.6332 0.0358
vn 0.8072 0.5901 0.0142
vn 0.8159 0.5776 -0.0259
vn 0.7976 0.6013 -0.0483
vn 0.7791 0.6228 -0.0710
vn 0.7609 0.6418 -0.0956
vn 0.7435 0.6576 -0.1216
vn 0.7276 0.6698 -0.1484
vn 0.7119 0.6794 -0.1777
vn 0.2058 0.9750 0.0839
vn 0.1288 0.9841 0.1220
vn 0.0637 0.9865 0.1510
vn 0.0066 0.9849 0.1730
vn -0.0481 0.9802 0.1921
vn -0.1051 0.9713 0.2135
vn -0.1629 0.9569 0.2406
vn -0.8689 0.4096 -0.2777
vn -0.7501 0.6599 -0.0428
vn -0.5372 0.8235 0.1824
vn -0.3508 0.8803 0.3195
vn -0.2443 0.8904 0.3842
vn -0.1933 0.8879 0.4174
vn -0.1641 0.8813 0.4431
vn -0.2123 0.9270 0.3092
vn -0.2185 0.9096 0.3534
vn -0.2393 0.8751 0.4206
vn -0.2940 0.7704 0.5657
vn -0.3715 0.4578 0.8077
vn -0.3694 -0.1447 0.9179
vn -0.2659 -0.5510 0.7910
vn -0.8814 0.1496 -0.4481
vn -0.8582 -0.0364 -0.5120
vn -0.8038 -0.2312 -0.5481
vn -0.7404 -0.3916 -0.5463
vn -0.6896 -0.5178 -0.5063
vn -0.6547 -0.6308 -0.4165
vn -0.6209 -0.7416 -0.2540
vn -0.3827 -0.9169 0.1129
vn -0.2421 -0.9473 0.2098
vn -0.1725 -0.9474 0.2696
vn -0.1503 -0.9320 0.3298
vn -0.1554 -0.8953 0.4174
vn -0.1760 -0.8252 0.5366
vn -0.2028 -0.7210 0.6626
vn -0.0871 0.8840 0.4593
vn -0.0261 0.8965 0.4422
vn 0.0311 0.9070 0.4199
vn 0.0852 0.9146 0.3953
vn 0.1429 0.9185 0.3687
vn 0.2111 0.9173 0.3377
vn 0.2945 0.9077 0.2989
vn 0.6675 0.7195 -0.1920
vn 0.6330 0.7552 -0.1703
vn 0.5946 0.7908 -0.1454
vn 0.5519 0.8255 -0.1176
vn 0.5039 0.8594 -0.0868
vn 0.4477 0.8927 -0.0519
vn 0.3786 0.9255 -0.0109
vn 0.3738 0.9023 0.2147
vn 0.3618 0.9129 0.1890
vn 0.3528 0.9205 0.1676
vn 0.3443 0.9272 0.1476
vn 0.3351 0.9335 0.1275
vn 0.3245 0.9399 0.1057
vn 0.3117 0.9470 0.0780
vn -0.6529 -0.7420 0.1524
vn -0.7734 -0.6003 0.2038
vn -0.8373 -0.4914 0.2397
vn -0.8478 -0.4737 0.2384
vn -0.8197 -0.5386 0.1949
vn -0.7605 -0.6367 0.1277
vn -0.6721 -0.7389 0.0480
vn -0.2409 -0.4111 0.8792
vn -0.2456 -0.2308 0.9415
vn -0.2438 -0.1054 0.9641
vn -0.2406 -0.0230 0.9703
vn -0.2364 0.0502 0.9704
vn -0.2293 0.1406 0.9631
vn -0.2175 0.2510 0.9432
vn -0.1533 -0.9825 -0.1058
vn -0.2699 -0.9615 0.0510
vn -0.5110 -0.7298 0.4541
vn -0.5691 0.0093 0.8222
vn -0.3598 0.6257 0.6922
vn -0.2392 0.7856 0.5707
vn -0.1784 0.8436 0.5064
vn -0.8672 0.3499 -0.3542
vn -0.8559 0.3956 -0.3332
vn -0.8514 0.4109 -0.3259
vn -0.8533 0.4044 -0.3293
vn -0.8553 0.3976 -0.3324
vn -0.8521 0.4097 -0.3258
vn -0.8420 0.4428 -0.3081
vn -0.3233 -0.9429 0.0795
vn -0.0911 -0.9908 0.0996
vn 0.3940 -0.9109 0.1229
vn 0.8975 -0.4276 0.1077
vn 0.9920 0.1135 0.0554
vn 0.9303 0.3661 0.0233
vn 0.8727 0.4881 0.0062
vn 0.4232 0.8534 0.3044
vn 0.4758 0.7848 0.3972
vn 0.5755 0.5509 0.6044
vn 0.5311 -0.2629 0.8055
vn 0.0805 -0.9164 0.3922
vn -0.1545 -0.9826 0.1031
vn -0.2379 -0.9713 -0.0064
vn -0.2676 0.9294 0.2540
vn -0.3637 0.9048 0.2214
vn -0.5701 0.8112 0.1298
vn -0.9458 0.2739 -0.1744
vn -0.7690 -0.5310 -0.3559
vn -0.3785 -0.8463 -0.3748
vn -0.2142 -0.9073 -0.3619
vn -0.5477 -0.7963 -0.2568
vn -0.4586 -0.7877 -0.4113
vn -0.1746 -0.6570 -0.7334
vn 0.3772 -0.1094 -0.9197
vn 0.6741 0.4318 -0.5993
vn 0.7063 0.6004 -0.3750
vn 0.7023 0.6599 -0.2671
vn -0.3875 -0.8675 -0.3119
vn -0.4145 -0.8044 -0.4256
vn -0.4536 -0.5693 -0.6857
vn -0.3103 0.2664 -0.9125
vn 0.0626 0.8873 -0.4569
vn 0.2144 0.9649 -0.1516
vn 0.2664 0.9634 -0.0294
vn -0.5128 -0.8569 0.0520
vn -0.5251 -0.8493 0.0541
vn -0.5228 -0.8511 0.0476
vn -0.5092 -0.8600 0.0342
vn -0.4835 -0.8752 0.0138
vn -0.4432 -0.8963 -0.0146
vn -0.3850 -0.9214 -0.0523
vn -0.5420 -0.8399 0.0285
vn -0.5567 -0.8301 0.0321
vn -0.5525 -0.8331 0.0263
vn -0.5361 -0.8440 0.0132
vn -0.5078 -0.8615 -0.0070
vn -0.4651 -0.8846 -0.0354
vn -0.4046 -0.9116 -0.0731
vn -0.5636 -0.8260 0.0059
vn -0.5775 -0.8163 0.0118
vn -0.5721 -0.8201 0.0075
vn -0.5539 -0.8325 -0.0045
vn -0.5237 -0.8516 -0.0239
vn -0.4794 -0.8761 -0.0515
vn -0.4175 -0.9044 -0.0886
vn -0.5801 -0.8143 -0.0185
vn -0.5921 -0.8058 -0.0098
vn -0.5855 -0.8106 -0.0122
vn -0.5659 -0.8242 -0.0226
vn -0.5343 -0.8443 -0.0405
vn -0.4889 -0.8698 -0.0667
vn -0.4260 -0.8989 -0.1025
vn -0.5921 -0.8046 -0.0453
vn -0.6020 -0.7978 -0.0342
vn -0.5940 -0.8037 -0.0348
vn -0.5735 -0.8181 -0.0433
vn -0.5411 -0.8388 -0.0592
vn -0.4951 -0.8648 -0.0836
vn -0.4318 -0.8942 -0.1179
vn -0.6002 -0.7963 -0.0749
vn -0.6080 -0.7915 -0.0627
vn -0.5990 -0.7984 -0.0619
vn -0.5781 -0.8131 -0.0686
vn -0.5457 -0.8339 -0.0825
vn -0.4998 -0.8597 -0.1050
vn -0.4367 -0.8890 -0.1377
vn -0.6057 -0.7880 -0.1101
vn -0.6109 -0.7854 -0.0999
vn -0.6015 -0.7929 -0.0976
vn -0.5813 -0.8073 -0.1021
vn -0.5498 -0.8275 -0.1138
vn -0.5047 -0.8528 -0.1345
vn -0.4423 -0.8815 -0.1655
vn -0.9414 -0.2563 0.2193
vn -0.2287 -0.9630 -0.1427
vn -0.1638 -0.9704 -0.1775
vn -0.1152 -0.9725 -0.2026
vn -0.0808 -0.9723 -0.2195
vn -0.2432 -0.9560 -0.1641
vn -0.1768 -0.9639 -0.1991
vn -0.1283 -0.9659 -0.2248
vn -0.0944 -0.9654 -0.2430
vn -0.2531 -0.9507 -0.1789
vn -0.1863 -0.9590 -0.2135
vn -0.1418 -0.9607 -0.2386
vn -0.1158 -0.9593 -0.2577
vn -0.0694 -0.9717 -0.2257
vn -0.1016 -0.9635 -0.2477
vn -0.1633 -0.9494 -0.2682
vn -0.3238 -0.8951 -0.3065
vn -0.0506 -0.9716 -0.2312
vn -0.0696 -0.9644 -0.2551
vn -0.1086 -0.9558 -0.2733
vn -0.2383 -0.9218 -0.3057
vn -0.0582 -0.9717 -0.2289
vn -0.0726 -0.9647 -0.2532
vn -0.1004 -0.9576 -0.2700
vn -0.2466 -0.9217 -0.2995
vn -0.8320 0.4871 -0.2654
vn -0.7183 0.6686 -0.1923
vn -0.5682 0.8140 -0.1202
vn -0.4257 0.9018 -0.0748
vn -0.9355 0.0421 -0.3508
vn -0.8462 0.4905 -0.2080
vn -0.5168 0.8561 0.0042
vn -0.2838 0.9522 0.1130
vn -0.6808 -0.6286 -0.3760
vn -0.7011 -0.5995 -0.3861
vn -0.7604 0.6494 0.0003
vn -0.3648 0.9073 0.2092
vn 0.0283 0.9640 0.2644
vn 0.1310 0.8485 0.5127
vn 0.0955 0.7980 0.5950
vn 0.0235 0.7631 0.6459
vn -0.1603 0.9864 0.0356
vn 0.0003 0.9533 0.3021
vn 0.0299 0.9045 0.4254
vn -0.0081 0.8598 0.5106
vn -0.2966 0.9542 -0.0400
vn -0.1248 0.9736 0.1912
vn -0.0633 0.9423 0.3286
vn -0.0852 0.8806 0.4662
vn -0.1891 0.4882 0.8520
vn -0.2850 0.3668 0.8856
vn -0.4616 -0.5286 0.7124
vn -0.2882 -0.9539 0.0840
vn -0.1246 0.6149 0.7787
vn -0.1715 0.6410 0.7482
vn -0.4846 -0.2787 0.8291
vn -0.2326 -0.9726 -0.0063
vn -0.0531 0.7066 0.7056
vn -0.0770 0.7887 0.6099
vn -0.1518 0.7894 0.5947
vn -0.2975 -0.9509 0.0856
vn -0.0920 -0.9385 -0.3329
vn -0.0775 -0.9367 -0.3415
vn -0.0881 -0.9381 -0.3350
vn -0.1137 -0.9398 -0.3221
vn -0.1058 -0.9522 -0.2867
vn -0.0790 -0.9486 -0.3066
vn -0.0847 -0.9488 -0.3043
vn -0.1092 -0.9498 -0.2933
vn -0.1481 -0.9676 -0.2044
vn -0.1019 -0.9619 -0.2536
vn -0.0977 -0.9592 -0.2654
vn -0.1170 -0.9575 -0.2635
vn -0.2760 -0.9286 -0.2481
vn -0.2694 -0.9369 -0.2228
vn -0.2648 -0.9423 -0.2051
vn -0.2599 -0.9465 -0.1914
vn -0.2057 -0.9374 -0.2809
vn -0.1995 -0.9460 -0.2557
vn -0.1960 -0.9513 -0.2378
vn -0.1924 -0.9552 -0.2249
vn -0.1522 -0.9402 -0.3048
vn -0.1471 -0.9492 -0.2781
vn -0.1483 -0.9551 -0.2565
vn -0.1491 -0.9578 -0.2457
vn 0.7736 0.6336 -0.0118
vn 0.7541 0.6560 -0.0326
vn 0.7369 0.6740 -0.0514
vn 0.7213 0.6889 -0.0711
vn 0.7071 0.7011 -0.0921
vn 0.6942 0.7106 -0.1150
vn 0.6806 0.7186 -0.1430
vn 0.7365 0.6764 0.0082
vn 0.7136 0.7004 -0.0132
vn 0.6973 0.7161 -0.0310
vn 0.6836 0.7283 -0.0483
vn 0.6711 0.7383 -0.0666
vn 0.6592 0.7468 -0.0882
vn 0.6465 0.7536 -0.1190
vn 0.6961 0.7173 0.0307
vn 0.6731 0.7395 0.0090
vn 0.6573 0.7536 -0.0087
vn 0.6447 0.7641 -0.0250
vn 0.6331 0.7729 -0.0423
vn 0.6215 0.7808 -0.0636
vn 0.6091 0.7875 -0.0946
vn 0.6514 0.7567 0.0564
vn 0.6297 0.7761 0.0343
vn 0.6147 0.7886 0.0163
vn 0.6027 0.7980 -0.0001
vn 0.5914 0.8062 -0.0172
vn 0.5800 0.8137 -0.0383
vn 0.5674 0.8206 -0.0687
vn 0.6003 0.7951 0.0864
vn 0.5805 0.8117 0.0636
vn 0.5667 0.8227 0.0450
vn 0.5552 0.8313 0.0280
vn 0.5442 0.8389 0.0104
vn 0.5328 0.8462 -0.0107
vn 0.5200 0.8532 -0.0402
vn 0.5397 0.8329 0.1220
vn 0.5222 0.8471 0.0985
vn 0.5096 0.8568 0.0791
vn 0.4988 0.8646 0.0610
vn 0.4882 0.8717 0.0426
vn 0.4770 0.8786 0.0212
vn 0.4643 0.8856 -0.0075
vn 0.4650 0.8698 0.1651
vn 0.4500 0.8819 0.1404
vn 0.4390 0.8905 0.1201
vn 0.4291 0.8976 0.1010
vn 0.4191 0.9042 0.0816
vn 0.4084 0.9109 0.0599
vn 0.3957 0.9178 0.0317
vn -0.4686 0.8181 -0.3333
vn 0.2803 0.9235 0.2620
vn 0.2716 0.9331 0.2355
vn 0.2651 0.9403 0.2134
vn 0.2580 0.9468 0.1925
vn 0.2011 0.9325 0.3000
vn 0.1959 0.9417 0.2735
vn 0.1926 0.9487 0.2506
vn 0.1869 0.9556 0.2276
vn 0.1366 0.9338 0.3306
vn 0.1349 0.9428 0.3048
vn 0.1365 0.9498 0.2816
vn 0.1322 0.9582 0.2536
vn 0.2246 0.9666 0.1237
vn 0.1492 0.9757 0.1604
vn 0.0859 0.9784 0.1880
vn 0.0306 0.9774 0.2093
vn 0.2381 0.9595 0.1505
vn 0.1641 0.9689 0.1854
vn 0.1022 0.9723 0.2103
vn 0.0461 0.9722 0.2298
vn 0.2490 0.9531 0.1720
vn 0.1768 0.9625 0.2058
vn 0.1188 0.9665 0.2275
vn 0.0598 0.9680 0.2439
vn -0.1437 0.9490 0.2807
vn -0.1428 0.9385 0.3143
vn -0.1557 0.9197 0.3603
vn -0.2085 0.8510 0.4821
vn -0.0812 0.9643 0.2522
vn -0.0745 0.9572 0.2796
vn -0.0832 0.9466 0.3116
vn -0.1416 0.8954 0.4221
vn -0.0234 0.9731 0.2290
vn -0.0120 0.9678 0.2513
vn -0.0125 0.9625 0.2711
vn -0.0844 0.9178 0.3879
vn -0.2074 -0.8045 0.5566
vn -0.1560 -0.9301 0.3325
vn -0.1275 -0.9751 0.1815
vn -0.1244 -0.9880 0.0915
vn -0.3309 -0.5586 0.7606
vn -0.1842 -0.9396 0.2885
vn -0.1114 -0.9932 0.0338
vn -0.0986 -0.9923 -0.0752
vn -0.3473 0.4805 0.8053
vn -0.4011 0.2185 0.8896
vn -0.0909 -0.9928 -0.0776
vn -0.0552 -0.9753 -0.2140
vn -0.4077 -0.9031 -0.1349
vn -0.4438 -0.8397 -0.3131
vn -0.4924 -0.7599 -0.4244
vn -0.5741 -0.6536 -0.4932
vn -0.2431 -0.9695 -0.0320
vn -0.2544 -0.9437 -0.2116
vn -0.2935 -0.8965 -0.3320
vn -0.4031 -0.8138 -0.4186
vn -0.1564 -0.9872 0.0325
vn -0.1416 -0.9799 -0.1405
vn -0.1406 -0.9548 -0.2619
vn -0.3982 -0.8478 -0.3502
vn -0.8980 0.2210 -0.3805
vn -0.7668 0.6368 -0.0806
vn -0.4396 0.8734 0.2098
vn -0.2321 0.9140 0.3329
vn -0.8486 -0.1668 -0.5020
vn -0.9288 0.1898 -0.3182
vn -0.4379 0.8784 0.1914
vn -0.1443 0.9312 0.3347
vn -0.7011 -0.4789 -0.5282
vn -0.6368 -0.6048 -0.4782
vn -0.8845 -0.3232 -0.3365
vn -0.0767 0.9430 0.3238
vn -0.0935 0.9016 0.4224
vn -0.0287 0.9147 0.4031
vn 0.0293 0.9242 0.3807
vn 0.0821 0.9306 0.3567
vn -0.1117 0.9097 0.3999
vn -0.0394 0.9238 0.3809
vn 0.0246 0.9331 0.3587
vn 0.0813 0.9395 0.3328
vn -0.1458 0.9146 0.3772
vn -0.0643 0.9287 0.3652
vn 0.0112 0.9382 0.3459
vn 0.0820 0.9459 0.3138
vn -0.1707 0.2843 0.9434
vn -0.1150 0.3270 0.9380
vn -0.0439 0.3551 0.9338
vn 0.0460 0.3425 0.9384
vn 0.1449 0.2621 0.9541
vn 0.2222 0.0737 0.9722
vn 0.1452 -0.3107 0.9394
vn -0.1761 0.1523 0.9725
vn -0.1180 0.1691 0.9785
vn -0.0511 0.1665 0.9847
vn 0.0255 0.1219 0.9922
vn 0.0910 0.0166 0.9957
vn 0.0995 -0.1583 0.9824
vn -0.0897 -0.4270 0.8998
vn -0.1801 0.0416 0.9828
vn -0.1241 0.0312 0.9918
vn -0.0665 -0.0002 0.9978
vn -0.0091 -0.0659 0.9978
vn 0.0236 -0.1658 0.9859
vn -0.0156 -0.2970 0.9548
vn -0.2630 -0.4748 0.8399
vn -0.1852 -0.0527 0.9813
vn -0.1351 -0.0939 0.9864
vn -0.0890 -0.1543 0.9840
vn -0.0497 -0.2341 0.9709
vn -0.0396 -0.3246 0.9450
vn -0.1054 -0.4234 0.8998
vn -0.3678 -0.5336 0.7616
vn -0.1936 -0.1564 0.9685
vn -0.1517 -0.2302 0.9612
vn -0.1168 -0.3188 0.9406
vn -0.0917 -0.4085 0.9081
vn -0.0958 -0.4886 0.8672
vn -0.1720 -0.5621 0.8090
vn -0.4186 -0.6284 0.6557
vn -0.2044 -0.3015 0.9313
vn -0.1721 -0.4055 0.8977
vn -0.1464 -0.5134 0.8455
vn -0.1307 -0.6033 0.7867
vn -0.1420 -0.6678 0.7307
vn -0.2165 -0.7146 0.6652
vn -0.4292 -0.7408 0.5167
vn -0.2102 -0.5104 0.8338
vn -0.1856 -0.6257 0.7577
vn -0.1647 -0.7256 0.6681
vn -0.1546 -0.7948 0.5869
vn -0.1699 -0.8350 0.5234
vn -0.2375 -0.8555 0.4602
vn -0.4033 -0.8464 0.3478
vn -0.8879 0.3629 -0.2827
vn -0.9501 0.1487 -0.2742
vn -0.9325 -0.2392 -0.2707
vn -0.7624 -0.6020 -0.2374
vn -0.5304 -0.8247 -0.1964
vn -0.3607 -0.9181 -0.1644
vn -0.2522 -0.9587 -0.1315
vn -0.8871 0.3721 -0.2731
vn -0.9387 0.2614 -0.2246
vn -0.9826 0.0210 -0.1843
vn -0.9403 -0.3102 -0.1399
vn -0.8003 -0.5932 -0.0875
vn -0.6187 -0.7848 -0.0362
vn -0.4402 -0.8978 0.0146
vn -0.8840 0.3845 -0.2658
vn -0.9213 0.3402 -0.1882
vn -0.9670 0.2327 -0.1037
vn -0.9991 0.0417 -0.0104
vn -0.9771 -0.1906 0.0944
vn -0.8883 -0.4057 0.2154
vn -0.7313 -0.5871 0.3472
vn -0.8775 0.4058 -0.2555
vn -0.9007 0.4041 -0.1597
vn -0.9181 0.3946 -0.0383
vn -0.9235 0.3683 0.1069
vn -0.9099 0.3165 0.2683
vn -0.8631 0.2351 0.4469
vn -0.7560 0.1264 0.6422
vn -0.8699 0.4275 -0.2458
vn -0.8761 0.4636 -0.1322
vn -0.8525 0.5224 0.0173
vn -0.7910 0.5839 0.1829
vn -0.7036 0.6263 0.3357
vn -0.6037 0.6448 0.4688
vn -0.4912 0.6420 0.5887
vn -0.8650 0.4392 -0.2428
vn -0.8443 0.5261 -0.1020
vn -0.7679 0.6361 0.0750
vn -0.6463 0.7235 0.2428
vn -0.5197 0.7712 0.3675
vn -0.4159 0.7889 0.4524
vn -0.3285 0.7897 0.5182
vn -0.8616 0.4437 -0.2465
vn -0.7995 0.5969 -0.0678
vn -0.6599 0.7395 0.1328
vn -0.4952 0.8191 0.2896
vn -0.3672 0.8479 0.3824
vn -0.2895 0.8528 0.4346
vn -0.2374 0.8480 0.4739
vn -0.3008 -0.9530 0.0356
vn -0.3465 -0.9355 0.0700
vn -0.3746 -0.9223 0.0955
vn -0.3872 -0.9151 0.1125
vn -0.3864 -0.9143 0.1214
vn -0.3723 -0.9201 0.1218
vn -0.3457 -0.9318 0.1103
vn -0.1979 -0.9703 0.1388
vn -0.2247 -0.9599 0.1677
vn -0.2338 -0.9539 0.1881
vn -0.2264 -0.9535 0.1989
vn -0.2037 -0.9586 0.1991
vn -0.1669 -0.9682 0.1865
vn -0.1220 -0.9803 0.1553
vn 0.0898 -0.9129 0.3982
vn 0.1103 -0.9103 0.3990
vn 0.1437 -0.9088 0.3918
vn 0.1884 -0.9084 0.3733
vn 0.2419 -0.9087 0.3403
vn 0.3003 -0.9086 0.2901
vn 0.3567 -0.9083 0.2185
vn 0.6179 -0.2994 0.7270
vn 0.6844 -0.3351 0.6476
vn 0.7362 -0.3653 0.5697
vn 0.7793 -0.3893 0.4911
vn 0.8172 -0.4072 0.4079
vn 0.8506 -0.4191 0.3175
vn 0.8784 -0.4256 0.2176
vn 0.6934 0.4895 0.5288
vn 0.7840 0.4209 0.4563
vn 0.8511 0.3512 0.3902
vn 0.9011 0.2836 0.3279
vn 0.9383 0.2214 0.2656
vn 0.9652 0.1681 0.2005
vn 0.9829 0.1295 0.1305
vn 0.5870 0.7357 0.3379
vn 0.6777 0.6780 0.2846
vn 0.7501 0.6167 0.2388
vn 0.8088 0.5539 0.1976
vn 0.8563 0.4917 0.1578
vn 0.8933 0.4339 0.1170
vn 0.9189 0.3878 0.0726
vn 0.5255 0.8130 0.2506
vn 0.6099 0.7659 0.2034
vn 0.6786 0.7160 0.1640
vn 0.7362 0.6642 0.1299
vn 0.7851 0.6114 0.0992
vn 0.8257 0.5598 0.0699
vn 0.8566 0.5144 0.0402
vn -0.0747 -0.9914 -0.1071
vn -0.0402 -0.9922 -0.1181
vn -0.0366 -0.9919 -0.1216
vn -0.0508 -0.9919 -0.1164
vn -0.0780 -0.9917 -0.1026
vn -0.1183 -0.9898 -0.0799
vn -0.1721 -0.9839 -0.0477
vn -0.1334 -0.9896 0.0532
vn -0.0579 -0.9977 0.0348
vn -0.0292 -0.9994 0.0199
vn -0.0273 -0.9995 0.0160
vn -0.0420 -0.9988 0.0233
vn -0.0691 -0.9968 0.0407
vn -0.1074 -0.9919 0.0677
vn -0.2842 -0.8234 0.4912
vn -0.1201 -0.8742 0.4705
vn -0.0234 -0.9007 0.4338
vn 0.0281 -0.9142 0.4042
vn 0.0542 -0.9203 0.3876
vn 0.0677 -0.9218 0.3817
vn 0.0749 -0.9201 0.3844
vn -0.3443 -0.0818 0.9353
vn -0.1453 -0.1412 0.9793
vn 0.0098 -0.1768 0.9842
vn 0.1302 -0.1970 0.9717
vn 0.2323 -0.2096 0.9498
vn 0.3303 -0.2213 0.9175
vn 0.4306 -0.2374 0.8708
vn -0.2179 0.6119 0.7603
vn -0.0871 0.6092 0.7882
vn 0.0256 0.6148 0.7882
vn 0.1249 0.6221 0.7729
vn 0.2218 0.6246 0.7488
vn 0.3270 0.6172 0.7156
vn 0.4461 0.5944 0.6691
vn -0.1433 0.7882 0.5985
vn -0.0528 0.7991 0.5988
vn 0.0269 0.8128 0.5819
vn 0.0998 0.8246 0.5569
vn 0.1744 0.8312 0.5279
vn 0.2591 0.8301 0.4938
vn 0.3600 0.8165 0.4513
vn -0.1052 0.8504 0.5155
vn -0.0343 0.8633 0.5034
vn 0.0299 0.8758 0.4818
vn 0.0903 0.8854 0.4561
vn 0.1540 0.8907 0.4278
vn 0.2282 0.8898 0.3952
vn 0.3181 0.8791 0.3549
vn -0.2761 -0.9274 -0.2524
vn -0.3433 -0.9329 -0.1087
vn -0.4505 -0.8823 0.1362
vn -0.5399 -0.6758 0.5018
vn -0.5059 -0.2680 0.8199
vn -0.3689 0.0988 0.9242
vn -0.2730 0.2209 0.9363
vn -0.4884 -0.8545 -0.1771
vn -0.5814 -0.8096 0.0808
vn -0.6382 -0.6691 0.3808
vn -0.6169 -0.4133 0.6698
vn -0.5022 -0.0987 0.8591
vn -0.3775 0.0798 0.9226
vn -0.2907 0.1340 0.9474
vn -0.8606 -0.5091 -0.0145
vn -0.8443 -0.4354 0.3123
vn -0.7613 -0.2954 0.5773
vn -0.6326 -0.1192 0.7653
vn -0.4938 0.0122 0.8695
vn -0.3836 0.0638 0.9213
vn -0.3009 0.0650 0.9514
vn -0.9508 0.2440 0.1911
vn -0.8477 0.2213 0.4821
vn -0.7180 0.1925 0.6689
vn -0.5944 0.1497 0.7901
vn -0.4816 0.0971 0.8710
vn -0.3851 0.0476 0.9217
vn -0.3056 0.0077 0.9521
vn -0.5966 0.7332 0.3262
vn -0.5920 0.6332 0.4986
vn -0.5709 0.5070 0.6457
vn -0.5303 0.3483 0.7729
vn -0.4645 0.1713 0.8689
vn -0.3835 0.0272 0.9231
vn -0.3069 -0.0578 0.9500
vn -0.3978 0.8550 0.3327
vn -0.4213 0.7892 0.4468
vn -0.4467 0.6851 0.5754
vn -0.4629 0.5098 0.7252
vn -0.4439 0.2572 0.8583
vn -0.3809 -0.0000 0.9246
vn -0.3049 -0.1584 0.9391
vn -0.2917 0.8994 0.3256
vn -0.3066 0.8652 0.3967
vn -0.3365 0.8014 0.4945
vn -0.3836 0.6528 0.6532
vn -0.4127 0.3607 0.8364
vn -0.3767 -0.0388 0.9255
vn -0.2958 -0.3120 0.9029
vn -0.3411 -0.9394 0.0345
vn -0.3764 -0.9264 -0.0076
vn -0.4111 -0.9103 -0.0490
vn -0.4424 -0.8920 -0.0923
vn -0.4698 -0.8721 -0.1366
vn -0.4928 -0.8511 -0.1808
vn -0.5151 -0.8270 -0.2253
vn -0.1018 -0.9944 0.0283
vn -0.1416 -0.9890 -0.0422
vn -0.1897 -0.9755 -0.1111
vn -0.2396 -0.9539 -0.1806
vn -0.2901 -0.9241 -0.2487
vn -0.3397 -0.8866 -0.3138
vn -0.3934 -0.8402 -0.3732
vn 0.3963 -0.9181 0.0119
vn 0.3688 -0.9237 -0.1032
vn 0.3232 -0.9200 -0.2215
vn 0.2603 -0.9024 -0.3434
vn 0.1786 -0.8677 -0.4640
vn 0.0788 -0.8133 -0.5765
vn -0.0397 -0.7398 -0.6716
vn 0.9052 -0.4248 -0.0100
vn 0.8993 -0.4166 -0.1333
vn 0.8775 -0.4006 -0.2637
vn 0.8355 -0.3742 -0.4023
vn 0.7676 -0.3343 -0.5468
vn 0.6689 -0.2768 -0.6899
vn 0.5367 -0.2001 -0.8197
vn 0.9923 0.1216 -0.0229
vn 0.9840 0.1455 -0.1026
vn 0.9667 0.1778 -0.1841
vn 0.9386 0.2167 -0.2684
vn 0.8977 0.2616 -0.3546
vn 0.8414 0.3115 -0.4416
vn 0.7667 0.3673 -0.5266
vn 0.9266 0.3752 -0.0277
vn 0.9128 0.4011 -0.0773
vn 0.8931 0.4319 -0.1262
vn 0.8682 0.4639 -0.1764
vn 0.8383 0.4956 -0.2274
vn 0.8033 0.5261 -0.2791
vn 0.7602 0.5587 -0.3315
vn 0.8655 0.5000 -0.0296
vn 0.8487 0.5253 -0.0616
vn 0.8290 0.5514 -0.0935
vn 0.8076 0.5759 -0.1272
vn 0.7851 0.5978 -0.1619
vn 0.7623 0.6163 -0.1974
vn 0.7370 0.6336 -0.2352
vn -0.5826 -0.7720 -0.2543
vn -0.5996 -0.7634 -0.2403
vn -0.5999 -0.7658 -0.2316
vn -0.5874 -0.7760 -0.2297
vn -0.5621 -0.7928 -0.2355
vn -0.5221 -0.8153 -0.2505
vn -0.4642 -0.8416 -0.2761
vn -0.5224 -0.7454 -0.4142
vn -0.5640 -0.7237 -0.3976
vn -0.5822 -0.7181 -0.3813
vn -0.5822 -0.7231 -0.3717
vn -0.5665 -0.7364 -0.3699
vn -0.5342 -0.7563 -0.3777
vn -0.4836 -0.7803 -0.3965
vn -0.3045 -0.5865 -0.7505
vn -0.4037 -0.5425 -0.7367
vn -0.4690 -0.5209 -0.7132
vn -0.5068 -0.5150 -0.6914
vn -0.5222 -0.5205 -0.6755
vn -0.5178 -0.5339 -0.6684
vn -0.4943 -0.5514 -0.6720
vn 0.2163 -0.0200 -0.9761
vn 0.0789 0.0533 -0.9955
vn -0.0290 0.1100 -0.9935
vn -0.1116 0.1538 -0.9818
vn -0.1750 0.1888 -0.9663
vn -0.2255 0.2182 -0.9495
vn -0.2689 0.2441 -0.9317
vn 0.5761 0.5034 -0.6440
vn 0.4869 0.5744 -0.6580
vn 0.4103 0.6399 -0.6498
vn 0.3434 0.6991 -0.6271
vn 0.2816 0.7530 -0.5947
vn 0.2184 0.8025 -0.5552
vn 0.1467 0.8480 -0.5093
vn 0.6469 0.6531 -0.3936
vn 0.5903 0.7085 -0.3867
vn 0.5375 0.7604 -0.3645
vn 0.4860 0.8079 -0.3333
vn 0.4328 0.8516 -0.2959
vn 0.3733 0.8924 -0.2534
vn 0.3016 0.9310 -0.2055
vn 0.6599 0.7012 -0.2699
vn 0.6181 0.7445 -0.2523
vn 0.5752 0.7859 -0.2269
vn 0.5297 0.8251 -0.1966
vn 0.4799 0.8622 -0.1623
vn 0.4226 0.8978 -0.1239
vn 0.3524 0.9325 -0.0798
vn -0.7215 0.0902 -0.6865
vn -0.6512 0.4121 -0.6373
vn -0.6532 0.5365 -0.5343
vn -0.6863 0.5709 -0.4505
vn -0.7308 0.5578 -0.3934
vn -0.7746 0.5201 -0.3599
vn -0.8111 0.4786 -0.3362
vn -0.8262 -0.0170 -0.5631
vn -0.7335 0.2497 -0.6321
vn -0.7163 0.3789 -0.5859
vn -0.7319 0.4413 -0.5191
vn -0.7616 0.4586 -0.4579
vn -0.7934 0.4494 -0.4106
vn -0.8238 0.4294 -0.3701
vn -0.8921 -0.0672 -0.4469
vn -0.7882 0.1681 -0.5920
vn -0.7565 0.2842 -0.5891
vn -0.7603 0.3543 -0.5445
vn -0.7794 0.3926 -0.4884
vn -0.8031 0.4061 -0.4361
vn -0.8290 0.4043 -0.3865
vn -0.9208 -0.1288 -0.3682
vn -0.8263 0.0923 -0.5556
vn -0.7879 0.2077 -0.5798
vn -0.7841 0.2864 -0.5506
vn -0.7949 0.3431 -0.5004
vn -0.8108 0.3794 -0.4457
vn -0.8305 0.3979 -0.3897
vn -0.9164 -0.2293 -0.3282
vn -0.8489 -0.0084 -0.5284
vn -0.8138 0.1158 -0.5695
vn -0.8076 0.2082 -0.5517
vn -0.8132 0.2864 -0.5066
vn -0.8219 0.3487 -0.4504
vn -0.8341 0.3901 -0.3899
vn -0.8764 -0.3676 -0.3111
vn -0.8467 -0.1598 -0.5075
vn -0.8267 -0.0273 -0.5620
vn -0.8272 0.0841 -0.5556
vn -0.8346 0.1913 -0.5166
vn -0.8400 0.2870 -0.4605
vn -0.8450 0.3570 -0.3981
vn -0.7900 -0.5309 -0.3068
vn -0.7936 -0.3743 -0.4797
vn -0.8001 -0.2437 -0.5482
vn -0.8205 -0.1161 -0.5598
vn -0.8449 0.0225 -0.5344
vn -0.8602 0.1613 -0.4837
vn -0.8639 0.2731 -0.4232
vn -0.3069 -0.8856 -0.3486
vn -0.2398 -0.8942 -0.3781
vn -0.1889 -0.8966 -0.4004
vn -0.1533 -0.8959 -0.4169
vn -0.1323 -0.8937 -0.4287
vn -0.1293 -0.8917 -0.4337
vn -0.1551 -0.8935 -0.4215
vn -0.3414 -0.8216 -0.4565
vn -0.2813 -0.8300 -0.4816
vn -0.2372 -0.8324 -0.5008
vn -0.2094 -0.8312 -0.5150
vn -0.2004 -0.8280 -0.5237
vn -0.2178 -0.8252 -0.5211
vn -0.2763 -0.8293 -0.4857
vn -0.4089 -0.5828 -0.7022
vn -0.3753 -0.5883 -0.7162
vn -0.3572 -0.5868 -0.7267
vn -0.3583 -0.5794 -0.7321
vn -0.3878 -0.5663 -0.7273
vn -0.4619 -0.5501 -0.6957
vn -0.5985 -0.5373 -0.5942
vn -0.3531 0.2796 -0.8928
vn -0.3967 0.2876 -0.8717
vn -0.4437 0.2932 -0.8468
vn -0.4999 0.2981 -0.8131
vn -0.5765 0.3039 -0.7585
vn -0.6854 0.3088 -0.6594
vn -0.8255 0.3024 -0.4765
vn -0.0259 0.9141 -0.4047
vn -0.1077 0.9273 -0.3584
vn -0.1828 0.9302 -0.3183
vn -0.2552 0.9254 -0.2803
vn -0.3311 0.9140 -0.2345
vn -0.4147 0.8952 -0.1634
vn -0.5012 0.8642 -0.0453
vn 0.1229 0.9874 -0.0992
vn 0.0406 0.9976 -0.0562
vn -0.0320 0.9992 -0.0230
vn -0.0990 0.9951 0.0035
vn -0.1657 0.9857 0.0297
vn -0.2355 0.9696 0.0665
vn -0.3058 0.9435 0.1277
vn 0.1767 0.9841 0.0198
vn 0.0974 0.9935 0.0597
vn 0.0291 0.9955 0.0899
vn -0.0321 0.9931 0.1129
vn -0.0915 0.9869 0.1332
vn -0.1529 0.9755 0.1581
vn -0.2155 0.9569 0.1948
vt 0.188891 0.330221
vt 0.201382 0.321049
vt 0.202281 0.336412
vt 0.189350 0.343926
vt 0.213830 0.311919
vt 0.215132 0.328976
vt 0.226214 0.302852
vt 0.227865 0.321659
vt 0.238508 0.293903
vt 0.240429 0.314550
vt 0.250659 0.285267
vt 0.252729 0.307949
vt 0.262569 0.277382
vt 0.264644 0.302305
vt 0.203187 0.351768
vt 0.189810 0.357631
vt 0.216459 0.346009
vt 0.229574 0.340408
vt 0.242464 0.335057
vt 0.255013 0.330213
vt 0.267085 0.326185
vt 0.204104 0.367113
vt 0.190271 0.371334
vt 0.217823 0.363007
vt 0.231368 0.359072
vt 0.244667 0.355382
vt 0.257576 0.352072
vt 0.269936 0.349295
vt 0.205035 0.382445
vt 0.190734 0.385036
vt 0.219230 0.379959
vt 0.233268 0.377631
vt 0.247072 0.375505
vt 0.260465 0.373605
vt 0.273243 0.371943
vt 0.205976 0.397767
vt 0.191198 0.398736
vt 0.220675 0.396876
vt 0.235255 0.396104
vt 0.249650 0.395472
vt 0.263683 0.394939
vt 0.277101 0.394409
vt 0.206924 0.413081
vt 0.191662 0.412435
vt 0.222143 0.413769
vt 0.237299 0.414519
vt 0.252353 0.415342
vt 0.267195 0.416195
vt 0.281593 0.416948
vt 0.176380 0.327348
vt 0.188433 0.316515
vt 0.176380 0.339414
vt 0.200486 0.305682
vt 0.212539 0.294849
vt 0.224592 0.284016
vt 0.236645 0.273184
vt 0.248698 0.262351
vt 0.260752 0.251518
vt 0.272805 0.240685
vt 0.273925 0.271935
vt 0.275981 0.298467
vt 0.278539 0.323335
vt 0.281587 0.347202
vt 0.285174 0.370513
vt 0.289448 0.393640
vt 0.294683 0.417012
vt 0.302363 0.441936
vt 0.286615 0.439679
vt 0.270867 0.437421
vt 0.255120 0.435164
vt 0.239372 0.432906
vt 0.223624 0.430649
vt 0.207876 0.428392
vt 0.192128 0.426134
vt 0.176380 0.411811
vt 0.176380 0.423877
vt 0.176380 0.399744
vt 0.176380 0.387678
vt 0.176380 0.375612
vt 0.176380 0.363546
vt 0.176380 0.351480
vt 0.284315 0.271091
vt 0.294090 0.272516
vt 0.296515 0.297158
vt 0.286583 0.297027
vt 0.303503 0.274344
vt 0.305846 0.297676
vt 0.312568 0.275903
vt 0.314444 0.297369
vt 0.299290 0.321483
vt 0.289264 0.321887
vt 0.308614 0.321413
vt 0.316798 0.319625
vt 0.338049 0.277465
vt 0.336558 0.289333
vt 0.329485 0.292433
vt 0.329743 0.277282
vt 0.334931 0.300555
vt 0.329073 0.306655
vt 0.333070 0.310688
vt 0.328186 0.318532
vt 0.322226 0.295400
vt 0.321285 0.276838
vt 0.323240 0.313551
vt 0.323722 0.328416
vt 0.325925 0.334050
vt 0.321910 0.338134
vt 0.324380 0.333042
vt 0.328490 0.327062
vt 0.317971 0.342038
vt 0.320459 0.339033
vt 0.314146 0.345590
vt 0.316825 0.344388
vt 0.326561 0.326974
vt 0.330902 0.319421
vt 0.322581 0.335467
vt 0.319253 0.343859
vt 0.303340 0.353747
vt 0.307311 0.354248
vt 0.310409 0.351670
vt 0.306872 0.351328
vt 0.311422 0.355089
vt 0.314143 0.352693
vt 0.315768 0.356475
vt 0.318389 0.355010
vt 0.313525 0.348521
vt 0.310458 0.348657
vt 0.316667 0.349342
vt 0.320540 0.352680
vt 0.330332 0.363942
vt 0.334614 0.369085
vt 0.328897 0.363982
vt 0.325305 0.361104
vt 0.338937 0.374908
vt 0.332487 0.367851
vt 0.343342 0.381878
vt 0.336228 0.374194
vt 0.323385 0.359014
vt 0.320418 0.358538
vt 0.326139 0.359964
vt 0.328936 0.364453
vt 0.357132 0.410179
vt 0.348891 0.409993
vt 0.344510 0.396574
vt 0.352467 0.399909
vt 0.340575 0.410077
vt 0.336405 0.393372
vt 0.332143 0.410663
vt 0.328062 0.391144
vt 0.340256 0.384147
vt 0.347859 0.390321
vt 0.332440 0.377146
vt 0.324228 0.370809
vt 0.305345 0.415622
vt 0.300382 0.392481
vt 0.310218 0.391292
vt 0.314683 0.413679
vt 0.296095 0.369334
vt 0.306133 0.368558
vt 0.292416 0.345900
vt 0.302485 0.345321
vt 0.319378 0.390607
vt 0.323544 0.411919
vt 0.315476 0.368545
vt 0.311891 0.345380
vt 0.314444 0.297369
vt 0.312568 0.275903
vt 0.316825 0.344388
vt 0.314146 0.345590
vt 0.318389 0.355010
vt 0.315768 0.356475
vt 0.343342 0.381878
vt 0.332143 0.410663
vt 0.302485 0.345321
vt 0.292416 0.345900
vt 0.320830 0.346398
vt 0.282329 0.244200
vt 0.291853 0.247714
vt 0.301378 0.251229
vt 0.310902 0.254743
vt 0.348999 0.268802
vt 0.346282 0.277528
vt 0.339475 0.265287
vt 0.343564 0.286254
vt 0.340847 0.294980
vt 0.338130 0.303707
vt 0.329950 0.261773
vt 0.320426 0.258258
vt 0.327261 0.338611
vt 0.323286 0.340726
vt 0.329978 0.329885
vt 0.319310 0.342840
vt 0.315335 0.344954
vt 0.311360 0.347069
vt 0.332695 0.321159
vt 0.335412 0.312433
vt 0.295460 0.355526
vt 0.299833 0.356040
vt 0.299435 0.353411
vt 0.304205 0.356555
vt 0.308578 0.357069
vt 0.312951 0.357583
vt 0.303410 0.351297
vt 0.307385 0.349183
vt 0.311360 0.347069
vt 0.330441 0.359641
vt 0.335426 0.366905
vt 0.326069 0.359127
vt 0.340411 0.374169
vt 0.345396 0.381433
vt 0.350380 0.388697
vt 0.321696 0.358612
vt 0.317323 0.358098
vt 0.370319 0.417754
vt 0.361825 0.420777
vt 0.365335 0.410490
vt 0.353330 0.423799
vt 0.344836 0.426822
vt 0.336341 0.429845
vt 0.360350 0.403226
vt 0.355365 0.395962
vt 0.294683 0.417012
vt 0.310858 0.438913
vt 0.289448 0.393640
vt 0.285174 0.370513
vt 0.281587 0.347202
vt 0.319352 0.435891
vt 0.327847 0.432868
vt 0.336341 0.429845
vt 0.551546 0.327968
vt 0.551093 0.341633
vt 0.538128 0.334353
vt 0.539015 0.319071
vt 0.550639 0.355298
vt 0.537234 0.349629
vt 0.550184 0.368962
vt 0.536328 0.364895
vt 0.549726 0.382624
vt 0.535409 0.380148
vt 0.549268 0.396285
vt 0.534479 0.395392
vt 0.548809 0.409945
vt 0.533542 0.410628
vt 0.525244 0.327146
vt 0.526528 0.310213
vt 0.523936 0.344057
vt 0.522590 0.360933
vt 0.521199 0.377769
vt 0.519771 0.394571
vt 0.518318 0.411351
vt 0.512481 0.320049
vt 0.514105 0.301413
vt 0.510798 0.338630
vt 0.509027 0.357132
vt 0.507149 0.375537
vt 0.505183 0.393861
vt 0.503159 0.412132
vt 0.499890 0.313147
vt 0.501775 0.292725
vt 0.497888 0.333438
vt 0.495716 0.353559
vt 0.493338 0.373492
vt 0.490784 0.393280
vt 0.488103 0.412979
vt 0.487568 0.306726
vt 0.489592 0.284333
vt 0.485327 0.328722
vt 0.482801 0.350340
vt 0.479942 0.371653
vt 0.476750 0.392784
vt 0.473261 0.413849
vt 0.475642 0.301213
vt 0.477656 0.276656
vt 0.473252 0.324778
vt 0.470443 0.347616
vt 0.467169 0.370024
vt 0.463338 0.392273
vt 0.458866 0.414611
vt 0.564097 0.324818
vt 0.564097 0.336884
vt 0.551998 0.314302
vt 0.564097 0.348951
vt 0.564097 0.361017
vt 0.564097 0.373083
vt 0.564097 0.385149
vt 0.564097 0.397215
vt 0.564097 0.409282
vt 0.564097 0.421348
vt 0.548349 0.423605
vt 0.532601 0.425862
vt 0.516853 0.428119
vt 0.501105 0.430376
vt 0.485357 0.432634
vt 0.469609 0.434891
vt 0.453861 0.437148
vt 0.438113 0.439405
vt 0.445785 0.414673
vt 0.451003 0.391501
vt 0.455252 0.368593
vt 0.458805 0.345529
vt 0.461810 0.321947
vt 0.464312 0.297418
vt 0.466295 0.271305
vt 0.479403 0.251202
vt 0.467304 0.240685
vt 0.491502 0.261718
vt 0.503601 0.272235
vt 0.515701 0.282752
vt 0.527800 0.293268
vt 0.539899 0.303785
vt 0.455937 0.270350
vt 0.453738 0.295906
vt 0.443850 0.295880
vt 0.446214 0.271554
vt 0.451113 0.320442
vt 0.441128 0.319915
vt 0.448004 0.344178
vt 0.437974 0.343501
vt 0.434571 0.296196
vt 0.436860 0.273130
vt 0.431855 0.319679
vt 0.428620 0.343419
vt 0.435141 0.413270
vt 0.425827 0.411306
vt 0.430282 0.389082
vt 0.440090 0.390316
vt 0.416990 0.409520
vt 0.421153 0.388338
vt 0.408416 0.408236
vt 0.412499 0.388814
vt 0.434352 0.366527
vt 0.444356 0.367376
vt 0.425051 0.366416
vt 0.416339 0.368572
vt 0.383487 0.407681
vt 0.388152 0.397432
vt 0.396092 0.394140
vt 0.391709 0.407517
vt 0.392762 0.387858
vt 0.400353 0.381746
vt 0.397283 0.379422
vt 0.404393 0.371807
vt 0.404179 0.390987
vt 0.400005 0.407625
vt 0.408153 0.374817
vt 0.411677 0.362147
vt 0.410322 0.361451
vt 0.415384 0.358638
vt 0.411767 0.361552
vt 0.406029 0.366612
vt 0.420308 0.356091
vt 0.417303 0.356620
vt 0.424999 0.354038
vt 0.422330 0.352635
vt 0.408153 0.365451
vt 0.401695 0.372448
vt 0.414509 0.357624
vt 0.420126 0.350376
vt 0.437569 0.351287
vt 0.433987 0.348883
vt 0.430400 0.349258
vt 0.433548 0.351802
vt 0.430352 0.346220
vt 0.427235 0.346137
vt 0.426619 0.343154
vt 0.423893 0.342014
vt 0.426617 0.350309
vt 0.429390 0.352652
vt 0.424041 0.347010
vt 0.421411 0.341562
vt 0.414725 0.331560
vt 0.412149 0.324594
vt 0.416281 0.330620
vt 0.418776 0.335669
vt 0.409725 0.316981
vt 0.414073 0.324605
vt 0.407546 0.308283
vt 0.412421 0.316232
vt 0.420226 0.336645
vt 0.422753 0.339592
vt 0.418063 0.333153
vt 0.416877 0.326205
vt 0.402535 0.275205
vt 0.410788 0.275282
vt 0.411070 0.290325
vt 0.404037 0.287020
vt 0.419192 0.275099
vt 0.418289 0.293496
vt 0.427853 0.274426
vt 0.426024 0.295674
vt 0.411508 0.304444
vt 0.405674 0.298192
vt 0.417315 0.311485
vt 0.423722 0.317710
vt 0.437974 0.343501
vt 0.448004 0.344178
vt 0.412499 0.388814
vt 0.408416 0.408236
vt 0.397283 0.379422
vt 0.422330 0.352635
vt 0.424999 0.354038
vt 0.426619 0.343154
vt 0.412421 0.316232
vt 0.426024 0.295674
vt 0.427853 0.274426
vt 0.419761 0.344227
vt 0.457846 0.243885
vt 0.448388 0.247084
vt 0.438930 0.250284
vt 0.429473 0.253484
vt 0.429639 0.436384
vt 0.445785 0.414673
vt 0.421165 0.433362
vt 0.412690 0.430341
vt 0.404216 0.427319
vt 0.451003 0.391501
vt 0.455252 0.368593
vt 0.458805 0.345529
vt 0.370320 0.415234
vt 0.375301 0.407970
vt 0.378794 0.418255
vt 0.380283 0.400706
vt 0.385265 0.393443
vt 0.390247 0.386179
vt 0.387268 0.421276
vt 0.395742 0.424298
vt 0.410175 0.357124
vt 0.414597 0.356616
vt 0.405193 0.364388
vt 0.419019 0.356107
vt 0.423440 0.355599
vt 0.427862 0.355091
vt 0.400211 0.371652
vt 0.395229 0.378915
vt 0.445549 0.353057
vt 0.441524 0.350936
vt 0.441128 0.353565
vt 0.437500 0.348816
vt 0.433475 0.346696
vt 0.429450 0.344575
vt 0.436706 0.354074
vt 0.432284 0.354582
vt 0.413351 0.336094
vt 0.410637 0.327368
vt 0.417375 0.338214
vt 0.407923 0.318641
vt 0.405210 0.309915
vt 0.402496 0.301188
vt 0.421400 0.340335
vt 0.425425 0.342455
vt 0.391641 0.266282
vt 0.401099 0.263083
vt 0.394355 0.275009
vt 0.410557 0.259883
vt 0.420015 0.256683
vt 0.397068 0.283735
vt 0.399782 0.292462
vt 0.402496 0.301188
vt 0.132361 0.848718
vt 0.132148 0.842685
vt 0.134319 0.842148
vt 0.134490 0.848433
vt 0.131895 0.836840
vt 0.134091 0.836136
vt 0.131622 0.831091
vt 0.133826 0.830291
vt 0.131338 0.825392
vt 0.133541 0.824539
vt 0.131047 0.819726
vt 0.133243 0.818847
vt 0.130751 0.814081
vt 0.132935 0.813195
vt 0.136519 0.841479
vt 0.136675 0.847881
vt 0.136300 0.835371
vt 0.136036 0.829462
vt 0.135747 0.823673
vt 0.135439 0.817964
vt 0.135120 0.812309
vt 0.138754 0.840652
vt 0.138913 0.847082
vt 0.138528 0.834517
vt 0.138257 0.828589
vt 0.137957 0.822788
vt 0.137637 0.817076
vt 0.137305 0.811422
vt 0.141024 0.839661
vt 0.141202 0.846056
vt 0.140779 0.833561
vt 0.140489 0.827662
vt 0.140172 0.821881
vt 0.139837 0.816181
vt 0.139490 0.810535
vt 0.143331 0.838513
vt 0.143548 0.844783
vt 0.143050 0.832518
vt 0.142731 0.826690
vt 0.142391 0.820955
vt 0.142037 0.815280
vt 0.141675 0.809646
vt 0.145668 0.837231
vt 0.145957 0.843240
vt 0.145335 0.831412
vt 0.144979 0.825689
vt 0.144613 0.820016
vt 0.144239 0.814376
vt 0.143860 0.808758
vt 0.130563 0.854422
vt 0.130278 0.848786
vt 0.132466 0.855277
vt 0.129992 0.843149
vt 0.129707 0.837513
vt 0.129422 0.831876
vt 0.129137 0.826240
vt 0.128851 0.820603
vt 0.128566 0.814966
vt 0.128281 0.809330
vt 0.130452 0.808447
vt 0.132623 0.807564
vt 0.134794 0.806681
vt 0.136965 0.805798
vt 0.139137 0.804915
vt 0.141308 0.804033
vt 0.143479 0.803150
vt 0.145650 0.802267
vt 0.146045 0.807868
vt 0.146441 0.813470
vt 0.146836 0.819072
vt 0.147231 0.824673
vt 0.147627 0.830275
vt 0.148022 0.835876
vt 0.148417 0.841478
vt 0.146118 0.849781
vt 0.148812 0.847079
vt 0.143656 0.851514
vt 0.141288 0.852852
vt 0.138988 0.853895
vt 0.136745 0.854682
vt 0.134565 0.855175
vt 0.616140 0.876772
vt 0.616569 0.883313
vt 0.614520 0.882403
vt 0.614203 0.875968
vt 0.617081 0.889932
vt 0.614956 0.888951
vt 0.617635 0.896590
vt 0.615466 0.895568
vt 0.618211 0.903269
vt 0.616017 0.902223
vt 0.618801 0.909962
vt 0.616595 0.908904
vt 0.619402 0.916663
vt 0.617192 0.915601
vt 0.612411 0.881438
vt 0.612150 0.875053
vt 0.612803 0.887944
vt 0.613284 0.894534
vt 0.613818 0.901172
vt 0.614388 0.907844
vt 0.614982 0.914539
vt 0.610233 0.880407
vt 0.609987 0.874036
vt 0.610611 0.886901
vt 0.611082 0.893481
vt 0.611610 0.900113
vt 0.612177 0.906783
vt 0.612772 0.913477
vt 0.607980 0.879309
vt 0.607722 0.872925
vt 0.608373 0.885815
vt 0.608856 0.892406
vt 0.609392 0.899045
vt 0.609964 0.905718
vt 0.610561 0.912414
vt 0.605657 0.878145
vt 0.605345 0.871711
vt 0.606095 0.884693
vt 0.606610 0.891312
vt 0.607165 0.897969
vt 0.607749 0.904651
vt 0.608350 0.911350
vt 0.603273 0.876925
vt 0.602844 0.870384
vt 0.603790 0.883545
vt 0.604350 0.890206
vt 0.604934 0.896888
vt 0.605531 0.903583
vt 0.606139 0.910287
vt 0.617377 0.870781
vt 0.617982 0.877488
vt 0.615939 0.870447
vt 0.618587 0.884194
vt 0.619192 0.890900
vt 0.619797 0.897606
vt 0.620402 0.904313
vt 0.621007 0.911019
vt 0.621612 0.917725
vt 0.622216 0.924431
vt 0.620007 0.923369
vt 0.617798 0.922307
vt 0.615588 0.921245
vt 0.613379 0.920183
vt 0.611170 0.919120
vt 0.608960 0.918058
vt 0.606751 0.916996
vt 0.604542 0.915934
vt 0.603927 0.909224
vt 0.603313 0.902514
vt 0.602699 0.895804
vt 0.602085 0.889094
vt 0.601470 0.882384
vt 0.600856 0.875675
vt 0.600242 0.868965
vt 0.602661 0.864066
vt 0.599627 0.862255
vt 0.605245 0.865470
vt 0.607646 0.866708
vt 0.609913 0.867824
vt 0.612064 0.868833
vt 0.614087 0.869720
vt 0.968663 0.746808
vt 0.971161 0.758395
vt 0.968697 0.758083
vt 0.966210 0.746533
vt 0.973620 0.769985
vt 0.971111 0.769638
vt 0.976020 0.781579
vt 0.973414 0.781199
vt 0.978329 0.793177
vt 0.975550 0.792771
vt 0.980466 0.804785
vt 0.977383 0.804359
vt 0.982260 0.816407
vt 0.978722 0.815970
vt 0.966240 0.757770
vt 0.963758 0.746258
vt 0.968623 0.769289
vt 0.970861 0.780817
vt 0.972883 0.792358
vt 0.974544 0.803920
vt 0.975670 0.815510
vt 0.963792 0.757457
vt 0.961307 0.745983
vt 0.966170 0.768939
vt 0.968388 0.780430
vt 0.970375 0.791935
vt 0.971987 0.803464
vt 0.973065 0.815027
vt 0.961357 0.757143
vt 0.958857 0.745708
vt 0.963758 0.768585
vt 0.966014 0.780036
vt 0.968053 0.791501
vt 0.969730 0.802990
vt 0.970871 0.814518
vt 0.958931 0.756829
vt 0.956409 0.745433
vt 0.961380 0.768230
vt 0.963719 0.779637
vt 0.965891 0.791056
vt 0.967757 0.802497
vt 0.969126 0.813977
vt 0.956513 0.756514
vt 0.953962 0.745157
vt 0.959025 0.767873
vt 0.961478 0.779236
vt 0.963840 0.790604
vt 0.966028 0.801986
vt 0.967871 0.813396
vt 0.968604 0.735458
vt 0.971117 0.747082
vt 0.966145 0.735221
vt 0.973629 0.758707
vt 0.976141 0.770332
vt 0.978653 0.781956
vt 0.981165 0.793581
vt 0.983678 0.805205
vt 0.986190 0.816829
vt 0.988702 0.828454
vt 0.983100 0.828065
vt 0.979232 0.827617
vt 0.976074 0.827138
vt 0.973448 0.826633
vt 0.971286 0.826099
vt 0.969659 0.825524
vt 0.968749 0.824891
vt 0.969595 0.824098
vt 0.967012 0.812782
vt 0.964429 0.801465
vt 0.961846 0.790149
vt 0.959263 0.778832
vt 0.956680 0.767515
vt 0.954098 0.756199
vt 0.951515 0.744882
vt 0.951391 0.733802
vt 0.948932 0.733565
vt 0.953850 0.734039
vt 0.956309 0.734275
vt 0.958768 0.734512
vt 0.961227 0.734748
vt 0.963686 0.734985
vt 0.705518 0.927584
vt 0.705463 0.912976
vt 0.707653 0.911873
vt 0.707700 0.926468
vt 0.705407 0.898368
vt 0.707605 0.897277
vt 0.705352 0.883759
vt 0.707558 0.882682
vt 0.705296 0.869151
vt 0.707510 0.868087
vt 0.705241 0.854542
vt 0.707463 0.853492
vt 0.705186 0.839934
vt 0.707415 0.838897
vt 0.709843 0.910769
vt 0.709883 0.925351
vt 0.709803 0.896187
vt 0.709764 0.881605
vt 0.709724 0.867024
vt 0.709685 0.852442
vt 0.709645 0.837860
vt 0.712033 0.909666
vt 0.712065 0.924235
vt 0.712001 0.895097
vt 0.711970 0.880529
vt 0.711938 0.865960
vt 0.711906 0.851391
vt 0.711875 0.836823
vt 0.714223 0.908563
vt 0.714247 0.923118
vt 0.714199 0.894007
vt 0.714176 0.879452
vt 0.714152 0.864897
vt 0.714128 0.850341
vt 0.714104 0.835786
vt 0.716413 0.907459
vt 0.716429 0.922001
vt 0.716397 0.892917
vt 0.716382 0.878375
vt 0.716366 0.863833
vt 0.716350 0.849291
vt 0.716334 0.834749
vt 0.718603 0.906356
vt 0.718611 0.920884
vt 0.718596 0.891827
vt 0.718588 0.877298
vt 0.718580 0.862769
vt 0.718572 0.848241
vt 0.718564 0.833712
vt 0.703399 0.943323
vt 0.703336 0.928701
vt 0.705574 0.942193
vt 0.703273 0.914079
vt 0.703209 0.899458
vt 0.703146 0.884836
vt 0.703083 0.870214
vt 0.703019 0.855592
vt 0.702956 0.840971
vt 0.702892 0.826349
vt 0.705130 0.825325
vt 0.707368 0.824302
vt 0.709605 0.823278
vt 0.711843 0.822254
vt 0.714081 0.821231
vt 0.716318 0.820207
vt 0.718556 0.819183
vt 0.720794 0.818160
vt 0.720794 0.832675
vt 0.720794 0.847191
vt 0.720794 0.861706
vt 0.720794 0.876222
vt 0.720794 0.890737
vt 0.720794 0.905252
vt 0.720794 0.919768
vt 0.718619 0.935413
vt 0.720794 0.934283
vt 0.716445 0.936543
vt 0.714271 0.937673
vt 0.712097 0.938803
vt 0.709922 0.939933
vt 0.707748 0.941063
vt 0.130840 0.912639
vt 0.131123 0.904204
vt 0.133396 0.903301
vt 0.133114 0.911725
vt 0.131402 0.895791
vt 0.133669 0.894917
vt 0.131673 0.887410
vt 0.133928 0.886594
vt 0.131934 0.879080
vt 0.134167 0.878364
vt 0.132174 0.870844
vt 0.134370 0.870300
vt 0.132374 0.862798
vt 0.134515 0.862509
vt 0.135669 0.902394
vt 0.135387 0.910811
vt 0.135938 0.894031
vt 0.136189 0.885749
vt 0.136414 0.877586
vt 0.136596 0.869622
vt 0.136713 0.861953
vt 0.137943 0.901481
vt 0.137661 0.909896
vt 0.138212 0.893126
vt 0.138460 0.884860
vt 0.138681 0.876720
vt 0.138855 0.868788
vt 0.138964 0.861150
vt 0.140219 0.900562
vt 0.139935 0.908980
vt 0.140490 0.892199
vt 0.140744 0.883916
vt 0.140970 0.875752
vt 0.141152 0.867788
vt 0.141266 0.860120
vt 0.142496 0.899637
vt 0.142210 0.908063
vt 0.142773 0.891252
vt 0.143037 0.882928
vt 0.143279 0.874696
vt 0.143484 0.866632
vt 0.143624 0.858843
vt 0.144774 0.898709
vt 0.144484 0.907146
vt 0.145058 0.890294
vt 0.145336 0.881911
vt 0.145602 0.873578
vt 0.145846 0.865342
vt 0.146046 0.857295
vt 0.128281 0.922000
vt 0.128566 0.913553
vt 0.130554 0.921085
vt 0.128851 0.905106
vt 0.129137 0.896659
vt 0.129422 0.888211
vt 0.129707 0.879764
vt 0.129992 0.871317
vt 0.130278 0.862870
vt 0.148519 0.855529
vt 0.148226 0.863979
vt 0.147932 0.872429
vt 0.147639 0.880879
vt 0.147345 0.889329
vt 0.147052 0.897779
vt 0.146759 0.906228
vt 0.144192 0.915594
vt 0.146465 0.914678
vt 0.141919 0.916509
vt 0.139646 0.917424
vt 0.137373 0.918339
vt 0.135100 0.919255
vt 0.132827 0.920170
vt 0.982198 0.839785
vt 0.980342 0.851541
vt 0.977277 0.851037
vt 0.978669 0.839309
vt 0.978144 0.863311
vt 0.975391 0.862789
vt 0.975773 0.875090
vt 0.973202 0.874557
vt 0.973311 0.886874
vt 0.970845 0.886334
vt 0.970790 0.898662
vt 0.968379 0.898119
vt 0.968230 0.910452
vt 0.965839 0.909908
vt 0.974455 0.850521
vt 0.975626 0.838811
vt 0.972751 0.862260
vt 0.970684 0.874020
vt 0.968402 0.885793
vt 0.965974 0.897575
vt 0.963448 0.909363
vt 0.971916 0.849989
vt 0.973030 0.838289
vt 0.970269 0.861722
vt 0.968247 0.873479
vt 0.965993 0.885250
vt 0.963580 0.897031
vt 0.961059 0.908819
vt 0.969677 0.849438
vt 0.970844 0.837742
vt 0.967974 0.861172
vt 0.965907 0.872932
vt 0.963626 0.884704
vt 0.961197 0.896486
vt 0.958672 0.908275
vt 0.967722 0.848868
vt 0.969108 0.837162
vt 0.965838 0.860612
vt 0.963648 0.872379
vt 0.961292 0.884157
vt 0.958825 0.895941
vt 0.956285 0.907730
vt 0.966010 0.848280
vt 0.967862 0.836543
vt 0.963813 0.860045
vt 0.961443 0.871823
vt 0.958981 0.883607
vt 0.956460 0.895395
vt 0.953900 0.907185
vt 0.986119 0.840246
vt 0.983536 0.852037
vt 0.980953 0.863829
vt 0.978370 0.875621
vt 0.975787 0.887413
vt 0.973204 0.899205
vt 0.970621 0.910996
vt 0.968039 0.922788
vt 0.965650 0.922244
vt 0.963262 0.921699
vt 0.960873 0.921155
vt 0.958485 0.920610
vt 0.956097 0.920066
vt 0.953708 0.919521
vt 0.951320 0.918977
vt 0.948932 0.918433
vt 0.951515 0.906641
vt 0.954098 0.894849
vt 0.956681 0.883057
vt 0.959263 0.871265
vt 0.961846 0.859474
vt 0.964429 0.847682
vt 0.967012 0.835890
vt 0.875684 0.197146
vt 0.881679 0.183310
vt 0.884070 0.183462
vt 0.878123 0.197292
vt 0.887581 0.169485
vt 0.889845 0.169650
vt 0.893345 0.155675
vt 0.895360 0.155868
vt 0.898894 0.141888
vt 0.900481 0.142129
vt 0.904034 0.128147
vt 0.904885 0.128469
vt 0.908364 0.114495
vt 0.908118 0.114938
vt 0.886478 0.183611
vt 0.880563 0.197438
vt 0.892162 0.169810
vt 0.897500 0.156047
vt 0.902332 0.142340
vt 0.906307 0.128728
vt 0.909022 0.115255
vt 0.888908 0.183758
vt 0.883007 0.197584
vt 0.894558 0.169961
vt 0.899830 0.156205
vt 0.904556 0.142510
vt 0.908400 0.128912
vt 0.910983 0.115454
vt 0.891368 0.183902
vt 0.885454 0.197729
vt 0.897052 0.170100
vt 0.902391 0.156337
vt 0.907222 0.142630
vt 0.911198 0.129019
vt 0.913913 0.115547
vt 0.893852 0.184043
vt 0.887904 0.197874
vt 0.899626 0.170231
vt 0.905141 0.156449
vt 0.910262 0.142710
vt 0.914666 0.129051
vt 0.917899 0.115522
vt 0.896351 0.184182
vt 0.890356 0.198018
vt 0.902253 0.170357
vt 0.908017 0.156546
vt 0.913566 0.142760
vt 0.918706 0.129019
vt 0.923036 0.115368
vt 0.867197 0.210842
vt 0.873246 0.197000
vt 0.869643 0.210987
vt 0.879295 0.183158
vt 0.885344 0.169317
vt 0.891393 0.155475
vt 0.897442 0.141633
vt 0.903491 0.127791
vt 0.909540 0.113950
vt 0.915589 0.100108
vt 0.910431 0.101092
vt 0.909390 0.101624
vt 0.910029 0.101970
vt 0.911928 0.102178
vt 0.914920 0.102265
vt 0.919171 0.102211
vt 0.925103 0.101970
vt 0.935151 0.101270
vt 0.929102 0.115112
vt 0.923054 0.128953
vt 0.917005 0.142795
vt 0.910956 0.156637
vt 0.904907 0.170479
vt 0.898858 0.184321
vt 0.892809 0.198163
vt 0.884315 0.211859
vt 0.886760 0.212004
vt 0.881869 0.211714
vt 0.879424 0.211568
vt 0.876979 0.211423
vt 0.874533 0.211278
vt 0.872088 0.211132
vt 0.619489 0.830874
vt 0.618876 0.836428
vt 0.616745 0.835399
vt 0.617367 0.829846
vt 0.618273 0.841991
vt 0.616142 0.840970
vt 0.617685 0.847568
vt 0.615566 0.846565
vt 0.617118 0.853165
vt 0.615031 0.852199
vt 0.616594 0.858802
vt 0.614570 0.857902
vt 0.616152 0.864516
vt 0.614228 0.863717
vt 0.614612 0.834369
vt 0.615244 0.828818
vt 0.614005 0.839943
vt 0.613433 0.845550
vt 0.612915 0.851207
vt 0.612486 0.856946
vt 0.612187 0.862807
vt 0.612477 0.833336
vt 0.613121 0.827789
vt 0.611860 0.838908
vt 0.611282 0.844517
vt 0.610761 0.850178
vt 0.610333 0.855925
vt 0.610037 0.861795
vt 0.610339 0.832301
vt 0.610998 0.826760
vt 0.609704 0.837864
vt 0.609105 0.843461
vt 0.608560 0.849107
vt 0.608105 0.854836
vt 0.607784 0.860689
vt 0.608198 0.831263
vt 0.608874 0.825731
vt 0.607540 0.836812
vt 0.606909 0.842386
vt 0.606320 0.847999
vt 0.605807 0.853682
vt 0.605420 0.859479
vt 0.606056 0.830224
vt 0.606751 0.824701
vt 0.605371 0.835755
vt 0.604700 0.841300
vt 0.604052 0.846866
vt 0.603448 0.852471
vt 0.602931 0.858157
vt 0.622216 0.826348
vt 0.621612 0.831902
vt 0.620107 0.825325
vt 0.621007 0.837457
vt 0.620402 0.843011
vt 0.619797 0.848565
vt 0.619192 0.854119
vt 0.618587 0.859673
vt 0.617982 0.865227
vt 0.600341 0.856743
vt 0.601056 0.851231
vt 0.601770 0.845719
vt 0.602484 0.840207
vt 0.603198 0.834695
vt 0.603912 0.829184
vt 0.604627 0.823672
vt 0.607450 0.819183
vt 0.605341 0.818160
vt 0.609560 0.820207
vt 0.611669 0.821231
vt 0.613779 0.822254
vt 0.615888 0.823278
vt 0.617998 0.824301
vt 0.908364 0.088143
vt 0.904034 0.075443
vt 0.904885 0.075771
vt 0.908118 0.088589
vt 0.898894 0.062832
vt 0.900481 0.063081
vt 0.893345 0.050266
vt 0.895360 0.050471
vt 0.887581 0.037724
vt 0.889845 0.037904
vt 0.881679 0.025197
vt 0.884071 0.025367
vt 0.875684 0.012681
vt 0.878123 0.012848
vt 0.906308 0.076035
vt 0.909022 0.088909
vt 0.902332 0.063301
vt 0.897501 0.050662
vt 0.892162 0.038079
vt 0.886478 0.025534
vt 0.880564 0.013015
vt 0.908400 0.076226
vt 0.910983 0.089111
vt 0.904556 0.063480
vt 0.899831 0.050832
vt 0.894559 0.038245
vt 0.888909 0.025699
vt 0.883007 0.013181
vt 0.911198 0.076338
vt 0.913913 0.089207
vt 0.907223 0.063610
vt 0.902392 0.050977
vt 0.897053 0.038400
vt 0.891369 0.025861
vt 0.885455 0.013348
vt 0.914666 0.076376
vt 0.917899 0.089185
vt 0.910262 0.063699
vt 0.905142 0.051100
vt 0.899627 0.038546
vt 0.893853 0.026020
vt 0.887905 0.013514
vt 0.918707 0.076351
vt 0.923036 0.089034
vt 0.913566 0.063758
vt 0.908018 0.051210
vt 0.902254 0.038686
vt 0.896352 0.026178
vt 0.890357 0.013679
vt 0.909540 0.087594
vt 0.903491 0.075081
vt 0.897442 0.062567
vt 0.891393 0.050054
vt 0.885344 0.037540
vt 0.879295 0.025027
vt 0.873246 0.012513
vt 0.867197 -0.000000
vt 0.869643 0.000169
vt 0.872088 0.000339
vt 0.874534 0.000508
vt 0.876980 0.000678
vt 0.879425 0.000847
vt 0.881871 0.001017
vt 0.884316 0.001186
vt 0.886762 0.001356
vt 0.892811 0.013845
vt 0.898859 0.026334
vt 0.904908 0.038823
vt 0.910957 0.051313
vt 0.917005 0.063802
vt 0.923054 0.076291
vt 0.929103 0.088780
s 1
usemtl Material.002
f 3526/4053/3524 3527/4054/3525 3534/4055/3532 3533/4056/3531
f 3527/4054/3525 3528/4057/3526 3535/4058/3533 3534/4055/3532
f 3528/4057/3526 3529/4059/3527 3536/4060/3534 3535/4058/3533
f 3529/4059/3527 3530/4061/3528 3537/4062/3535 3536/4060/3534
f 3530/4061/3528 3531/4063/3529 3538/4064/3536 3537/4062/3535
f 3531/4063/3529 3532/4065/3530 3539/4066/3537 3538/4064/3536
f 3533/4056/3531 3534/4055/3532 3541/4067/3539 3540/4068/3538
f 3534/4055/3532 3535/4058/3533 3542/4069/3540 3541/4067/3539
f 3535/4058/3533 3536/4060/3534 3543/4070/3541 3542/4069/3540
f 3536/4060/3534 3537/4062/3535 3544/4071/3542 3543/4070/3541
f 3537/4062/3535 3538/4064/3536 3545/4072/3543 3544/4071/3542
f 3538/4064/3536 3539/4066/3537 3546/4073/3544 3545/4072/3543
f 3540/4068/3538 3541/4067/3539 3548/4074/3546 3547/4075/3545
f 3541/4067/3539 3542/4069/3540 3549/4076/3547 3548/4074/3546
f 3542/4069/3540 3543/4070/3541 3550/4077/3548 3549/4076/3547
f 3543/4070/3541 3544/4071/3542 3551/4078/3549 3550/4077/3548
f 3544/4071/3542 3545/4072/3543 3552/4079/3550 3551/4078/3549
f 3545/4072/3543 3546/4073/3544 3553/4080/3551 3552/4079/3550
f 3547/4075/3545 3548/4074/3546 3555/4081/3553 3554/4082/3552
f 3548/4074/3546 3549/4076/3547 3556/4083/3554 3555/4081/3553
f 3549/4076/3547 3550/4077/3548 3557/4084/3555 3556/4083/3554
f 3550/4077/3548 3551/4078/3549 3558/4085/3556 3557/4084/3555
f 3551/4078/3549 3552/4079/3550 3559/4086/3557 3558/4085/3556
f 3552/4079/3550 3553/4080/3551 3560/4087/3558 3559/4086/3557
f 3554/4082/3552 3555/4081/3553 3562/4088/3560 3561/4089/3559
f 3555/4081/3553 3556/4083/3554 3563/4090/3561 3562/4088/3560
f 3556/4083/3554 3557/4084/3555 3564/4091/3562 3563/4090/3561
f 3557/4084/3555 3558/4085/3556 3565/4092/3563 3564/4091/3562
f 3558/4085/3556 3559/4086/3557 3566/4093/3564 3565/4092/3563
f 3559/4086/3557 3560/4087/3558 3567/4094/3565 3566/4093/3564
f 3561/4089/3559 3562/4088/3560 3569/4095/3567 3568/4096/3566
f 3562/4088/3560 3563/4090/3561 3570/4097/3568 3569/4095/3567
f 3563/4090/3561 3564/4091/3562 3571/4098/3569 3570/4097/3568
f 3564/4091/3562 3565/4092/3563 3572/4099/3570 3571/4098/3569
f 3565/4092/3563 3566/4093/3564 3573/4100/3571 3572/4099/3570
f 3566/4093/3564 3567/4094/3565 3574/4101/3572 3573/4100/3571
f 3297/4102/3303 3322/4103/3327 3526/4053/3524 3323/4104/3328
f 3322/4103/3327 3321/4105/3326 3527/4054/3525 3526/4053/3524
f 3321/4105/3326 3320/4106/3325 3528/4057/3526 3527/4054/3525
f 3320/4106/3325 3319/4107/3324 3529/4059/3527 3528/4057/3526
f 3319/4107/3324 3318/4108/3323 3530/4061/3528 3529/4059/3527
f 3318/4108/3323 3317/4109/3322 3531/4063/3529 3530/4061/3528
f 3317/4109/3322 3316/4110/3321 3532/4065/3530 3531/4063/3529
f 3316/4110/3321 3304/4111/3310 3379/4112/3384 3532/4065/3530
f 3532/4065/3530 3379/4112/3384 3380/4113/3385 3539/4066/3537
f 3539/4066/3537 3380/4113/3385 3381/4114/3386 3546/4073/3544
f 3546/4073/3544 3381/4114/3386 3382/4115/3387 3553/4080/3551
f 3553/4080/3551 3382/4115/3387 3383/4116/3388 3560/4087/3558
f 3560/4087/3558 3383/4116/3388 3384/4117/3389 3567/4094/3565
f 3567/4094/3565 3384/4117/3389 3385/4118/3390 3574/4101/3572
f 3574/4101/3572 3385/4118/3390 3305/4119/3311 3378/4120/3383
f 3573/4100/3571 3574/4101/3572 3378/4120/3383 3377/4121/3382
f 3572/4099/3570 3573/4100/3571 3377/4121/3382 3376/4122/3381
f 3571/4098/3569 3572/4099/3570 3376/4122/3381 3375/4123/3380
f 3570/4097/3568 3571/4098/3569 3375/4123/3380 3374/4124/3379
f 3569/4095/3567 3570/4097/3568 3374/4124/3379 3373/4125/3378
f 3568/4096/3566 3569/4095/3567 3373/4125/3378 3372/4126/3377
f 3329/4127/3334 3568/4096/3566 3372/4126/3377 3298/4128/3304
f 3328/4129/3333 3561/4089/3559 3568/4096/3566 3329/4127/3334
f 3327/4130/3332 3554/4082/3552 3561/4089/3559 3328/4129/3333
f 3326/4131/3331 3547/4075/3545 3554/4082/3552 3327/4130/3332
f 3325/4132/3330 3540/4068/3538 3547/4075/3545 3326/4131/3331
f 3324/4133/3329 3533/4056/3531 3540/4068/3538 3325/4132/3330
f 3323/4104/3328 3526/4053/3524 3533/4056/3531 3324/4133/3329
f 3576/4134/3574 3577/4135/3575 3581/4136/3579 3580/4137/3578
f 3577/4135/3575 3578/4138/3576 3582/4139/3580 3581/4136/3579
f 3578/4138/3576 3579/4140/3577 3583/4141/3581 3582/4139/3580
f 3580/4137/3578 3581/4136/3579 3585/4142/3583 3584/4143/3582
f 3581/4136/3579 3582/4139/3580 3586/4144/3584 3585/4142/3583
f 3582/4139/3580 3583/4141/3581 3587/4145/3585 3586/4144/3584
f 3588/4146/3586 3589/4147/3587 3593/4148/3591 3592/4149/3590
f 3589/4147/3587 3590/4150/3588 3594/4151/3592 3593/4148/3591
f 3590/4150/3588 3591/4152/3589 3595/4153/3593 3594/4151/3592
f 3592/4149/3590 3593/4148/3591 3597/4154/3595 3596/4155/3594
f 3593/4148/3591 3594/4151/3592 3598/4156/3596 3597/4154/3595
f 3594/4151/3592 3595/4153/3593 3599/4157/3597 3598/4156/3596
f 3600/4158/3598 3601/4159/3599 3605/4160/3603 3604/4161/3602
f 3601/4159/3599 3602/4162/3600 3606/4163/3604 3605/4160/3603
f 3602/4162/3600 3603/4164/3601 3607/4165/3605 3606/4163/3604
f 3604/4161/3602 3605/4160/3603 3609/4166/3607 3608/4167/3606
f 3605/4160/3603 3606/4163/3604 3610/4168/3608 3609/4166/3607
f 3606/4163/3604 3607/4165/3605 3611/4169/3609 3610/4168/3608
f 3612/4170/3610 3613/4171/3611 3617/4172/3615 3616/4173/3614
f 3613/4171/3611 3614/4174/3612 3618/4175/3616 3617/4172/3615
f 3614/4174/3612 3615/4176/3613 3619/4177/3617 3618/4175/3616
f 3616/4173/3614 3617/4172/3615 3621/4178/3619 3620/4179/3618
f 3617/4172/3615 3618/4175/3616 3622/4180/3620 3621/4178/3619
f 3618/4175/3616 3619/4177/3617 3623/4181/3621 3622/4180/3620
f 3624/4182/3622 3625/4183/3623 3629/4184/3627 3628/4185/3626
f 3625/4183/3623 3626/4186/3624 3630/4187/3628 3629/4184/3627
f 3626/4186/3624 3627/4188/3625 3631/4189/3629 3630/4187/3628
f 3628/4185/3626 3629/4184/3627 3633/4190/3631 3632/4191/3630
f 3629/4184/3627 3630/4187/3628 3634/4192/3632 3633/4190/3631
f 3630/4187/3628 3631/4189/3629 3635/4193/3633 3634/4192/3632
f 3636/4194/3634 3637/4195/3635 3641/4196/3639 3640/4197/3638
f 3637/4195/3635 3638/4198/3636 3642/4199/3640 3641/4196/3639
f 3638/4198/3636 3639/4200/3637 3643/4201/3641 3642/4199/3640
f 3640/4197/3638 3641/4196/3639 3645/4202/3643 3644/4203/3642
f 3641/4196/3639 3642/4199/3640 3646/4204/3644 3645/4202/3643
f 3642/4199/3640 3643/4201/3641 3647/4205/3645 3646/4204/3644
f 3648/4206/3646 3649/4207/3647 3653/4208/3651 3652/4209/3650
f 3649/4207/3647 3650/4210/3648 3654/4211/3652 3653/4208/3651
f 3650/4210/3648 3651/4212/3649 3655/4213/3653 3654/4211/3652
f 3652/4209/3650 3653/4208/3651 3657/4214/3655 3656/4215/3654
f 3653/4208/3651 3654/4211/3652 3658/4216/3656 3657/4214/3655
f 3654/4211/3652 3655/4213/3653 3659/4217/3657 3658/4216/3656
f 3596/4155/3594 3597/4154/3595 3583/4218/3581 3579/4219/3577
f 3597/4154/3595 3598/4156/3596 3587/4145/3585 3583/4218/3581
f 3608/4167/3606 3609/4166/3607 3595/4153/3593 3591/4152/3589
f 3609/4166/3607 3610/4168/3608 3599/4157/3597 3595/4153/3593
f 3620/4179/3618 3621/4178/3619 3607/4220/3605 3603/4221/3601
f 3621/4178/3619 3622/4180/3620 3611/4169/3609 3607/4220/3605
f 3632/4191/3630 3633/4190/3631 3619/4222/3617 3615/4223/3613
f 3633/4190/3631 3634/4192/3632 3623/4181/3621 3619/4222/3617
f 3644/4203/3642 3645/4202/3643 3631/4189/3629 3627/4224/3625
f 3645/4202/3643 3646/4204/3644 3635/4193/3633 3631/4189/3629
f 3656/4215/3654 3657/4214/3655 3643/4201/3641 3639/4225/3637
f 3657/4214/3655 3658/4216/3656 3647/4205/3645 3643/4201/3641
f 3584/4143/3582 3585/4142/3583 3655/4226/3653 3651/4227/3649
f 3585/4142/3583 3586/4144/3584 3659/4217/3657 3655/4226/3653
f 3586/4144/3584 3587/4145/3585 3575/4228/3573 3659/4217/3657
f 3598/4156/3596 3599/4157/3597 3575/4228/3573 3587/4145/3585
f 3610/4168/3608 3611/4169/3609 3575/4228/3573 3599/4157/3597
f 3622/4180/3620 3623/4181/3621 3575/4228/3573 3611/4169/3609
f 3634/4192/3632 3635/4193/3633 3575/4228/3573 3623/4181/3621
f 3646/4204/3644 3647/4205/3645 3575/4228/3573 3635/4193/3633
f 3658/4216/3656 3659/4217/3657 3575/4228/3573 3647/4205/3645
f 3304/4111/3310 3371/4229/3376 3576/4134/3574 3379/4112/3384
f 3371/4229/3376 3370/4230/3375 3577/4135/3575 3576/4134/3574
f 3370/4230/3375 3369/4231/3374 3578/4138/3576 3577/4135/3575
f 3369/4231/3374 3368/4232/3373 3579/4140/3577 3578/4138/3576
f 3379/4112/3384 3576/4134/3574 3580/4137/3578 3380/4113/3385
f 3380/4113/3385 3580/4137/3578 3584/4143/3582 3381/4114/3386
f 3381/4114/3386 3584/4143/3582 3651/4227/3649 3382/4115/3387
f 3299/4233/3305 3343/4234/3348 3588/4146/3586 3365/4235/3370
f 3343/4234/3348 3342/4236/3347 3589/4147/3587 3588/4146/3586
f 3342/4236/3347 3341/4237/3346 3590/4150/3588 3589/4147/3587
f 3341/4237/3346 3340/4238/3345 3591/4152/3589 3590/4150/3588
f 3365/4235/3370 3588/4146/3586 3592/4149/3590 3366/4239/3371
f 3366/4239/3371 3592/4149/3590 3596/4155/3594 3367/4240/3372
f 3367/4240/3372 3596/4155/3594 3579/4219/3577 3368/4232/3373
f 3302/4241/3308 3351/4242/3356 3600/4158/3598 3337/4243/3342
f 3351/4242/3356 3352/4244/3357 3601/4159/3599 3600/4158/3598
f 3352/4244/3357 3353/4245/3358 3602/4162/3600 3601/4159/3599
f 3353/4245/3358 3354/4246/3359 3603/4164/3601 3602/4162/3600
f 3337/4243/3342 3600/4158/3598 3604/4161/3602 3338/4247/3343
f 3338/4247/3343 3604/4161/3602 3608/4167/3606 3339/4248/3344
f 3339/4248/3344 3608/4167/3606 3591/4152/3589 3340/4238/3345
f 3303/4249/3309 3358/4250/3363 3612/4170/3610 3357/4251/3362
f 3358/4250/3363 3359/4252/3364 3613/4171/3611 3612/4170/3610
f 3359/4252/3364 3360/4253/3365 3614/4174/3612 3613/4171/3611
f 3360/4253/3365 3361/4254/3366 3615/4176/3613 3614/4174/3612
f 3357/4251/3362 3612/4170/3610 3616/4173/3614 3356/4255/3361
f 3356/4255/3361 3616/4173/3614 3620/4179/3618 3355/4256/3360
f 3355/4256/3360 3620/4179/3618 3603/4221/3601 3354/4257/3359
f 3301/4258/3307 3350/4259/3355 3624/4182/3622 3364/4260/3369
f 3350/4259/3355 3349/4261/3354 3625/4183/3623 3624/4182/3622
f 3349/4261/3354 3348/4262/3353 3626/4186/3624 3625/4183/3623
f 3348/4262/3353 3347/4263/3352 3627/4188/3625 3626/4186/3624
f 3364/4260/3369 3624/4182/3622 3628/4185/3626 3363/4264/3368
f 3363/4264/3368 3628/4185/3626 3632/4191/3630 3362/4265/3367
f 3362/4265/3367 3632/4191/3630 3615/4223/3613 3361/4254/3366
f 3300/4266/3306 3336/4267/3341 3636/4194/3634 3344/4268/3349
f 3336/4267/3341 3335/4269/3340 3637/4195/3635 3636/4194/3634
f 3335/4269/3340 3334/4270/3339 3638/4198/3636 3637/4195/3635
f 3334/4270/3339 3333/4271/3338 3639/4200/3637 3638/4198/3636
f 3344/4268/3349 3636/4194/3634 3640/4197/3638 3345/4272/3350
f 3345/4272/3350 3640/4197/3638 3644/4203/3642 3346/4273/3351
f 3346/4273/3351 3644/4203/3642 3627/4224/3625 3347/4263/3352
f 3305/4119/3311 3385/4274/3390 3648/4206/3646 3330/4275/3335
f 3385/4274/3390 3384/4276/3389 3649/4207/3647 3648/4206/3646
f 3384/4276/3389 3383/4277/3388 3650/4210/3648 3649/4207/3647
f 3383/4277/3388 3382/4278/3387 3651/4212/3649 3650/4210/3648
f 3330/4275/3335 3648/4206/3646 3652/4209/3650 3331/4279/3336
f 3331/4279/3336 3652/4209/3650 3656/4215/3654 3332/4280/3337
f 3332/4280/3337 3656/4215/3654 3639/4225/3637 3333/4281/3338
f 3660/4282/3658 3661/4283/3659 3668/4284/3666 3667/4285/3665
f 3661/4283/3659 3662/4286/3660 3669/4287/3667 3668/4284/3666
f 3662/4286/3660 3663/4288/3661 3670/4289/3668 3669/4287/3667
f 3663/4288/3661 3664/4290/3662 3671/4291/3669 3670/4289/3668
f 3664/4290/3662 3665/4292/3663 3672/4293/3670 3671/4291/3669
f 3665/4292/3663 3666/4294/3664 3673/4295/3671 3672/4293/3670
f 3667/4285/3665 3668/4284/3666 3675/4296/3673 3674/4297/3672
f 3668/4284/3666 3669/4287/3667 3676/4298/3674 3675/4296/3673
f 3669/4287/3667 3670/4289/3668 3677/4299/3675 3676/4298/3674
f 3670/4289/3668 3671/4291/3669 3678/4300/3676 3677/4299/3675
f 3671/4291/3669 3672/4293/3670 3679/4301/3677 3678/4300/3676
f 3672/4293/3670 3673/4295/3671 3680/4302/3678 3679/4301/3677
f 3674/4297/3672 3675/4296/3673 3682/4303/3680 3681/4304/3679
f 3675/4296/3673 3676/4298/3674 3683/4305/3681 3682/4303/3680
f 3676/4298/3674 3677/4299/3675 3684/4306/3682 3683/4305/3681
f 3677/4299/3675 3678/4300/3676 3685/4307/3683 3684/4306/3682
f 3678/4300/3676 3679/4301/3677 3686/4308/3684 3685/4307/3683
f 3679/4301/3677 3680/4302/3678 3687/4309/3685 3686/4308/3684
f 3681/4304/3679 3682/4303/3680 3689/4310/3687 3688/4311/3686
f 3682/4303/3680 3683/4305/3681 3690/4312/3688 3689/4310/3687
f 3683/4305/3681 3684/4306/3682 3691/4313/3689 3690/4312/3688
f 3684/4306/3682 3685/4307/3683 3692/4314/3690 3691/4313/3689
f 3685/4307/3683 3686/4308/3684 3693/4315/3691 3692/4314/3690
f 3686/4308/3684 3687/4309/3685 3694/4316/3692 3693/4315/3691
f 3688/4311/3686 3689/4310/3687 3696/4317/3694 3695/4318/3693
f 3689/4310/3687 3690/4312/3688 3697/4319/3695 3696/4317/3694
f 3690/4312/3688 3691/4313/3689 3698/4320/3696 3697/4319/3695
f 3691/4313/3689 3692/4314/3690 3699/4321/3697 3698/4320/3696
f 3692/4314/3690 3693/4315/3691 3700/4322/3698 3699/4321/3697
f 3693/4315/3691 3694/4316/3692 3701/4323/3699 3700/4322/3698
f 3695/4318/3693 3696/4317/3694 3703/4324/3701 3702/4325/3700
f 3696/4317/3694 3697/4319/3695 3704/4326/3702 3703/4324/3701
f 3697/4319/3695 3698/4320/3696 3705/4327/3703 3704/4326/3702
f 3698/4320/3696 3699/4321/3697 3706/4328/3704 3705/4327/3703
f 3699/4321/3697 3700/4322/3698 3707/4329/3705 3706/4328/3704
f 3700/4322/3698 3701/4323/3699 3708/4330/3706 3707/4329/3705
f 3306/4331/3312 3393/4332/3398 3660/4282/3658 3392/4333/3397
f 3393/4332/3398 3394/4334/3399 3661/4283/3659 3660/4282/3658
f 3394/4334/3399 3395/4335/3400 3662/4286/3660 3661/4283/3659
f 3395/4335/3400 3396/4336/3401 3663/4288/3661 3662/4286/3660
f 3396/4336/3401 3397/4337/3402 3664/4290/3662 3663/4288/3661
f 3397/4337/3402 3398/4338/3403 3665/4292/3663 3664/4290/3662
f 3398/4338/3403 3399/4339/3404 3666/4294/3664 3665/4292/3663
f 3399/4339/3404 3307/4340/3313 3442/4341/3447 3666/4294/3664
f 3666/4294/3664 3442/4341/3447 3443/4342/3448 3673/4295/3671
f 3673/4295/3671 3443/4342/3448 3444/4343/3449 3680/4302/3678
f 3680/4302/3678 3444/4343/3449 3445/4344/3450 3687/4309/3685
f 3687/4309/3685 3445/4344/3450 3446/4345/3451 3694/4316/3692
f 3694/4316/3692 3446/4345/3451 3447/4346/3452 3701/4323/3699
f 3701/4323/3699 3447/4346/3452 3448/4347/3453 3708/4330/3706
f 3708/4330/3706 3448/4347/3453 3314/4348/3320 3455/4349/3460
f 3707/4329/3705 3708/4330/3706 3455/4349/3460 3454/4350/3459
f 3706/4328/3704 3707/4329/3705 3454/4350/3459 3453/4351/3458
f 3705/4327/3703 3706/4328/3704 3453/4351/3458 3452/4352/3457
f 3704/4326/3702 3705/4327/3703 3452/4352/3457 3451/4353/3456
f 3703/4324/3701 3704/4326/3702 3451/4353/3456 3450/4354/3455
f 3702/4325/3700 3703/4324/3701 3450/4354/3455 3449/4355/3454
f 3386/4356/3391 3702/4325/3700 3449/4355/3454 3313/4357/3319
f 3387/4358/3392 3695/4318/3693 3702/4325/3700 3386/4356/3391
f 3388/4359/3393 3688/4311/3686 3695/4318/3693 3387/4358/3392
f 3389/4360/3394 3681/4304/3679 3688/4311/3686 3388/4359/3393
f 3390/4361/3395 3674/4297/3672 3681/4304/3679 3389/4360/3394
f 3391/4362/3396 3667/4285/3665 3674/4297/3672 3390/4361/3395
f 3392/4333/3397 3660/4282/3658 3667/4285/3665 3391/4362/3396
f 3710/4363/3708 3711/4364/3709 3715/4365/3713 3714/4366/3712
f 3711/4364/3709 3712/4367/3710 3716/4368/3714 3715/4365/3713
f 3712/4367/3710 3713/4369/3711 3717/4370/3715 3716/4368/3714
f 3714/4366/3712 3715/4365/3713 3719/4371/3717 3718/4372/3716
f 3715/4365/3713 3716/4368/3714 3720/4373/3718 3719/4371/3717
f 3716/4368/3714 3717/4370/3715 3721/4374/3719 3720/4373/3718
f 3722/4375/3720 3723/4376/3721 3727/4377/3725 3726/4378/3724
f 3723/4376/3721 3724/4379/3722 3728/4380/3726 3727/4377/3725
f 3724/4379/3722 3725/4381/3723 3729/4382/3727 3728/4380/3726
f 3726/4378/3724 3727/4377/3725 3731/4383/3729 3730/4384/3728
f 3727/4377/3725 3728/4380/3726 3732/4385/3730 3731/4383/3729
f 3728/4380/3726 3729/4382/3727 3733/4386/3731 3732/4385/3730
f 3734/4387/3732 3735/4388/3733 3739/4389/3737 3738/4390/3736
f 3735/4388/3733 3736/4391/3734 3740/4392/3738 3739/4389/3737
f 3736/4391/3734 3737/4393/3735 3741/4394/3739 3740/4392/3738
f 3738/4390/3736 3739/4389/3737 3743/4395/3741 3742/4396/3740
f 3739/4389/3737 3740/4392/3738 3744/4397/3742 3743/4395/3741
f 3740/4392/3738 3741/4394/3739 3745/4398/3743 3744/4397/3742
f 3746/4399/3744 3747/4400/3745 3751/4401/3749 3750/4402/3748
f 3747/4400/3745 3748/4403/3746 3752/4404/3750 3751/4401/3749
f 3748/4403/3746 3749/4405/3747 3753/4406/3751 3752/4404/3750
f 3750/4402/3748 3751/4401/3749 3755/4407/3753 3754/4408/3752
f 3751/4401/3749 3752/4404/3750 3756/4409/3754 3755/4407/3753
f 3752/4404/3750 3753/4406/3751 3757/4410/3755 3756/4409/3754
f 3758/4411/3756 3759/4412/3757 3763/4413/3761 3762/4414/3760
f 3759/4412/3757 3760/4415/3758 3764/4416/3762 3763/4413/3761
f 3760/4415/3758 3761/4417/3759 3765/4418/3763 3764/4416/3762
f 3762/4414/3760 3763/4413/3761 3767/4419/3765 3766/4420/3764
f 3763/4413/3761 3764/4416/3762 3768/4421/3766 3767/4419/3765
f 3764/4416/3762 3765/4418/3763 3769/4422/3767 3768/4421/3766
f 3770/4423/3768 3771/4424/3769 3775/4425/3773 3774/4426/3772
f 3771/4424/3769 3772/4427/3770 3776/4428/3774 3775/4425/3773
f 3772/4427/3770 3773/4429/3771 3777/4430/3775 3776/4428/3774
f 3774/4426/3772 3775/4425/3773 3779/4431/3777 3778/4432/3776
f 3775/4425/3773 3776/4428/3774 3780/4433/3778 3779/4431/3777
f 3776/4428/3774 3777/4430/3775 3781/4434/3779 3780/4433/3778
f 3782/4435/3780 3783/4436/3781 3787/4437/3785 3786/4438/3784
f 3783/4436/3781 3784/4439/3782 3788/4440/3786 3787/4437/3785
f 3784/4439/3782 3785/4441/3783 3789/4442/3787 3788/4440/3786
f 3786/4438/3784 3787/4437/3785 3791/4443/3789 3790/4444/3788
f 3787/4437/3785 3788/4440/3786 3792/4445/3790 3791/4443/3789
f 3788/4440/3786 3789/4442/3787 3793/4446/3791 3792/4445/3790
f 3730/4384/3728 3731/4383/3729 3717/4447/3715 3713/4448/3711
f 3731/4383/3729 3732/4385/3730 3721/4374/3719 3717/4447/3715
f 3742/4396/3740 3743/4395/3741 3729/4449/3727 3725/4450/3723
f 3743/4395/3741 3744/4397/3742 3733/4386/3731 3729/4449/3727
f 3754/4408/3752 3755/4407/3753 3741/4394/3739 3737/4451/3735
f 3755/4407/3753 3756/4409/3754 3745/4398/3743 3741/4394/3739
f 3766/4420/3764 3767/4419/3765 3753/4452/3751 3749/4453/3747
f 3767/4419/3765 3768/4421/3766 3757/4410/3755 3753/4452/3751
f 3778/4432/3776 3779/4431/3777 3765/4418/3763 3761/4454/3759
f 3779/4431/3777 3780/4433/3778 3769/4422/3767 3765/4418/3763
f 3790/4444/3788 3791/4443/3789 3777/4455/3775 3773/4429/3771
f 3791/4443/3789 3792/4445/3790 3781/4434/3779 3777/4455/3775
f 3718/4372/3716 3719/4371/3717 3789/4456/3787 3785/4457/3783
f 3719/4371/3717 3720/4373/3718 3793/4446/3791 3789/4456/3787
f 3720/4373/3718 3721/4374/3719 3709/4458/3707 3793/4446/3791
f 3732/4385/3730 3733/4386/3731 3709/4458/3707 3721/4374/3719
f 3744/4397/3742 3745/4398/3743 3709/4458/3707 3733/4386/3731
f 3756/4409/3754 3757/4410/3755 3709/4458/3707 3745/4398/3743
f 3768/4421/3766 3769/4422/3767 3709/4458/3707 3757/4410/3755
f 3780/4433/3778 3781/4434/3779 3709/4458/3707 3769/4422/3767
f 3792/4445/3790 3793/4446/3791 3709/4458/3707 3781/4434/3779
f 3313/4357/3319 3449/4355/3454 3710/4363/3708 3441/4459/3446
f 3449/4355/3454 3450/4354/3455 3711/4364/3709 3710/4363/3708
f 3450/4354/3455 3451/4353/3456 3712/4367/3710 3711/4364/3709
f 3451/4353/3456 3452/4352/3457 3713/4369/3711 3712/4367/3710
f 3441/4459/3446 3710/4363/3708 3714/4366/3712 3440/4460/3445
f 3440/4460/3445 3714/4366/3712 3718/4372/3716 3439/4461/3444
f 3439/4461/3444 3718/4372/3716 3785/4457/3783 3438/4462/3443
f 3314/4348/3320 3400/4463/3405 3722/4375/3720 3455/4464/3460
f 3400/4463/3405 3401/4465/3406 3723/4376/3721 3722/4375/3720
f 3401/4465/3406 3402/4466/3407 3724/4379/3722 3723/4376/3721
f 3402/4466/3407 3403/4467/3408 3725/4381/3723 3724/4379/3722
f 3455/4464/3460 3722/4375/3720 3726/4378/3724 3454/4468/3459
f 3454/4468/3459 3726/4378/3724 3730/4384/3728 3453/4469/3458
f 3453/4469/3458 3730/4384/3728 3713/4448/3711 3452/4470/3457
f 3309/4471/3315 3414/4472/3419 3734/4387/3732 3406/4473/3411
f 3414/4472/3419 3415/4474/3420 3735/4388/3733 3734/4387/3732
f 3415/4474/3420 3416/4475/3421 3736/4391/3734 3735/4388/3733
f 3416/4475/3421 3417/4476/3422 3737/4393/3735 3736/4391/3734
f 3406/4473/3411 3734/4387/3732 3738/4390/3736 3405/4477/3410
f 3405/4477/3410 3738/4390/3736 3742/4396/3740 3404/4478/3409
f 3404/4478/3409 3742/4396/3740 3725/4450/3723 3403/4467/3408
f 3310/4479/3316 3434/4480/3439 3746/4399/3744 3420/4481/3425
f 3434/4480/3439 3433/4482/3438 3747/4400/3745 3746/4399/3744
f 3433/4482/3438 3432/4483/3437 3748/4403/3746 3747/4400/3745
f 3432/4483/3437 3431/4484/3436 3749/4405/3747 3748/4403/3746
f 3420/4481/3425 3746/4399/3744 3750/4402/3748 3419/4485/3424
f 3419/4485/3424 3750/4402/3748 3754/4408/3752 3418/4486/3423
f 3418/4486/3423 3754/4408/3752 3737/4451/3735 3417/4476/3422
f 3312/4487/3318 3427/4488/3432 3758/4411/3756 3428/4489/3433
f 3427/4488/3432 3426/4490/3431 3759/4412/3757 3758/4411/3756
f 3426/4490/3431 3425/4491/3430 3760/4415/3758 3759/4412/3757
f 3425/4491/3430 3424/4492/3429 3761/4417/3759 3760/4415/3758
f 3428/4489/3433 3758/4411/3756 3762/4414/3760 3429/4493/3434
f 3429/4493/3434 3762/4414/3760 3766/4420/3764 3430/4494/3435
f 3430/4494/3435 3766/4420/3764 3749/4453/3747 3431/4484/3436
f 3311/4495/3317 3407/4496/3412 3770/4423/3768 3421/4497/3426
f 3407/4496/3412 3408/4498/3413 3771/4424/3769 3770/4423/3768
f 3408/4498/3413 3409/4499/3414 3772/4427/3770 3771/4424/3769
f 3409/4499/3414 3410/4500/3415 3773/4429/3771 3772/4427/3770
f 3421/4497/3426 3770/4423/3768 3774/4426/3772 3422/4501/3427
f 3422/4501/3427 3774/4426/3772 3778/4432/3776 3423/4502/3428
f 3423/4502/3428 3778/4432/3776 3761/4454/3759 3424/4492/3429
f 3308/4503/3314 3435/4504/3440 3782/4435/3780 3413/4505/3418
f 3435/4504/3440 3436/4506/3441 3783/4436/3781 3782/4435/3780
f 3436/4506/3441 3437/4507/3442 3784/4439/3782 3783/4436/3781
f 3437/4507/3442 3438/4462/3443 3785/4441/3783 3784/4439/3782
f 3413/4505/3418 3782/4435/3780 3786/4438/3784 3412/4508/3417
f 3412/4508/3417 3786/4438/3784 3790/4444/3788 3411/4509/3416
f 3411/4509/3416 3790/4444/3788 3773/4429/3771 3410/4510/3415
f 3794/4511/3792 3795/4512/3793 3802/4513/3800 3801/4514/3799
f 3795/4512/3793 3796/4515/3794 3803/4516/3801 3802/4513/3800
f 3796/4515/3794 3797/4517/3795 3804/4518/3802 3803/4516/3801
f 3797/4517/3795 3798/4519/3796 3805/4520/3803 3804/4518/3802
f 3798/4519/3796 3799/4521/3797 3806/4522/3804 3805/4520/3803
f 3799/4521/3797 3800/4523/3798 3807/4524/3805 3806/4522/3804
f 3801/4514/3799 3802/4513/3800 3809/4525/3807 3808/4526/3806
f 3802/4513/3800 3803/4516/3801 3810/4527/3808 3809/4525/3807
f 3803/4516/3801 3804/4518/3802 3811/4528/3809 3810/4527/3808
f 3804/4518/3802 3805/4520/3803 3812/4529/3810 3811/4528/3809
f 3805/4520/3803 3806/4522/3804 3813/4530/3811 3812/4529/3810
f 3806/4522/3804 3807/4524/3805 3814/4531/3812 3813/4530/3811
f 3808/4526/3806 3809/4525/3807 3816/4532/3814 3815/4533/3813
f 3809/4525/3807 3810/4527/3808 3817/4534/3815 3816/4532/3814
f 3810/4527/3808 3811/4528/3809 3818/4535/3816 3817/4534/3815
f 3811/4528/3809 3812/4529/3810 3819/4536/3817 3818/4535/3816
f 3812/4529/3810 3813/4530/3811 3820/4537/3818 3819/4536/3817
f 3813/4530/3811 3814/4531/3812 3821/4538/3819 3820/4537/3818
f 3815/4533/3813 3816/4532/3814 3823/4539/3821 3822/4540/3820
f 3816/4532/3814 3817/4534/3815 3824/4541/3822 3823/4539/3821
f 3817/4534/3815 3818/4535/3816 3825/4542/3823 3824/4541/3822
f 3818/4535/3816 3819/4536/3817 3826/4543/3824 3825/4542/3823
f 3819/4536/3817 3820/4537/3818 3827/4544/3825 3826/4543/3824
f 3820/4537/3818 3821/4538/3819 3828/4545/3826 3827/4544/3825
f 3822/4540/3820 3823/4539/3821 3830/4546/3828 3829/4547/3827
f 3823/4539/3821 3824/4541/3822 3831/4548/3829 3830/4546/3828
f 3824/4541/3822 3825/4542/3823 3832/4549/3830 3831/4548/3829
f 3825/4542/3823 3826/4543/3824 3833/4550/3831 3832/4549/3830
f 3826/4543/3824 3827/4544/3825 3834/4551/3832 3833/4550/3831
f 3827/4544/3825 3828/4545/3826 3835/4552/3833 3834/4551/3832
f 3829/4547/3827 3830/4546/3828 3837/4553/3835 3836/4554/3834
f 3830/4546/3828 3831/4548/3829 3838/4555/3836 3837/4553/3835
f 3831/4548/3829 3832/4549/3830 3839/4556/3837 3838/4555/3836
f 3832/4549/3830 3833/4550/3831 3840/4557/3838 3839/4556/3837
f 3833/4550/3831 3834/4551/3832 3841/4558/3839 3840/4557/3838
f 3834/4551/3832 3835/4552/3833 3842/4559/3840 3841/4558/3839
f 3301/4560/3307 3364/4561/3369 3794/4511/3792 3469/4562/3474
f 3364/4561/3369 3363/4563/3368 3795/4512/3793 3794/4511/3792
f 3363/4563/3368 3362/4564/3367 3796/4515/3794 3795/4512/3793
f 3362/4564/3367 3361/4565/3366 3797/4517/3795 3796/4515/3794
f 3361/4565/3366 3360/4566/3365 3798/4519/3796 3797/4517/3795
f 3360/4566/3365 3359/4567/3364 3799/4521/3797 3798/4519/3796
f 3359/4567/3364 3358/4568/3363 3800/4523/3798 3799/4521/3797
f 3358/4568/3363 3303/4569/3309 3456/4570/3461 3800/4523/3798
f 3800/4523/3798 3456/4570/3461 3457/4571/3462 3807/4524/3805
f 3807/4524/3805 3457/4571/3462 3458/4572/3463 3814/4531/3812
f 3814/4531/3812 3458/4572/3463 3459/4573/3464 3821/4538/3819
f 3821/4538/3819 3459/4573/3464 3460/4574/3465 3828/4545/3826
f 3828/4545/3826 3460/4574/3465 3461/4575/3466 3835/4552/3833
f 3835/4552/3833 3461/4575/3466 3462/4576/3467 3842/4559/3840
f 3842/4559/3840 3462/4576/3467 3312/4577/3318 3428/4578/3433
f 3841/4558/3839 3842/4559/3840 3428/4578/3433 3429/4579/3434
f 3840/4557/3838 3841/4558/3839 3429/4579/3434 3430/4580/3435
f 3839/4556/3837 3840/4557/3838 3430/4580/3435 3431/4581/3436
f 3838/4555/3836 3839/4556/3837 3431/4581/3436 3432/4582/3437
f 3837/4553/3835 3838/4555/3836 3432/4582/3437 3433/4583/3438
f 3836/4554/3834 3837/4553/3835 3433/4583/3438 3434/4584/3439
f 3463/4585/3468 3836/4554/3834 3434/4584/3439 3310/4586/3316
f 3464/4587/3469 3829/4547/3827 3836/4554/3834 3463/4585/3468
f 3465/4588/3470 3822/4540/3820 3829/4547/3827 3464/4587/3469
f 3466/4589/3471 3815/4533/3813 3822/4540/3820 3465/4588/3470
f 3467/4590/3472 3808/4526/3806 3815/4533/3813 3466/4589/3471
f 3468/4591/3473 3801/4514/3799 3808/4526/3806 3467/4590/3472
f 3469/4562/3474 3794/4511/3792 3801/4514/3799 3468/4591/3473
f 3843/4592/3841 3844/4593/3842 3851/4594/3849 3850/4595/3848
f 3844/4593/3842 3845/4596/3843 3852/4597/3850 3851/4594/3849
f 3845/4596/3843 3846/4598/3844 3853/4599/3851 3852/4597/3850
f 3846/4598/3844 3847/4600/3845 3854/4601/3852 3853/4599/3851
f 3847/4600/3845 3848/4602/3846 3855/4603/3853 3854/4601/3852
f 3848/4602/3846 3849/4604/3847 3856/4605/3854 3855/4603/3853
f 3850/4595/3848 3851/4594/3849 3858/4606/3856 3857/4607/3855
f 3851/4594/3849 3852/4597/3850 3859/4608/3857 3858/4606/3856
f 3852/4597/3850 3853/4599/3851 3860/4609/3858 3859/4608/3857
f 3853/4599/3851 3854/4601/3852 3861/4610/3859 3860/4609/3858
f 3854/4601/3852 3855/4603/3853 3862/4611/3860 3861/4610/3859
f 3855/4603/3853 3856/4605/3854 3863/4612/3861 3862/4611/3860
f 3857/4607/3855 3858/4606/3856 3865/4613/3863 3864/4614/3862
f 3858/4606/3856 3859/4608/3857 3866/4615/3864 3865/4613/3863
f 3859/4608/3857 3860/4609/3858 3867/4616/3865 3866/4615/3864
f 3860/4609/3858 3861/4610/3859 3868/4617/3866 3867/4616/3865
f 3861/4610/3859 3862/4611/3860 3869/4618/3867 3868/4617/3866
f 3862/4611/3860 3863/4612/3861 3870/4619/3868 3869/4618/3867
f 3864/4614/3862 3865/4613/3863 3872/4620/3870 3871/4621/3869
f 3865/4613/3863 3866/4615/3864 3873/4622/3871 3872/4620/3870
f 3866/4615/3864 3867/4616/3865 3874/4623/3872 3873/4622/3871
f 3867/4616/3865 3868/4617/3866 3875/4624/3873 3874/4623/3872
f 3868/4617/3866 3869/4618/3867 3876/4625/3874 3875/4624/3873
f 3869/4618/3867 3870/4619/3868 3877/4626/3875 3876/4625/3874
f 3871/4621/3869 3872/4620/3870 3879/4627/3877 3878/4628/3876
f 3872/4620/3870 3873/4622/3871 3880/4629/3878 3879/4627/3877
f 3873/4622/3871 3874/4623/3872 3881/4630/3879 3880/4629/3878
f 3874/4623/3872 3875/4624/3873 3882/4631/3880 3881/4630/3879
f 3875/4624/3873 3876/4625/3874 3883/4632/3881 3882/4631/3880
f 3876/4625/3874 3877/4626/3875 3884/4633/3882 3883/4632/3881
f 3878/4628/3876 3879/4627/3877 3886/4634/3884 3885/4635/3883
f 3879/4627/3877 3880/4629/3878 3887/4636/3885 3886/4634/3884
f 3880/4629/3878 3881/4630/3879 3888/4637/3886 3887/4636/3885
f 3881/4630/3879 3882/4631/3880 3889/4638/3887 3888/4637/3886
f 3882/4631/3880 3883/4632/3881 3890/4639/3888 3889/4638/3887
f 3883/4632/3881 3884/4633/3882 3891/4640/3889 3890/4639/3888
f 3302/4641/3308 3337/4642/3342 3843/4592/3841 3483/4643/3488
f 3337/4642/3342 3338/4644/3343 3844/4593/3842 3843/4592/3841
f 3338/4644/3343 3339/4645/3344 3845/4596/3843 3844/4593/3842
f 3339/4645/3344 3340/4646/3345 3846/4598/3844 3845/4596/3843
f 3340/4646/3345 3341/4647/3346 3847/4600/3845 3846/4598/3844
f 3341/4647/3346 3342/4648/3347 3848/4602/3846 3847/4600/3845
f 3342/4648/3347 3343/4649/3348 3849/4604/3847 3848/4602/3846
f 3343/4649/3348 3299/4650/3305 3470/4651/3475 3849/4604/3847
f 3849/4604/3847 3470/4651/3475 3471/4652/3476 3856/4605/3854
f 3856/4605/3854 3471/4652/3476 3472/4653/3477 3863/4612/3861
f 3863/4612/3861 3472/4653/3477 3473/4654/3478 3870/4619/3868
f 3870/4619/3868 3473/4654/3478 3474/4655/3479 3877/4626/3875
f 3877/4626/3875 3474/4655/3479 3475/4656/3480 3884/4633/3882
f 3884/4633/3882 3475/4656/3480 3476/4657/3481 3891/4640/3889
f 3891/4640/3889 3476/4657/3481 3308/4658/3314 3413/4659/3418
f 3890/4639/3888 3891/4640/3889 3413/4659/3418 3412/4660/3417
f 3889/4638/3887 3890/4639/3888 3412/4660/3417 3411/4661/3416
f 3888/4637/3886 3889/4638/3887 3411/4661/3416 3410/4662/3415
f 3887/4636/3885 3888/4637/3886 3410/4662/3415 3409/4663/3414
f 3886/4634/3884 3887/4636/3885 3409/4663/3414 3408/4664/3413
f 3885/4635/3883 3886/4634/3884 3408/4664/3413 3407/4665/3412
f 3477/4666/3482 3885/4635/3883 3407/4665/3412 3311/4667/3317
f 3478/4668/3483 3878/4628/3876 3885/4635/3883 3477/4666/3482
f 3479/4669/3484 3871/4621/3869 3878/4628/3876 3478/4668/3483
f 3480/4670/3485 3864/4614/3862 3871/4621/3869 3479/4669/3484
f 3481/4671/3486 3857/4607/3855 3864/4614/3862 3480/4670/3485
f 3482/4672/3487 3850/4595/3848 3857/4607/3855 3481/4671/3486
f 3483/4643/3488 3843/4592/3841 3850/4595/3848 3482/4672/3487
f 3892/4673/3890 3893/4674/3891 3900/4675/3898 3899/4676/3897
f 3893/4674/3891 3894/4677/3892 3901/4678/3899 3900/4675/3898
f 3894/4677/3892 3895/4679/3893 3902/4680/3900 3901/4678/3899
f 3895/4679/3893 3896/4681/3894 3903/4682/3901 3902/4680/3900
f 3896/4681/3894 3897/4683/3895 3904/4684/3902 3903/4682/3901
f 3897/4683/3895 3898/4685/3896 3905/4686/3903 3904/4684/3902
f 3899/4676/3897 3900/4675/3898 3907/4687/3905 3906/4688/3904
f 3900/4675/3898 3901/4678/3899 3908/4689/3906 3907/4687/3905
f 3901/4678/3899 3902/4680/3900 3909/4690/3907 3908/4689/3906
f 3902/4680/3900 3903/4682/3901 3910/4691/3908 3909/4690/3907
f 3903/4682/3901 3904/4684/3902 3911/4692/3909 3910/4691/3908
f 3904/4684/3902 3905/4686/3903 3912/4693/3910 3911/4692/3909
f 3906/4688/3904 3907/4687/3905 3914/4694/3912 3913/4695/3911
f 3907/4687/3905 3908/4689/3906 3915/4696/3913 3914/4694/3912
f 3908/4689/3906 3909/4690/3907 3916/4697/3914 3915/4696/3913
f 3909/4690/3907 3910/4691/3908 3917/4698/3915 3916/4697/3914
f 3910/4691/3908 3911/4692/3909 3918/4699/3916 3917/4698/3915
f 3911/4692/3909 3912/4693/3910 3919/4700/3917 3918/4699/3916
f 3913/4695/3911 3914/4694/3912 3921/4701/3919 3920/4702/3918
f 3914/4694/3912 3915/4696/3913 3922/4703/3920 3921/4701/3919
f 3915/4696/3913 3916/4697/3914 3923/4704/3921 3922/4703/3920
f 3916/4697/3914 3917/4698/3915 3924/4705/3922 3923/4704/3921
f 3917/4698/3915 3918/4699/3916 3925/4706/3923 3924/4705/3922
f 3918/4699/3916 3919/4700/3917 3926/4707/3924 3925/4706/3923
f 3920/4702/3918 3921/4701/3919 3928/4708/3926 3927/4709/3925
f 3921/4701/3919 3922/4703/3920 3929/4710/3927 3928/4708/3926
f 3922/4703/3920 3923/4704/3921 3930/4711/3928 3929/4710/3927
f 3923/4704/3921 3924/4705/3922 3931/4712/3929 3930/4711/3928
f 3924/4705/3922 3925/4706/3923 3932/4713/3930 3931/4712/3929
f 3925/4706/3923 3926/4707/3924 3933/4714/3931 3932/4713/3930
f 3927/4709/3925 3928/4708/3926 3935/4715/3933 3934/4716/3932
f 3928/4708/3926 3929/4710/3927 3936/4717/3934 3935/4715/3933
f 3929/4710/3927 3930/4711/3928 3937/4718/3935 3936/4717/3934
f 3930/4711/3928 3931/4712/3929 3938/4719/3936 3937/4718/3935
f 3931/4712/3929 3932/4713/3930 3939/4720/3937 3938/4719/3936
f 3932/4713/3930 3933/4714/3931 3940/4721/3938 3939/4720/3937
f 3304/4722/3310 3316/4723/3321 3892/4673/3890 3497/4724/3502
f 3316/4723/3321 3317/4725/3322 3893/4674/3891 3892/4673/3890
f 3317/4725/3322 3318/4726/3323 3894/4677/3892 3893/4674/3891
f 3318/4726/3323 3319/4727/3324 3895/4679/3893 3894/4677/3892
f 3319/4727/3324 3320/4728/3325 3896/4681/3894 3895/4679/3893
f 3320/4728/3325 3321/4729/3326 3897/4683/3895 3896/4681/3894
f 3321/4729/3326 3322/4730/3327 3898/4685/3896 3897/4683/3895
f 3322/4730/3327 3297/4731/3303 3484/4732/3489 3898/4685/3896
f 3898/4685/3896 3484/4732/3489 3485/4733/3490 3905/4686/3903
f 3905/4686/3903 3485/4733/3490 3486/4734/3491 3912/4693/3910
f 3912/4693/3910 3486/4734/3491 3487/4735/3492 3919/4700/3917
f 3919/4700/3917 3487/4735/3492 3488/4736/3493 3926/4707/3924
f 3926/4707/3924 3488/4736/3493 3489/4737/3494 3933/4714/3931
f 3933/4714/3931 3489/4737/3494 3490/4738/3495 3940/4721/3938
f 3940/4721/3938 3490/4738/3495 3306/4739/3312 3392/4740/3397
f 3939/4720/3937 3940/4721/3938 3392/4740/3397 3391/4741/3396
f 3938/4719/3936 3939/4720/3937 3391/4741/3396 3390/4742/3395
f 3937/4718/3935 3938/4719/3936 3390/4742/3395 3389/4743/3394
f 3936/4717/3934 3937/4718/3935 3389/4743/3394 3388/4744/3393
f 3935/4715/3933 3936/4717/3934 3388/4744/3393 3387/4745/3392
f 3934/4716/3932 3935/4715/3933 3387/4745/3392 3386/4746/3391
f 3491/4747/3496 3934/4716/3932 3386/4746/3391 3313/4748/3319
f 3492/4749/3497 3927/4709/3925 3934/4716/3932 3491/4747/3496
f 3493/4750/3498 3920/4702/3918 3927/4709/3925 3492/4749/3497
f 3494/4751/3499 3913/4695/3911 3920/4702/3918 3493/4750/3498
f 3495/4752/3500 3906/4688/3904 3913/4695/3911 3494/4751/3499
f 3496/4753/3501 3899/4676/3897 3906/4688/3904 3495/4752/3500
f 3497/4724/3502 3892/4673/3890 3899/4676/3897 3496/4753/3501
f 3941/4754/3939 3942/4755/3940 3949/4756/3947 3948/4757/3946
f 3942/4755/3940 3943/4758/3941 3950/4759/3948 3949/4756/3947
f 3943/4758/3941 3944/4760/3942 3951/4761/3949 3950/4759/3948
f 3944/4760/3942 3945/4762/3943 3952/4763/3950 3951/4761/3949
f 3945/4762/3943 3946/4764/3944 3953/4765/3951 3952/4763/3950
f 3946/4764/3944 3947/4766/3945 3954/4767/3952 3953/4765/3951
f 3948/4757/3946 3949/4756/3947 3956/4768/3954 3955/4769/3953
f 3949/4756/3947 3950/4759/3948 3957/4770/3955 3956/4768/3954
f 3950/4759/3948 3951/4761/3949 3958/4771/3956 3957/4770/3955
f 3951/4761/3949 3952/4763/3950 3959/4772/3957 3958/4771/3956
f 3952/4763/3950 3953/4765/3951 3960/4773/3958 3959/4772/3957
f 3953/4765/3951 3954/4767/3952 3961/4774/3959 3960/4773/3958
f 3955/4769/3953 3956/4768/3954 3963/4775/3961 3962/4776/3960
f 3956/4768/3954 3957/4770/3955 3964/4777/3962 3963/4775/3961
f 3957/4770/3955 3958/4771/3956 3965/4778/3963 3964/4777/3962
f 3958/4771/3956 3959/4772/3957 3966/4779/3964 3965/4778/3963
f 3959/4772/3957 3960/4773/3958 3967/4780/3965 3966/4779/3964
f 3960/4773/3958 3961/4774/3959 3968/4781/3966 3967/4780/3965
f 3962/4776/3960 3963/4775/3961 3970/4782/3968 3969/4783/3967
f 3963/4775/3961 3964/4777/3962 3971/4784/3969 3970/4782/3968
f 3964/4777/3962 3965/4778/3963 3972/4785/3970 3971/4784/3969
f 3965/4778/3963 3966/4779/3964 3973/4786/3971 3972/4785/3970
f 3966/4779/3964 3967/4780/3965 3974/4787/3972 3973/4786/3971
f 3967/4780/3965 3968/4781/3966 3975/4788/3973 3974/4787/3972
f 3969/4783/3967 3970/4782/3968 3977/4789/3975 3976/4790/3974
f 3970/4782/3968 3971/4784/3969 3978/4791/3976 3977/4789/3975
f 3971/4784/3969 3972/4785/3970 3979/4792/3977 3978/4791/3976
f 3972/4785/3970 3973/4786/3971 3980/4793/3978 3979/4792/3977
f 3973/4786/3971 3974/4787/3972 3981/4794/3979 3980/4793/3978
f 3974/4787/3972 3975/4788/3973 3982/4795/3980 3981/4794/3979
f 3976/4790/3974 3977/4789/3975 3984/4796/3982 3983/4797/3981
f 3977/4789/3975 3978/4791/3976 3985/4798/3983 3984/4796/3982
f 3978/4791/3976 3979/4792/3977 3986/4799/3984 3985/4798/3983
f 3979/4792/3977 3980/4793/3978 3987/4800/3985 3986/4799/3984
f 3980/4793/3978 3981/4794/3979 3988/4801/3986 3987/4800/3985
f 3981/4794/3979 3982/4795/3980 3989/4802/3987 3988/4801/3986
f 3299/4803/3305 3365/4804/3370 3941/4754/3939 3470/4805/3475
f 3365/4804/3370 3366/4806/3371 3942/4755/3940 3941/4754/3939
f 3366/4806/3371 3367/4807/3372 3943/4758/3941 3942/4755/3940
f 3367/4807/3372 3368/4808/3373 3944/4760/3942 3943/4758/3941
f 3368/4808/3373 3369/4809/3374 3945/4762/3943 3944/4760/3942
f 3369/4809/3374 3370/4810/3375 3946/4764/3944 3945/4762/3943
f 3370/4810/3375 3371/4811/3376 3947/4766/3945 3946/4764/3944
f 3371/4811/3376 3304/4812/3310 3497/4813/3502 3947/4766/3945
f 3947/4766/3945 3497/4813/3502 3496/4814/3501 3954/4767/3952
f 3954/4767/3952 3496/4814/3501 3495/4815/3500 3961/4774/3959
f 3961/4774/3959 3495/4815/3500 3494/4816/3499 3968/4781/3966
f 3968/4781/3966 3494/4816/3499 3493/4817/3498 3975/4788/3973
f 3975/4788/3973 3493/4817/3498 3492/4818/3497 3982/4795/3980
f 3982/4795/3980 3492/4818/3497 3491/4819/3496 3989/4802/3987
f 3989/4802/3987 3491/4819/3496 3313/4820/3319 3441/4821/3446
f 3988/4801/3986 3989/4802/3987 3441/4821/3446 3440/4822/3445
f 3987/4800/3985 3988/4801/3986 3440/4822/3445 3439/4823/3444
f 3986/4799/3984 3987/4800/3985 3439/4823/3444 3438/4824/3443
f 3985/4798/3983 3986/4799/3984 3438/4824/3443 3437/4825/3442
f 3984/4796/3982 3985/4798/3983 3437/4825/3442 3436/4826/3441
f 3983/4797/3981 3984/4796/3982 3436/4826/3441 3435/4827/3440
f 3476/4828/3481 3983/4797/3981 3435/4827/3440 3308/4829/3314
f 3475/4830/3480 3976/4790/3974 3983/4797/3981 3476/4828/3481
f 3474/4831/3479 3969/4783/3967 3976/4790/3974 3475/4830/3480
f 3473/4832/3478 3962/4776/3960 3969/4783/3967 3474/4831/3479
f 3472/4833/3477 3955/4769/3953 3962/4776/3960 3473/4832/3478
f 3471/4834/3476 3948/4757/3946 3955/4769/3953 3472/4833/3477
f 3470/4805/3475 3941/4754/3939 3948/4757/3946 3471/4834/3476
f 3990/4835/3988 3991/4836/3989 3998/4837/3996 3997/4838/3995
f 3991/4836/3989 3992/4839/3990 3999/4840/3997 3998/4837/3996
f 3992/4839/3990 3993/4841/3991 4000/4842/3998 3999/4840/3997
f 3993/4841/3991 3994/4843/3992 4001/4844/3999 4000/4842/3998
f 3994/4843/3992 3995/4845/3993 4002/4846/4000 4001/4844/3999
f 3995/4845/3993 3996/4847/3994 4003/4848/4001 4002/4846/4000
f 3997/4838/3995 3998/4837/3996 4005/4849/4003 4004/4850/4002
f 3998/4837/3996 3999/4840/3997 4006/4851/4004 4005/4849/4003
f 3999/4840/3997 4000/4842/3998 4007/4852/4005 4006/4851/4004
f 4000/4842/3998 4001/4844/3999 4008/4853/4006 4007/4852/4005
f 4001/4844/3999 4002/4846/4000 4009/4854/4007 4008/4853/4006
f 4002/4846/4000 4003/4848/4001 4010/4855/4008 4009/4854/4007
f 4004/4850/4002 4005/4849/4003 4012/4856/4010 4011/4857/4009
f 4005/4849/4003 4006/4851/4004 4013/4858/4011 4012/4856/4010
f 4006/4851/4004 4007/4852/4005 4014/4859/4012 4013/4858/4011
f 4007/4852/4005 4008/4853/4006 4015/4860/4013 4014/4859/4012
f 4008/4853/4006 4009/4854/4007 4016/4861/4014 4015/4860/4013
f 4009/4854/4007 4010/4855/4008 4017/4862/4015 4016/4861/4014
f 4011/4857/4009 4012/4856/4010 4019/4863/4017 4018/4864/4016
f 4012/4856/4010 4013/4858/4011 4020/4865/4018 4019/4863/4017
f 4013/4858/4011 4014/4859/4012 4021/4866/4019 4020/4865/4018
f 4014/4859/4012 4015/4860/4013 4022/4867/4020 4021/4866/4019
f 4015/4860/4013 4016/4861/4014 4023/4868/4021 4022/4867/4020
f 4016/4861/4014 4017/4862/4015 4024/4869/4022 4023/4868/4021
f 4018/4864/4016 4019/4863/4017 4026/4870/4024 4025/4871/4023
f 4019/4863/4017 4020/4865/4018 4027/4872/4025 4026/4870/4024
f 4020/4865/4018 4021/4866/4019 4028/4873/4026 4027/4872/4025
f 4021/4866/4019 4022/4867/4020 4029/4874/4027 4028/4873/4026
f 4022/4867/4020 4023/4868/4021 4030/4875/4028 4029/4874/4027
f 4023/4868/4021 4024/4869/4022 4031/4876/4029 4030/4875/4028
f 4025/4871/4023 4026/4870/4024 4033/4877/4031 4032/4878/4030
f 4026/4870/4024 4027/4872/4025 4034/4879/4032 4033/4877/4031
f 4027/4872/4025 4028/4873/4026 4035/4880/4033 4034/4879/4032
f 4028/4873/4026 4029/4874/4027 4036/4881/4034 4035/4880/4033
f 4029/4874/4027 4030/4875/4028 4037/4882/4035 4036/4881/4034
f 4030/4875/4028 4031/4876/4029 4038/4883/4036 4037/4882/4035
f 3300/4884/3306 3344/4885/3349 3990/4835/3988 3504/4886/3509
f 3344/4885/3349 3345/4887/3350 3991/4836/3989 3990/4835/3988
f 3345/4887/3350 3346/4888/3351 3992/4839/3990 3991/4836/3989
f 3346/4888/3351 3347/4889/3352 3993/4841/3991 3992/4839/3990
f 3347/4889/3352 3348/4890/3353 3994/4843/3992 3993/4841/3991
f 3348/4890/3353 3349/4891/3354 3995/4845/3993 3994/4843/3992
f 3349/4891/3354 3350/4892/3355 3996/4847/3994 3995/4845/3993
f 3350/4892/3355 3301/4560/3307 3469/4562/3474 3996/4847/3994
f 3996/4847/3994 3469/4562/3474 3468/4591/3473 4003/4848/4001
f 4003/4848/4001 3468/4591/3473 3467/4590/3472 4010/4855/4008
f 4010/4855/4008 3467/4590/3472 3466/4589/3471 4017/4862/4015
f 4017/4862/4015 3466/4589/3471 3465/4588/3470 4024/4869/4022
f 4024/4869/4022 3465/4588/3470 3464/4587/3469 4031/4876/4029
f 4031/4876/4029 3464/4587/3469 3463/4585/3468 4038/4883/4036
f 4038/4883/4036 3463/4585/3468 3310/4586/3316 3420/4893/3425
f 4037/4882/4035 4038/4883/4036 3420/4893/3425 3419/4894/3424
f 4036/4881/4034 4037/4882/4035 3419/4894/3424 3418/4895/3423
f 4035/4880/4033 4036/4881/4034 3418/4895/3423 3417/4896/3422
f 4034/4879/4032 4035/4880/4033 3417/4896/3422 3416/4897/3421
f 4033/4877/4031 4034/4879/4032 3416/4897/3421 3415/4898/3420
f 4032/4878/4030 4033/4877/4031 3415/4898/3420 3414/4899/3419
f 3498/4900/3503 4032/4878/4030 3414/4899/3419 3309/4901/3315
f 3499/4902/3504 4025/4871/4023 4032/4878/4030 3498/4900/3503
f 3500/4903/3505 4018/4864/4016 4025/4871/4023 3499/4902/3504
f 3501/4904/3506 4011/4857/4009 4018/4864/4016 3500/4903/3505
f 3502/4905/3507 4004/4850/4002 4011/4857/4009 3501/4904/3506
f 3503/4906/3508 3997/4838/3995 4004/4850/4002 3502/4905/3507
f 3504/4886/3509 3990/4835/3988 3997/4838/3995 3503/4906/3508
f 4039/4907/4037 4040/4908/4038 4047/4909/4045 4046/4910/4044
f 4040/4908/4038 4041/4911/4039 4048/4912/4046 4047/4909/4045
f 4041/4911/4039 4042/4913/4040 4049/4914/4047 4048/4912/4046
f 4042/4913/4040 4043/4915/4041 4050/4916/4048 4049/4914/4047
f 4043/4915/4041 4044/4917/4042 4051/4918/4049 4050/4916/4048
f 4044/4917/4042 4045/4919/4043 4052/4920/4050 4051/4918/4049
f 4046/4910/4044 4047/4909/4045 4054/4921/4052 4053/4922/4051
f 4047/4909/4045 4048/4912/4046 4055/4923/4053 4054/4921/4052
f 4048/4912/4046 4049/4914/4047 4056/4924/4054 4055/4923/4053
f 4049/4914/4047 4050/4916/4048 4057/4925/4055 4056/4924/4054
f 4050/4916/4048 4051/4918/4049 4058/4926/4056 4057/4925/4055
f 4051/4918/4049 4052/4920/4050 4059/4927/4057 4058/4926/4056
f 4053/4922/4051 4054/4921/4052 4061/4928/4059 4060/4929/4058
f 4054/4921/4052 4055/4923/4053 4062/4930/4060 4061/4928/4059
f 4055/4923/4053 4056/4924/4054 4063/4931/4061 4062/4930/4060
f 4056/4924/4054 4057/4925/4055 4064/4932/4062 4063/4931/4061
f 4057/4925/4055 4058/4926/4056 4065/4933/4063 4064/4932/4062
f 4058/4926/4056 4059/4927/4057 4066/4934/4064 4065/4933/4063
f 4060/4929/4058 4061/4928/4059 4068/4935/4066 4067/4936/4065
f 4061/4928/4059 4062/4930/4060 4069/4937/4067 4068/4935/4066
f 4062/4930/4060 4063/4931/4061 4070/4938/4068 4069/4937/4067
f 4063/4931/4061 4064/4932/4062 4071/4939/4069 4070/4938/4068
f 4064/4932/4062 4065/4933/4063 4072/4940/4070 4071/4939/4069
f 4065/4933/4063 4066/4934/4064 4073/4941/4071 4072/4940/4070
f 4067/4936/4065 4068/4935/4066 4075/4942/4073 4074/4943/4072
f 4068/4935/4066 4069/4937/4067 4076/4944/4074 4075/4942/4073
f 4069/4937/4067 4070/4938/4068 4077/4945/4075 4076/4944/4074
f 4070/4938/4068 4071/4939/4069 4078/4946/4076 4077/4945/4075
f 4071/4939/4069 4072/4940/4070 4079/4947/4077 4078/4946/4076
f 4072/4940/4070 4073/4941/4071 4080/4948/4078 4079/4947/4077
f 4074/4943/4072 4075/4942/4073 4082/4949/4080 4081/4950/4079
f 4075/4942/4073 4076/4944/4074 4083/4951/4081 4082/4949/4080
f 4076/4944/4074 4077/4945/4075 4084/4952/4082 4083/4951/4081
f 4077/4945/4075 4078/4946/4076 4085/4953/4083 4084/4952/4082
f 4078/4946/4076 4079/4947/4077 4086/4954/4084 4085/4953/4083
f 4079/4947/4077 4080/4948/4078 4087/4955/4085 4086/4954/4084
f 3297/4731/3303 3323/4956/3328 4039/4907/4037 3484/4732/3489
f 3323/4956/3328 3324/4957/3329 4040/4908/4038 4039/4907/4037
f 3324/4957/3329 3325/4958/3330 4041/4911/4039 4040/4908/4038
f 3325/4958/3330 3326/4959/3331 4042/4913/4040 4041/4911/4039
f 3326/4959/3331 3327/4960/3332 4043/4915/4041 4042/4913/4040
f 3327/4960/3332 3328/4961/3333 4044/4917/4042 4043/4915/4041
f 3328/4961/3333 3329/4962/3334 4045/4919/4043 4044/4917/4042
f 3329/4962/3334 3298/4963/3304 3505/4964/3510 4045/4919/4043
f 4045/4919/4043 3505/4964/3510 3506/4965/3511 4052/4920/4050
f 4052/4920/4050 3506/4965/3511 3507/4966/3512 4059/4927/4057
f 4059/4927/4057 3507/4966/3512 3508/4967/3513 4066/4934/4064
f 4066/4934/4064 3508/4967/3513 3509/4968/3514 4073/4941/4071
f 4073/4941/4071 3509/4968/3514 3510/4969/3515 4080/4948/4078
f 4080/4948/4078 3510/4969/3515 3511/4970/3516 4087/4955/4085
f 4087/4955/4085 3511/4970/3516 3307/4971/3313 3399/4972/3404
f 4086/4954/4084 4087/4955/4085 3399/4972/3404 3398/4973/3403
f 4085/4953/4083 4086/4954/4084 3398/4973/3403 3397/4974/3402
f 4084/4952/4082 4085/4953/4083 3397/4974/3402 3396/4975/3401
f 4083/4951/4081 4084/4952/4082 3396/4975/3401 3395/4976/3400
f 4082/4949/4080 4083/4951/4081 3395/4976/3400 3394/4977/3399
f 4081/4950/4079 4082/4949/4080 3394/4977/3399 3393/4978/3398
f 3490/4738/3495 4081/4950/4079 3393/4978/3398 3306/4739/3312
f 3489/4737/3494 4074/4943/4072 4081/4950/4079 3490/4738/3495
f 3488/4736/3493 4067/4936/4065 4074/4943/4072 3489/4737/3494
f 3487/4735/3492 4060/4929/4058 4067/4936/4065 3488/4736/3493
f 3486/4734/3491 4053/4922/4051 4060/4929/4058 3487/4735/3492
f 3485/4733/3490 4046/4910/4044 4053/4922/4051 3486/4734/3491
f 3484/4732/3489 4039/4907/4037 4046/4910/4044 3485/4733/3490
f 4088/4979/4086 4089/4980/4087 4096/4981/4094 4095/4982/4093
f 4089/4980/4087 4090/4983/4088 4097/4984/4095 4096/4981/4094
f 4090/4983/4088 4091/4985/4089 4098/4986/4096 4097/4984/4095
f 4091/4985/4089 4092/4987/4090 4099/4988/4097 4098/4986/4096
f 4092/4987/4090 4093/4989/4091 4100/4990/4098 4099/4988/4097
f 4093/4989/4091 4094/4991/4092 4101/4992/4099 4100/4990/4098
f 4095/4982/4093 4096/4981/4094 4103/4993/4101 4102/4994/4100
f 4096/4981/4094 4097/4984/4095 4104/4995/4102 4103/4993/4101
f 4097/4984/4095 4098/4986/4096 4105/4996/4103 4104/4995/4102
f 4098/4986/4096 4099/4988/4097 4106/4997/4104 4105/4996/4103
f 4099/4988/4097 4100/4990/4098 4107/4998/4105 4106/4997/4104
f 4100/4990/4098 4101/4992/4099 4108/4999/4106 4107/4998/4105
f 4102/4994/4100 4103/4993/4101 4110/5000/4108 4109/5001/4107
f 4103/4993/4101 4104/4995/4102 4111/5002/4109 4110/5000/4108
f 4104/4995/4102 4105/4996/4103 4112/5003/4110 4111/5002/4109
f 4105/4996/4103 4106/4997/4104 4113/5004/4111 4112/5003/4110
f 4106/4997/4104 4107/4998/4105 4114/5005/4112 4113/5004/4111
f 4107/4998/4105 4108/4999/4106 4115/5006/4113 4114/5005/4112
f 4109/5001/4107 4110/5000/4108 4117/5007/4115 4116/5008/4114
f 4110/5000/4108 4111/5002/4109 4118/5009/4116 4117/5007/4115
f 4111/5002/4109 4112/5003/4110 4119/5010/4117 4118/5009/4116
f 4112/5003/4110 4113/5004/4111 4120/5011/4118 4119/5010/4117
f 4113/5004/4111 4114/5005/4112 4121/5012/4119 4120/5011/4118
f 4114/5005/4112 4115/5006/4113 4122/5013/4120 4121/5012/4119
f 4116/5008/4114 4117/5007/4115 4124/5014/4122 4123/5015/4121
f 4117/5007/4115 4118/5009/4116 4125/5016/4123 4124/5014/4122
f 4118/5009/4116 4119/5010/4117 4126/5017/4124 4125/5016/4123
f 4119/5010/4117 4120/5011/4118 4127/5018/4125 4126/5017/4124
f 4120/5011/4118 4121/5012/4119 4128/5019/4126 4127/5018/4125
f 4121/5012/4119 4122/5013/4120 4129/5020/4127 4128/5019/4126
f 4123/5015/4121 4124/5014/4122 4131/5021/4129 4130/5022/4128
f 4124/5014/4122 4125/5016/4123 4132/5023/4130 4131/5021/4129
f 4125/5016/4123 4126/5017/4124 4133/5024/4131 4132/5023/4130
f 4126/5017/4124 4127/5018/4125 4134/5025/4132 4133/5024/4131
f 4127/5018/4125 4128/5019/4126 4135/5026/4133 4134/5025/4132
f 4128/5019/4126 4129/5020/4127 4136/5027/4134 4135/5026/4133
f 3298/5028/3304 3372/5029/3377 4088/4979/4086 3505/5030/3510
f 3372/5029/3377 3373/5031/3378 4089/4980/4087 4088/4979/4086
f 3373/5031/3378 3374/5032/3379 4090/4983/4088 4089/4980/4087
f 3374/5032/3379 3375/5033/3380 4091/4985/4089 4090/4983/4088
f 3375/5033/3380 3376/5034/3381 4092/4987/4090 4091/4985/4089
f 3376/5034/3381 3377/5035/3382 4093/4989/4091 4092/4987/4090
f 3377/5035/3382 3378/5036/3383 4094/4991/4092 4093/4989/4091
f 3378/5036/3383 3305/5037/3311 3512/5038/3517 4094/4991/4092
f 4094/4991/4092 3512/5038/3517 3513/5039/3518 4101/4992/4099
f 4101/4992/4099 3513/5039/3518 3514/5040/3519 4108/4999/4106
f 4108/4999/4106 3514/5040/3519 3515/5041/3520 4115/5006/4113
f 4115/5006/4113 3515/5041/3520 3516/5042/3521 4122/5013/4120
f 4122/5013/4120 3516/5042/3521 3517/5043/3522 4129/5020/4127
f 4129/5020/4127 3517/5043/3522 3518/5044/3523 4136/5027/4134
f 4136/5027/4134 3518/5044/3523 3314/5045/3320 3448/5046/3453
f 4135/5026/4133 4136/5027/4134 3448/5046/3453 3447/5047/3452
f 4134/5025/4132 4135/5026/4133 3447/5047/3452 3446/5048/3451
f 4133/5024/4131 4134/5025/4132 3446/5048/3451 3445/5049/3450
f 4132/5023/4130 4133/5024/4131 3445/5049/3450 3444/5050/3449
f 4131/5021/4129 4132/5023/4130 3444/5050/3449 3443/5051/3448
f 4130/5022/4128 4131/5021/4129 3443/5051/3448 3442/5052/3447
f 3511/5053/3516 4130/5022/4128 3442/5052/3447 3307/5054/3313
f 3510/5055/3515 4123/5015/4121 4130/5022/4128 3511/5053/3516
f 3509/5056/3514 4116/5008/4114 4123/5015/4121 3510/5055/3515
f 3508/5057/3513 4109/5001/4107 4116/5008/4114 3509/5056/3514
f 3507/5058/3512 4102/4994/4100 4109/5001/4107 3508/5057/3513
f 3506/5059/3511 4095/4982/4093 4102/4994/4100 3507/5058/3512
f 3505/5030/3510 4088/4979/4086 4095/4982/4093 3506/5059/3511
f 4137/5060/4135 4138/5061/4136 4145/5062/4143 4144/5063/4142
f 4138/5061/4136 4139/5064/4137 4146/5065/4144 4145/5062/4143
f 4139/5064/4137 4140/5066/4138 4147/5067/4145 4146/5065/4144
f 4140/5066/4138 4141/5068/4139 4148/5069/4146 4147/5067/4145
f 4141/5068/4139 4142/5070/4140 4149/5071/4147 4148/5069/4146
f 4142/5070/4140 4143/5072/4141 4150/5073/4148 4149/5071/4147
f 4144/5063/4142 4145/5062/4143 4152/5074/4150 4151/5075/4149
f 4145/5062/4143 4146/5065/4144 4153/5076/4151 4152/5074/4150
f 4146/5065/4144 4147/5067/4145 4154/5077/4152 4153/5076/4151
f 4147/5067/4145 4148/5069/4146 4155/5078/4153 4154/5077/4152
f 4148/5069/4146 4149/5071/4147 4156/5079/4154 4155/5078/4153
f 4149/5071/4147 4150/5073/4148 4157/5080/4155 4156/5079/4154
f 4151/5075/4149 4152/5074/4150 4159/5081/4157 4158/5082/4156
f 4152/5074/4150 4153/5076/4151 4160/5083/4158 4159/5081/4157
f 4153/5076/4151 4154/5077/4152 4161/5084/4159 4160/5083/4158
f 4154/5077/4152 4155/5078/4153 4162/5085/4160 4161/5084/4159
f 4155/5078/4153 4156/5079/4154 4163/5086/4161 4162/5085/4160
f 4156/5079/4154 4157/5080/4155 4164/5087/4162 4163/5086/4161
f 4158/5082/4156 4159/5081/4157 4166/5088/4164 4165/5089/4163
f 4159/5081/4157 4160/5083/4158 4167/5090/4165 4166/5088/4164
f 4160/5083/4158 4161/5084/4159 4168/5091/4166 4167/5090/4165
f 4161/5084/4159 4162/5085/4160 4169/5092/4167 4168/5091/4166
f 4162/5085/4160 4163/5086/4161 4170/5093/4168 4169/5092/4167
f 4163/5086/4161 4164/5087/4162 4171/5094/4169 4170/5093/4168
f 4165/5089/4163 4166/5088/4164 4173/5095/4171 4172/5096/4170
f 4166/5088/4164 4167/5090/4165 4174/5097/4172 4173/5095/4171
f 4167/5090/4165 4168/5091/4166 4175/5098/4173 4174/5097/4172
f 4168/5091/4166 4169/5092/4167 4176/5099/4174 4175/5098/4173
f 4169/5092/4167 4170/5093/4168 4177/5100/4175 4176/5099/4174
f 4170/5093/4168 4171/5094/4169 4178/5101/4176 4177/5100/4175
f 4172/5096/4170 4173/5095/4171 4180/5102/4178 4179/5103/4177
f 4173/5095/4171 4174/5097/4172 4181/5104/4179 4180/5102/4178
f 4174/5097/4172 4175/5098/4173 4182/5105/4180 4181/5104/4179
f 4175/5098/4173 4176/5099/4174 4183/5106/4181 4182/5105/4180
f 4176/5099/4174 4177/5100/4175 4184/5107/4182 4183/5106/4181
f 4177/5100/4175 4178/5101/4176 4185/5108/4183 4184/5107/4182
f 3303/5109/3309 3357/5110/3362 4137/5060/4135 3456/5111/3461
f 3357/5110/3362 3356/5112/3361 4138/5061/4136 4137/5060/4135
f 3356/5112/3361 3355/5113/3360 4139/5064/4137 4138/5061/4136
f 3355/5113/3360 3354/5114/3359 4140/5066/4138 4139/5064/4137
f 3354/5114/3359 3353/5115/3358 4141/5068/4139 4140/5066/4138
f 3353/5115/3358 3352/5116/3357 4142/5070/4140 4141/5068/4139
f 3352/5116/3357 3351/5117/3356 4143/5072/4141 4142/5070/4140
f 3351/5117/3356 3302/4641/3308 3483/4643/3488 4143/5072/4141
f 4143/5072/4141 3483/4643/3488 3482/4672/3487 4150/5073/4148
f 4150/5073/4148 3482/4672/3487 3481/4671/3486 4157/5080/4155
f 4157/5080/4155 3481/4671/3486 3480/4670/3485 4164/5087/4162
f 4164/5087/4162 3480/4670/3485 3479/4669/3484 4171/5094/4169
f 4171/5094/4169 3479/4669/3484 3478/4668/3483 4178/5101/4176
f 4178/5101/4176 3478/4668/3483 3477/4666/3482 4185/5108/4183
f 4185/5108/4183 3477/4666/3482 3311/4667/3317 3421/5118/3426
f 4184/5107/4182 4185/5108/4183 3421/5118/3426 3422/5119/3427
f 4183/5106/4181 4184/5107/4182 3422/5119/3427 3423/5120/3428
f 4182/5105/4180 4183/5106/4181 3423/5120/3428 3424/5121/3429
f 4181/5104/4179 4182/5105/4180 3424/5121/3429 3425/5122/3430
f 4180/5102/4178 4181/5104/4179 3425/5122/3430 3426/5123/3431
f 4179/5103/4177 4180/5102/4178 3426/5123/3431 3427/5124/3432
f 3462/5125/3467 4179/5103/4177 3427/5124/3432 3312/5126/3318
f 3461/5127/3466 4172/5096/4170 4179/5103/4177 3462/5125/3467
f 3460/5128/3465 4165/5089/4163 4172/5096/4170 3461/5127/3466
f 3459/5129/3464 4158/5082/4156 4165/5089/4163 3460/5128/3465
f 3458/5130/3463 4151/5075/4149 4158/5082/4156 3459/5129/3464
f 3457/5131/3462 4144/5063/4142 4151/5075/4149 3458/5130/3463
f 3456/5111/3461 4137/5060/4135 4144/5063/4142 3457/5131/3462
f 4186/5132/4184 4187/5133/4185 4194/5134/4192 4193/5135/4191
f 4187/5133/4185 4188/5136/4186 4195/5137/4193 4194/5134/4192
f 4188/5136/4186 4189/5138/4187 4196/5139/4194 4195/5137/4193
f 4189/5138/4187 4190/5140/4188 4197/5141/4195 4196/5139/4194
f 4190/5140/4188 4191/5142/4189 4198/5143/4196 4197/5141/4195
f 4191/5142/4189 4192/5144/4190 4199/5145/4197 4198/5143/4196
f 4193/5135/4191 4194/5134/4192 4201/5146/4199 4200/5147/4198
f 4194/5134/4192 4195/5137/4193 4202/5148/4200 4201/5146/4199
f 4195/5137/4193 4196/5139/4194 4203/5149/4201 4202/5148/4200
f 4196/5139/4194 4197/5141/4195 4204/5150/4202 4203/5149/4201
f 4197/5141/4195 4198/5143/4196 4205/5151/4203 4204/5150/4202
f 4198/5143/4196 4199/5145/4197 4206/5152/4204 4205/5151/4203
f 4200/5147/4198 4201/5146/4199 4208/5153/4206 4207/5154/4205
f 4201/5146/4199 4202/5148/4200 4209/5155/4207 4208/5153/4206
f 4202/5148/4200 4203/5149/4201 4210/5156/4208 4209/5155/4207
f 4203/5149/4201 4204/5150/4202 4211/5157/4209 4210/5156/4208
f 4204/5150/4202 4205/5151/4203 4212/5158/4210 4211/5157/4209
f 4205/5151/4203 4206/5152/4204 4213/5159/4211 4212/5158/4210
f 4207/5154/4205 4208/5153/4206 4215/5160/4213 4214/5161/4212
f 4208/5153/4206 4209/5155/4207 4216/5162/4214 4215/5160/4213
f 4209/5155/4207 4210/5156/4208 4217/5163/4215 4216/5162/4214
f 4210/5156/4208 4211/5157/4209 4218/5164/4216 4217/5163/4215
f 4211/5157/4209 4212/5158/4210 4219/5165/4217 4218/5164/4216
f 4212/5158/4210 4213/5159/4211 4220/5166/4218 4219/5165/4217
f 4214/5161/4212 4215/5160/4213 4222/5167/4220 4221/5168/4219
f 4215/5160/4213 4216/5162/4214 4223/5169/4221 4222/5167/4220
f 4216/5162/4214 4217/5163/4215 4224/5170/4222 4223/5169/4221
f 4217/5163/4215 4218/5164/4216 4225/5171/4223 4224/5170/4222
f 4218/5164/4216 4219/5165/4217 4226/5172/4224 4225/5171/4223
f 4219/5165/4217 4220/5166/4218 4227/5173/4225 4226/5172/4224
f 4221/5168/4219 4222/5167/4220 4229/5174/4227 4228/5175/4226
f 4222/5167/4220 4223/5169/4221 4230/5176/4228 4229/5174/4227
f 4223/5169/4221 4224/5170/4222 4231/5177/4229 4230/5176/4228
f 4224/5170/4222 4225/5171/4223 4232/5178/4230 4231/5177/4229
f 4225/5171/4223 4226/5172/4224 4233/5179/4231 4232/5178/4230
f 4226/5172/4224 4227/5173/4225 4234/5180/4232 4233/5179/4231
f 3305/5037/3311 3330/5181/3335 4186/5132/4184 3512/5038/3517
f 3330/5181/3335 3331/5182/3336 4187/5133/4185 4186/5132/4184
f 3331/5182/3336 3332/5183/3337 4188/5136/4186 4187/5133/4185
f 3332/5183/3337 3333/5184/3338 4189/5138/4187 4188/5136/4186
f 3333/5184/3338 3334/5185/3339 4190/5140/4188 4189/5138/4187
f 3334/5185/3339 3335/5186/3340 4191/5142/4189 4190/5140/4188
f 3335/5186/3340 3336/5187/3341 4192/5144/4190 4191/5142/4189
f 3336/5187/3341 3300/5188/3306 3504/5189/3509 4192/5144/4190
f 4192/5144/4190 3504/5189/3509 3503/5190/3508 4199/5145/4197
f 4199/5145/4197 3503/5190/3508 3502/5191/3507 4206/5152/4204
f 4206/5152/4204 3502/5191/3507 3501/5192/3506 4213/5159/4211
f 4213/5159/4211 3501/5192/3506 3500/5193/3505 4220/5166/4218
f 4220/5166/4218 3500/5193/3505 3499/5194/3504 4227/5173/4225
f 4227/5173/4225 3499/5194/3504 3498/5195/3503 4234/5180/4232
f 4234/5180/4232 3498/5195/3503 3309/5196/3315 3406/5197/3411
f 4233/5179/4231 4234/5180/4232 3406/5197/3411 3405/5198/3410
f 4232/5178/4230 4233/5179/4231 3405/5198/3410 3404/5199/3409
f 4231/5177/4229 4232/5178/4230 3404/5199/3409 3403/5200/3408
f 4230/5176/4228 4231/5177/4229 3403/5200/3408 3402/5201/3407
f 4229/5174/4227 4230/5176/4228 3402/5201/3407 3401/5202/3406
f 4228/5175/4226 4229/5174/4227 3401/5202/3406 3400/5203/3405
f 3518/5044/3523 4228/5175/4226 3400/5203/3405 3314/5045/3320
f 3517/5043/3522 4221/5168/4219 4228/5175/4226 3518/5044/3523
f 3516/5042/3521 4214/5161/4212 4221/5168/4219 3517/5043/3522
f 3515/5041/3520 4207/5154/4205 4214/5161/4212 3516/5042/3521
f 3514/5040/3519 4200/5147/4198 4207/5154/4205 3515/5041/3520
f 3513/5039/3518 4193/5135/4191 4200/5147/4198 3514/5040/3519
f 3512/5038/3517 4186/5132/4184 4193/5135/4191 3513/5039/3518
l 3303 3519
l 3519 3520
l 3520 3521
l 3521 3522
l 3522 3523
l 3523 3524
l 3524 3525
l 3525 3315
o Petalo.004
v 0.336831 4.598230 0.385095
v -0.140663 4.902853 0.297546
v 0.329917 4.257692 1.655167
v -0.516668 4.779287 1.588397
v -0.189732 4.682726 1.502956
v 0.085731 4.512572 1.519676
v 0.045479 4.743518 1.165905
v 0.509987 4.468457 1.133517
v -0.332090 4.996622 1.028622
v 0.379387 4.674434 0.402472
v -0.096465 4.978039 0.315023
v 0.372907 4.333724 1.671919
v -0.472039 4.854294 1.605246
v -0.145370 4.757267 1.519507
v 0.130102 4.587129 1.536232
v 0.059693 4.772079 1.354312
v 0.563676 4.571909 1.156249
v -0.274021 5.097362 1.051620
v 0.017412 4.751159 1.664778
v 0.512810 4.492815 1.022721
v 0.504361 4.512337 0.909161
v 0.486500 4.528588 0.796664
v 0.461085 4.543136 0.689058
v 0.430122 4.557339 0.590070
v 0.396201 4.571725 0.503032
v 0.362554 4.586276 0.431648
v 0.293512 4.618671 0.358479
v 0.230982 4.650839 0.326768
v 0.160397 4.690438 0.299386
v 0.087134 4.735181 0.280433
v 0.015860 4.782706 0.272519
v -0.049381 4.829789 0.274815
v -0.104354 4.872560 0.285132
v -0.360959 4.973823 1.137921
v -0.391438 4.942582 1.239479
v -0.422022 4.907218 1.331102
v -0.451207 4.872047 1.410601
v -0.477337 4.840723 1.476214
v -0.498149 4.814228 1.527898
v -0.511507 4.793028 1.565906
v 0.091567 4.488516 1.538646
v 0.103367 4.454851 1.564155
v 0.123269 4.417302 1.590256
v 0.154019 4.377860 1.613897
v 0.196774 4.338505 1.632713
v 0.246130 4.302734 1.645871
v 0.294587 4.274353 1.653111
v -0.488281 4.756427 1.592861
v -0.443938 4.727369 1.594707
v -0.392230 4.700727 1.591013
v -0.339670 4.681370 1.580696
v -0.291674 4.672490 1.563599
v -0.249590 4.672160 1.542217
v -0.214133 4.677048 1.519983
v 0.074353 4.534829 1.496190
v 0.059827 4.566060 1.462559
v 0.046337 4.599807 1.424381
v 0.036195 4.632718 1.383869
v 0.031015 4.662403 1.342278
v 0.030450 4.689092 1.298393
v 0.033916 4.713902 1.249080
v 0.023864 4.720273 1.248503
v 0.003247 4.706255 1.296816
v -0.021222 4.695191 1.339215
v -0.051152 4.687267 1.378690
v -0.087096 4.682775 1.416395
v -0.125841 4.681144 1.451372
v -0.162848 4.681538 1.481832
v 0.344413 4.265134 1.635731
v 0.364377 4.281393 1.601834
v 0.387348 4.305464 1.554733
v 0.413520 4.335493 1.494174
v 0.442606 4.369329 1.420188
v 0.471184 4.404485 1.334218
v 0.495047 4.438385 1.238061
v -0.160604 4.919673 0.337921
v -0.185667 4.941949 0.402337
v -0.210824 4.964379 0.483698
v -0.235166 4.984347 0.578949
v -0.258527 4.999582 0.685096
v -0.281744 5.008035 0.798204
v -0.305903 5.007712 0.914103
v 0.417824 4.516621 1.118727
v 0.312048 4.576539 1.102624
v 0.197573 4.644757 1.086275
v 0.079309 4.717822 1.070750
v -0.037809 4.792391 1.056966
v -0.148771 4.865570 1.045240
v -0.248542 4.934575 1.035737
v 0.566524 4.596174 1.045525
v 0.558117 4.615040 0.931938
v 0.539999 4.629720 0.819220
v 0.513715 4.641425 0.711103
v 0.481031 4.651273 0.611246
v 0.444601 4.660001 0.523024
v 0.407873 4.668062 0.450245
v 0.339316 4.700067 0.377093
v 0.280370 4.737770 0.346718
v 0.212440 4.781203 0.320288
v 0.140353 4.827254 0.301700
v 0.068463 4.873125 0.293454
v 0.001066 4.916065 0.294829
v -0.057114 4.953064 0.303833
v -0.302789 5.074392 1.160807
v -0.333323 5.042531 1.262156
v -0.364401 5.005732 1.353396
v -0.394800 4.967942 1.432255
v -0.423071 4.932557 1.496914
v -0.446855 4.900732 1.547370
v -0.463756 4.873371 1.583970
v 0.139068 4.568422 1.556396
v 0.154203 4.540581 1.583206
v 0.176384 4.507244 1.610242
v 0.207831 4.469536 1.634254
v 0.249419 4.428951 1.652766
v 0.296076 4.389415 1.665050
v 0.340880 4.355549 1.671035
v -0.440549 4.836720 1.610869
v -0.392891 4.813354 1.613948
v -0.338872 4.790712 1.611105
v -0.285485 4.772796 1.601071
v -0.238406 4.762318 1.583589
v -0.198715 4.757845 1.561266
v -0.166635 4.756935 1.537729
v 0.121712 4.614492 1.514156
v 0.110083 4.650785 1.483632
v 0.097925 4.687077 1.451420
v 0.086797 4.718743 1.421164
v 0.077777 4.742493 1.395694
v 0.070485 4.758529 1.375830
v 0.064310 4.767982 1.361857
v 0.054256 4.774351 1.361280
v 0.043279 4.775687 1.374252
v 0.025534 4.775272 1.392629
v -0.000557 4.773280 1.415981
v -0.035516 4.770030 1.443430
v -0.075594 4.765854 1.472440
v -0.115499 4.761185 1.499793
v 0.390204 4.346700 1.653679
v 0.413292 4.369377 1.621164
v 0.438798 4.399046 1.575263
v 0.466672 4.433406 1.515631
v 0.496553 4.470120 1.442259
v 0.525265 4.506934 1.356651
v 0.548931 4.541609 1.260687
v -0.113322 5.000244 0.356637
v -0.134887 5.028750 0.422474
v -0.157097 5.056569 0.505045
v -0.179281 5.080621 0.601191
v -0.201354 5.098438 0.707875
v -0.223954 5.108239 0.821226
v -0.247903 5.108417 0.937167
v 0.480915 4.636654 1.145209
v 0.382239 4.708165 1.131799
v 0.272441 4.783073 1.117088
v 0.156311 4.858011 1.102142
v 0.038667 4.929711 1.087877
v -0.075568 4.995331 1.074599
v -0.181447 5.052128 1.062462
v 0.038764 4.734540 1.234036
v 0.040906 4.739618 1.261768
v 0.045067 4.747662 1.281271
v 0.049739 4.756144 1.297342
v 0.053883 4.763331 1.312722
v 0.057055 4.768527 1.327947
v 0.059001 4.771386 1.342711
v -0.154049 4.752941 1.520166
v -0.164271 4.745483 1.520231
v -0.173493 4.735815 1.519279
v -0.181216 4.724716 1.517253
v -0.187132 4.712971 1.514207
v -0.190634 4.701296 1.510420
v -0.191242 4.690525 1.506308
v 0.348162 4.240855 1.671623
v 0.368380 4.225658 1.690085
v 0.384376 4.219484 1.704201
v 0.394407 4.224874 1.711166
v 0.397548 4.242836 1.709342
v 0.393860 4.270805 1.700026
v 0.384155 4.304575 1.685658
v 0.129176 4.577927 1.537344
v 0.126188 4.565899 1.537826
v 0.121196 4.553539 1.537115
v 0.114783 4.541597 1.535162
v 0.107554 4.530690 1.532041
v 0.099819 4.521702 1.528012
v 0.091976 4.515498 1.523482
v 0.351619 4.593547 0.370687
v 0.368690 4.591360 0.355780
v 0.382906 4.594316 0.346244
v 0.392375 4.603092 0.344437
v 0.395962 4.617695 0.351575
v 0.393938 4.636571 0.366090
v 0.387267 4.657382 0.385245
v 0.626574 4.516845 1.164052
v 0.669039 4.472551 1.168551
v 0.691342 4.439661 1.169876
v 0.693757 4.418809 1.168160
v 0.676557 4.410628 1.163534
v 0.640013 4.415754 1.156130
v 0.584399 4.434818 1.146081
v -0.504553 4.851908 1.616114
v -0.540537 4.846055 1.627561
v -0.568034 4.837121 1.634946
v -0.582606 4.826132 1.636083
v -0.581765 4.814118 1.629772
v -0.567072 4.801568 1.617558
v -0.541980 4.789085 1.601994
v -0.152306 4.915244 0.276980
v -0.162949 4.930988 0.255443
v -0.167662 4.946214 0.241231
v -0.164889 4.959343 0.237696
v -0.154046 4.969247 0.246597
v -0.136642 4.975543 0.265818
v -0.115220 4.978189 0.291624
v -0.395284 5.049296 1.024010
v -0.437598 5.091660 1.021813
v -0.459408 5.123141 1.021893
v -0.461088 5.143171 1.024112
v -0.443014 5.151178 1.028332
v -0.405561 5.146592 1.034416
v -0.349105 5.128843 1.042224
v 0.041970 4.744473 1.228264
v 0.038462 4.745429 1.290623
v 0.034954 4.746384 1.352982
v 0.031445 4.747339 1.415341
v 0.027937 4.748294 1.477700
v 0.024428 4.749249 1.540059
v 0.020920 4.750204 1.602418
v 0.308622 4.611572 0.414316
v 0.333012 4.601844 0.487546
v 0.359468 4.591618 0.575290
v 0.384219 4.581069 0.674576
v 0.404377 4.569751 0.782286
v 0.417910 4.556301 0.894753
v 0.422999 4.539122 1.008169
v 0.241737 4.646267 0.389396
v 0.258759 4.641004 0.466811
v 0.277869 4.635377 0.556983
v 0.295915 4.629119 0.657588
v 0.310195 4.621610 0.766015
v 0.318792 4.611427 0.878790
v 0.319983 4.596945 0.992223
v 0.167155 4.688361 0.365625
v 0.177658 4.687273 0.445879
v 0.189521 4.686357 0.538021
v 0.200483 4.684723 0.639889
v 0.208425 4.681337 0.749078
v 0.211648 4.674659 0.862251
v 0.208562 4.663021 0.975840
v 0.089794 4.735662 0.347646
v 0.094056 4.738539 0.428562
v 0.098632 4.742272 0.521123
v 0.102231 4.745319 0.623270
v 0.103537 4.746107 0.732699
v 0.101122 4.742938 0.846115
v 0.093531 4.734086 0.959979
v 0.014333 4.785746 0.338282
v 0.012215 4.792512 0.417419
v 0.009344 4.800754 0.508283
v 0.005432 4.808311 0.609141
v -0.000009 4.813098 0.717913
v -0.008142 4.813249 0.831252
v -0.020298 4.806951 0.945492
v -0.055133 4.835438 0.336323
v -0.064059 4.846355 0.411240
v -0.074499 4.859110 0.498770
v -0.085792 4.870981 0.597380
v -0.097802 4.879527 0.704995
v -0.111483 4.882741 0.818096
v -0.128063 4.878723 0.932804
v -0.114684 4.881302 0.338690
v -0.131138 4.897120 0.407521
v -0.149131 4.914571 0.491121
v -0.167354 4.930576 0.587484
v -0.185442 4.942615 0.694028
v -0.204238 4.948606 0.806972
v -0.224889 4.946583 0.922235
v -0.033187 4.596833 1.443949
v 0.401654 4.487853 1.222971
v 0.378096 4.454475 1.318848
v 0.351929 4.418760 1.404637
v 0.328267 4.382837 1.478534
v 0.294328 4.549221 1.206683
v 0.270414 4.516549 1.302613
v 0.245629 4.480438 1.388840
v 0.227971 4.441670 1.463145
v 0.177975 4.618894 1.190424
v 0.152598 4.587228 1.286903
v 0.126540 4.551654 1.374482
v 0.113835 4.510197 1.450001
v 0.293534 4.294618 1.624238
v 0.235418 4.330020 1.612910
v 0.178002 4.370135 1.598404
v 0.130242 4.410994 1.579985
v 0.299918 4.318892 1.587296
v 0.227848 4.363012 1.573050
v 0.156553 4.410578 1.557675
v 0.100007 4.454986 1.540077
v 0.311139 4.348820 1.539207
v 0.223500 4.401353 1.523968
v 0.131394 4.459229 1.509447
v 0.057197 4.510972 1.494858
v 0.074701 4.511970 1.512266
v 0.056142 4.544600 1.478261
v 0.038593 4.580877 1.439831
v 0.025025 4.616380 1.399471
v 0.081927 4.482625 1.534343
v 0.057778 4.519497 1.498381
v 0.032854 4.561125 1.458771
v 0.012388 4.601276 1.418872
v 0.098994 4.448795 1.557905
v 0.069225 4.490649 1.519770
v 0.032879 4.540515 1.477974
v -0.003231 4.590261 1.437934
v 0.019191 4.700222 1.276916
v -0.000892 4.686234 1.316914
v -0.026105 4.675214 1.356379
v -0.058309 4.668225 1.394478
v 0.016264 4.675454 1.317918
v -0.002550 4.662436 1.347293
v -0.027666 4.652587 1.379887
v -0.062996 4.647991 1.414243
v 0.017754 4.647798 1.358975
v 0.000987 4.634758 1.381610
v -0.022268 4.626008 1.406688
v -0.061431 4.626214 1.434142
v -0.182558 4.670756 1.496573
v -0.211124 4.663164 1.516036
v -0.247736 4.662164 1.535266
v -0.293755 4.671867 1.550612
v -0.141737 4.666930 1.466221
v -0.162994 4.655659 1.484537
v -0.191514 4.651243 1.502437
v -0.234370 4.660944 1.515969
v -0.098344 4.665746 1.431547
v -0.110612 4.649767 1.449815
v -0.125308 4.638060 1.467369
v -0.158053 4.643744 1.478518
v -0.463717 4.761486 1.563610
v -0.437166 4.774078 1.525116
v -0.406073 4.792658 1.474856
v -0.372450 4.817535 1.411302
v -0.408430 4.726702 1.563102
v -0.367862 4.730646 1.524303
v -0.322528 4.739058 1.476096
v -0.277701 4.755253 1.415244
v -0.349393 4.694815 1.559555
v -0.296345 4.689809 1.522446
v -0.233147 4.684454 1.478901
v -0.169275 4.685649 1.423784
v -0.275964 4.911704 1.143727
v -0.174468 4.842450 1.151877
v -0.061550 4.768714 1.162427
v 0.057647 4.693228 1.175352
v -0.306421 4.881454 1.243764
v -0.204553 4.812801 1.250592
v -0.090559 4.738888 1.260298
v 0.030316 4.662622 1.272573
v -0.338858 4.848453 1.333710
v -0.238516 4.781543 1.339375
v -0.124437 4.707719 1.348969
v -0.000318 4.629213 1.361709
v 0.360618 4.704691 0.435550
v 0.298696 4.747333 0.412520
v 0.227435 4.794328 0.389955
v 0.151493 4.843196 0.372415
v 0.075327 4.891270 0.362655
v 0.003164 4.935674 0.359528
v -0.060900 4.973314 0.360032
v 0.389464 4.703954 0.510741
v 0.321163 4.752810 0.492297
v 0.243916 4.804832 0.472773
v 0.161932 4.857856 0.455952
v 0.079345 4.909530 0.444365
v -0.000019 4.957149 0.436826
v -0.072512 4.997883 0.430848
v 0.419117 4.700709 0.599961
v 0.344021 4.755154 0.584169
v 0.259859 4.812397 0.566737
v 0.170740 4.870180 0.550373
v 0.080716 4.926154 0.537062
v -0.006410 4.977686 0.526073
v -0.086907 5.022068 0.515948
v 0.445932 4.695240 0.700268
v 0.364406 4.754474 0.685905
v 0.273352 4.816605 0.669801
v 0.176987 4.879114 0.653739
v 0.079495 4.939452 0.639125
v -0.015064 4.994949 0.625832
v -0.102666 5.042906 0.613357
v 0.467139 4.687183 0.808570
v 0.379890 4.750495 0.794981
v 0.282626 4.816882 0.779673
v 0.179721 4.883574 0.763867
v 0.075541 4.947808 0.748591
v -0.025581 5.006847 0.734114
v -0.119321 5.057967 0.720516
v 0.481014 4.675520 0.921293
v 0.388917 4.742229 0.908036
v 0.286366 4.812173 0.893142
v 0.177897 4.882363 0.877586
v 0.068057 4.949846 0.862233
v -0.038584 5.011826 0.847511
v -0.137447 5.065543 0.833736
v 0.486093 4.659071 1.034738
v 0.390147 4.728508 1.021499
v 0.283371 4.801297 1.006762
v 0.170449 4.874251 0.991483
v 0.056085 4.944252 0.976510
v -0.054953 5.008461 0.962260
v -0.157878 5.064106 0.949042
v 0.044413 4.731329 1.475783
v 0.464982 4.607606 1.249325
v 0.364796 4.680537 1.235716
v 0.253154 4.756902 1.221092
v 0.134967 4.833121 1.206600
v 0.441653 4.573339 1.344976
v 0.341183 4.646977 1.331426
v 0.228207 4.724493 1.317409
v 0.108114 4.801889 1.303697
v 0.415331 4.535738 1.430349
v 0.316334 4.609000 1.417268
v 0.202361 4.687403 1.404773
v 0.077897 4.767297 1.392807
v -0.208719 5.029031 1.170318
v -0.239177 4.998034 1.270116
v -0.272098 4.963350 1.359625
v -0.307011 4.929370 1.436483
v -0.101054 4.971942 1.181089
v -0.131010 4.941511 1.279574
v -0.165283 4.908539 1.367955
v -0.205736 4.878946 1.443068
v 0.015203 4.905747 1.193190
v -0.013468 4.875235 1.290894
v -0.047265 4.842630 1.379342
v -0.093067 4.817327 1.453576
v -0.409334 4.853180 1.584183
v -0.349367 4.826501 1.585440
v -0.287409 4.799730 1.582991
v -0.230796 4.778507 1.574417
v -0.377848 4.874423 1.547649
v -0.302861 4.840946 1.549020
v -0.227870 4.806292 1.548551
v -0.164828 4.779350 1.542715
v -0.343092 4.899675 1.498916
v -0.253264 4.857252 1.502636
v -0.159920 4.809850 1.507184
v -0.083682 4.771244 1.508070
v -0.128548 4.761800 1.517049
v -0.083428 4.765504 1.490183
v -0.037999 4.768129 1.461299
v 0.001366 4.769907 1.433733
v -0.152346 4.762462 1.538299
v -0.098799 4.764514 1.510303
v -0.043516 4.764019 1.480564
v 0.004030 4.762560 1.452569
v -0.185906 4.766807 1.558661
v -0.123484 4.766916 1.529094
v -0.053342 4.761097 1.497899
v 0.011458 4.751359 1.469814
v 0.059088 4.770045 1.375293
v 0.065436 4.760371 1.391772
v 0.073676 4.743599 1.412698
v 0.084705 4.718074 1.438729
v 0.048278 4.771147 1.390767
v 0.054869 4.761174 1.409213
v 0.064623 4.743857 1.430738
v 0.079406 4.715861 1.457201
v 0.029812 4.771008 1.410099
v 0.035969 4.761682 1.429014
v 0.047359 4.745542 1.449096
v 0.069623 4.715434 1.473605
v 0.128713 4.603035 1.532747
v 0.140656 4.581975 1.556608
v 0.160633 4.553577 1.581293
v 0.192731 4.517943 1.603767
v 0.114453 4.643195 1.502228
v 0.121925 4.628403 1.524148
v 0.137060 4.606461 1.546419
v 0.169030 4.573729 1.566795
v 0.098941 4.683277 1.469587
v 0.099920 4.675412 1.489521
v 0.104712 4.663648 1.508499
v 0.131113 4.638763 1.524384
v 0.346126 4.387433 1.644706
v 0.357057 4.420596 1.609699
v 0.371542 4.457438 1.563112
v 0.390729 4.496519 1.503535
v 0.293089 4.430696 1.635168
v 0.291161 4.474368 1.597667
v 0.290793 4.520774 1.550390
v 0.297687 4.566761 1.490833
v 0.239080 4.475627 1.621789
v 0.223958 4.527736 1.583718
v 0.203451 4.585357 1.537661
v 0.188811 4.642641 1.479718
v -0.152721 4.693249 1.476025
v -0.114469 4.695707 1.442869
v -0.077404 4.699418 1.407046
v -0.043788 4.705097 1.369483
v -0.015539 4.713037 1.331073
v 0.007677 4.722454 1.292132
v 0.026407 4.731647 1.254675
v -0.146474 4.705488 1.475513
v -0.105849 4.709916 1.439637
v -0.068955 4.715154 1.403031
v -0.036615 4.721515 1.366299
v -0.009575 4.728925 1.330459
v 0.012349 4.736028 1.297810
v 0.029371 4.740776 1.272122
v -0.140274 4.717910 1.477054
v -0.098251 4.723516 1.439787
v -0.061257 4.729683 1.403115
v -0.029568 4.736276 1.367792
v -0.003368 4.742897 1.334974
v 0.017596 4.748158 1.307362
v 0.033661 4.750371 1.288192
v -0.133544 4.729975 1.479502
v -0.091033 4.736137 1.442122
v -0.053954 4.742693 1.406148
v -0.022580 4.749134 1.372614
v 0.002964 4.754835 1.342770
v 0.023133 4.758707 1.318727
v 0.038525 4.759545 1.302810
v -0.126446 4.741083 1.482299
v -0.084061 4.747334 1.445903
v -0.046929 4.753816 1.411285
v -0.015689 4.759792 1.379694
v 0.009266 4.764519 1.352455
v 0.028574 4.767210 1.331127
v 0.043138 4.767075 1.317336
v -0.119640 4.750488 1.485692
v -0.078140 4.756466 1.451523
v -0.040875 4.762488 1.418806
v -0.009349 4.767743 1.389071
v 0.015295 4.771493 1.363883
v 0.033746 4.773186 1.344483
v 0.047202 4.772335 1.332063
v -0.114501 4.757427 1.490525
v -0.074556 4.762854 1.459840
v -0.036720 4.768096 1.429296
v -0.004119 4.772426 1.401062
v 0.020793 4.775247 1.377223
v 0.038586 4.776159 1.358865
v 0.050684 4.774880 1.346897
v 0.105000 4.478776 1.555186
v 0.121250 4.438989 1.586178
v 0.143781 4.397270 1.615579
v 0.174735 4.355461 1.641238
v 0.214928 4.315729 1.661016
v 0.260510 4.281181 1.673650
v 0.306501 4.255121 1.677940
v 0.116049 4.478693 1.565613
v 0.135766 4.433635 1.601347
v 0.160772 4.387974 1.633988
v 0.192536 4.343524 1.661772
v 0.231708 4.302341 1.682869
v 0.275992 4.267109 1.695726
v 0.322433 4.240642 1.698773
v 0.125439 4.484581 1.572541
v 0.147303 4.436490 1.611059
v 0.174101 4.388249 1.645913
v 0.206751 4.341738 1.675348
v 0.245693 4.298980 1.697608
v 0.289517 4.262550 1.710984
v 0.336354 4.235153 1.713766
v 0.133255 4.494699 1.576545
v 0.155985 4.445910 1.615996
v 0.183596 4.397013 1.651693
v 0.216711 4.349793 1.681814
v 0.255605 4.306214 1.704555
v 0.299162 4.268960 1.718176
v 0.345917 4.240892 1.720954
v 0.139345 4.507882 1.577719
v 0.161736 4.460716 1.616446
v 0.189027 4.413379 1.651501
v 0.221861 4.367306 1.681031
v 0.260504 4.324233 1.703213
v 0.303719 4.287023 1.716404
v 0.349911 4.258827 1.718994
v 0.143024 4.523928 1.575665
v 0.163925 4.480940 1.611865
v 0.189962 4.437172 1.644928
v 0.222093 4.393600 1.672901
v 0.260667 4.351786 1.693841
v 0.303695 4.314901 1.706309
v 0.348736 4.286594 1.708922
v 0.143395 4.543249 1.569512
v 0.161742 4.507118 1.601323
v 0.185917 4.468419 1.631396
v 0.217414 4.427927 1.657337
v 0.256715 4.387250 1.676882
v 0.300332 4.350027 1.688891
v 0.343947 4.320607 1.692401
v 0.585373 4.460639 1.035060
v 0.574237 4.481979 0.921198
v 0.552816 4.500374 0.808184
v 0.522936 4.517356 0.699702
v 0.486428 4.534316 0.599256
v 0.445145 4.552074 0.509605
v 0.400547 4.571375 0.433091
v 0.639666 4.442610 1.044931
v 0.626570 4.465216 0.930706
v 0.602471 4.485065 0.816912
v 0.569115 4.503653 0.707006
v 0.528130 4.522403 0.604160
v 0.480689 4.542463 0.510412
v 0.427600 4.564980 0.427336
v 0.675417 4.438098 1.052219
v 0.661125 4.461420 0.937687
v 0.635334 4.482044 0.823176
v 0.599695 4.501421 0.711924
v 0.555727 4.520982 0.606891
v 0.504415 4.542083 0.509919
v 0.446576 4.566069 0.422553
v 0.692359 4.446470 1.056809
v 0.677669 4.469964 0.942145
v 0.651271 4.490691 0.827303
v 0.614749 4.510056 0.715414
v 0.569581 4.529479 0.609369
v 0.516827 4.550452 0.511079
v 0.457440 4.574486 0.422212
v 0.690220 4.467095 1.058580
v 0.675953 4.490222 0.944039
v 0.650104 4.510392 0.829466
v 0.614236 4.528958 0.718070
v 0.569820 4.547324 0.612802
v 0.517979 4.567100 0.515562
v 0.459722 4.589970 0.427973
v 0.668721 4.499342 1.057389
v 0.655670 4.521569 0.943148
v 0.631455 4.540535 0.829231
v 0.597643 4.557541 0.719044
v 0.555768 4.573939 0.615734
v 0.507213 4.591289 0.521433
v 0.453137 4.611362 0.437858
v 0.627582 4.542579 1.053087
v 0.616498 4.563384 0.939203
v 0.594895 4.580514 0.826012
v 0.564346 4.595224 0.717125
v 0.526515 4.608758 0.615999
v 0.483442 4.622328 0.525483
v 0.436994 4.637437 0.448089
v 0.383100 4.240882 1.651514
v 0.415587 4.252669 1.617478
v 0.448311 4.273613 1.569787
v 0.481751 4.301573 1.508480
v 0.515392 4.334343 1.433863
v 0.546175 4.369294 1.347411
v 0.570409 4.403697 1.250894
v 0.411862 4.224017 1.668002
v 0.453307 4.234254 1.632290
v 0.493541 4.254101 1.583078
v 0.532577 4.281400 1.520516
v 0.569710 4.313919 1.445015
v 0.602177 4.348995 1.357999
v 0.626704 4.383863 1.261144
v 0.431988 4.217405 1.680874
v 0.478486 4.227463 1.643763
v 0.523363 4.247379 1.593199
v 0.566012 4.274890 1.529511
v 0.605405 4.307656 1.453243
v 0.638952 4.343023 1.365767
v 0.663664 4.378258 1.268670
v 0.443255 4.222885 1.687447
v 0.491438 4.233365 1.649852
v 0.538020 4.253871 1.598797
v 0.582067 4.281962 1.534693
v 0.622324 4.315156 1.458143
v 0.656258 4.350814 1.370506
v 0.681020 4.386258 1.273329
v 0.445248 4.241269 1.686111
v 0.492167 4.252429 1.649229
v 0.537573 4.273660 1.598940
v 0.580663 4.302362 1.535504
v 0.620270 4.335946 1.459406
v 0.653847 4.371781 1.372030
v 0.678501 4.407232 1.274984
v 0.437630 4.270316 1.678168
v 0.480069 4.282970 1.642962
v 0.521420 4.305504 1.594317
v 0.561335 4.335146 1.532251
v 0.598887 4.369260 1.457084
v 0.631418 4.405252 1.370263
v 0.655832 4.440544 1.273510
v 0.419897 4.306798 1.665998
v 0.454254 4.322734 1.632843
v 0.488778 4.347828 1.586035
v 0.523524 4.379199 1.525452
v 0.557780 4.414264 1.451321
v 0.588660 4.450535 1.365153
v 0.612735 4.485549 1.268785
v -0.515195 4.760697 1.616231
v -0.474620 4.733160 1.620673
v -0.425646 4.709380 1.616833
v -0.373502 4.692338 1.605055
v -0.322720 4.684076 1.585912
v -0.275036 4.682923 1.561631
v -0.231310 4.686166 1.534661
v -0.538564 4.770118 1.635053
v -0.497834 4.742615 1.640918
v -0.448803 4.720343 1.636668
v -0.395510 4.704757 1.623383
v -0.341565 4.696769 1.602225
v -0.288737 4.694935 1.575106
v -0.238206 4.697186 1.544007
v -0.552039 4.781294 1.648584
v -0.510445 4.753955 1.654863
v -0.460483 4.732635 1.650064
v -0.405671 4.717886 1.635591
v -0.349200 4.709914 1.612920
v -0.292945 4.707495 1.583876
v -0.238434 4.709048 1.550359
v -0.552395 4.793063 1.655241
v -0.510225 4.766098 1.661567
v -0.459584 4.745365 1.656527
v -0.403960 4.730989 1.641589
v -0.346526 4.722865 1.618299
v -0.289193 4.719956 1.588518
v -0.233558 4.720996 1.554188
v -0.538068 4.804707 1.653837
v -0.495958 4.778246 1.660299
v -0.445499 4.757774 1.655679
v -0.390472 4.743393 1.641278
v -0.334239 4.735014 1.618509
v -0.278503 4.731708 1.589262
v -0.224530 4.732343 1.555536
v -0.511463 4.815567 1.645248
v -0.469569 4.790050 1.651533
v -0.419495 4.769560 1.647659
v -0.365774 4.754710 1.634520
v -0.312303 4.745909 1.613166
v -0.260561 4.742217 1.585622
v -0.211234 4.742409 1.554056
v -0.476620 4.825472 1.630758
v -0.433971 4.801480 1.635961
v -0.383332 4.780559 1.632728
v -0.330550 4.764617 1.621166
v -0.280474 4.755138 1.601732
v -0.234517 4.751017 1.576774
v -0.192918 4.750621 1.548983
v 0.294569 4.620943 0.320869
v 0.229488 4.654643 0.280296
v 0.159116 4.694231 0.248855
v 0.087097 4.738298 0.228631
v 0.017084 4.785053 0.221507
v -0.047812 4.831913 0.227217
v -0.104818 4.876124 0.245242
v 0.303885 4.622777 0.296296
v 0.234488 4.659203 0.248977
v 0.162286 4.700191 0.214023
v 0.089628 4.744842 0.192542
v 0.018910 4.791996 0.185648
v -0.047844 4.839908 0.193579
v -0.108857 4.886752 0.216534
v 0.314243 4.627848 0.282292
v 0.242114 4.666236 0.231481
v 0.168238 4.708675 0.194492
v 0.094401 4.754303 0.172120
v 0.022362 4.802163 0.165122
v -0.046315 4.850988 0.173992
v -0.110131 4.899440 0.199181
v 0.322692 4.637355 0.279260
v 0.249864 4.676654 0.227546
v 0.175471 4.719941 0.189997
v 0.101091 4.766169 0.167318
v 0.028301 4.814287 0.160185
v -0.041334 4.863234 0.169172
v -0.106252 4.911941 0.194827
v 0.327675 4.651546 0.287726
v 0.256180 4.690737 0.237126
v 0.182904 4.733966 0.200341
v 0.109371 4.779925 0.178062
v 0.037166 4.827369 0.170979
v -0.031973 4.875318 0.179654
v -0.096283 4.922881 0.204641
v 0.329940 4.668788 0.306843
v 0.261918 4.707064 0.259996
v 0.190955 4.749728 0.225470
v 0.118902 4.795045 0.204176
v 0.047855 4.841363 0.197112
v -0.019872 4.887433 0.204631
v -0.082004 4.932269 0.227129
v 0.331642 4.686544 0.335895
v 0.268895 4.723628 0.296160
v 0.200461 4.765933 0.265401
v 0.129343 4.810998 0.245456
v 0.058844 4.856498 0.238078
v -0.007607 4.900403 0.243129
v -0.066616 4.941027 0.260336
v -0.191062 4.948546 0.326166
v -0.225134 4.978667 0.392891
v -0.256587 5.006254 0.475458
v -0.285903 5.029957 0.571516
v -0.313462 5.048042 0.678324
v -0.340180 5.058598 0.792064
v -0.367105 5.059668 0.908654
v -0.209578 4.971391 0.311011
v -0.250140 5.007728 0.382313
v -0.286352 5.039823 0.467907
v -0.319284 5.066723 0.565907
v -0.349862 5.087162 0.673998
v -0.379091 5.099383 0.788606
v -0.407996 5.101508 0.905841
v -0.217959 4.990079 0.300299
v -0.261891 5.030045 0.374906
v -0.300760 5.065160 0.463153
v -0.335789 5.094375 0.563085
v -0.368146 5.116498 0.672445
v -0.398867 5.129859 0.787828
v -0.428953 5.132669 0.905542
v -0.216159 5.004344 0.297887
v -0.260884 5.045727 0.373738
v -0.300365 5.082243 0.463149
v -0.335900 5.112645 0.564017
v -0.368734 5.135608 0.673994
v -0.399895 5.149494 0.789732
v -0.430355 5.152586 0.907636
v -0.204100 5.013538 0.305762
v -0.247453 5.054522 0.380602
v -0.285633 5.090861 0.469127
v -0.320053 5.121172 0.569304
v -0.352026 5.144010 0.678817
v -0.382558 5.157743 0.794271
v -0.412577 5.160693 0.911998
v -0.182702 5.016943 0.321614
v -0.221981 5.055541 0.393433
v -0.256778 5.090159 0.479599
v -0.288517 5.119225 0.578081
v -0.318352 5.141067 0.686470
v -0.347218 5.154018 0.801216
v -0.375994 5.156415 0.918477
v -0.152827 5.013501 0.341272
v -0.184661 5.047573 0.408901
v -0.213924 5.079102 0.492357
v -0.241518 5.105982 0.589119
v -0.268025 5.126101 0.696356
v -0.294231 5.137718 0.810292
v -0.320978 5.139181 0.926919
v 0.041461 4.722097 1.255537
v 0.041150 4.701293 1.294063
v 0.042337 4.676615 1.334447
v 0.046633 4.648470 1.374811
v 0.054809 4.616992 1.414914
v 0.065987 4.583609 1.453692
v 0.078848 4.549801 1.489997
v 0.046825 4.729701 1.273121
v 0.049613 4.712450 1.299956
v 0.052156 4.690021 1.334046
v 0.056330 4.663205 1.371755
v 0.063413 4.632483 1.410878
v 0.073304 4.598458 1.450347
v 0.085570 4.561598 1.489483
v 0.052292 4.738548 1.289258
v 0.056875 4.723295 1.309622
v 0.060591 4.702562 1.338685
v 0.065086 4.676838 1.373337
v 0.071733 4.646539 1.410981
v 0.080925 4.611943 1.450477
v 0.092813 4.573279 1.491067
v 0.057500 4.747504 1.303895
v 0.063021 4.733458 1.321022
v 0.067643 4.714039 1.346522
v 0.072704 4.689287 1.378192
v 0.079396 4.659298 1.414030
v 0.088331 4.624416 1.452817
v 0.099971 4.585048 1.493535
v 0.061769 4.755254 1.318403
v 0.067855 4.742350 1.333388
v 0.073227 4.724187 1.356167
v 0.078968 4.700360 1.385240
v 0.086064 4.670677 1.419152
v 0.095118 4.635767 1.456595
v 0.106645 4.596457 1.496314
v 0.064657 4.761262 1.333062
v 0.071012 4.749612 1.346630
v 0.077029 4.732596 1.367472
v 0.083601 4.709442 1.394530
v 0.091498 4.679827 1.426656
v 0.101019 4.645018 1.462236
v 0.112410 4.606608 1.499664
v 0.065739 4.765333 1.347760
v 0.072063 4.755004 1.360798
v 0.078674 4.738833 1.380599
v 0.086309 4.715811 1.406394
v 0.095501 4.685683 1.437168
v 0.105907 4.650768 1.470667
v 0.117076 4.613993 1.504500
v -0.425295 5.026521 1.134373
v -0.455823 4.994347 1.237282
v -0.485084 4.956771 1.330602
v -0.511292 4.917792 1.412198
v -0.532570 4.880848 1.480295
v -0.546672 4.847139 1.534566
v -0.551083 4.817010 1.575069
v -0.468433 5.068889 1.132944
v -0.499070 5.035966 1.236905
v -0.527590 4.996592 1.331676
v -0.552074 4.954468 1.415240
v -0.570548 4.912830 1.485893
v -0.580832 4.873067 1.543195
v -0.580587 4.835941 1.587060
v -0.490740 5.100361 1.133487
v -0.521490 5.066923 1.238122
v -0.549706 5.026296 1.333893
v -0.573436 4.981948 1.418895
v -0.590687 4.936999 1.491483
v -0.599305 4.893163 1.551050
v -0.597084 4.851782 1.597254
v -0.492582 5.120375 1.135853
v -0.523394 5.086700 1.240711
v -0.551597 5.045496 1.336824
v -0.575262 5.000108 1.422334
v -0.592409 4.953610 1.495614
v -0.600845 4.907978 1.555971
v -0.598326 4.864918 1.602947
v -0.474329 5.128361 1.139897
v -0.505114 5.094763 1.244475
v -0.533493 5.053749 1.340139
v -0.557589 5.008679 1.424960
v -0.575443 4.962638 1.497288
v -0.584752 4.917588 1.556569
v -0.583111 4.875202 1.602535
v -0.436358 5.123744 1.145489
v -0.467056 5.090505 1.249337
v -0.495887 5.050368 1.343898
v -0.521079 5.006826 1.427109
v -0.540734 4.963032 1.497249
v -0.552436 4.920767 1.553965
v -0.553483 4.881406 1.597305
v -0.379051 5.105947 1.152501
v -0.409650 5.073302 1.255247
v -0.439337 5.034611 1.348264
v -0.466544 4.993573 1.429350
v -0.489528 4.953465 1.496699
v -0.505831 4.915853 1.550061
v -0.512500 4.881813 1.589660
vn -0.3942 -0.9184 -0.0348
vn -0.6592 -0.7513 -0.0323
vn -0.3286 -0.8022 -0.4984
vn -0.5120 -0.6994 -0.4987
vn 0.6009 -0.1283 0.7890
vn -0.5491 0.4466 0.7064
vn 0.0704 0.1827 0.9806
vn -0.3877 -0.8853 -0.2566
vn -0.5849 -0.7680 -0.2609
vn 0.6570 0.6842 -0.3165
vn 0.4316 0.8505 -0.3007
vn 0.3607 0.5271 0.7694
vn 0.2154 0.6596 0.7201
vn 0.3466 -0.8652 0.3623
vn -0.9017 0.0604 0.4282
vn -0.5386 -0.8420 0.0315
vn 0.6007 0.7618 0.2426
vn 0.3784 0.8967 0.2297
vn -0.4027 -0.9001 -0.1663
vn -0.4102 -0.9069 -0.0957
vn -0.4124 -0.9098 -0.0460
vn -0.4112 -0.9114 -0.0144
vn -0.4079 -0.9130 0.0020
vn -0.4028 -0.9153 0.0039
vn -0.3957 -0.9183 -0.0108
vn -0.4267 -0.9039 -0.0307
vn -0.4653 -0.8849 -0.0214
vn -0.5010 -0.8653 -0.0156
vn -0.5358 -0.8442 -0.0137
vn -0.5693 -0.8220 -0.0152
vn -0.6008 -0.7991 -0.0202
vn -0.6321 -0.7744 -0.0279
vn -0.5600 -0.7504 -0.3511
vn -0.5376 -0.7295 -0.4229
vn -0.5198 -0.7095 -0.4758
vn -0.5075 -0.6925 -0.5127
vn -0.5006 -0.6791 -0.5368
vn -0.4991 -0.6716 -0.5476
vn -0.5038 -0.6758 -0.5380
vn -0.5749 0.3909 0.7188
vn -0.7325 0.1503 0.6640
vn -0.8766 -0.3541 0.3260
vn -0.7346 -0.6749 -0.0697
vn -0.5363 -0.7750 -0.3342
vn -0.4338 -0.7886 -0.4357
vn -0.3730 -0.7943 -0.4796
vn -0.4859 -0.7362 -0.4711
vn -0.4564 -0.7867 -0.4157
vn -0.4026 -0.8683 -0.2898
vn -0.2203 -0.9743 0.0471
vn 0.1307 -0.8513 0.5082
vn 0.4708 -0.3631 0.8041
vn 0.5695 -0.1552 0.8072
vn -0.5025 0.4986 0.7063
vn -0.4387 0.5695 0.6952
vn -0.3776 0.6431 0.6662
vn -0.3454 0.7101 0.6135
vn -0.3474 0.7661 0.5407
vn -0.3609 0.8099 0.4624
vn -0.3241 0.8571 0.4004
vn 0.8919 0.1682 0.4197
vn 0.8566 0.1499 0.4938
vn 0.7973 0.1652 0.5805
vn 0.7346 0.1565 0.6602
vn 0.6844 0.1077 0.7211
vn 0.6485 0.0270 0.7607
vn 0.6201 -0.0609 0.7821
vn -0.3036 -0.7862 -0.5382
vn -0.2998 -0.7808 -0.5481
vn -0.3069 -0.7858 -0.5369
vn -0.3184 -0.7980 -0.5116
vn -0.3323 -0.8157 -0.4735
vn -0.3489 -0.8379 -0.4197
vn -0.3680 -0.8625 -0.3473
vn -0.6621 -0.7494 -0.0080
vn -0.6583 -0.7528 0.0039
vn -0.6520 -0.7582 -0.0002
vn -0.6440 -0.7648 -0.0182
vn -0.6343 -0.7714 -0.0508
vn -0.6223 -0.7763 -0.1008
vn -0.6064 -0.7765 -0.1710
vn -0.4319 -0.8664 -0.2506
vn -0.4594 -0.8535 -0.2459
vn -0.4786 -0.8437 -0.2429
vn -0.4939 -0.8352 -0.2419
vn -0.5084 -0.8260 -0.2434
vn -0.5255 -0.8141 -0.2471
vn -0.5489 -0.7967 -0.2528
vn 0.6230 0.7709 0.1325
vn 0.6374 0.7695 0.0385
vn 0.6469 0.7615 -0.0405
vn 0.6536 0.7489 -0.1095
vn 0.6582 0.7330 -0.1717
vn 0.6608 0.7150 -0.2285
vn 0.6610 0.6964 -0.2795
vn 0.6341 0.7061 -0.3152
vn 0.6079 0.7317 -0.3085
vn 0.5811 0.7554 -0.3028
vn 0.5527 0.7779 -0.2990
vn 0.5234 0.7985 -0.2973
vn 0.4939 0.8169 -0.2980
vn 0.4624 0.8341 -0.3006
vn 0.3564 0.8745 0.3290
vn 0.3345 0.8482 0.4108
vn 0.3136 0.8218 0.4757
vn 0.2929 0.7967 0.5286
vn 0.2712 0.7708 0.5765
vn 0.2490 0.7397 0.6252
vn 0.2292 0.7012 0.6751
vn -0.8455 0.1076 0.5230
vn -0.6248 0.2712 0.7322
vn -0.2624 0.4389 0.8594
vn 0.0362 0.5185 0.8543
vn 0.1993 0.5426 0.8160
vn 0.2765 0.5451 0.7915
vn 0.3241 0.5390 0.7774
vn 0.2433 0.6322 0.7356
vn 0.2699 0.5938 0.7580
vn 0.3017 0.5243 0.7963
vn 0.3567 0.3512 0.8657
vn 0.4289 -0.0273 0.9029
vn 0.4241 -0.5468 0.7220
vn 0.3559 -0.8212 0.4460
vn -0.9419 -0.0274 0.3347
vn -0.9680 -0.1472 0.2033
vn -0.9617 -0.2633 0.0767
vn -0.9331 -0.3593 -0.0152
vn -0.8922 -0.4470 -0.0641
vn -0.8299 -0.5532 -0.0723
vn -0.7166 -0.6963 -0.0406
vn -0.3256 -0.9441 -0.0526
vn -0.1555 -0.9830 -0.0979
vn -0.0504 -0.9933 -0.1036
vn 0.0244 -0.9973 -0.0699
vn 0.1012 -0.9948 0.0070
vn 0.1913 -0.9737 0.1241
vn 0.2817 -0.9242 0.2579
vn 0.4017 0.5576 0.7264
vn 0.4391 0.5929 0.6750
vn 0.4686 0.6273 0.6221
vn 0.4926 0.6586 0.5689
vn 0.5163 0.6877 0.5104
vn 0.5426 0.7157 0.4397
vn 0.5717 0.7417 0.3508
vn 0.4280 0.8651 -0.2616
vn 0.4266 0.8795 -0.2110
vn 0.4247 0.8919 -0.1556
vn 0.4216 0.9017 -0.0960
vn 0.4166 0.9086 -0.0308
vn 0.4088 0.9116 0.0425
vn 0.3966 0.9089 0.1288
vn 0.5625 0.7896 0.2452
vn 0.5357 0.8081 0.2450
vn 0.5141 0.8224 0.2436
vn 0.4939 0.8352 0.2421
vn 0.4731 0.8475 0.2407
vn 0.4502 0.8603 0.2391
vn 0.4211 0.8757 0.2361
vn -0.4880 -0.8440 0.2226
vn -0.4825 -0.7782 0.4019
vn -0.4675 -0.7187 0.5146
vn -0.4692 -0.7095 0.5258
vn -0.4927 -0.7455 0.4489
vn -0.5185 -0.7913 0.3240
vn -0.5350 -0.8269 0.1732
vn 0.4413 -0.7430 0.5032
vn 0.5013 -0.6261 0.5972
vn 0.5337 -0.5397 0.6510
vn 0.5513 -0.4811 0.6816
vn 0.5649 -0.4255 0.7070
vn 0.5797 -0.3487 0.7364
vn 0.5933 -0.2446 0.7669
vn -0.3140 -0.8477 -0.4275
vn -0.2768 -0.9280 -0.2492
vn -0.1096 -0.9590 0.2612
vn 0.2324 -0.4802 0.8458
vn 0.3516 0.1749 0.9197
vn 0.3613 0.3897 0.8471
vn 0.3624 0.4793 0.7993
vn -0.8394 0.1648 0.5179
vn -0.7844 0.2367 0.5733
vn -0.7480 0.2776 0.6028
vn -0.7286 0.2977 0.6169
vn -0.7100 0.3158 0.6295
vn -0.6756 0.3471 0.6505
vn -0.6194 0.3938 0.6791
vn -0.3185 -0.9408 -0.1157
vn -0.1598 -0.9494 -0.2703
vn 0.2033 -0.8081 -0.5529
vn 0.6425 -0.2606 -0.7206
vn 0.7575 0.2960 -0.5818
vn 0.7225 0.5265 -0.4481
vn 0.6854 0.6280 -0.3686
vn 0.6585 0.7151 0.2346
vn 0.7536 0.6214 0.2144
vn 0.9283 0.3414 0.1472
vn 0.8946 -0.4415 -0.0690
vn 0.2135 -0.9440 -0.2516
vn -0.1713 -0.9477 -0.2692
vn -0.3137 -0.9123 -0.2634
vn 0.1659 0.6458 0.7452
vn 0.0743 0.6150 0.7850
vn -0.1433 0.5227 0.8404
vn -0.6966 0.0981 0.7107
vn -0.8616 -0.4888 0.1370
vn -0.6761 -0.6733 -0.2994
vn -0.5667 -0.6953 -0.4420
vn -0.6940 -0.7124 -0.1040
vn -0.7463 -0.6183 -0.2465
vn -0.7696 -0.3037 -0.5617
vn -0.4447 0.3767 -0.8126
vn 0.0789 0.7848 -0.6147
vn 0.2966 0.8468 -0.4415
vn 0.3850 0.8527 -0.3531
vn -0.6410 -0.7179 -0.2714
vn -0.7349 -0.6155 -0.2847
vn -0.9092 -0.2990 -0.2896
vn -0.8275 0.5421 -0.1461
vn -0.1621 0.9820 0.0964
vn 0.1800 0.9657 0.1872
vn 0.3096 0.9259 0.2164
vn -0.4501 -0.8927 0.0213
vn -0.4555 -0.8896 0.0334
vn -0.4590 -0.8880 0.0272
vn -0.4610 -0.8874 0.0065
vn -0.4608 -0.8870 -0.0290
vn -0.4573 -0.8855 -0.0824
vn -0.4484 -0.8800 -0.1565
vn -0.4848 -0.8740 0.0332
vn -0.4907 -0.8700 0.0489
vn -0.4928 -0.8692 0.0418
vn -0.4932 -0.8697 0.0191
vn -0.4916 -0.8706 -0.0187
vn -0.4868 -0.8704 -0.0740
vn -0.4769 -0.8661 -0.1499
vn -0.5143 -0.8567 0.0399
vn -0.5181 -0.8534 0.0567
vn -0.5185 -0.8536 0.0496
vn -0.5173 -0.8554 0.0259
vn -0.5141 -0.8576 -0.0131
vn -0.5079 -0.8586 -0.0694
vn -0.4969 -0.8554 -0.1461
vn -0.5421 -0.8393 0.0418
vn -0.5429 -0.8378 0.0587
vn -0.5413 -0.8393 0.0516
vn -0.5380 -0.8425 0.0275
vn -0.5330 -0.8460 -0.0120
vn -0.5252 -0.8482 -0.0685
vn -0.5129 -0.8461 -0.1452
vn -0.5689 -0.8215 0.0391
vn -0.5668 -0.8220 0.0554
vn -0.5632 -0.8250 0.0479
vn -0.5580 -0.8295 0.0239
vn -0.5512 -0.8343 -0.0152
vn -0.5418 -0.8375 -0.0712
vn -0.5282 -0.8362 -0.1474
vn -0.5953 -0.8029 0.0319
vn -0.5913 -0.8051 0.0466
vn -0.5862 -0.8093 0.0388
vn -0.5795 -0.8148 0.0155
vn -0.5712 -0.8205 -0.0225
vn -0.5606 -0.8245 -0.0774
vn -0.5460 -0.8238 -0.1523
vn -0.6239 -0.7813 0.0202
vn -0.6201 -0.7839 0.0310
vn -0.6139 -0.7890 0.0236
vn -0.6061 -0.7954 0.0020
vn -0.5969 -0.8016 -0.0339
vn -0.5853 -0.8061 -0.0869
vn -0.5700 -0.8059 -0.1600
vn -0.3595 -0.5135 0.7792
vn -0.4103 -0.8442 -0.3449
vn -0.3896 -0.8197 -0.4198
vn -0.3721 -0.7973 -0.4753
vn -0.3575 -0.7790 -0.5152
vn -0.4369 -0.8320 -0.3418
vn -0.4159 -0.8079 -0.4176
vn -0.3992 -0.7854 -0.4730
vn -0.3856 -0.7666 -0.5135
vn -0.4556 -0.8230 -0.3394
vn -0.4345 -0.7994 -0.4149
vn -0.4205 -0.7779 -0.4669
vn -0.4120 -0.7590 -0.5042
vn -0.3442 -0.7666 -0.5421
vn -0.3834 -0.7602 -0.5245
vn -0.4443 -0.7574 -0.4785
vn -0.6094 -0.7283 -0.3134
vn -0.3373 -0.7604 -0.5549
vn -0.3677 -0.7498 -0.5500
vn -0.4068 -0.7456 -0.5279
vn -0.5373 -0.7361 -0.4116
vn -0.3448 -0.7660 -0.5425
vn -0.3731 -0.7535 -0.5413
vn -0.4027 -0.7466 -0.5295
vn -0.5467 -0.7385 -0.3945
vn -0.4515 0.4977 0.7406
vn -0.2903 0.6093 0.7378
vn -0.1491 0.6946 0.7038
vn -0.0487 0.7571 0.6515
vn -0.6281 0.2887 0.7226
vn -0.2607 0.5726 0.7773
vn 0.0188 0.6976 0.7163
vn 0.1700 0.7419 0.6487
vn -0.8811 -0.4346 0.1866
vn -0.8923 -0.3341 0.3036
vn 0.0411 0.6489 0.7598
vn 0.2492 0.6977 0.6717
vn 0.4119 0.7369 0.5360
vn 0.6193 0.5566 0.5538
vn 0.6442 0.4708 0.6028
vn 0.6267 0.4050 0.6658
vn 0.1456 0.8215 0.5513
vn 0.4066 0.7154 0.5682
vn 0.4942 0.6329 0.5960
vn 0.5184 0.5555 0.6501
vn 0.0300 0.8030 0.5952
vn 0.2771 0.7532 0.5966
vn 0.3873 0.6927 0.6084
vn 0.4416 0.5972 0.6696
vn 0.5900 0.0159 0.8072
vn 0.5278 -0.1341 0.8387
vn 0.1045 -0.8968 0.4300
vn -0.3052 -0.9297 -0.2061
vn 0.6010 0.1820 0.7782
vn 0.5510 0.2207 0.8048
vn 0.2165 -0.7577 0.6157
vn -0.3389 -0.8880 -0.3108
vn 0.6100 0.3138 0.7276
vn 0.5337 0.4389 0.7229
vn 0.4746 0.4544 0.7539
vn -0.3188 -0.9185 -0.2339
vn -0.4674 -0.7062 -0.5317
vn -0.4631 -0.6983 -0.5458
vn -0.4648 -0.7053 -0.5353
vn -0.4719 -0.7187 -0.5106
vn -0.4449 -0.7391 -0.5058
vn -0.4400 -0.7220 -0.5339
vn -0.4410 -0.7252 -0.5287
vn -0.4481 -0.7372 -0.5057
vn -0.4165 -0.7933 -0.4441
vn -0.4195 -0.7572 -0.5006
vn -0.4231 -0.7498 -0.5087
vn -0.4315 -0.7553 -0.4933
vn -0.5244 -0.7781 -0.3458
vn -0.5013 -0.7949 -0.3417
vn -0.4845 -0.8064 -0.3391
vn -0.4704 -0.8150 -0.3383
vn -0.5021 -0.7563 -0.4194
vn -0.4792 -0.7728 -0.4161
vn -0.4627 -0.7840 -0.4138
vn -0.4490 -0.7922 -0.4134
vn -0.4844 -0.7358 -0.4732
vn -0.4612 -0.7530 -0.4694
vn -0.4450 -0.7659 -0.4640
vn -0.4341 -0.7732 -0.4624
vn 0.6246 0.7374 -0.2570
vn 0.5989 0.7612 -0.2488
vn 0.5756 0.7809 -0.2427
vn 0.5522 0.7987 -0.2390
vn 0.5283 0.8151 -0.2377
vn 0.5034 0.8303 -0.2391
vn 0.4740 0.8463 -0.2431
vn 0.6213 0.7563 -0.2049
vn 0.5931 0.7814 -0.1940
vn 0.5708 0.7992 -0.1882
vn 0.5501 0.8143 -0.1850
vn 0.5291 0.8284 -0.1839
vn 0.5057 0.8425 -0.1854
vn 0.4746 0.8590 -0.1919
vn 0.6173 0.7722 -0.1504
vn 0.5886 0.7963 -0.1398
vn 0.5664 0.8130 -0.1345
vn 0.5469 0.8268 -0.1318
vn 0.5271 0.8397 -0.1307
vn 0.5041 0.8535 -0.1321
vn 0.4728 0.8702 -0.1386
vn 0.6124 0.7852 -0.0917
vn 0.5837 0.8077 -0.0827
vn 0.5617 0.8236 -0.0783
vn 0.5423 0.8367 -0.0761
vn 0.5227 0.8492 -0.0751
vn 0.4998 0.8628 -0.0761
vn 0.4689 0.8795 -0.0817
vn 0.6061 0.7949 -0.0264
vn 0.5778 0.8160 -0.0196
vn 0.5557 0.8312 -0.0164
vn 0.5360 0.8441 -0.0148
vn 0.5160 0.8565 -0.0140
vn 0.4930 0.8699 -0.0147
vn 0.4627 0.8863 -0.0192
vn 0.5973 0.8005 0.0488
vn 0.5693 0.8204 0.0535
vn 0.5472 0.8352 0.0554
vn 0.5270 0.8480 0.0563
vn 0.5065 0.8604 0.0566
vn 0.4834 0.8736 0.0557
vn 0.4535 0.8897 0.0520
vn 0.5837 0.8000 0.1390
vn 0.5562 0.8189 0.1414
vn 0.5341 0.8334 0.1419
vn 0.5136 0.8462 0.1416
vn 0.4928 0.8586 0.1412
vn 0.4696 0.8717 0.1399
vn 0.4402 0.8875 0.1366
vn -0.4199 -0.1355 0.8974
vn 0.5351 0.7690 0.3497
vn 0.5099 0.7872 0.3470
vn 0.4894 0.8015 0.3435
vn 0.4698 0.8145 0.3404
vn 0.5080 0.7432 0.4355
vn 0.4850 0.7613 0.4302
vn 0.4665 0.7762 0.4241
vn 0.4471 0.7903 0.4190
vn 0.4837 0.7158 0.5037
vn 0.4638 0.7337 0.4965
vn 0.4487 0.7493 0.4871
vn 0.4280 0.7662 0.4793
vn 0.3984 0.8542 0.3342
vn 0.3762 0.8286 0.4146
vn 0.3553 0.8033 0.4780
vn 0.3351 0.7793 0.5295
vn 0.4268 0.8393 0.3367
vn 0.4038 0.8147 0.4162
vn 0.3818 0.7910 0.4781
vn 0.3600 0.7679 0.5298
vn 0.4493 0.8268 0.3384
vn 0.4260 0.8030 0.4168
vn 0.4038 0.7808 0.4767
vn 0.3788 0.7580 0.5310
vn 0.2707 0.6806 0.6808
vn 0.2952 0.6548 0.6957
vn 0.3193 0.6101 0.7251
vn 0.3659 0.4734 0.8012
vn 0.2927 0.7217 0.6273
vn 0.3170 0.7032 0.6364
vn 0.3347 0.6727 0.6599
vn 0.3738 0.5485 0.7479
vn 0.3144 0.7537 0.5771
vn 0.3381 0.7403 0.5811
vn 0.3526 0.7222 0.5951
vn 0.3905 0.5823 0.7131
vn 0.2015 -0.9599 0.1948
vn 0.0432 -0.9986 -0.0316
vn -0.0711 -0.9822 -0.1741
vn -0.1527 -0.9570 -0.2465
vn 0.3078 -0.8075 0.5032
vn 0.0030 -1.0000 -0.0048
vn -0.1780 -0.9464 -0.2695
vn -0.2707 -0.8923 -0.3612
vn 0.4456 0.0026 0.8952
vn 0.4283 -0.2394 0.8713
vn -0.2400 -0.9277 -0.2861
vn -0.3481 -0.8340 -0.4281
vn -0.5216 -0.8351 -0.1747
vn -0.6592 -0.7152 -0.2322
vn -0.7473 -0.6199 -0.2392
vn -0.8185 -0.5393 -0.1979
vn -0.3476 -0.9047 -0.2465
vn -0.4886 -0.8059 -0.3345
vn -0.5912 -0.7207 -0.3621
vn -0.6917 -0.6466 -0.3217
vn -0.2332 -0.9347 -0.2681
vn -0.3625 -0.8525 -0.3766
vn -0.4607 -0.7781 -0.4271
vn -0.6128 -0.7060 -0.3550
vn -0.9398 -0.0786 0.3326
vn -0.7618 0.1451 0.6314
vn -0.2214 0.4770 0.8506
vn 0.1374 0.5774 0.8048
vn -0.9514 -0.2955 0.0868
vn -0.9388 -0.2770 0.2049
vn -0.3470 0.4143 0.8414
vn 0.2048 0.6164 0.7603
vn -0.8906 -0.4445 -0.0961
vn -0.8166 -0.5482 -0.1804
vn -0.8107 -0.5784 -0.0904
vn 0.2414 0.6475 0.7228
vn 0.3670 0.5845 0.7236
vn 0.4065 0.6229 0.6684
vn 0.4375 0.6572 0.6138
vn 0.4615 0.6876 0.5605
vn 0.3315 0.5943 0.7328
vn 0.3786 0.6354 0.6730
vn 0.4162 0.6714 0.6132
vn 0.4432 0.7042 0.5546
vn 0.2765 0.5953 0.7545
vn 0.3381 0.6366 0.6932
vn 0.3906 0.6746 0.6263
vn 0.4291 0.7154 0.5514
vn 0.6309 -0.2072 0.7477
vn 0.6720 -0.1576 0.7236
vn 0.7210 -0.1190 0.6826
vn 0.7800 -0.1176 0.6146
vn 0.8375 -0.1785 0.5164
vn 0.8577 -0.3371 0.3883
vn 0.6990 -0.6674 0.2568
vn 0.6238 -0.3331 0.7070
vn 0.6692 -0.3113 0.6747
vn 0.7162 -0.3047 0.6279
vn 0.7609 -0.3332 0.5567
vn 0.7823 -0.4133 0.4661
vn 0.7406 -0.5553 0.3784
vn 0.5059 -0.7871 0.3530
vn 0.6094 -0.4272 0.6680
vn 0.6503 -0.4294 0.6267
vn 0.6856 -0.4480 0.5738
vn 0.7090 -0.4932 0.5042
vn 0.7010 -0.5671 0.4325
vn 0.6272 -0.6748 0.3890
vn 0.3502 -0.8333 0.4278
vn 0.5907 -0.4992 0.6340
vn 0.6201 -0.5258 0.5822
vn 0.6377 -0.5667 0.5217
vn 0.6391 -0.6215 0.4531
vn 0.6097 -0.6874 0.3947
vn 0.5147 -0.7707 0.3758
vn 0.2203 -0.8706 0.4400
vn 0.5626 -0.5732 0.5957
vn 0.5739 -0.6233 0.5311
vn 0.5683 -0.6831 0.4587
vn 0.5463 -0.7430 0.3867
vn 0.4987 -0.7998 0.3341
vn 0.3897 -0.8620 0.3242
vn 0.0975 -0.9185 0.3833
vn 0.5123 -0.6729 0.5337
vn 0.4961 -0.7414 0.4518
vn 0.4605 -0.8103 0.3625
vn 0.4133 -0.8657 0.2824
vn 0.3503 -0.9077 0.2310
vn 0.2372 -0.9454 0.2237
vn -0.0274 -0.9617 0.2726
vn 0.4182 -0.8063 0.4182
vn 0.3655 -0.8759 0.3150
vn 0.2992 -0.9309 0.2095
vn 0.2316 -0.9647 0.1255
vn 0.1596 -0.9840 0.0786
vn 0.0524 -0.9958 0.0748
vn -0.1508 -0.9810 0.1218
vn -0.6350 0.3275 0.6996
vn -0.7054 0.1670 0.6889
vn -0.8236 -0.1850 0.5362
vn -0.8031 -0.5443 0.2423
vn -0.6582 -0.7510 -0.0526
vn -0.5149 -0.8218 -0.2441
vn -0.4082 -0.8449 -0.3457
vn -0.6640 0.2950 0.6871
vn -0.6768 0.1915 0.7109
vn -0.7312 -0.0217 0.6818
vn -0.7697 -0.3447 0.5374
vn -0.7125 -0.6226 0.3237
vn -0.5858 -0.8037 0.1044
vn -0.4295 -0.8990 -0.0860
vn -0.6826 0.2749 0.6771
vn -0.6575 0.2078 0.7242
vn -0.6465 0.0873 0.7579
vn -0.6451 -0.1129 0.7557
vn -0.6156 -0.3668 0.6975
vn -0.5178 -0.6139 0.5958
vn -0.3397 -0.8222 0.4567
vn -0.6929 0.2649 0.6706
vn -0.6438 0.2227 0.7321
vn -0.5762 0.1669 0.8001
vn -0.4880 0.0910 0.8681
vn -0.3799 -0.0108 0.9250
vn -0.2391 -0.1471 0.9598
vn -0.0361 -0.3189 0.9471
vn -0.7048 0.2549 0.6620
vn -0.6323 0.2370 0.7376
vn -0.5129 0.2327 0.8263
vn -0.3514 0.2368 0.9058
vn -0.1777 0.2370 0.9551
vn -0.0068 0.2263 0.9740
vn 0.1679 0.2026 0.9648
vn -0.7301 0.2327 0.6425
vn -0.6218 0.2517 0.7416
vn -0.4399 0.2981 0.8471
vn -0.2205 0.3463 0.9119
vn -0.0249 0.3775 0.9257
vn 0.1251 0.3906 0.9120
vn 0.2474 0.3903 0.8868
vn -0.7714 0.1934 0.6063
vn -0.6116 0.2688 0.7441
vn -0.3521 0.3693 0.8600
vn -0.0884 0.4397 0.8938
vn 0.1000 0.4729 0.8754
vn 0.2114 0.4824 0.8501
vn 0.2876 0.4790 0.8294
vn -0.3256 -0.9281 -0.1805
vn -0.3305 -0.9366 -0.1169
vn -0.3302 -0.9410 -0.0741
vn -0.3266 -0.9439 -0.0500
vn -0.3209 -0.9462 -0.0425
vn -0.3137 -0.9481 -0.0514
vn -0.3076 -0.9483 -0.0785
vn -0.1763 -0.9634 -0.2021
vn -0.1747 -0.9725 -0.1538
vn -0.1680 -0.9777 -0.1263
vn -0.1584 -0.9802 -0.1186
vn -0.1474 -0.9805 -0.1300
vn -0.1371 -0.9774 -0.1610
vn -0.1350 -0.9680 -0.2116
vn 0.2201 -0.9477 -0.2312
vn 0.2310 -0.9465 -0.2254
vn 0.2449 -0.9402 -0.2368
vn 0.2584 -0.9287 -0.2661
vn 0.2679 -0.9110 -0.3136
vn 0.2687 -0.8855 -0.3791
vn 0.2523 -0.8504 -0.4618
vn 0.8888 -0.4314 -0.1549
vn 0.8754 -0.4237 -0.2327
vn 0.8573 -0.4145 -0.3055
vn 0.8344 -0.4010 -0.3782
vn 0.8051 -0.3806 -0.4550
vn 0.7662 -0.3514 -0.5380
vn 0.7135 -0.3115 -0.6276
vn 0.9400 0.3407 0.0154
vn 0.9391 0.3290 -0.0990
vn 0.9297 0.3110 -0.1974
vn 0.9130 0.2915 -0.2855
vn 0.8885 0.2752 -0.3673
vn 0.8551 0.2664 -0.4448
vn 0.8115 0.2710 -0.5177
vn 0.7763 0.6239 0.0900
vn 0.7890 0.6141 -0.0180
vn 0.7952 0.5963 -0.1104
vn 0.7958 0.5741 -0.1927
vn 0.7904 0.5509 -0.2679
vn 0.7779 0.5302 -0.3373
vn 0.7559 0.5186 -0.3996
vn 0.6819 0.7218 0.1186
vn 0.6967 0.7171 0.0188
vn 0.7062 0.7049 -0.0659
vn 0.7120 0.6879 -0.1407
vn 0.7143 0.6680 -0.2087
vn 0.7123 0.6475 -0.2708
vn 0.7045 0.6303 -0.3260
vn -0.2574 -0.8310 -0.4932
vn -0.2440 -0.8183 -0.5205
vn -0.2475 -0.8186 -0.5182
vn -0.2567 -0.8282 -0.4982
vn -0.2683 -0.8443 -0.4639
vn -0.2820 -0.8654 -0.4143
vn -0.2976 -0.8893 -0.3472
vn -0.1755 -0.9107 -0.3738
vn -0.1387 -0.8869 -0.4407
vn -0.1335 -0.8765 -0.4626
vn -0.1382 -0.8786 -0.4571
vn -0.1454 -0.8895 -0.4332
vn -0.1537 -0.9063 -0.3936
vn -0.1626 -0.9268 -0.3384
vn 0.0792 -0.9962 0.0369
vn 0.1693 -0.9764 -0.1342
vn 0.1976 -0.9523 -0.2326
vn 0.2032 -0.9384 -0.2796
vn 0.2040 -0.9335 -0.2949
vn 0.2052 -0.9342 -0.2917
vn 0.2084 -0.9384 -0.2756
vn 0.4838 -0.5582 0.6740
vn 0.6523 -0.5695 0.5002
vn 0.7500 -0.5540 0.3613
vn 0.8072 -0.5310 0.2578
vn 0.8441 -0.5068 0.1749
vn 0.8703 -0.4828 0.0974
vn 0.8877 -0.4601 0.0171
vn 0.5190 0.1664 0.8384
vn 0.6423 0.1826 0.7444
vn 0.7248 0.2135 0.6551
vn 0.7817 0.2480 0.5722
vn 0.8268 0.2801 0.4878
vn 0.8669 0.3078 0.3922
vn 0.9022 0.3292 0.2786
vn 0.4618 0.4058 0.7887
vn 0.5353 0.4384 0.7220
vn 0.5848 0.4771 0.6560
vn 0.6209 0.5149 0.5911
vn 0.6532 0.5493 0.5212
vn 0.6866 0.5798 0.4386
vn 0.7214 0.6051 0.3367
vn 0.4303 0.5019 0.7503
vn 0.4791 0.5376 0.6938
vn 0.5139 0.5744 0.6371
vn 0.5412 0.6089 0.5800
vn 0.5675 0.6405 0.5173
vn 0.5963 0.6700 0.4422
vn 0.6277 0.6961 0.3484
vn -0.5304 -0.7726 -0.3489
vn -0.4701 -0.8525 -0.2286
vn -0.3531 -0.9356 -0.0023
vn -0.1103 -0.9326 0.3435
vn 0.2141 -0.7120 0.6688
vn 0.4496 -0.4043 0.7965
vn 0.5454 -0.2797 0.7901
vn -0.6036 -0.7885 -0.1180
vn -0.4662 -0.8784 0.1054
vn -0.2582 -0.8941 0.3659
vn 0.0118 -0.7885 0.6150
vn 0.2808 -0.5697 0.7724
vn 0.4413 -0.4140 0.7962
vn 0.5264 -0.3594 0.7706
vn -0.6658 -0.6336 0.3940
vn -0.4008 -0.7026 0.5880
vn -0.1263 -0.6723 0.7295
vn 0.1269 -0.5688 0.8126
vn 0.3166 -0.4686 0.8247
vn 0.4353 -0.4227 0.7949
vn 0.5115 -0.4175 0.7510
vn -0.4375 -0.0814 0.8955
vn -0.1611 -0.2004 0.9664
vn 0.0559 -0.2753 0.9597
vn 0.2183 -0.3360 0.9162
vn 0.3421 -0.3900 0.8549
vn 0.4334 -0.4321 0.7909
vn 0.5006 -0.4614 0.7325
vn -0.0283 0.3650 0.9306
vn 0.0857 0.2047 0.9751
vn 0.1872 0.0363 0.9816
vn 0.2808 -0.1453 0.9487
vn 0.3645 -0.3201 0.8745
vn 0.4332 -0.4439 0.7844
vn 0.4893 -0.5082 0.7088
vn 0.1267 0.5144 0.8481
vn 0.1855 0.4001 0.8975
vn 0.2471 0.2459 0.9373
vn 0.3173 0.0265 0.9480
vn 0.3848 -0.2369 0.8921
vn 0.4333 -0.4593 0.7754
vn 0.4702 -0.5777 0.6672
vn 0.1986 0.5816 0.7889
vn 0.2367 0.5146 0.8241
vn 0.2797 0.4053 0.8703
vn 0.3412 0.1952 0.9195
vn 0.4066 -0.1323 0.9040
vn 0.4336 -0.4806 0.7622
vn 0.4347 -0.6769 0.5940
vn -0.3635 -0.9224 -0.1309
vn -0.4160 -0.9001 -0.1291
vn -0.4670 -0.8753 -0.1254
vn -0.5169 -0.8471 -0.1233
vn -0.5648 -0.8161 -0.1224
vn -0.6096 -0.7831 -0.1231
vn -0.6537 -0.7469 -0.1221
vn -0.2213 -0.9245 -0.3104
vn -0.2990 -0.8964 -0.3272
vn -0.3790 -0.8632 -0.3335
vn -0.4593 -0.8231 -0.3339
vn -0.5377 -0.7767 -0.3280
vn -0.6121 -0.7249 -0.3160
vn -0.6835 -0.6686 -0.2928
vn 0.1180 -0.7652 -0.6329
vn 0.0106 -0.7215 -0.6923
vn -0.1091 -0.6705 -0.7338
vn -0.2397 -0.6093 -0.7558
vn -0.3779 -0.5385 -0.7531
vn -0.5171 -0.4595 -0.7221
vn -0.6511 -0.3766 -0.6590
vn 0.5542 -0.2007 -0.8078
vn 0.4517 -0.1352 -0.8818
vn 0.3348 -0.0632 -0.9402
vn 0.2011 0.0165 -0.9794
vn 0.0505 0.1033 -0.9934
vn -0.1133 0.1960 -0.9740
vn -0.2831 0.2903 -0.9141
vn 0.6958 0.3410 -0.6321
vn 0.6288 0.3968 -0.6687
vn 0.5560 0.4571 -0.6942
vn 0.4756 0.5209 -0.7089
vn 0.3871 0.5872 -0.7109
vn 0.2902 0.6539 -0.6987
vn 0.1848 0.7203 -0.6686
vn 0.6804 0.5573 -0.4758
vn 0.6351 0.5984 -0.4884
vn 0.5876 0.6410 -0.4938
vn 0.5362 0.6836 -0.4952
vn 0.4812 0.7252 -0.4925
vn 0.4227 0.7649 -0.4860
vn 0.3591 0.8050 -0.4723
vn 0.6540 0.6528 -0.3824
vn 0.6210 0.6844 -0.3820
vn 0.5867 0.7155 -0.3793
vn 0.5499 0.7455 -0.3766
vn 0.5113 0.7737 -0.3742
vn 0.4715 0.7993 -0.3725
vn 0.4283 0.8244 -0.3700
vn -0.7125 -0.6984 -0.0677
vn -0.7132 -0.6995 -0.0439
vn -0.7085 -0.7047 -0.0389
vn -0.7011 -0.7113 -0.0498
vn -0.6915 -0.7183 -0.0765
vn -0.6792 -0.7239 -0.1214
vn -0.6629 -0.7251 -0.1867
vn -0.7847 -0.5915 -0.1855
vn -0.7981 -0.5867 -0.1375
vn -0.7987 -0.5911 -0.1124
vn -0.7937 -0.5987 -0.1077
vn -0.7848 -0.6076 -0.1219
vn -0.7726 -0.6156 -0.1557
vn -0.7563 -0.6194 -0.2106
vn -0.8549 -0.2597 -0.4491
vn -0.9031 -0.2455 -0.3523
vn -0.9264 -0.2481 -0.2834
vn -0.9355 -0.2584 -0.2408
vn -0.9363 -0.2722 -0.2218
vn -0.9316 -0.2859 -0.2245
vn -0.9225 -0.2958 -0.2480
vn -0.5751 0.4425 -0.6881
vn -0.6660 0.4837 -0.5679
vn -0.7256 0.5077 -0.4645
vn -0.7640 0.5220 -0.3793
vn -0.7888 0.5310 -0.3095
vn -0.8055 0.5372 -0.2504
vn -0.8174 0.5413 -0.1972
vn -0.0087 0.8426 -0.5384
vn -0.0684 0.8894 -0.4520
vn -0.1047 0.9252 -0.3647
vn -0.1252 0.9521 -0.2791
vn -0.1359 0.9715 -0.1940
vn -0.1427 0.9841 -0.1059
vn -0.1506 0.9886 -0.0097
vn 0.2507 0.8870 -0.3878
vn 0.2257 0.9199 -0.3206
vn 0.2138 0.9446 -0.2492
vn 0.2083 0.9622 -0.1754
vn 0.2056 0.9737 -0.0982
vn 0.2020 0.9793 -0.0147
vn 0.1942 0.9777 0.0798
vn 0.3608 0.8804 -0.3078
vn 0.3524 0.9016 -0.2508
vn 0.3484 0.9180 -0.1893
vn 0.3456 0.9301 -0.1241
vn 0.3423 0.9380 -0.0541
vn 0.3366 0.9414 0.0232
vn 0.3262 0.9385 0.1129
vn -0.9467 0.2551 0.1964
vn -0.7749 0.5440 0.3220
vn -0.6548 0.6117 0.4439
vn -0.5927 0.6004 0.5369
vn -0.5749 0.5556 0.6006
vn -0.5870 0.4988 0.6376
vn -0.6076 0.4428 0.6593
vn -0.9542 0.0663 0.2916
vn -0.8799 0.3604 0.3097
vn -0.7968 0.4633 0.3879
vn -0.7347 0.4882 0.4710
vn -0.6993 0.4703 0.5383
vn -0.6863 0.4332 0.5842
vn -0.6832 0.3893 0.6178
vn -0.9255 -0.0603 0.3740
vn -0.9148 0.2365 0.3274
vn -0.8647 0.3474 0.3629
vn -0.8157 0.3908 0.4266
vn -0.7753 0.3963 0.4918
vn -0.7483 0.3797 0.5440
vn -0.7298 0.3501 0.5872
vn -0.9006 -0.1701 0.4000
vn -0.9363 0.1231 0.3288
vn -0.9079 0.2426 0.3419
vn -0.8690 0.3001 0.3935
vn -0.8275 0.3266 0.4567
vn -0.7900 0.3325 0.5151
vn -0.7583 0.3215 0.5671
vn -0.8873 -0.2869 0.3611
vn -0.9543 -0.0034 0.2987
vn -0.9439 0.1245 0.3058
vn -0.9147 0.1959 0.3535
vn -0.8745 0.2441 0.4192
vn -0.8292 0.2758 0.4862
vn -0.7858 0.2875 0.5476
vn -0.8700 -0.4133 0.2688
vn -0.9614 -0.1605 0.2236
vn -0.9719 -0.0317 0.2332
vn -0.9574 0.0531 0.2838
vn -0.9250 0.1252 0.3586
vn -0.8786 0.1871 0.4395
vn -0.8277 0.2279 0.5128
vn -0.8325 -0.5380 0.1321
vn -0.9318 -0.3501 0.0957
vn -0.9668 -0.2312 0.1086
vn -0.9768 -0.1398 0.1624
vn -0.9674 -0.0493 0.2483
vn -0.9363 0.0428 0.3487
vn -0.8896 0.1200 0.4408
vn -0.6160 -0.7023 -0.3569
vn -0.5934 -0.6834 -0.4251
vn -0.5759 -0.6651 -0.4753
vn -0.5642 -0.6494 -0.5098
vn -0.5587 -0.6375 -0.5305
vn -0.5604 -0.6327 -0.5345
vn -0.5691 -0.6450 -0.5100
vn -0.7107 -0.6040 -0.3606
vn -0.6896 -0.5893 -0.4208
vn -0.6742 -0.5746 -0.4641
vn -0.6655 -0.5620 -0.4912
vn -0.6652 -0.5537 -0.5009
vn -0.6743 -0.5565 -0.4854
vn -0.6876 -0.5883 -0.4255
vn -0.8944 -0.2971 -0.3343
vn -0.8833 -0.2914 -0.3672
vn -0.8783 -0.2840 -0.3846
vn -0.8810 -0.2773 -0.3832
vn -0.8940 -0.2758 -0.3532
vn -0.9159 -0.2925 -0.2750
vn -0.9275 -0.3554 -0.1159
vn -0.8393 0.5348 -0.0978
vn -0.8510 0.5227 -0.0506
vn -0.8623 0.5065 -0.0001
vn -0.8729 0.4841 0.0608
vn -0.8810 0.4494 0.1477
vn -0.8777 0.3882 0.2810
vn -0.8351 0.2754 0.4762
vn -0.1773 0.9635 0.2008
vn -0.1932 0.9368 0.2916
vn -0.2100 0.9051 0.3699
vn -0.2274 0.8680 0.4414
vn -0.2428 0.8212 0.5165
vn -0.2461 0.7555 0.6072
vn -0.2193 0.6587 0.7198
vn 0.1611 0.9426 0.2925
vn 0.1408 0.9139 0.3808
vn 0.1192 0.8835 0.4529
vn 0.0961 0.8521 0.5145
vn 0.0720 0.8163 0.5731
vn 0.0523 0.7694 0.6366
vn 0.0484 0.7032 0.7093
vn 0.2886 0.9031 0.3181
vn 0.2670 0.8757 0.4024
vn 0.2453 0.8479 0.4700
vn 0.2229 0.8207 0.5261
vn 0.1992 0.7917 0.5775
vn 0.1764 0.7559 0.6304
vn 0.1602 0.7084 0.6874
vt 0.238109 0.608957
vt 0.232632 0.594256
vt 0.247431 0.595853
vt 0.251479 0.610601
vt 0.227170 0.579613
vt 0.243413 0.581213
vt 0.221731 0.565057
vt 0.239437 0.566737
vt 0.216346 0.550634
vt 0.235554 0.552505
vt 0.211137 0.536456
vt 0.231946 0.538704
vt 0.206389 0.522752
vt 0.228897 0.525594
vt 0.262228 0.597440
vt 0.264848 0.612243
vt 0.259647 0.582780
vt 0.257123 0.568338
vt 0.254701 0.554211
vt 0.252526 0.540601
vt 0.250777 0.527741
vt 0.277021 0.599012
vt 0.278217 0.613884
vt 0.275867 0.584297
vt 0.274777 0.569820
vt 0.273776 0.555683
vt 0.272913 0.542077
vt 0.272244 0.529221
vt 0.291809 0.600566
vt 0.291585 0.615522
vt 0.292072 0.585753
vt 0.292392 0.571158
vt 0.292776 0.556876
vt 0.293180 0.543105
vt 0.293540 0.530069
vt 0.306594 0.602104
vt 0.304953 0.617159
vt 0.308263 0.587159
vt 0.309976 0.572376
vt 0.311725 0.557836
vt 0.313419 0.543717
vt 0.314899 0.530265
vt 0.321375 0.603634
vt 0.318320 0.618794
vt 0.324445 0.588531
vt 0.327538 0.573516
vt 0.330648 0.558632
vt 0.333705 0.543986
vt 0.336534 0.529794
vt 0.231648 0.621971
vt 0.224740 0.607313
vt 0.243595 0.623688
vt 0.217831 0.592654
vt 0.210923 0.577996
vt 0.204014 0.563337
vt 0.197105 0.548679
vt 0.190197 0.534020
vt 0.183288 0.519361
vt 0.176380 0.504703
vt 0.203219 0.510343
vt 0.226957 0.513627
vt 0.249664 0.515889
vt 0.271822 0.517328
vt 0.293771 0.518017
vt 0.315832 0.517904
vt 0.338408 0.516818
vt 0.362961 0.513532
vt 0.358494 0.528803
vt 0.354026 0.544074
vt 0.349558 0.559345
vt 0.345091 0.574616
vt 0.340623 0.589887
vt 0.336155 0.605158
vt 0.331688 0.620429
vt 0.315273 0.633984
vt 0.327220 0.635700
vt 0.303327 0.632268
vt 0.291380 0.630552
vt 0.279434 0.628836
vt 0.267488 0.627120
vt 0.255541 0.625404
vt 0.203053 0.500289
vt 0.204303 0.491560
vt 0.226914 0.493848
vt 0.226496 0.503141
vt 0.205678 0.483364
vt 0.227331 0.485362
vt 0.206669 0.475509
vt 0.226732 0.477535
vt 0.249449 0.495642
vt 0.249311 0.505230
vt 0.249512 0.486959
vt 0.247627 0.479208
vt 0.206370 0.453175
vt 0.217580 0.456581
vt 0.221080 0.463336
vt 0.206823 0.460486
vt 0.228158 0.460016
vt 0.234433 0.466186
vt 0.237668 0.463506
vt 0.245486 0.469125
vt 0.224419 0.470257
vt 0.207001 0.467908
vt 0.241456 0.472466
vt 0.255271 0.474679
vt 0.259297 0.474366
vt 0.262936 0.478889
vt 0.258523 0.475506
vt 0.252869 0.470696
vt 0.266369 0.483331
vt 0.264136 0.480171
vt 0.269410 0.487642
vt 0.269023 0.484534
vt 0.253166 0.472237
vt 0.245804 0.467069
vt 0.261397 0.477241
vt 0.269366 0.481717
vt 0.275776 0.499755
vt 0.276935 0.495787
vt 0.275055 0.492175
vt 0.273983 0.495808
vt 0.278417 0.491747
vt 0.276786 0.488466
vt 0.280411 0.487581
vt 0.279744 0.484500
vt 0.272571 0.488485
vt 0.271914 0.491788
vt 0.274189 0.485241
vt 0.278233 0.481720
vt 0.289502 0.474245
vt 0.295288 0.470614
vt 0.289728 0.475454
vt 0.286145 0.478789
vt 0.301722 0.467058
vt 0.294252 0.472284
vt 0.309245 0.463617
vt 0.301132 0.469384
vt 0.284285 0.480131
vt 0.283042 0.483251
vt 0.285976 0.477287
vt 0.291047 0.474982
vt 0.338841 0.453990
vt 0.337724 0.462135
vt 0.324119 0.464448
vt 0.328182 0.457123
vt 0.336873 0.470388
vt 0.320201 0.471922
vt 0.336518 0.478818
vt 0.317259 0.479744
vt 0.311450 0.466815
vt 0.318169 0.460316
vt 0.303955 0.473365
vt 0.297191 0.480330
vt 0.338393 0.506044
vt 0.316002 0.506954
vt 0.315841 0.497144
vt 0.337568 0.496516
vt 0.293840 0.507129
vt 0.293941 0.497287
vt 0.271687 0.506555
vt 0.271817 0.496811
vt 0.315989 0.488118
vt 0.336817 0.487500
vt 0.294513 0.488337
vt 0.272188 0.487972
vt 0.226732 0.477535
vt 0.245486 0.469125
vt 0.237668 0.463506
vt 0.269023 0.484534
vt 0.269410 0.487642
vt 0.279744 0.484500
vt 0.280411 0.487581
vt 0.309245 0.463617
vt 0.317259 0.479744
vt 0.336518 0.478818
vt 0.271687 0.506555
vt 0.272966 0.480001
vt 0.179019 0.496857
vt 0.181659 0.489011
vt 0.184299 0.481165
vt 0.186938 0.473320
vt 0.197496 0.441936
vt 0.205792 0.445917
vt 0.194857 0.449782
vt 0.214087 0.449898
vt 0.222383 0.453879
vt 0.230678 0.457860
vt 0.192217 0.457628
vt 0.189578 0.465474
vt 0.263860 0.473785
vt 0.265419 0.478057
vt 0.255564 0.469804
vt 0.266978 0.482329
vt 0.268537 0.486601
vt 0.270097 0.490873
vt 0.247269 0.465823
vt 0.238973 0.461842
vt 0.276334 0.507962
vt 0.277433 0.503669
vt 0.274774 0.503690
vt 0.278532 0.499376
vt 0.279631 0.495084
vt 0.280730 0.490791
vt 0.273215 0.499418
vt 0.271656 0.495145
vt 0.285126 0.473620
vt 0.292977 0.469659
vt 0.284027 0.477913
vt 0.300828 0.465699
vt 0.308679 0.461738
vt 0.316529 0.457778
vt 0.282928 0.482205
vt 0.281829 0.486498
vt 0.347932 0.441936
vt 0.349811 0.450886
vt 0.340082 0.445897
vt 0.351690 0.459835
vt 0.353568 0.468784
vt 0.355447 0.477734
vt 0.332231 0.449857
vt 0.324380 0.453818
vt 0.361083 0.504582
vt 0.293771 0.518017
vt 0.271822 0.517328
vt 0.359204 0.495633
vt 0.357325 0.486683
vt 0.355447 0.477734
vt 0.682240 0.606270
vt 0.668911 0.607914
vt 0.672722 0.593165
vt 0.687440 0.591568
vt 0.655582 0.609556
vt 0.658006 0.594752
vt 0.642253 0.611197
vt 0.643294 0.596325
vt 0.628924 0.612836
vt 0.628585 0.597879
vt 0.615596 0.614473
vt 0.613879 0.599418
vt 0.602269 0.616108
vt 0.599176 0.600947
vt 0.676510 0.578526
vt 0.692627 0.576924
vt 0.660400 0.580094
vt 0.644300 0.581611
vt 0.628214 0.583067
vt 0.612139 0.584473
vt 0.596071 0.585845
vt 0.680263 0.564051
vt 0.697795 0.562369
vt 0.662747 0.565653
vt 0.645256 0.567137
vt 0.627797 0.568474
vt 0.610364 0.569692
vt 0.592947 0.570831
vt 0.683937 0.549821
vt 0.702918 0.547946
vt 0.665009 0.551530
vt 0.646140 0.553003
vt 0.627331 0.554196
vt 0.608563 0.555155
vt 0.589813 0.555948
vt 0.687365 0.536024
vt 0.707880 0.533770
vt 0.667054 0.537925
vt 0.646912 0.539404
vt 0.626868 0.540431
vt 0.606833 0.541040
vt 0.586739 0.541305
vt 0.690282 0.522922
vt 0.712419 0.520070
vt 0.668721 0.525075
vt 0.647529 0.526557
vt 0.626476 0.527404
vt 0.605335 0.527596
vt 0.583901 0.527117
vt 0.688981 0.619285
vt 0.677034 0.621001
vt 0.695570 0.604625
vt 0.665088 0.622717
vt 0.653141 0.624433
vt 0.641195 0.626149
vt 0.629248 0.627866
vt 0.617302 0.629582
vt 0.605355 0.631298
vt 0.593409 0.633014
vt 0.588941 0.617743
vt 0.584474 0.602472
vt 0.580006 0.587201
vt 0.575539 0.571929
vt 0.571071 0.556658
vt 0.566604 0.541387
vt 0.562136 0.526116
vt 0.557668 0.510845
vt 0.582031 0.514149
vt 0.604406 0.515247
vt 0.626247 0.515366
vt 0.647947 0.514678
vt 0.669817 0.513236
vt 0.692181 0.510966
vt 0.715493 0.507669
vt 0.735103 0.516669
vt 0.741692 0.502009
vt 0.728514 0.531328
vt 0.721926 0.545987
vt 0.715337 0.560647
vt 0.708748 0.575306
vt 0.702159 0.589966
vt 0.715773 0.497632
vt 0.692716 0.500497
vt 0.692461 0.491225
vt 0.714750 0.488922
vt 0.670231 0.502596
vt 0.670221 0.493030
vt 0.648135 0.503924
vt 0.648108 0.494205
vt 0.692251 0.482762
vt 0.713633 0.480747
vt 0.670330 0.484374
vt 0.647885 0.485397
vt 0.582062 0.503391
vt 0.582911 0.493883
vt 0.604475 0.494524
vt 0.604265 0.504313
vt 0.583692 0.484887
vt 0.604390 0.485520
vt 0.584023 0.476223
vt 0.603185 0.477166
vt 0.626195 0.494677
vt 0.626220 0.504496
vt 0.625727 0.485754
vt 0.623163 0.477770
vt 0.581780 0.451442
vt 0.592419 0.454579
vt 0.596435 0.461895
vt 0.582873 0.459573
vt 0.602417 0.457777
vt 0.609073 0.464273
vt 0.611335 0.461083
vt 0.619379 0.466857
vt 0.600303 0.469358
vt 0.583697 0.467810
vt 0.616494 0.470818
vt 0.629382 0.472458
vt 0.631115 0.471735
vt 0.634454 0.476318
vt 0.630832 0.472962
vt 0.625310 0.468095
vt 0.637544 0.480819
vt 0.636242 0.477668
vt 0.640170 0.485190
vt 0.640770 0.482070
vt 0.626275 0.469774
vt 0.618863 0.464531
vt 0.634492 0.474793
vt 0.642202 0.479248
vt 0.644849 0.497499
vt 0.646621 0.493505
vt 0.645509 0.489827
vt 0.643669 0.493485
vt 0.648674 0.489439
vt 0.647958 0.486094
vt 0.651171 0.485249
vt 0.651488 0.482103
vt 0.643743 0.486075
vt 0.642172 0.489399
vt 0.646280 0.482807
vt 0.651061 0.479244
vt 0.661318 0.471852
vt 0.667722 0.468175
vt 0.662027 0.473012
vt 0.657661 0.476414
vt 0.674759 0.464540
vt 0.667328 0.469724
vt 0.682859 0.460970
vt 0.674936 0.466595
vt 0.656384 0.477706
vt 0.654215 0.480896
vt 0.659045 0.474745
vt 0.665062 0.472154
vt 0.714009 0.450627
vt 0.713292 0.457923
vt 0.699145 0.460781
vt 0.702853 0.454036
vt 0.712848 0.465329
vt 0.695598 0.467692
vt 0.712911 0.472912
vt 0.693071 0.474955
vt 0.685897 0.463642
vt 0.692326 0.457475
vt 0.678727 0.469918
vt 0.672401 0.476647
vt 0.648108 0.494205
vt 0.603185 0.477166
vt 0.584023 0.476223
vt 0.619379 0.466857
vt 0.611335 0.461083
vt 0.640770 0.482070
vt 0.651488 0.482103
vt 0.651171 0.485249
vt 0.674936 0.466595
vt 0.712911 0.472912
vt 0.647326 0.477473
vt 0.739374 0.494184
vt 0.737056 0.486358
vt 0.734738 0.478533
vt 0.732421 0.470707
vt 0.559549 0.501915
vt 0.582031 0.514149
vt 0.561430 0.492985
vt 0.563311 0.484055
vt 0.565191 0.475125
vt 0.604406 0.515247
vt 0.626247 0.515366
vt 0.647947 0.514678
vt 0.572714 0.439405
vt 0.580564 0.443363
vt 0.570834 0.448335
vt 0.588413 0.447322
vt 0.596263 0.451280
vt 0.604112 0.455238
vt 0.568953 0.457265
vt 0.567072 0.466195
vt 0.635510 0.471071
vt 0.636611 0.475412
vt 0.627661 0.467113
vt 0.637712 0.479754
vt 0.638813 0.484095
vt 0.639914 0.488437
vt 0.619811 0.463154
vt 0.611962 0.459196
vt 0.644317 0.505802
vt 0.645874 0.501481
vt 0.643216 0.501461
vt 0.647432 0.497159
vt 0.648989 0.492838
vt 0.650547 0.488516
vt 0.642115 0.497119
vt 0.641014 0.492778
vt 0.656776 0.471231
vt 0.665073 0.467253
vt 0.655219 0.475552
vt 0.673370 0.463274
vt 0.681666 0.459296
vt 0.689963 0.455318
vt 0.653662 0.479874
vt 0.652104 0.484195
vt 0.723149 0.439405
vt 0.725467 0.447231
vt 0.714852 0.443383
vt 0.727785 0.455056
vt 0.730103 0.462882
vt 0.706556 0.447361
vt 0.698259 0.451340
vt 0.562128 0.864709
vt 0.561871 0.858716
vt 0.564019 0.858113
vt 0.564222 0.864323
vt 0.561567 0.852887
vt 0.563747 0.852139
vt 0.561239 0.847140
vt 0.563431 0.846310
vt 0.560897 0.841436
vt 0.563091 0.840560
vt 0.560547 0.835761
vt 0.562735 0.834863
vt 0.560191 0.830104
vt 0.562369 0.829202
vt 0.566202 0.857394
vt 0.566385 0.863705
vt 0.565943 0.851337
vt 0.565632 0.845454
vt 0.565289 0.839673
vt 0.564925 0.833962
vt 0.564546 0.828298
vt 0.568426 0.856539
vt 0.568611 0.862874
vt 0.568162 0.850460
vt 0.567843 0.844560
vt 0.567491 0.838770
vt 0.567115 0.833057
vt 0.566724 0.827395
vt 0.570693 0.855542
vt 0.570898 0.861846
vt 0.570408 0.849494
vt 0.570070 0.843619
vt 0.569699 0.837847
vt 0.569308 0.832146
vt 0.568902 0.826490
vt 0.573002 0.854409
vt 0.573251 0.860604
vt 0.572678 0.848451
vt 0.572308 0.842640
vt 0.571913 0.836908
vt 0.571502 0.831229
vt 0.571080 0.825585
vt 0.575348 0.853159
vt 0.575680 0.859127
vt 0.574964 0.847356
vt 0.574553 0.841635
vt 0.574129 0.835959
vt 0.573697 0.830310
vt 0.573258 0.824680
vt 0.560433 0.870558
vt 0.560087 0.864908
vt 0.562253 0.871157
vt 0.559742 0.859258
vt 0.559396 0.853608
vt 0.559051 0.847957
vt 0.558705 0.842307
vt 0.558359 0.836657
vt 0.558014 0.831007
vt 0.557668 0.825356
vt 0.559832 0.824457
vt 0.561997 0.823557
vt 0.564161 0.822658
vt 0.566325 0.821758
vt 0.568489 0.820859
vt 0.570653 0.819959
vt 0.572817 0.819059
vt 0.574981 0.818160
vt 0.575437 0.823774
vt 0.575892 0.829389
vt 0.576347 0.835003
vt 0.576803 0.840618
vt 0.577258 0.846232
vt 0.577714 0.851847
vt 0.578169 0.857462
vt 0.575862 0.865557
vt 0.578625 0.863076
vt 0.573373 0.867198
vt 0.570994 0.868497
vt 0.568695 0.869540
vt 0.566464 0.870361
vt 0.564309 0.870929
vt 0.638729 0.876772
vt 0.639158 0.883313
vt 0.637109 0.882403
vt 0.636792 0.875968
vt 0.639670 0.889932
vt 0.637545 0.888951
vt 0.640224 0.896590
vt 0.638055 0.895568
vt 0.640800 0.903269
vt 0.638606 0.902223
vt 0.641391 0.909962
vt 0.639184 0.908904
vt 0.641991 0.916663
vt 0.639781 0.915601
vt 0.635000 0.881438
vt 0.634739 0.875053
vt 0.635392 0.887944
vt 0.635873 0.894534
vt 0.636406 0.901172
vt 0.636977 0.907844
vt 0.637571 0.914539
vt 0.632822 0.880407
vt 0.632576 0.874036
vt 0.633200 0.886901
vt 0.633671 0.893481
vt 0.634199 0.900114
vt 0.634767 0.906783
vt 0.635361 0.913477
vt 0.630569 0.879309
vt 0.630311 0.872925
vt 0.630962 0.885816
vt 0.631445 0.892406
vt 0.631981 0.899045
vt 0.632553 0.905718
vt 0.633150 0.912414
vt 0.628246 0.878145
vt 0.627934 0.871711
vt 0.628684 0.884693
vt 0.629198 0.891312
vt 0.629754 0.897969
vt 0.630338 0.904652
vt 0.630939 0.911351
vt 0.625862 0.876925
vt 0.625433 0.870384
vt 0.626379 0.883546
vt 0.626939 0.890206
vt 0.627522 0.896888
vt 0.628120 0.903583
vt 0.628728 0.910287
vt 0.639966 0.870781
vt 0.640571 0.877488
vt 0.638528 0.870447
vt 0.641176 0.884194
vt 0.641781 0.890900
vt 0.642386 0.897606
vt 0.642991 0.904313
vt 0.643596 0.911019
vt 0.644201 0.917725
vt 0.644805 0.924431
vt 0.642596 0.923369
vt 0.640387 0.922307
vt 0.638177 0.921245
vt 0.635968 0.920183
vt 0.633759 0.919120
vt 0.631549 0.918058
vt 0.629340 0.916996
vt 0.627131 0.915934
vt 0.626516 0.909224
vt 0.625902 0.902514
vt 0.625288 0.895804
vt 0.624673 0.889094
vt 0.624059 0.882385
vt 0.623445 0.875675
vt 0.622831 0.868965
vt 0.625250 0.864066
vt 0.622216 0.862255
vt 0.627834 0.865470
vt 0.630235 0.866709
vt 0.632502 0.867824
vt 0.634654 0.868833
vt 0.636676 0.869720
vt 0.478153 0.879278
vt 0.474015 0.868081
vt 0.474942 0.868017
vt 0.478033 0.879280
vt 0.469102 0.856927
vt 0.470731 0.856817
vt 0.463798 0.845795
vt 0.465834 0.845653
vt 0.458288 0.834674
vt 0.460561 0.834510
vt 0.452646 0.823560
vt 0.455039 0.823379
vt 0.446915 0.812450
vt 0.449351 0.812258
vt 0.476416 0.867924
vt 0.479013 0.879220
vt 0.472613 0.856693
vt 0.467991 0.845505
vt 0.462884 0.834343
vt 0.457447 0.823198
vt 0.451788 0.812065
vt 0.478530 0.867796
vt 0.481003 0.879105
vt 0.474852 0.856550
vt 0.470329 0.845348
vt 0.465284 0.834173
vt 0.459877 0.823016
vt 0.454229 0.811872
vt 0.481321 0.867634
vt 0.483920 0.878941
vt 0.477514 0.856386
vt 0.472888 0.845179
vt 0.467777 0.833997
vt 0.462335 0.822832
vt 0.456672 0.811679
vt 0.484752 0.867439
vt 0.487850 0.878729
vt 0.480534 0.856203
vt 0.475628 0.845001
vt 0.470346 0.833818
vt 0.464816 0.822647
vt 0.459119 0.811485
vt 0.488732 0.867218
vt 0.492881 0.878465
vt 0.483806 0.856008
vt 0.478489 0.844817
vt 0.472967 0.833636
vt 0.467311 0.822461
vt 0.461567 0.811292
vt 0.484943 0.890322
vt 0.479162 0.879225
vt 0.480129 0.890602
vt 0.473382 0.868128
vt 0.467602 0.857031
vt 0.461822 0.845934
vt 0.456041 0.834837
vt 0.450261 0.823740
vt 0.444481 0.812643
vt 0.438700 0.801546
vt 0.441140 0.801343
vt 0.443580 0.801140
vt 0.446020 0.800937
vt 0.448460 0.800734
vt 0.450900 0.800531
vt 0.453339 0.800328
vt 0.455779 0.800125
vt 0.458219 0.799922
vt 0.464017 0.811099
vt 0.469815 0.822275
vt 0.475612 0.833452
vt 0.481410 0.844629
vt 0.487208 0.855806
vt 0.493006 0.866983
vt 0.498803 0.878160
vt 0.494862 0.889808
vt 0.504601 0.889336
vt 0.489068 0.890106
vt 0.484884 0.890329
vt 0.481907 0.890494
vt 0.479975 0.890605
vt 0.479249 0.890649
vt 0.446915 0.972616
vt 0.452646 0.960845
vt 0.455039 0.960647
vt 0.449351 0.972403
vt 0.458288 0.949078
vt 0.460561 0.948900
vt 0.463798 0.937319
vt 0.465834 0.937165
vt 0.469102 0.925570
vt 0.470731 0.925450
vt 0.474015 0.913842
vt 0.474942 0.913773
vt 0.478153 0.902159
vt 0.478033 0.902158
vt 0.457446 0.960448
vt 0.451788 0.972189
vt 0.462884 0.948718
vt 0.467991 0.937005
vt 0.472613 0.925318
vt 0.476416 0.913674
vt 0.479012 0.902095
vt 0.459877 0.960248
vt 0.454228 0.971976
vt 0.465284 0.948533
vt 0.470329 0.936836
vt 0.474852 0.925166
vt 0.478530 0.913540
vt 0.481003 0.901977
vt 0.462335 0.960047
vt 0.456672 0.971763
vt 0.467777 0.948343
vt 0.472888 0.936656
vt 0.477514 0.924993
vt 0.481321 0.913372
vt 0.483920 0.901811
vt 0.464815 0.959844
vt 0.459119 0.971549
vt 0.470346 0.948149
vt 0.475628 0.936466
vt 0.480533 0.924802
vt 0.484752 0.913172
vt 0.487850 0.901595
vt 0.467311 0.959641
vt 0.461567 0.971335
vt 0.472966 0.947952
vt 0.478489 0.936270
vt 0.483806 0.924598
vt 0.488732 0.912945
vt 0.492881 0.901328
vt 0.438700 0.984616
vt 0.444481 0.972829
vt 0.441140 0.984390
vt 0.450261 0.961043
vt 0.456041 0.949256
vt 0.461822 0.937469
vt 0.467602 0.925682
vt 0.473382 0.913896
vt 0.479162 0.902109
vt 0.498803 0.901020
vt 0.493005 0.912703
vt 0.487208 0.924387
vt 0.481410 0.936071
vt 0.475612 0.947754
vt 0.469814 0.959438
vt 0.464016 0.971121
vt 0.455779 0.983031
vt 0.458219 0.982804
vt 0.453339 0.983257
vt 0.450899 0.983484
vt 0.448459 0.983710
vt 0.446020 0.983937
vt 0.443580 0.984163
vt 0.560280 0.926196
vt 0.560624 0.918126
vt 0.562888 0.917203
vt 0.562547 0.925265
vt 0.560961 0.910074
vt 0.563219 0.909177
vt 0.561290 0.902050
vt 0.563533 0.901203
vt 0.561606 0.894069
vt 0.563823 0.893309
vt 0.561897 0.886171
vt 0.564070 0.885559
vt 0.562140 0.878437
vt 0.564248 0.878047
vt 0.565154 0.916278
vt 0.564813 0.924333
vt 0.565479 0.908269
vt 0.565784 0.900331
vt 0.566057 0.892495
vt 0.566278 0.884832
vt 0.566423 0.877424
vt 0.567420 0.915347
vt 0.567080 0.923400
vt 0.567745 0.907345
vt 0.568047 0.899420
vt 0.568314 0.891605
vt 0.568527 0.883969
vt 0.568662 0.876589
vt 0.569689 0.914411
vt 0.569347 0.922467
vt 0.570017 0.906402
vt 0.570324 0.898463
vt 0.570599 0.890626
vt 0.570820 0.882964
vt 0.570961 0.875557
vt 0.571959 0.913470
vt 0.571614 0.921533
vt 0.572294 0.905442
vt 0.572613 0.897467
vt 0.572907 0.889572
vt 0.573155 0.881822
vt 0.573328 0.874311
vt 0.574231 0.912526
vt 0.573881 0.920599
vt 0.574574 0.904472
vt 0.574909 0.896446
vt 0.575231 0.888464
vt 0.575526 0.880564
vt 0.575769 0.872830
vt 0.557668 0.935209
vt 0.558014 0.927128
vt 0.559934 0.934276
vt 0.558359 0.919046
vt 0.558705 0.910965
vt 0.559051 0.902884
vt 0.559396 0.894802
vt 0.559742 0.886721
vt 0.560087 0.878640
vt 0.578271 0.871160
vt 0.577917 0.879244
vt 0.577564 0.887328
vt 0.577210 0.895412
vt 0.576856 0.903496
vt 0.576502 0.911580
vt 0.576149 0.919664
vt 0.573529 0.928681
vt 0.575795 0.927748
vt 0.571263 0.929613
vt 0.568997 0.930546
vt 0.566732 0.931479
vt 0.564466 0.932411
vt 0.562200 0.933344
vt 0.549036 0.883432
vt 0.549036 0.895503
vt 0.546587 0.895483
vt 0.546587 0.883411
vt 0.549036 0.907575
vt 0.546587 0.907554
vt 0.549036 0.919646
vt 0.546587 0.919625
vt 0.549036 0.931717
vt 0.546587 0.931697
vt 0.549036 0.943789
vt 0.546587 0.943768
vt 0.549036 0.955860
vt 0.546587 0.955839
vt 0.544137 0.895462
vt 0.544137 0.883390
vt 0.544137 0.907533
vt 0.544137 0.919605
vt 0.544137 0.931676
vt 0.544137 0.943747
vt 0.544137 0.955819
vt 0.541688 0.895441
vt 0.541688 0.883370
vt 0.541688 0.907512
vt 0.541688 0.919584
vt 0.541688 0.931655
vt 0.541688 0.943726
vt 0.541688 0.955798
vt 0.539238 0.895420
vt 0.539238 0.883349
vt 0.539238 0.907492
vt 0.539238 0.919563
vt 0.539238 0.931634
vt 0.539238 0.943706
vt 0.539238 0.955777
vt 0.536789 0.895400
vt 0.536789 0.883328
vt 0.536789 0.907471
vt 0.536789 0.919542
vt 0.536789 0.931614
vt 0.536789 0.943685
vt 0.536789 0.955756
vt 0.534339 0.895379
vt 0.534339 0.883307
vt 0.534339 0.907450
vt 0.534339 0.919521
vt 0.534339 0.931593
vt 0.534339 0.943664
vt 0.534339 0.955735
vt 0.551486 0.871382
vt 0.551486 0.883453
vt 0.549036 0.871361
vt 0.551486 0.895524
vt 0.551486 0.907596
vt 0.551486 0.919667
vt 0.551486 0.931738
vt 0.551486 0.943810
vt 0.551486 0.955881
vt 0.551486 0.967952
vt 0.549036 0.967932
vt 0.546587 0.967911
vt 0.544137 0.967890
vt 0.541688 0.967869
vt 0.539238 0.967848
vt 0.536789 0.967828
vt 0.534339 0.967807
vt 0.531889 0.967786
vt 0.531889 0.955715
vt 0.531889 0.943643
vt 0.531889 0.931572
vt 0.531889 0.919501
vt 0.531889 0.907429
vt 0.531889 0.895358
vt 0.531889 0.883287
vt 0.534339 0.871236
vt 0.531889 0.871215
vt 0.536789 0.871257
vt 0.539238 0.871278
vt 0.541688 0.871298
vt 0.544137 0.871319
vt 0.546587 0.871340
vt 0.755953 0.921961
vt 0.761948 0.908126
vt 0.764340 0.908277
vt 0.758392 0.922108
vt 0.767850 0.894300
vt 0.770114 0.894466
vt 0.773614 0.880490
vt 0.775629 0.880683
vt 0.779163 0.866704
vt 0.780750 0.866944
vt 0.784303 0.852962
vt 0.785154 0.853284
vt 0.788633 0.839311
vt 0.788387 0.839754
vt 0.766747 0.908427
vt 0.760832 0.922253
vt 0.772431 0.894625
vt 0.777770 0.880862
vt 0.782601 0.867155
vt 0.786577 0.853543
vt 0.789291 0.840070
vt 0.769178 0.908573
vt 0.763276 0.922399
vt 0.774827 0.894776
vt 0.780099 0.881020
vt 0.784825 0.867325
vt 0.788669 0.853728
vt 0.791252 0.840270
vt 0.771637 0.908717
vt 0.765723 0.922544
vt 0.777322 0.894916
vt 0.782660 0.881153
vt 0.787491 0.867446
vt 0.791467 0.853834
vt 0.794182 0.840362
vt 0.774121 0.908858
vt 0.768173 0.922689
vt 0.779895 0.895047
vt 0.785410 0.881264
vt 0.790531 0.867525
vt 0.794935 0.853866
vt 0.798168 0.840337
vt 0.776620 0.908998
vt 0.770625 0.922833
vt 0.782522 0.895172
vt 0.788286 0.881362
vt 0.793835 0.867575
vt 0.798975 0.853834
vt 0.803305 0.840184
vt 0.747467 0.935657
vt 0.753515 0.921815
vt 0.749912 0.935802
vt 0.759564 0.907974
vt 0.765613 0.894132
vt 0.771662 0.880290
vt 0.777711 0.866449
vt 0.783760 0.852607
vt 0.789809 0.838765
vt 0.795858 0.824923
vt 0.790700 0.825907
vt 0.789659 0.826439
vt 0.790298 0.826786
vt 0.792197 0.826994
vt 0.795189 0.827080
vt 0.799440 0.827027
vt 0.805372 0.826786
vt 0.815421 0.826085
vt 0.809372 0.839927
vt 0.803323 0.853769
vt 0.797274 0.867611
vt 0.791225 0.881452
vt 0.785176 0.895294
vt 0.779127 0.909136
vt 0.773078 0.922978
vt 0.764584 0.936674
vt 0.767029 0.936820
vt 0.762138 0.936529
vt 0.759693 0.936384
vt 0.757248 0.936238
vt 0.754803 0.936093
vt 0.752357 0.935948
vt 0.642078 0.830874
vt 0.641465 0.836428
vt 0.639334 0.835399
vt 0.639956 0.829846
vt 0.640862 0.841991
vt 0.638731 0.840970
vt 0.640274 0.847568
vt 0.638155 0.846565
vt 0.639707 0.853165
vt 0.637620 0.852199
vt 0.639183 0.858802
vt 0.637159 0.857902
vt 0.638741 0.864516
vt 0.636817 0.863717
vt 0.637201 0.834369
vt 0.637833 0.828818
vt 0.636594 0.839943
vt 0.636023 0.845550
vt 0.635504 0.851207
vt 0.635075 0.856946
vt 0.634776 0.862807
vt 0.635066 0.833336
vt 0.635710 0.827789
vt 0.634449 0.838908
vt 0.633871 0.844517
vt 0.633350 0.850178
vt 0.632922 0.855925
vt 0.632626 0.861795
vt 0.632928 0.832301
vt 0.633587 0.826760
vt 0.632293 0.837864
vt 0.631694 0.843461
vt 0.631149 0.849107
vt 0.630694 0.854836
vt 0.630374 0.860689
vt 0.630787 0.831263
vt 0.631463 0.825731
vt 0.630129 0.836812
vt 0.629498 0.842386
vt 0.628909 0.847999
vt 0.628396 0.853682
vt 0.628009 0.859479
vt 0.628645 0.830224
vt 0.629340 0.824701
vt 0.627960 0.835755
vt 0.627289 0.841300
vt 0.626641 0.846866
vt 0.626037 0.852471
vt 0.625520 0.858157
vt 0.644805 0.826348
vt 0.644201 0.831902
vt 0.642696 0.825325
vt 0.643596 0.837457
vt 0.642991 0.843011
vt 0.642386 0.848565
vt 0.641781 0.854119
vt 0.641176 0.859673
vt 0.640571 0.865227
vt 0.622931 0.856743
vt 0.623645 0.851231
vt 0.624359 0.845719
vt 0.625073 0.840207
vt 0.625787 0.834695
vt 0.626502 0.829184
vt 0.627216 0.823672
vt 0.630039 0.819183
vt 0.627930 0.818160
vt 0.632149 0.820207
vt 0.634258 0.821231
vt 0.636368 0.822254
vt 0.638477 0.823278
vt 0.640587 0.824301
vt 0.788633 0.812958
vt 0.784303 0.800258
vt 0.785154 0.800586
vt 0.788387 0.813405
vt 0.779163 0.787647
vt 0.780750 0.787897
vt 0.773614 0.775081
vt 0.775629 0.775286
vt 0.767851 0.762539
vt 0.770114 0.762720
vt 0.761948 0.750013
vt 0.764340 0.750182
vt 0.755953 0.737496
vt 0.758392 0.737663
vt 0.786577 0.800851
vt 0.789291 0.813724
vt 0.782601 0.788117
vt 0.777770 0.775477
vt 0.772431 0.762894
vt 0.766747 0.750350
vt 0.760833 0.737830
vt 0.788669 0.801041
vt 0.791252 0.813927
vt 0.784826 0.788296
vt 0.780100 0.775648
vt 0.774828 0.763060
vt 0.769178 0.750514
vt 0.763277 0.737997
vt 0.791468 0.801154
vt 0.794182 0.814022
vt 0.787492 0.788425
vt 0.782661 0.775792
vt 0.777322 0.763215
vt 0.771638 0.750676
vt 0.765724 0.738163
vt 0.794935 0.801192
vt 0.798168 0.814000
vt 0.790532 0.788514
vt 0.785411 0.775916
vt 0.779896 0.763361
vt 0.774122 0.750835
vt 0.768174 0.738329
vt 0.798976 0.801166
vt 0.803305 0.813850
vt 0.793836 0.788573
vt 0.788287 0.776025
vt 0.782523 0.763501
vt 0.776621 0.750993
vt 0.770626 0.738495
vt 0.789809 0.812410
vt 0.783760 0.799896
vt 0.777711 0.787383
vt 0.771662 0.774869
vt 0.765613 0.762356
vt 0.759564 0.749842
vt 0.753515 0.737329
vt 0.747467 0.724815
vt 0.749912 0.724985
vt 0.752358 0.725154
vt 0.754803 0.725324
vt 0.757249 0.725493
vt 0.759694 0.725663
vt 0.762140 0.725832
vt 0.764585 0.726001
vt 0.767031 0.726171
vt 0.773080 0.738660
vt 0.779128 0.751149
vt 0.785177 0.763639
vt 0.791226 0.776128
vt 0.797275 0.788617
vt 0.803323 0.801106
vt 0.809372 0.813596
s 1
usemtl Material.002
f 4464/5204/4454 4465/5205/4455 4472/5206/4462 4471/5207/4461
f 4465/5205/4455 4466/5208/4456 4473/5209/4463 4472/5206/4462
f 4466/5208/4456 4467/5210/4457 4474/5211/4464 4473/5209/4463
f 4467/5210/4457 4468/5212/4458 4475/5213/4465 4474/5211/4464
f 4468/5212/4458 4469/5214/4459 4476/5215/4466 4475/5213/4465
f 4469/5214/4459 4470/5216/4460 4477/5217/4467 4476/5215/4466
f 4471/5207/4461 4472/5206/4462 4479/5218/4469 4478/5219/4468
f 4472/5206/4462 4473/5209/4463 4480/5220/4470 4479/5218/4469
f 4473/5209/4463 4474/5211/4464 4481/5221/4471 4480/5220/4470
f 4474/5211/4464 4475/5213/4465 4482/5222/4472 4481/5221/4471
f 4475/5213/4465 4476/5215/4466 4483/5223/4473 4482/5222/4472
f 4476/5215/4466 4477/5217/4467 4484/5224/4474 4483/5223/4473
f 4478/5219/4468 4479/5218/4469 4486/5225/4476 4485/5226/4475
f 4479/5218/4469 4480/5220/4470 4487/5227/4477 4486/5225/4476
f 4480/5220/4470 4481/5221/4471 4488/5228/4478 4487/5227/4477
f 4481/5221/4471 4482/5222/4472 4489/5229/4479 4488/5228/4478
f 4482/5222/4472 4483/5223/4473 4490/5230/4480 4489/5229/4479
f 4483/5223/4473 4484/5224/4474 4491/5231/4481 4490/5230/4480
f 4485/5226/4475 4486/5225/4476 4493/5232/4483 4492/5233/4482
f 4486/5225/4476 4487/5227/4477 4494/5234/4484 4493/5232/4483
f 4487/5227/4477 4488/5228/4478 4495/5235/4485 4494/5234/4484
f 4488/5228/4478 4489/5229/4479 4496/5236/4486 4495/5235/4485
f 4489/5229/4479 4490/5230/4480 4497/5237/4487 4496/5236/4486
f 4490/5230/4480 4491/5231/4481 4498/5238/4488 4497/5237/4487
f 4492/5233/4482 4493/5232/4483 4500/5239/4490 4499/5240/4489
f 4493/5232/4483 4494/5234/4484 4501/5241/4491 4500/5239/4490
f 4494/5234/4484 4495/5235/4485 4502/5242/4492 4501/5241/4491
f 4495/5235/4485 4496/5236/4486 4503/5243/4493 4502/5242/4492
f 4496/5236/4486 4497/5237/4487 4504/5244/4494 4503/5243/4493
f 4497/5237/4487 4498/5238/4488 4505/5245/4495 4504/5244/4494
f 4499/5240/4489 4500/5239/4490 4507/5246/4497 4506/5247/4496
f 4500/5239/4490 4501/5241/4491 4508/5248/4498 4507/5246/4497
f 4501/5241/4491 4502/5242/4492 4509/5249/4499 4508/5248/4498
f 4502/5242/4492 4503/5243/4493 4510/5250/4500 4509/5249/4499
f 4503/5243/4493 4504/5244/4494 4511/5251/4501 4510/5250/4500
f 4504/5244/4494 4505/5245/4495 4512/5252/4502 4511/5251/4501
f 4235/5253/4233 4260/5254/4257 4464/5204/4454 4261/5255/4258
f 4260/5254/4257 4259/5256/4256 4465/5205/4455 4464/5204/4454
f 4259/5256/4256 4258/5257/4255 4466/5208/4456 4465/5205/4455
f 4258/5257/4255 4257/5258/4254 4467/5210/4457 4466/5208/4456
f 4257/5258/4254 4256/5259/4253 4468/5212/4458 4467/5210/4457
f 4256/5259/4253 4255/5260/4252 4469/5214/4459 4468/5212/4458
f 4255/5260/4252 4254/5261/4251 4470/5216/4460 4469/5214/4459
f 4254/5261/4251 4242/5262/4240 4317/5263/4314 4470/5216/4460
f 4470/5216/4460 4317/5263/4314 4318/5264/4315 4477/5217/4467
f 4477/5217/4467 4318/5264/4315 4319/5265/4316 4484/5224/4474
f 4484/5224/4474 4319/5265/4316 4320/5266/4317 4491/5231/4481
f 4491/5231/4481 4320/5266/4317 4321/5267/4318 4498/5238/4488
f 4498/5238/4488 4321/5267/4318 4322/5268/4319 4505/5245/4495
f 4505/5245/4495 4322/5268/4319 4323/5269/4320 4512/5252/4502
f 4512/5252/4502 4323/5269/4320 4243/5270/4241 4316/5271/4313
f 4511/5251/4501 4512/5252/4502 4316/5271/4313 4315/5272/4312
f 4510/5250/4500 4511/5251/4501 4315/5272/4312 4314/5273/4311
f 4509/5249/4499 4510/5250/4500 4314/5273/4311 4313/5274/4310
f 4508/5248/4498 4509/5249/4499 4313/5274/4310 4312/5275/4309
f 4507/5246/4497 4508/5248/4498 4312/5275/4309 4311/5276/4308
f 4506/5247/4496 4507/5246/4497 4311/5276/4308 4310/5277/4307
f 4267/5278/4264 4506/5247/4496 4310/5277/4307 4236/5279/4234
f 4266/5280/4263 4499/5240/4489 4506/5247/4496 4267/5278/4264
f 4265/5281/4262 4492/5233/4482 4499/5240/4489 4266/5280/4263
f 4264/5282/4261 4485/5226/4475 4492/5233/4482 4265/5281/4262
f 4263/5283/4260 4478/5219/4468 4485/5226/4475 4264/5282/4261
f 4262/5284/4259 4471/5207/4461 4478/5219/4468 4263/5283/4260
f 4261/5255/4258 4464/5204/4454 4471/5207/4461 4262/5284/4259
f 4514/5285/4504 4515/5286/4505 4519/5287/4509 4518/5288/4508
f 4515/5286/4505 4516/5289/4506 4520/5290/4510 4519/5287/4509
f 4516/5289/4506 4517/5291/4507 4521/5292/4511 4520/5290/4510
f 4518/5288/4508 4519/5287/4509 4523/5293/4513 4522/5294/4512
f 4519/5287/4509 4520/5290/4510 4524/5295/4514 4523/5293/4513
f 4520/5290/4510 4521/5292/4511 4525/5296/4515 4524/5295/4514
f 4526/5297/4516 4527/5298/4517 4531/5299/4521 4530/5300/4520
f 4527/5298/4517 4528/5301/4518 4532/5302/4522 4531/5299/4521
f 4528/5301/4518 4529/5303/4519 4533/5304/4523 4532/5302/4522
f 4530/5300/4520 4531/5299/4521 4535/5305/4525 4534/5306/4524
f 4531/5299/4521 4532/5302/4522 4536/5307/4526 4535/5305/4525
f 4532/5302/4522 4533/5304/4523 4537/5308/4527 4536/5307/4526
f 4538/5309/4528 4539/5310/4529 4543/5311/4533 4542/5312/4532
f 4539/5310/4529 4540/5313/4530 4544/5314/4534 4543/5311/4533
f 4540/5313/4530 4541/5315/4531 4545/5316/4535 4544/5314/4534
f 4542/5312/4532 4543/5311/4533 4547/5317/4537 4546/5318/4536
f 4543/5311/4533 4544/5314/4534 4548/5319/4538 4547/5317/4537
f 4544/5314/4534 4545/5316/4535 4549/5320/4539 4548/5319/4538
f 4550/5321/4540 4551/5322/4541 4555/5323/4545 4554/5324/4544
f 4551/5322/4541 4552/5325/4542 4556/5326/4546 4555/5323/4545
f 4552/5325/4542 4553/5327/4543 4557/5328/4547 4556/5326/4546
f 4554/5324/4544 4555/5323/4545 4559/5329/4549 4558/5330/4548
f 4555/5323/4545 4556/5326/4546 4560/5331/4550 4559/5329/4549
f 4556/5326/4546 4557/5328/4547 4561/5332/4551 4560/5331/4550
f 4562/5333/4552 4563/5334/4553 4567/5335/4557 4566/5336/4556
f 4563/5334/4553 4564/5337/4554 4568/5338/4558 4567/5335/4557
f 4564/5337/4554 4565/5339/4555 4569/5340/4559 4568/5338/4558
f 4566/5336/4556 4567/5335/4557 4571/5341/4561 4570/5342/4560
f 4567/5335/4557 4568/5338/4558 4572/5343/4562 4571/5341/4561
f 4568/5338/4558 4569/5340/4559 4573/5344/4563 4572/5343/4562
f 4574/5345/4564 4575/5346/4565 4579/5347/4569 4578/5348/4568
f 4575/5346/4565 4576/5349/4566 4580/5350/4570 4579/5347/4569
f 4576/5349/4566 4577/5351/4567 4581/5352/4571 4580/5350/4570
f 4578/5348/4568 4579/5347/4569 4583/5353/4573 4582/5354/4572
f 4579/5347/4569 4580/5350/4570 4584/5355/4574 4583/5353/4573
f 4580/5350/4570 4581/5352/4571 4585/5356/4575 4584/5355/4574
f 4586/5357/4576 4587/5358/4577 4591/5359/4581 4590/5360/4580
f 4587/5358/4577 4588/5361/4578 4592/5362/4582 4591/5359/4581
f 4588/5361/4578 4589/5363/4579 4593/5364/4583 4592/5362/4582
f 4590/5360/4580 4591/5359/4581 4595/5365/4585 4594/5366/4584
f 4591/5359/4581 4592/5362/4582 4596/5367/4586 4595/5365/4585
f 4592/5362/4582 4593/5364/4583 4597/5368/4587 4596/5367/4586
f 4534/5306/4524 4535/5305/4525 4521/5369/4511 4517/5291/4507
f 4535/5305/4525 4536/5307/4526 4525/5296/4515 4521/5369/4511
f 4546/5318/4536 4547/5317/4537 4533/5370/4523 4529/5371/4519
f 4547/5317/4537 4548/5319/4538 4537/5308/4527 4533/5370/4523
f 4558/5330/4548 4559/5329/4549 4545/5372/4535 4541/5373/4531
f 4559/5329/4549 4560/5331/4550 4549/5320/4539 4545/5372/4535
f 4570/5342/4560 4571/5341/4561 4557/5374/4547 4553/5375/4543
f 4571/5341/4561 4572/5343/4562 4561/5332/4551 4557/5374/4547
f 4582/5354/4572 4583/5353/4573 4569/5340/4559 4565/5376/4555
f 4583/5353/4573 4584/5355/4574 4573/5344/4563 4569/5340/4559
f 4594/5366/4584 4595/5365/4585 4581/5377/4571 4577/5378/4567
f 4595/5365/4585 4596/5367/4586 4585/5356/4575 4581/5377/4571
f 4522/5294/4512 4523/5293/4513 4593/5364/4583 4589/5379/4579
f 4523/5293/4513 4524/5295/4514 4597/5368/4587 4593/5364/4583
f 4524/5295/4514 4525/5296/4515 4513/5380/4503 4597/5368/4587
f 4536/5307/4526 4537/5308/4527 4513/5380/4503 4525/5296/4515
f 4548/5319/4538 4549/5320/4539 4513/5380/4503 4537/5308/4527
f 4560/5331/4550 4561/5332/4551 4513/5380/4503 4549/5320/4539
f 4572/5343/4562 4573/5344/4563 4513/5380/4503 4561/5332/4551
f 4584/5355/4574 4585/5356/4575 4513/5380/4503 4573/5344/4563
f 4596/5367/4586 4597/5368/4587 4513/5380/4503 4585/5356/4575
f 4242/5262/4240 4309/5381/4306 4514/5285/4504 4317/5263/4314
f 4309/5381/4306 4308/5382/4305 4515/5286/4505 4514/5285/4504
f 4308/5382/4305 4307/5383/4304 4516/5289/4506 4515/5286/4505
f 4307/5383/4304 4306/5384/4303 4517/5291/4507 4516/5289/4506
f 4317/5263/4314 4514/5285/4504 4518/5288/4508 4318/5264/4315
f 4318/5264/4315 4518/5288/4508 4522/5294/4512 4319/5265/4316
f 4319/5265/4316 4522/5294/4512 4589/5379/4579 4320/5266/4317
f 4237/5385/4235 4281/5386/4278 4526/5297/4516 4303/5387/4300
f 4281/5386/4278 4280/5388/4277 4527/5298/4517 4526/5297/4516
f 4280/5388/4277 4279/5389/4276 4528/5301/4518 4527/5298/4517
f 4279/5389/4276 4278/5390/4275 4529/5303/4519 4528/5301/4518
f 4303/5387/4300 4526/5297/4516 4530/5300/4520 4304/5391/4301
f 4304/5391/4301 4530/5300/4520 4534/5306/4524 4305/5392/4302
f 4305/5392/4302 4534/5306/4524 4517/5291/4507 4306/5384/4303
f 4240/5393/4238 4289/5394/4286 4538/5309/4528 4275/5395/4272
f 4289/5394/4286 4290/5396/4287 4539/5310/4529 4538/5309/4528
f 4290/5396/4287 4291/5397/4288 4540/5313/4530 4539/5310/4529
f 4291/5397/4288 4292/5398/4289 4541/5315/4531 4540/5313/4530
f 4275/5395/4272 4538/5309/4528 4542/5312/4532 4276/5399/4273
f 4276/5399/4273 4542/5312/4532 4546/5318/4536 4277/5400/4274
f 4277/5400/4274 4546/5318/4536 4529/5371/4519 4278/5390/4275
f 4241/5401/4239 4296/5402/4293 4550/5321/4540 4295/5403/4292
f 4296/5402/4293 4297/5404/4294 4551/5322/4541 4550/5321/4540
f 4297/5404/4294 4298/5405/4295 4552/5325/4542 4551/5322/4541
f 4298/5405/4295 4299/5406/4296 4553/5327/4543 4552/5325/4542
f 4295/5403/4292 4550/5321/4540 4554/5324/4544 4294/5407/4291
f 4294/5407/4291 4554/5324/4544 4558/5330/4548 4293/5408/4290
f 4293/5408/4290 4558/5330/4548 4541/5373/4531 4292/5398/4289
f 4239/5409/4237 4288/5410/4285 4562/5333/4552 4302/5411/4299
f 4288/5410/4285 4287/5412/4284 4563/5334/4553 4562/5333/4552
f 4287/5412/4284 4286/5413/4283 4564/5337/4554 4563/5334/4553
f 4286/5413/4283 4285/5414/4282 4565/5339/4555 4564/5337/4554
f 4302/5411/4299 4562/5333/4552 4566/5336/4556 4301/5415/4298
f 4301/5415/4298 4566/5336/4556 4570/5342/4560 4300/5416/4297
f 4300/5416/4297 4570/5342/4560 4553/5375/4543 4299/5406/4296
f 4238/5417/4236 4274/5418/4271 4574/5345/4564 4282/5419/4279
f 4274/5418/4271 4273/5420/4270 4575/5346/4565 4574/5345/4564
f 4273/5420/4270 4272/5421/4269 4576/5349/4566 4575/5346/4565
f 4272/5421/4269 4271/5422/4268 4577/5351/4567 4576/5349/4566
f 4282/5419/4279 4574/5345/4564 4578/5348/4568 4283/5423/4280
f 4283/5423/4280 4578/5348/4568 4582/5354/4572 4284/5424/4281
f 4284/5424/4281 4582/5354/4572 4565/5376/4555 4285/5414/4282
f 4243/5270/4241 4323/5269/4320 4586/5357/4576 4268/5425/4265
f 4323/5269/4320 4322/5268/4319 4587/5358/4577 4586/5357/4576
f 4322/5268/4319 4321/5426/4318 4588/5361/4578 4587/5358/4577
f 4321/5426/4318 4320/5427/4317 4589/5363/4579 4588/5361/4578
f 4268/5425/4265 4586/5357/4576 4590/5360/4580 4269/5428/4266
f 4269/5428/4266 4590/5360/4580 4594/5366/4584 4270/5429/4267
f 4270/5429/4267 4594/5366/4584 4577/5378/4567 4271/5430/4268
f 4598/5431/4588 4599/5432/4589 4606/5433/4596 4605/5434/4595
f 4599/5432/4589 4600/5435/4590 4607/5436/4597 4606/5433/4596
f 4600/5435/4590 4601/5437/4591 4608/5438/4598 4607/5436/4597
f 4601/5437/4591 4602/5439/4592 4609/5440/4599 4608/5438/4598
f 4602/5439/4592 4603/5441/4593 4610/5442/4600 4609/5440/4599
f 4603/5441/4593 4604/5443/4594 4611/5444/4601 4610/5442/4600
f 4605/5434/4595 4606/5433/4596 4613/5445/4603 4612/5446/4602
f 4606/5433/4596 4607/5436/4597 4614/5447/4604 4613/5445/4603
f 4607/5436/4597 4608/5438/4598 4615/5448/4605 4614/5447/4604
f 4608/5438/4598 4609/5440/4599 4616/5449/4606 4615/5448/4605
f 4609/5440/4599 4610/5442/4600 4617/5450/4607 4616/5449/4606
f 4610/5442/4600 4611/5444/4601 4618/5451/4608 4617/5450/4607
f 4612/5446/4602 4613/5445/4603 4620/5452/4610 4619/5453/4609
f 4613/5445/4603 4614/5447/4604 4621/5454/4611 4620/5452/4610
f 4614/5447/4604 4615/5448/4605 4622/5455/4612 4621/5454/4611
f 4615/5448/4605 4616/5449/4606 4623/5456/4613 4622/5455/4612
f 4616/5449/4606 4617/5450/4607 4624/5457/4614 4623/5456/4613
f 4617/5450/4607 4618/5451/4608 4625/5458/4615 4624/5457/4614
f 4619/5453/4609 4620/5452/4610 4627/5459/4617 4626/5460/4616
f 4620/5452/4610 4621/5454/4611 4628/5461/4618 4627/5459/4617
f 4621/5454/4611 4622/5455/4612 4629/5462/4619 4628/5461/4618
f 4622/5455/4612 4623/5456/4613 4630/5463/4620 4629/5462/4619
f 4623/5456/4613 4624/5457/4614 4631/5464/4621 4630/5463/4620
f 4624/5457/4614 4625/5458/4615 4632/5465/4622 4631/5464/4621
f 4626/5460/4616 4627/5459/4617 4634/5466/4624 4633/5467/4623
f 4627/5459/4617 4628/5461/4618 4635/5468/4625 4634/5466/4624
f 4628/5461/4618 4629/5462/4619 4636/5469/4626 4635/5468/4625
f 4629/5462/4619 4630/5463/4620 4637/5470/4627 4636/5469/4626
f 4630/5463/4620 4631/5464/4621 4638/5471/4628 4637/5470/4627
f 4631/5464/4621 4632/5465/4622 4639/5472/4629 4638/5471/4628
f 4633/5467/4623 4634/5466/4624 4641/5473/4631 4640/5474/4630
f 4634/5466/4624 4635/5468/4625 4642/5475/4632 4641/5473/4631
f 4635/5468/4625 4636/5469/4626 4643/5476/4633 4642/5475/4632
f 4636/5469/4626 4637/5470/4627 4644/5477/4634 4643/5476/4633
f 4637/5470/4627 4638/5471/4628 4645/5478/4635 4644/5477/4634
f 4638/5471/4628 4639/5472/4629 4646/5479/4636 4645/5478/4635
f 4244/5480/4242 4331/5481/4328 4598/5431/4588 4330/5482/4327
f 4331/5481/4328 4332/5483/4329 4599/5432/4589 4598/5431/4588
f 4332/5483/4329 4333/5484/4330 4600/5435/4590 4599/5432/4589
f 4333/5484/4330 4334/5485/4331 4601/5437/4591 4600/5435/4590
f 4334/5485/4331 4335/5486/4332 4602/5439/4592 4601/5437/4591
f 4335/5486/4332 4336/5487/4333 4603/5441/4593 4602/5439/4592
f 4336/5487/4333 4337/5488/4334 4604/5443/4594 4603/5441/4593
f 4337/5488/4334 4245/5489/4243 4380/5490/4377 4604/5443/4594
f 4604/5443/4594 4380/5490/4377 4381/5491/4378 4611/5444/4601
f 4611/5444/4601 4381/5491/4378 4382/5492/4379 4618/5451/4608
f 4618/5451/4608 4382/5492/4379 4383/5493/4380 4625/5458/4615
f 4625/5458/4615 4383/5493/4380 4384/5494/4381 4632/5465/4622
f 4632/5465/4622 4384/5494/4381 4385/5495/4382 4639/5472/4629
f 4639/5472/4629 4385/5495/4382 4386/5496/4383 4646/5479/4636
f 4646/5479/4636 4386/5496/4383 4252/5497/4250 4393/5498/4390
f 4645/5478/4635 4646/5479/4636 4393/5498/4390 4392/5499/4389
f 4644/5477/4634 4645/5478/4635 4392/5499/4389 4391/5500/4388
f 4643/5476/4633 4644/5477/4634 4391/5500/4388 4390/5501/4387
f 4642/5475/4632 4643/5476/4633 4390/5501/4387 4389/5502/4386
f 4641/5473/4631 4642/5475/4632 4389/5502/4386 4388/5503/4385
f 4640/5474/4630 4641/5473/4631 4388/5503/4385 4387/5504/4384
f 4324/5505/4321 4640/5474/4630 4387/5504/4384 4251/5506/4249
f 4325/5507/4322 4633/5467/4623 4640/5474/4630 4324/5505/4321
f 4326/5508/4323 4626/5460/4616 4633/5467/4623 4325/5507/4322
f 4327/5509/4324 4619/5453/4609 4626/5460/4616 4326/5508/4323
f 4328/5510/4325 4612/5446/4602 4619/5453/4609 4327/5509/4324
f 4329/5511/4326 4605/5434/4595 4612/5446/4602 4328/5510/4325
f 4330/5482/4327 4598/5431/4588 4605/5434/4595 4329/5511/4326
f 4648/5512/4638 4649/5513/4639 4653/5514/4643 4652/5515/4642
f 4649/5513/4639 4650/5516/4640 4654/5517/4644 4653/5514/4643
f 4650/5516/4640 4651/5518/4641 4655/5519/4645 4654/5517/4644
f 4652/5515/4642 4653/5514/4643 4657/5520/4647 4656/5521/4646
f 4653/5514/4643 4654/5517/4644 4658/5522/4648 4657/5520/4647
f 4654/5517/4644 4655/5519/4645 4659/5523/4649 4658/5522/4648
f 4660/5524/4650 4661/5525/4651 4665/5526/4655 4664/5527/4654
f 4661/5525/4651 4662/5528/4652 4666/5529/4656 4665/5526/4655
f 4662/5528/4652 4663/5530/4653 4667/5531/4657 4666/5529/4656
f 4664/5527/4654 4665/5526/4655 4669/5532/4659 4668/5533/4658
f 4665/5526/4655 4666/5529/4656 4670/5534/4660 4669/5532/4659
f 4666/5529/4656 4667/5531/4657 4671/5535/4661 4670/5534/4660
f 4672/5536/4662 4673/5537/4663 4677/5538/4667 4676/5539/4666
f 4673/5537/4663 4674/5540/4664 4678/5541/4668 4677/5538/4667
f 4674/5540/4664 4675/5542/4665 4679/5543/4669 4678/5541/4668
f 4676/5539/4666 4677/5538/4667 4681/5544/4671 4680/5545/4670
f 4677/5538/4667 4678/5541/4668 4682/5546/4672 4681/5544/4671
f 4678/5541/4668 4679/5543/4669 4683/5547/4673 4682/5546/4672
f 4684/5548/4674 4685/5549/4675 4689/5550/4679 4688/5551/4678
f 4685/5549/4675 4686/5552/4676 4690/5553/4680 4689/5550/4679
f 4686/5552/4676 4687/5554/4677 4691/5555/4681 4690/5553/4680
f 4688/5551/4678 4689/5550/4679 4693/5556/4683 4692/5557/4682
f 4689/5550/4679 4690/5553/4680 4694/5558/4684 4693/5556/4683
f 4690/5553/4680 4691/5555/4681 4695/5559/4685 4694/5558/4684
f 4696/5560/4686 4697/5561/4687 4701/5562/4691 4700/5563/4690
f 4697/5561/4687 4698/5564/4688 4702/5565/4692 4701/5562/4691
f 4698/5564/4688 4699/5566/4689 4703/5567/4693 4702/5565/4692
f 4700/5563/4690 4701/5562/4691 4705/5568/4695 4704/5569/4694
f 4701/5562/4691 4702/5565/4692 4706/5570/4696 4705/5568/4695
f 4702/5565/4692 4703/5567/4693 4707/5571/4697 4706/5570/4696
f 4708/5572/4698 4709/5573/4699 4713/5574/4703 4712/5575/4702
f 4709/5573/4699 4710/5576/4700 4714/5577/4704 4713/5574/4703
f 4710/5576/4700 4711/5578/4701 4715/5579/4705 4714/5577/4704
f 4712/5575/4702 4713/5574/4703 4717/5580/4707 4716/5581/4706
f 4713/5574/4703 4714/5577/4704 4718/5582/4708 4717/5580/4707
f 4714/5577/4704 4715/5579/4705 4719/5583/4709 4718/5582/4708
f 4720/5584/4710 4721/5585/4711 4725/5586/4715 4724/5587/4714
f 4721/5585/4711 4722/5588/4712 4726/5589/4716 4725/5586/4715
f 4722/5588/4712 4723/5590/4713 4727/5591/4717 4726/5589/4716
f 4724/5587/4714 4725/5586/4715 4729/5592/4719 4728/5593/4718
f 4725/5586/4715 4726/5589/4716 4730/5594/4720 4729/5592/4719
f 4726/5589/4716 4727/5591/4717 4731/5595/4721 4730/5594/4720
f 4668/5533/4658 4669/5532/4659 4655/5596/4645 4651/5518/4641
f 4669/5532/4659 4670/5534/4660 4659/5523/4649 4655/5596/4645
f 4680/5545/4670 4681/5544/4671 4667/5597/4657 4663/5598/4653
f 4681/5544/4671 4682/5546/4672 4671/5535/4661 4667/5597/4657
f 4692/5557/4682 4693/5556/4683 4679/5599/4669 4675/5600/4665
f 4693/5556/4683 4694/5558/4684 4683/5547/4673 4679/5599/4669
f 4704/5569/4694 4705/5568/4695 4691/5601/4681 4687/5554/4677
f 4705/5568/4695 4706/5570/4696 4695/5559/4685 4691/5601/4681
f 4716/5581/4706 4717/5580/4707 4703/5602/4693 4699/5603/4689
f 4717/5580/4707 4718/5582/4708 4707/5571/4697 4703/5602/4693
f 4728/5593/4718 4729/5592/4719 4715/5604/4705 4711/5578/4701
f 4729/5592/4719 4730/5594/4720 4719/5583/4709 4715/5604/4705
f 4656/5521/4646 4657/5520/4647 4727/5591/4717 4723/5605/4713
f 4657/5520/4647 4658/5522/4648 4731/5595/4721 4727/5591/4717
f 4658/5522/4648 4659/5523/4649 4647/5606/4637 4731/5595/4721
f 4670/5534/4660 4671/5535/4661 4647/5606/4637 4659/5523/4649
f 4682/5546/4672 4683/5547/4673 4647/5606/4637 4671/5535/4661
f 4694/5558/4684 4695/5559/4685 4647/5606/4637 4683/5547/4673
f 4706/5570/4696 4707/5571/4697 4647/5606/4637 4695/5559/4685
f 4718/5582/4708 4719/5583/4709 4647/5606/4637 4707/5571/4697
f 4730/5594/4720 4731/5595/4721 4647/5606/4637 4719/5583/4709
f 4251/5506/4249 4387/5504/4384 4648/5512/4638 4379/5607/4376
f 4387/5504/4384 4388/5503/4385 4649/5513/4639 4648/5512/4638
f 4388/5503/4385 4389/5502/4386 4650/5516/4640 4649/5513/4639
f 4389/5502/4386 4390/5501/4387 4651/5518/4641 4650/5516/4640
f 4379/5607/4376 4648/5512/4638 4652/5515/4642 4378/5608/4375
f 4378/5608/4375 4652/5515/4642 4656/5521/4646 4377/5609/4374
f 4377/5609/4374 4656/5521/4646 4723/5605/4713 4376/5610/4373
f 4252/5497/4250 4338/5611/4335 4660/5524/4650 4393/5612/4390
f 4338/5611/4335 4339/5613/4336 4661/5525/4651 4660/5524/4650
f 4339/5613/4336 4340/5614/4337 4662/5528/4652 4661/5525/4651
f 4340/5614/4337 4341/5615/4338 4663/5530/4653 4662/5528/4652
f 4393/5612/4390 4660/5524/4650 4664/5527/4654 4392/5616/4389
f 4392/5616/4389 4664/5527/4654 4668/5533/4658 4391/5617/4388
f 4391/5617/4388 4668/5533/4658 4651/5518/4641 4390/5618/4387
f 4247/5619/4245 4352/5620/4349 4672/5536/4662 4344/5621/4341
f 4352/5620/4349 4353/5622/4350 4673/5537/4663 4672/5536/4662
f 4353/5622/4350 4354/5623/4351 4674/5540/4664 4673/5537/4663
f 4354/5623/4351 4355/5624/4352 4675/5542/4665 4674/5540/4664
f 4344/5621/4341 4672/5536/4662 4676/5539/4666 4343/5625/4340
f 4343/5625/4340 4676/5539/4666 4680/5545/4670 4342/5626/4339
f 4342/5626/4339 4680/5545/4670 4663/5598/4653 4341/5615/4338
f 4248/5627/4246 4372/5628/4369 4684/5548/4674 4358/5629/4355
f 4372/5628/4369 4371/5630/4368 4685/5549/4675 4684/5548/4674
f 4371/5630/4368 4370/5631/4367 4686/5552/4676 4685/5549/4675
f 4370/5631/4367 4369/5632/4366 4687/5554/4677 4686/5552/4676
f 4358/5629/4355 4684/5548/4674 4688/5551/4678 4357/5633/4354
f 4357/5633/4354 4688/5551/4678 4692/5557/4682 4356/5634/4353
f 4356/5634/4353 4692/5557/4682 4675/5600/4665 4355/5624/4352
f 4250/5635/4248 4365/5636/4362 4696/5560/4686 4366/5637/4363
f 4365/5636/4362 4364/5638/4361 4697/5561/4687 4696/5560/4686
f 4364/5638/4361 4363/5639/4360 4698/5564/4688 4697/5561/4687
f 4363/5639/4360 4362/5640/4359 4699/5566/4689 4698/5564/4688
f 4366/5637/4363 4696/5560/4686 4700/5563/4690 4367/5641/4364
f 4367/5641/4364 4700/5563/4690 4704/5569/4694 4368/5642/4365
f 4368/5642/4365 4704/5569/4694 4687/5554/4677 4369/5632/4366
f 4249/5643/4247 4345/5644/4342 4708/5572/4698 4359/5645/4356
f 4345/5644/4342 4346/5646/4343 4709/5573/4699 4708/5572/4698
f 4346/5646/4343 4347/5647/4344 4710/5576/4700 4709/5573/4699
f 4347/5647/4344 4348/5648/4345 4711/5578/4701 4710/5576/4700
f 4359/5645/4356 4708/5572/4698 4712/5575/4702 4360/5649/4357
f 4360/5649/4357 4712/5575/4702 4716/5581/4706 4361/5650/4358
f 4361/5650/4358 4716/5581/4706 4699/5603/4689 4362/5640/4359
f 4246/5651/4244 4373/5652/4370 4720/5584/4710 4351/5653/4348
f 4373/5652/4370 4374/5654/4371 4721/5585/4711 4720/5584/4710
f 4374/5654/4371 4375/5655/4372 4722/5588/4712 4721/5585/4711
f 4375/5655/4372 4376/5610/4373 4723/5590/4713 4722/5588/4712
f 4351/5653/4348 4720/5584/4710 4724/5587/4714 4350/5656/4347
f 4350/5656/4347 4724/5587/4714 4728/5593/4718 4349/5657/4346
f 4349/5657/4346 4728/5593/4718 4711/5578/4701 4348/5648/4345
f 4732/5658/4722 4733/5659/4723 4740/5660/4730 4739/5661/4729
f 4733/5659/4723 4734/5662/4724 4741/5663/4731 4740/5660/4730
f 4734/5662/4724 4735/5664/4725 4742/5665/4732 4741/5663/4731
f 4735/5664/4725 4736/5666/4726 4743/5667/4733 4742/5665/4732
f 4736/5666/4726 4737/5668/4727 4744/5669/4734 4743/5667/4733
f 4737/5668/4727 4738/5670/4728 4745/5671/4735 4744/5669/4734
f 4739/5661/4729 4740/5660/4730 4747/5672/4737 4746/5673/4736
f 4740/5660/4730 4741/5663/4731 4748/5674/4738 4747/5672/4737
f 4741/5663/4731 4742/5665/4732 4749/5675/4739 4748/5674/4738
f 4742/5665/4732 4743/5667/4733 4750/5676/4740 4749/5675/4739
f 4743/5667/4733 4744/5669/4734 4751/5677/4741 4750/5676/4740
f 4744/5669/4734 4745/5671/4735 4752/5678/4742 4751/5677/4741
f 4746/5673/4736 4747/5672/4737 4754/5679/4744 4753/5680/4743
f 4747/5672/4737 4748/5674/4738 4755/5681/4745 4754/5679/4744
f 4748/5674/4738 4749/5675/4739 4756/5682/4746 4755/5681/4745
f 4749/5675/4739 4750/5676/4740 4757/5683/4747 4756/5682/4746
f 4750/5676/4740 4751/5677/4741 4758/5684/4748 4757/5683/4747
f 4751/5677/4741 4752/5678/4742 4759/5685/4749 4758/5684/4748
f 4753/5680/4743 4754/5679/4744 4761/5686/4751 4760/5687/4750
f 4754/5679/4744 4755/5681/4745 4762/5688/4752 4761/5686/4751
f 4755/5681/4745 4756/5682/4746 4763/5689/4753 4762/5688/4752
f 4756/5682/4746 4757/5683/4747 4764/5690/4754 4763/5689/4753
f 4757/5683/4747 4758/5684/4748 4765/5691/4755 4764/5690/4754
f 4758/5684/4748 4759/5685/4749 4766/5692/4756 4765/5691/4755
f 4760/5687/4750 4761/5686/4751 4768/5693/4758 4767/5694/4757
f 4761/5686/4751 4762/5688/4752 4769/5695/4759 4768/5693/4758
f 4762/5688/4752 4763/5689/4753 4770/5696/4760 4769/5695/4759
f 4763/5689/4753 4764/5690/4754 4771/5697/4761 4770/5696/4760
f 4764/5690/4754 4765/5691/4755 4772/5698/4762 4771/5697/4761
f 4765/5691/4755 4766/5692/4756 4773/5699/4763 4772/5698/4762
f 4767/5694/4757 4768/5693/4758 4775/5700/4765 4774/5701/4764
f 4768/5693/4758 4769/5695/4759 4776/5702/4766 4775/5700/4765
f 4769/5695/4759 4770/5696/4760 4777/5703/4767 4776/5702/4766
f 4770/5696/4760 4771/5697/4761 4778/5704/4768 4777/5703/4767
f 4771/5697/4761 4772/5698/4762 4779/5705/4769 4778/5704/4768
f 4772/5698/4762 4773/5699/4763 4780/5706/4770 4779/5705/4769
f 4239/5707/4237 4302/5708/4299 4732/5658/4722 4407/5709/4404
f 4302/5708/4299 4301/5710/4298 4733/5659/4723 4732/5658/4722
f 4301/5710/4298 4300/5711/4297 4734/5662/4724 4733/5659/4723
f 4300/5711/4297 4299/5712/4296 4735/5664/4725 4734/5662/4724
f 4299/5712/4296 4298/5713/4295 4736/5666/4726 4735/5664/4725
f 4298/5713/4295 4297/5714/4294 4737/5668/4727 4736/5666/4726
f 4297/5714/4294 4296/5715/4293 4738/5670/4728 4737/5668/4727
f 4296/5715/4293 4241/5716/4239 4394/5717/4391 4738/5670/4728
f 4738/5670/4728 4394/5717/4391 4395/5718/4392 4745/5671/4735
f 4745/5671/4735 4395/5718/4392 4396/5719/4393 4752/5678/4742
f 4752/5678/4742 4396/5719/4393 4397/5720/4394 4759/5685/4749
f 4759/5685/4749 4397/5720/4394 4398/5721/4395 4766/5692/4756
f 4766/5692/4756 4398/5721/4395 4399/5722/4396 4773/5699/4763
f 4773/5699/4763 4399/5722/4396 4400/5723/4397 4780/5706/4770
f 4780/5706/4770 4400/5723/4397 4250/5724/4248 4366/5725/4363
f 4779/5705/4769 4780/5706/4770 4366/5725/4363 4367/5726/4364
f 4778/5704/4768 4779/5705/4769 4367/5726/4364 4368/5727/4365
f 4777/5703/4767 4778/5704/4768 4368/5727/4365 4369/5728/4366
f 4776/5702/4766 4777/5703/4767 4369/5728/4366 4370/5729/4367
f 4775/5700/4765 4776/5702/4766 4370/5729/4367 4371/5730/4368
f 4774/5701/4764 4775/5700/4765 4371/5730/4368 4372/5731/4369
f 4401/5732/4398 4774/5701/4764 4372/5731/4369 4248/5733/4246
f 4402/5734/4399 4767/5694/4757 4774/5701/4764 4401/5732/4398
f 4403/5735/4400 4760/5687/4750 4767/5694/4757 4402/5734/4399
f 4404/5736/4401 4753/5680/4743 4760/5687/4750 4403/5735/4400
f 4405/5737/4402 4746/5673/4736 4753/5680/4743 4404/5736/4401
f 4406/5738/4403 4739/5661/4729 4746/5673/4736 4405/5737/4402
f 4407/5709/4404 4732/5658/4722 4739/5661/4729 4406/5738/4403
f 4781/5739/4771 4782/5740/4772 4789/5741/4779 4788/5742/4778
f 4782/5740/4772 4783/5743/4773 4790/5744/4780 4789/5741/4779
f 4783/5743/4773 4784/5745/4774 4791/5746/4781 4790/5744/4780
f 4784/5745/4774 4785/5747/4775 4792/5748/4782 4791/5746/4781
f 4785/5747/4775 4786/5749/4776 4793/5750/4783 4792/5748/4782
f 4786/5749/4776 4787/5751/4777 4794/5752/4784 4793/5750/4783
f 4788/5742/4778 4789/5741/4779 4796/5753/4786 4795/5754/4785
f 4789/5741/4779 4790/5744/4780 4797/5755/4787 4796/5753/4786
f 4790/5744/4780 4791/5746/4781 4798/5756/4788 4797/5755/4787
f 4791/5746/4781 4792/5748/4782 4799/5757/4789 4798/5756/4788
f 4792/5748/4782 4793/5750/4783 4800/5758/4790 4799/5757/4789
f 4793/5750/4783 4794/5752/4784 4801/5759/4791 4800/5758/4790
f 4795/5754/4785 4796/5753/4786 4803/5760/4793 4802/5761/4792
f 4796/5753/4786 4797/5755/4787 4804/5762/4794 4803/5760/4793
f 4797/5755/4787 4798/5756/4788 4805/5763/4795 4804/5762/4794
f 4798/5756/4788 4799/5757/4789 4806/5764/4796 4805/5763/4795
f 4799/5757/4789 4800/5758/4790 4807/5765/4797 4806/5764/4796
f 4800/5758/4790 4801/5759/4791 4808/5766/4798 4807/5765/4797
f 4802/5761/4792 4803/5760/4793 4810/5767/4800 4809/5768/4799
f 4803/5760/4793 4804/5762/4794 4811/5769/4801 4810/5767/4800
f 4804/5762/4794 4805/5763/4795 4812/5770/4802 4811/5769/4801
f 4805/5763/4795 4806/5764/4796 4813/5771/4803 4812/5770/4802
f 4806/5764/4796 4807/5765/4797 4814/5772/4804 4813/5771/4803
f 4807/5765/4797 4808/5766/4798 4815/5773/4805 4814/5772/4804
f 4809/5768/4799 4810/5767/4800 4817/5774/4807 4816/5775/4806
f 4810/5767/4800 4811/5769/4801 4818/5776/4808 4817/5774/4807
f 4811/5769/4801 4812/5770/4802 4819/5777/4809 4818/5776/4808
f 4812/5770/4802 4813/5771/4803 4820/5778/4810 4819/5777/4809
f 4813/5771/4803 4814/5772/4804 4821/5779/4811 4820/5778/4810
f 4814/5772/4804 4815/5773/4805 4822/5780/4812 4821/5779/4811
f 4816/5775/4806 4817/5774/4807 4824/5781/4814 4823/5782/4813
f 4817/5774/4807 4818/5776/4808 4825/5783/4815 4824/5781/4814
f 4818/5776/4808 4819/5777/4809 4826/5784/4816 4825/5783/4815
f 4819/5777/4809 4820/5778/4810 4827/5785/4817 4826/5784/4816
f 4820/5778/4810 4821/5779/4811 4828/5786/4818 4827/5785/4817
f 4821/5779/4811 4822/5780/4812 4829/5787/4819 4828/5786/4818
f 4240/5788/4238 4275/5789/4272 4781/5739/4771 4421/5790/4418
f 4275/5789/4272 4276/5791/4273 4782/5740/4772 4781/5739/4771
f 4276/5791/4273 4277/5792/4274 4783/5743/4773 4782/5740/4772
f 4277/5792/4274 4278/5793/4275 4784/5745/4774 4783/5743/4773
f 4278/5793/4275 4279/5794/4276 4785/5747/4775 4784/5745/4774
f 4279/5794/4276 4280/5795/4277 4786/5749/4776 4785/5747/4775
f 4280/5795/4277 4281/5796/4278 4787/5751/4777 4786/5749/4776
f 4281/5796/4278 4237/5797/4235 4408/5798/4405 4787/5751/4777
f 4787/5751/4777 4408/5798/4405 4409/5799/4406 4794/5752/4784
f 4794/5752/4784 4409/5799/4406 4410/5800/4407 4801/5759/4791
f 4801/5759/4791 4410/5800/4407 4411/5801/4408 4808/5766/4798
f 4808/5766/4798 4411/5801/4408 4412/5802/4409 4815/5773/4805
f 4815/5773/4805 4412/5802/4409 4413/5803/4410 4822/5780/4812
f 4822/5780/4812 4413/5803/4410 4414/5804/4411 4829/5787/4819
f 4829/5787/4819 4414/5804/4411 4246/5805/4244 4351/5806/4348
f 4828/5786/4818 4829/5787/4819 4351/5806/4348 4350/5807/4347
f 4827/5785/4817 4828/5786/4818 4350/5807/4347 4349/5808/4346
f 4826/5784/4816 4827/5785/4817 4349/5808/4346 4348/5809/4345
f 4825/5783/4815 4826/5784/4816 4348/5809/4345 4347/5810/4344
f 4824/5781/4814 4825/5783/4815 4347/5810/4344 4346/5811/4343
f 4823/5782/4813 4824/5781/4814 4346/5811/4343 4345/5812/4342
f 4415/5813/4412 4823/5782/4813 4345/5812/4342 4249/5814/4247
f 4416/5815/4413 4816/5775/4806 4823/5782/4813 4415/5813/4412
f 4417/5816/4414 4809/5768/4799 4816/5775/4806 4416/5815/4413
f 4418/5817/4415 4802/5761/4792 4809/5768/4799 4417/5816/4414
f 4419/5818/4416 4795/5754/4785 4802/5761/4792 4418/5817/4415
f 4420/5819/4417 4788/5742/4778 4795/5754/4785 4419/5818/4416
f 4421/5790/4418 4781/5739/4771 4788/5742/4778 4420/5819/4417
f 4830/5820/4820 4831/5821/4821 4838/5822/4828 4837/5823/4827
f 4831/5821/4821 4832/5824/4822 4839/5825/4829 4838/5822/4828
f 4832/5824/4822 4833/5826/4823 4840/5827/4830 4839/5825/4829
f 4833/5826/4823 4834/5828/4824 4841/5829/4831 4840/5827/4830
f 4834/5828/4824 4835/5830/4825 4842/5831/4832 4841/5829/4831
f 4835/5830/4825 4836/5832/4826 4843/5833/4833 4842/5831/4832
f 4837/5823/4827 4838/5822/4828 4845/5834/4835 4844/5835/4834
f 4838/5822/4828 4839/5825/4829 4846/5836/4836 4845/5834/4835
f 4839/5825/4829 4840/5827/4830 4847/5837/4837 4846/5836/4836
f 4840/5827/4830 4841/5829/4831 4848/5838/4838 4847/5837/4837
f 4841/5829/4831 4842/5831/4832 4849/5839/4839 4848/5838/4838
f 4842/5831/4832 4843/5833/4833 4850/5840/4840 4849/5839/4839
f 4844/5835/4834 4845/5834/4835 4852/5841/4842 4851/5842/4841
f 4845/5834/4835 4846/5836/4836 4853/5843/4843 4852/5841/4842
f 4846/5836/4836 4847/5837/4837 4854/5844/4844 4853/5843/4843
f 4847/5837/4837 4848/5838/4838 4855/5845/4845 4854/5844/4844
f 4848/5838/4838 4849/5839/4839 4856/5846/4846 4855/5845/4845
f 4849/5839/4839 4850/5840/4840 4857/5847/4847 4856/5846/4846
f 4851/5842/4841 4852/5841/4842 4859/5848/4849 4858/5849/4848
f 4852/5841/4842 4853/5843/4843 4860/5850/4850 4859/5848/4849
f 4853/5843/4843 4854/5844/4844 4861/5851/4851 4860/5850/4850
f 4854/5844/4844 4855/5845/4845 4862/5852/4852 4861/5851/4851
f 4855/5845/4845 4856/5846/4846 4863/5853/4853 4862/5852/4852
f 4856/5846/4846 4857/5847/4847 4864/5854/4854 4863/5853/4853
f 4858/5849/4848 4859/5848/4849 4866/5855/4856 4865/5856/4855
f 4859/5848/4849 4860/5850/4850 4867/5857/4857 4866/5855/4856
f 4860/5850/4850 4861/5851/4851 4868/5858/4858 4867/5857/4857
f 4861/5851/4851 4862/5852/4852 4869/5859/4859 4868/5858/4858
f 4862/5852/4852 4863/5853/4853 4870/5860/4860 4869/5859/4859
f 4863/5853/4853 4864/5854/4854 4871/5861/4861 4870/5860/4860
f 4865/5856/4855 4866/5855/4856 4873/5862/4863 4872/5863/4862
f 4866/5855/4856 4867/5857/4857 4874/5864/4864 4873/5862/4863
f 4867/5857/4857 4868/5858/4858 4875/5865/4865 4874/5864/4864
f 4868/5858/4858 4869/5859/4859 4876/5866/4866 4875/5865/4865
f 4869/5859/4859 4870/5860/4860 4877/5867/4867 4876/5866/4866
f 4870/5860/4860 4871/5861/4861 4878/5868/4868 4877/5867/4867
f 4242/5869/4240 4254/5870/4251 4830/5820/4820 4435/5871/4432
f 4254/5870/4251 4255/5872/4252 4831/5821/4821 4830/5820/4820
f 4255/5872/4252 4256/5873/4253 4832/5824/4822 4831/5821/4821
f 4256/5873/4253 4257/5874/4254 4833/5826/4823 4832/5824/4822
f 4257/5874/4254 4258/5875/4255 4834/5828/4824 4833/5826/4823
f 4258/5875/4255 4259/5876/4256 4835/5830/4825 4834/5828/4824
f 4259/5876/4256 4260/5877/4257 4836/5832/4826 4835/5830/4825
f 4260/5877/4257 4235/5878/4233 4422/5879/4419 4836/5832/4826
f 4836/5832/4826 4422/5879/4419 4423/5880/4420 4843/5833/4833
f 4843/5833/4833 4423/5880/4420 4424/5881/4421 4850/5840/4840
f 4850/5840/4840 4424/5881/4421 4425/5882/4422 4857/5847/4847
f 4857/5847/4847 4425/5882/4422 4426/5883/4423 4864/5854/4854
f 4864/5854/4854 4426/5883/4423 4427/5884/4424 4871/5861/4861
f 4871/5861/4861 4427/5884/4424 4428/5885/4425 4878/5868/4868
f 4878/5868/4868 4428/5885/4425 4244/5886/4242 4330/5887/4327
f 4877/5867/4867 4878/5868/4868 4330/5887/4327 4329/5888/4326
f 4876/5866/4866 4877/5867/4867 4329/5888/4326 4328/5889/4325
f 4875/5865/4865 4876/5866/4866 4328/5889/4325 4327/5890/4324
f 4874/5864/4864 4875/5865/4865 4327/5890/4324 4326/5891/4323
f 4873/5862/4863 4874/5864/4864 4326/5891/4323 4325/5892/4322
f 4872/5863/4862 4873/5862/4863 4325/5892/4322 4324/5893/4321
f 4429/5894/4426 4872/5863/4862 4324/5893/4321 4251/5895/4249
f 4430/5896/4427 4865/5856/4855 4872/5863/4862 4429/5894/4426
f 4431/5897/4428 4858/5849/4848 4865/5856/4855 4430/5896/4427
f 4432/5898/4429 4851/5842/4841 4858/5849/4848 4431/5897/4428
f 4433/5899/4430 4844/5835/4834 4851/5842/4841 4432/5898/4429
f 4434/5900/4431 4837/5823/4827 4844/5835/4834 4433/5899/4430
f 4435/5871/4432 4830/5820/4820 4837/5823/4827 4434/5900/4431
f 4879/5901/4869 4880/5902/4870 4887/5903/4877 4886/5904/4876
f 4880/5902/4870 4881/5905/4871 4888/5906/4878 4887/5903/4877
f 4881/5905/4871 4882/5907/4872 4889/5908/4879 4888/5906/4878
f 4882/5907/4872 4883/5909/4873 4890/5910/4880 4889/5908/4879
f 4883/5909/4873 4884/5911/4874 4891/5912/4881 4890/5910/4880
f 4884/5911/4874 4885/5913/4875 4892/5914/4882 4891/5912/4881
f 4886/5904/4876 4887/5903/4877 4894/5915/4884 4893/5916/4883
f 4887/5903/4877 4888/5906/4878 4895/5917/4885 4894/5915/4884
f 4888/5906/4878 4889/5908/4879 4896/5918/4886 4895/5917/4885
f 4889/5908/4879 4890/5910/4880 4897/5919/4887 4896/5918/4886
f 4890/5910/4880 4891/5912/4881 4898/5920/4888 4897/5919/4887
f 4891/5912/4881 4892/5914/4882 4899/5921/4889 4898/5920/4888
f 4893/5916/4883 4894/5915/4884 4901/5922/4891 4900/5923/4890
f 4894/5915/4884 4895/5917/4885 4902/5924/4892 4901/5922/4891
f 4895/5917/4885 4896/5918/4886 4903/5925/4893 4902/5924/4892
f 4896/5918/4886 4897/5919/4887 4904/5926/4894 4903/5925/4893
f 4897/5919/4887 4898/5920/4888 4905/5927/4895 4904/5926/4894
f 4898/5920/4888 4899/5921/4889 4906/5928/4896 4905/5927/4895
f 4900/5923/4890 4901/5922/4891 4908/5929/4898 4907/5930/4897
f 4901/5922/4891 4902/5924/4892 4909/5931/4899 4908/5929/4898
f 4902/5924/4892 4903/5925/4893 4910/5932/4900 4909/5931/4899
f 4903/5925/4893 4904/5926/4894 4911/5933/4901 4910/5932/4900
f 4904/5926/4894 4905/5927/4895 4912/5934/4902 4911/5933/4901
f 4905/5927/4895 4906/5928/4896 4913/5935/4903 4912/5934/4902
f 4907/5930/4897 4908/5929/4898 4915/5936/4905 4914/5937/4904
f 4908/5929/4898 4909/5931/4899 4916/5938/4906 4915/5936/4905
f 4909/5931/4899 4910/5932/4900 4917/5939/4907 4916/5938/4906
f 4910/5932/4900 4911/5933/4901 4918/5940/4908 4917/5939/4907
f 4911/5933/4901 4912/5934/4902 4919/5941/4909 4918/5940/4908
f 4912/5934/4902 4913/5935/4903 4920/5942/4910 4919/5941/4909
f 4914/5937/4904 4915/5936/4905 4922/5943/4912 4921/5944/4911
f 4915/5936/4905 4916/5938/4906 4923/5945/4913 4922/5943/4912
f 4916/5938/4906 4917/5939/4907 4924/5946/4914 4923/5945/4913
f 4917/5939/4907 4918/5940/4908 4925/5947/4915 4924/5946/4914
f 4918/5940/4908 4919/5941/4909 4926/5948/4916 4925/5947/4915
f 4919/5941/4909 4920/5942/4910 4927/5949/4917 4926/5948/4916
f 4237/5950/4235 4303/5951/4300 4879/5901/4869 4408/5952/4405
f 4303/5951/4300 4304/5953/4301 4880/5902/4870 4879/5901/4869
f 4304/5953/4301 4305/5954/4302 4881/5905/4871 4880/5902/4870
f 4305/5954/4302 4306/5955/4303 4882/5907/4872 4881/5905/4871
f 4306/5955/4303 4307/5956/4304 4883/5909/4873 4882/5907/4872
f 4307/5956/4304 4308/5957/4305 4884/5911/4874 4883/5909/4873
f 4308/5957/4305 4309/5958/4306 4885/5913/4875 4884/5911/4874
f 4309/5958/4306 4242/5869/4240 4435/5871/4432 4885/5913/4875
f 4885/5913/4875 4435/5871/4432 4434/5900/4431 4892/5914/4882
f 4892/5914/4882 4434/5900/4431 4433/5899/4430 4899/5921/4889
f 4899/5921/4889 4433/5899/4430 4432/5898/4429 4906/5928/4896
f 4906/5928/4896 4432/5898/4429 4431/5897/4428 4913/5935/4903
f 4913/5935/4903 4431/5897/4428 4430/5896/4427 4920/5942/4910
f 4920/5942/4910 4430/5896/4427 4429/5894/4426 4927/5949/4917
f 4927/5949/4917 4429/5894/4426 4251/5895/4249 4379/5959/4376
f 4926/5948/4916 4927/5949/4917 4379/5959/4376 4378/5960/4375
f 4925/5947/4915 4926/5948/4916 4378/5960/4375 4377/5961/4374
f 4924/5946/4914 4925/5947/4915 4377/5961/4374 4376/5962/4373
f 4923/5945/4913 4924/5946/4914 4376/5962/4373 4375/5963/4372
f 4922/5943/4912 4923/5945/4913 4375/5963/4372 4374/5964/4371
f 4921/5944/4911 4922/5943/4912 4374/5964/4371 4373/5965/4370
f 4414/5966/4411 4921/5944/4911 4373/5965/4370 4246/5967/4244
f 4413/5968/4410 4914/5937/4904 4921/5944/4911 4414/5966/4411
f 4412/5969/4409 4907/5930/4897 4914/5937/4904 4413/5968/4410
f 4411/5970/4408 4900/5923/4890 4907/5930/4897 4412/5969/4409
f 4410/5971/4407 4893/5916/4883 4900/5923/4890 4411/5970/4408
f 4409/5972/4406 4886/5904/4876 4893/5916/4883 4410/5971/4407
f 4408/5952/4405 4879/5901/4869 4886/5904/4876 4409/5972/4406
f 4928/5973/4918 4929/5974/4919 4936/5975/4926 4935/5976/4925
f 4929/5974/4919 4930/5977/4920 4937/5978/4927 4936/5975/4926
f 4930/5977/4920 4931/5979/4921 4938/5980/4928 4937/5978/4927
f 4931/5979/4921 4932/5981/4922 4939/5982/4929 4938/5980/4928
f 4932/5981/4922 4933/5983/4923 4940/5984/4930 4939/5982/4929
f 4933/5983/4923 4934/5985/4924 4941/5986/4931 4940/5984/4930
f 4935/5976/4925 4936/5975/4926 4943/5987/4933 4942/5988/4932
f 4936/5975/4926 4937/5978/4927 4944/5989/4934 4943/5987/4933
f 4937/5978/4927 4938/5980/4928 4945/5990/4935 4944/5989/4934
f 4938/5980/4928 4939/5982/4929 4946/5991/4936 4945/5990/4935
f 4939/5982/4929 4940/5984/4930 4947/5992/4937 4946/5991/4936
f 4940/5984/4930 4941/5986/4931 4948/5993/4938 4947/5992/4937
f 4942/5988/4932 4943/5987/4933 4950/5994/4940 4949/5995/4939
f 4943/5987/4933 4944/5989/4934 4951/5996/4941 4950/5994/4940
f 4944/5989/4934 4945/5990/4935 4952/5997/4942 4951/5996/4941
f 4945/5990/4935 4946/5991/4936 4953/5998/4943 4952/5997/4942
f 4946/5991/4936 4947/5992/4937 4954/5999/4944 4953/5998/4943
f 4947/5992/4937 4948/5993/4938 4955/6000/4945 4954/5999/4944
f 4949/5995/4939 4950/5994/4940 4957/6001/4947 4956/6002/4946
f 4950/5994/4940 4951/5996/4941 4958/6003/4948 4957/6001/4947
f 4951/5996/4941 4952/5997/4942 4959/6004/4949 4958/6003/4948
f 4952/5997/4942 4953/5998/4943 4960/6005/4950 4959/6004/4949
f 4953/5998/4943 4954/5999/4944 4961/6006/4951 4960/6005/4950
f 4954/5999/4944 4955/6000/4945 4962/6007/4952 4961/6006/4951
f 4956/6002/4946 4957/6001/4947 4964/6008/4954 4963/6009/4953
f 4957/6001/4947 4958/6003/4948 4965/6010/4955 4964/6008/4954
f 4958/6003/4948 4959/6004/4949 4966/6011/4956 4965/6010/4955
f 4959/6004/4949 4960/6005/4950 4967/6012/4957 4966/6011/4956
f 4960/6005/4950 4961/6006/4951 4968/6013/4958 4967/6012/4957
f 4961/6006/4951 4962/6007/4952 4969/6014/4959 4968/6013/4958
f 4963/6009/4953 4964/6008/4954 4971/6015/4961 4970/6016/4960
f 4964/6008/4954 4965/6010/4955 4972/6017/4962 4971/6015/4961
f 4965/6010/4955 4966/6011/4956 4973/6018/4963 4972/6017/4962
f 4966/6011/4956 4967/6012/4957 4974/6019/4964 4973/6018/4963
f 4967/6012/4957 4968/6013/4958 4975/6020/4965 4974/6019/4964
f 4968/6013/4958 4969/6014/4959 4976/6021/4966 4975/6020/4965
f 4238/6022/4236 4282/6023/4279 4928/5973/4918 4442/6024/4439
f 4282/6023/4279 4283/6025/4280 4929/5974/4919 4928/5973/4918
f 4283/6025/4280 4284/6026/4281 4930/5977/4920 4929/5974/4919
f 4284/6026/4281 4285/6027/4282 4931/5979/4921 4930/5977/4920
f 4285/6027/4282 4286/6028/4283 4932/5981/4922 4931/5979/4921
f 4286/6028/4283 4287/6029/4284 4933/5983/4923 4932/5981/4922
f 4287/6029/4284 4288/6030/4285 4934/5985/4924 4933/5983/4923
f 4288/6030/4285 4239/5707/4237 4407/5709/4404 4934/5985/4924
f 4934/5985/4924 4407/5709/4404 4406/5738/4403 4941/5986/4931
f 4941/5986/4931 4406/5738/4403 4405/5737/4402 4948/5993/4938
f 4948/5993/4938 4405/5737/4402 4404/5736/4401 4955/6000/4945
f 4955/6000/4945 4404/5736/4401 4403/5735/4400 4962/6007/4952
f 4962/6007/4952 4403/5735/4400 4402/5734/4399 4969/6014/4959
f 4969/6014/4959 4402/5734/4399 4401/5732/4398 4976/6021/4966
f 4976/6021/4966 4401/5732/4398 4248/5733/4246 4358/6031/4355
f 4975/6020/4965 4976/6021/4966 4358/6031/4355 4357/6032/4354
f 4974/6019/4964 4975/6020/4965 4357/6032/4354 4356/6033/4353
f 4973/6018/4963 4974/6019/4964 4356/6033/4353 4355/6034/4352
f 4972/6017/4962 4973/6018/4963 4355/6034/4352 4354/6035/4351
f 4971/6015/4961 4972/6017/4962 4354/6035/4351 4353/6036/4350
f 4970/6016/4960 4971/6015/4961 4353/6036/4350 4352/6037/4349
f 4436/6038/4433 4970/6016/4960 4352/6037/4349 4247/6039/4245
f 4437/6040/4434 4963/6009/4953 4970/6016/4960 4436/6038/4433
f 4438/6041/4435 4956/6002/4946 4963/6009/4953 4437/6040/4434
f 4439/6042/4436 4949/5995/4939 4956/6002/4946 4438/6041/4435
f 4440/6043/4437 4942/5988/4932 4949/5995/4939 4439/6042/4436
f 4441/6044/4438 4935/5976/4925 4942/5988/4932 4440/6043/4437
f 4442/6024/4439 4928/5973/4918 4935/5976/4925 4441/6044/4438
f 4977/6045/4967 4978/6046/4968 4985/6047/4975 4984/6048/4974
f 4978/6046/4968 4979/6049/4969 4986/6050/4976 4985/6047/4975
f 4979/6049/4969 4980/6051/4970 4987/6052/4977 4986/6050/4976
f 4980/6051/4970 4981/6053/4971 4988/6054/4978 4987/6052/4977
f 4981/6053/4971 4982/6055/4972 4989/6056/4979 4988/6054/4978
f 4982/6055/4972 4983/6057/4973 4990/6058/4980 4989/6056/4979
f 4984/6048/4974 4985/6047/4975 4992/6059/4982 4991/6060/4981
f 4985/6047/4975 4986/6050/4976 4993/6061/4983 4992/6059/4982
f 4986/6050/4976 4987/6052/4977 4994/6062/4984 4993/6061/4983
f 4987/6052/4977 4988/6054/4978 4995/6063/4985 4994/6062/4984
f 4988/6054/4978 4989/6056/4979 4996/6064/4986 4995/6063/4985
f 4989/6056/4979 4990/6058/4980 4997/6065/4987 4996/6064/4986
f 4991/6060/4981 4992/6059/4982 4999/6066/4989 4998/6067/4988
f 4992/6059/4982 4993/6061/4983 5000/6068/4990 4999/6066/4989
f 4993/6061/4983 4994/6062/4984 5001/6069/4991 5000/6068/4990
f 4994/6062/4984 4995/6063/4985 5002/6070/4992 5001/6069/4991
f 4995/6063/4985 4996/6064/4986 5003/6071/4993 5002/6070/4992
f 4996/6064/4986 4997/6065/4987 5004/6072/4994 5003/6071/4993
f 4998/6067/4988 4999/6066/4989 5006/6073/4996 5005/6074/4995
f 4999/6066/4989 5000/6068/4990 5007/6075/4997 5006/6073/4996
f 5000/6068/4990 5001/6069/4991 5008/6076/4998 5007/6075/4997
f 5001/6069/4991 5002/6070/4992 5009/6077/4999 5008/6076/4998
f 5002/6070/4992 5003/6071/4993 5010/6078/5000 5009/6077/4999
f 5003/6071/4993 5004/6072/4994 5011/6079/5001 5010/6078/5000
f 5005/6074/4995 5006/6073/4996 5013/6080/5003 5012/6081/5002
f 5006/6073/4996 5007/6075/4997 5014/6082/5004 5013/6080/5003
f 5007/6075/4997 5008/6076/4998 5015/6083/5005 5014/6082/5004
f 5008/6076/4998 5009/6077/4999 5016/6084/5006 5015/6083/5005
f 5009/6077/4999 5010/6078/5000 5017/6085/5007 5016/6084/5006
f 5010/6078/5000 5011/6079/5001 5018/6086/5008 5017/6085/5007
f 5012/6081/5002 5013/6080/5003 5020/6087/5010 5019/6088/5009
f 5013/6080/5003 5014/6082/5004 5021/6089/5011 5020/6087/5010
f 5014/6082/5004 5015/6083/5005 5022/6090/5012 5021/6089/5011
f 5015/6083/5005 5016/6084/5006 5023/6091/5013 5022/6090/5012
f 5016/6084/5006 5017/6085/5007 5024/6092/5014 5023/6091/5013
f 5017/6085/5007 5018/6086/5008 5025/6093/5015 5024/6092/5014
f 4235/6094/4233 4261/6095/4258 4977/6045/4967 4422/6096/4419
f 4261/6095/4258 4262/6097/4259 4978/6046/4968 4977/6045/4967
f 4262/6097/4259 4263/6098/4260 4979/6049/4969 4978/6046/4968
f 4263/6098/4260 4264/6099/4261 4980/6051/4970 4979/6049/4969
f 4264/6099/4261 4265/6100/4262 4981/6053/4971 4980/6051/4970
f 4265/6100/4262 4266/6101/4263 4982/6055/4972 4981/6053/4971
f 4266/6101/4263 4267/6102/4264 4983/6057/4973 4982/6055/4972
f 4267/6102/4264 4236/6103/4234 4443/6104/4440 4983/6057/4973
f 4983/6057/4973 4443/6104/4440 4444/6105/4441 4990/6058/4980
f 4990/6058/4980 4444/6105/4441 4445/6106/4442 4997/6065/4987
f 4997/6065/4987 4445/6106/4442 4446/6107/4443 5004/6072/4994
f 5004/6072/4994 4446/6107/4443 4447/6108/4444 5011/6079/5001
f 5011/6079/5001 4447/6108/4444 4448/6109/4445 5018/6086/5008
f 5018/6086/5008 4448/6109/4445 4449/6110/4446 5025/6093/5015
f 5025/6093/5015 4449/6110/4446 4245/6111/4243 4337/6112/4334
f 5024/6092/5014 5025/6093/5015 4337/6112/4334 4336/6113/4333
f 5023/6091/5013 5024/6092/5014 4336/6113/4333 4335/6114/4332
f 5022/6090/5012 5023/6091/5013 4335/6114/4332 4334/6115/4331
f 5021/6089/5011 5022/6090/5012 4334/6115/4331 4333/6116/4330
f 5020/6087/5010 5021/6089/5011 4333/6116/4330 4332/6117/4329
f 5019/6088/5009 5020/6087/5010 4332/6117/4329 4331/6118/4328
f 4428/6119/4425 5019/6088/5009 4331/6118/4328 4244/6120/4242
f 4427/6121/4424 5012/6081/5002 5019/6088/5009 4428/6119/4425
f 4426/6122/4423 5005/6074/4995 5012/6081/5002 4427/6121/4424
f 4425/6123/4422 4998/6067/4988 5005/6074/4995 4426/6122/4423
f 4424/6124/4421 4991/6060/4981 4998/6067/4988 4425/6123/4422
f 4423/6125/4420 4984/6048/4974 4991/6060/4981 4424/6124/4421
f 4422/6096/4419 4977/6045/4967 4984/6048/4974 4423/6125/4420
f 5026/6126/5016 5027/6127/5017 5034/6128/5024 5033/6129/5023
f 5027/6127/5017 5028/6130/5018 5035/6131/5025 5034/6128/5024
f 5028/6130/5018 5029/6132/5019 5036/6133/5026 5035/6131/5025
f 5029/6132/5019 5030/6134/5020 5037/6135/5027 5036/6133/5026
f 5030/6134/5020 5031/6136/5021 5038/6137/5028 5037/6135/5027
f 5031/6136/5021 5032/6138/5022 5039/6139/5029 5038/6137/5028
f 5033/6129/5023 5034/6128/5024 5041/6140/5031 5040/6141/5030
f 5034/6128/5024 5035/6131/5025 5042/6142/5032 5041/6140/5031
f 5035/6131/5025 5036/6133/5026 5043/6143/5033 5042/6142/5032
f 5036/6133/5026 5037/6135/5027 5044/6144/5034 5043/6143/5033
f 5037/6135/5027 5038/6137/5028 5045/6145/5035 5044/6144/5034
f 5038/6137/5028 5039/6139/5029 5046/6146/5036 5045/6145/5035
f 5040/6141/5030 5041/6140/5031 5048/6147/5038 5047/6148/5037
f 5041/6140/5031 5042/6142/5032 5049/6149/5039 5048/6147/5038
f 5042/6142/5032 5043/6143/5033 5050/6150/5040 5049/6149/5039
f 5043/6143/5033 5044/6144/5034 5051/6151/5041 5050/6150/5040
f 5044/6144/5034 5045/6145/5035 5052/6152/5042 5051/6151/5041
f 5045/6145/5035 5046/6146/5036 5053/6153/5043 5052/6152/5042
f 5047/6148/5037 5048/6147/5038 5055/6154/5045 5054/6155/5044
f 5048/6147/5038 5049/6149/5039 5056/6156/5046 5055/6154/5045
f 5049/6149/5039 5050/6150/5040 5057/6157/5047 5056/6156/5046
f 5050/6150/5040 5051/6151/5041 5058/6158/5048 5057/6157/5047
f 5051/6151/5041 5052/6152/5042 5059/6159/5049 5058/6158/5048
f 5052/6152/5042 5053/6153/5043 5060/6160/5050 5059/6159/5049
f 5054/6155/5044 5055/6154/5045 5062/6161/5052 5061/6162/5051
f 5055/6154/5045 5056/6156/5046 5063/6163/5053 5062/6161/5052
f 5056/6156/5046 5057/6157/5047 5064/6164/5054 5063/6163/5053
f 5057/6157/5047 5058/6158/5048 5065/6165/5055 5064/6164/5054
f 5058/6158/5048 5059/6159/5049 5066/6166/5056 5065/6165/5055
f 5059/6159/5049 5060/6160/5050 5067/6167/5057 5066/6166/5056
f 5061/6162/5051 5062/6161/5052 5069/6168/5059 5068/6169/5058
f 5062/6161/5052 5063/6163/5053 5070/6170/5060 5069/6168/5059
f 5063/6163/5053 5064/6164/5054 5071/6171/5061 5070/6170/5060
f 5064/6164/5054 5065/6165/5055 5072/6172/5062 5071/6171/5061
f 5065/6165/5055 5066/6166/5056 5073/6173/5063 5072/6172/5062
f 5066/6166/5056 5067/6167/5057 5074/6174/5064 5073/6173/5063
f 4236/6175/4234 4310/6176/4307 5026/6126/5016 4443/6177/4440
f 4310/6176/4307 4311/6178/4308 5027/6127/5017 5026/6126/5016
f 4311/6178/4308 4312/6179/4309 5028/6130/5018 5027/6127/5017
f 4312/6179/4309 4313/6180/4310 5029/6132/5019 5028/6130/5018
f 4313/6180/4310 4314/6181/4311 5030/6134/5020 5029/6132/5019
f 4314/6181/4311 4315/6182/4312 5031/6136/5021 5030/6134/5020
f 4315/6182/4312 4316/6183/4313 5032/6138/5022 5031/6136/5021
f 4316/6183/4313 4243/6184/4241 4450/6185/4447 5032/6138/5022
f 5032/6138/5022 4450/6185/4447 4451/6186/4448 5039/6139/5029
f 5039/6139/5029 4451/6186/4448 4452/6187/4449 5046/6146/5036
f 5046/6146/5036 4452/6187/4449 4453/6188/4450 5053/6153/5043
f 5053/6153/5043 4453/6188/4450 4454/6189/4451 5060/6160/5050
f 5060/6160/5050 4454/6189/4451 4455/6190/4452 5067/6167/5057
f 5067/6167/5057 4455/6190/4452 4456/6191/4453 5074/6174/5064
f 5074/6174/5064 4456/6191/4453 4252/6192/4250 4386/6193/4383
f 5073/6173/5063 5074/6174/5064 4386/6193/4383 4385/6194/4382
f 5072/6172/5062 5073/6173/5063 4385/6194/4382 4384/6195/4381
f 5071/6171/5061 5072/6172/5062 4384/6195/4381 4383/6196/4380
f 5070/6170/5060 5071/6171/5061 4383/6196/4380 4382/6197/4379
f 5069/6168/5059 5070/6170/5060 4382/6197/4379 4381/6198/4378
f 5068/6169/5058 5069/6168/5059 4381/6198/4378 4380/6199/4377
f 4449/6200/4446 5068/6169/5058 4380/6199/4377 4245/6201/4243
f 4448/6202/4445 5061/6162/5051 5068/6169/5058 4449/6200/4446
f 4447/6203/4444 5054/6155/5044 5061/6162/5051 4448/6202/4445
f 4446/6204/4443 5047/6148/5037 5054/6155/5044 4447/6203/4444
f 4445/6205/4442 5040/6141/5030 5047/6148/5037 4446/6204/4443
f 4444/6206/4441 5033/6129/5023 5040/6141/5030 4445/6205/4442
f 4443/6177/4440 5026/6126/5016 5033/6129/5023 4444/6206/4441
f 5075/6207/5065 5076/6208/5066 5083/6209/5073 5082/6210/5072
f 5076/6208/5066 5077/6211/5067 5084/6212/5074 5083/6209/5073
f 5077/6211/5067 5078/6213/5068 5085/6214/5075 5084/6212/5074
f 5078/6213/5068 5079/6215/5069 5086/6216/5076 5085/6214/5075
f 5079/6215/5069 5080/6217/5070 5087/6218/5077 5086/6216/5076
f 5080/6217/5070 5081/6219/5071 5088/6220/5078 5087/6218/5077
f 5082/6210/5072 5083/6209/5073 5090/6221/5080 5089/6222/5079
f 5083/6209/5073 5084/6212/5074 5091/6223/5081 5090/6221/5080
f 5084/6212/5074 5085/6214/5075 5092/6224/5082 5091/6223/5081
f 5085/6214/5075 5086/6216/5076 5093/6225/5083 5092/6224/5082
f 5086/6216/5076 5087/6218/5077 5094/6226/5084 5093/6225/5083
f 5087/6218/5077 5088/6220/5078 5095/6227/5085 5094/6226/5084
f 5089/6222/5079 5090/6221/5080 5097/6228/5087 5096/6229/5086
f 5090/6221/5080 5091/6223/5081 5098/6230/5088 5097/6228/5087
f 5091/6223/5081 5092/6224/5082 5099/6231/5089 5098/6230/5088
f 5092/6224/5082 5093/6225/5083 5100/6232/5090 5099/6231/5089
f 5093/6225/5083 5094/6226/5084 5101/6233/5091 5100/6232/5090
f 5094/6226/5084 5095/6227/5085 5102/6234/5092 5101/6233/5091
f 5096/6229/5086 5097/6228/5087 5104/6235/5094 5103/6236/5093
f 5097/6228/5087 5098/6230/5088 5105/6237/5095 5104/6235/5094
f 5098/6230/5088 5099/6231/5089 5106/6238/5096 5105/6237/5095
f 5099/6231/5089 5100/6232/5090 5107/6239/5097 5106/6238/5096
f 5100/6232/5090 5101/6233/5091 5108/6240/5098 5107/6239/5097
f 5101/6233/5091 5102/6234/5092 5109/6241/5099 5108/6240/5098
f 5103/6236/5093 5104/6235/5094 5111/6242/5101 5110/6243/5100
f 5104/6235/5094 5105/6237/5095 5112/6244/5102 5111/6242/5101
f 5105/6237/5095 5106/6238/5096 5113/6245/5103 5112/6244/5102
f 5106/6238/5096 5107/6239/5097 5114/6246/5104 5113/6245/5103
f 5107/6239/5097 5108/6240/5098 5115/6247/5105 5114/6246/5104
f 5108/6240/5098 5109/6241/5099 5116/6248/5106 5115/6247/5105
f 5110/6243/5100 5111/6242/5101 5118/6249/5108 5117/6250/5107
f 5111/6242/5101 5112/6244/5102 5119/6251/5109 5118/6249/5108
f 5112/6244/5102 5113/6245/5103 5120/6252/5110 5119/6251/5109
f 5113/6245/5103 5114/6246/5104 5121/6253/5111 5120/6252/5110
f 5114/6246/5104 5115/6247/5105 5122/6254/5112 5121/6253/5111
f 5115/6247/5105 5116/6248/5106 5123/6255/5113 5122/6254/5112
f 4241/6256/4239 4295/6257/4292 5075/6207/5065 4394/6258/4391
f 4295/6257/4292 4294/6259/4291 5076/6208/5066 5075/6207/5065
f 4294/6259/4291 4293/6260/4290 5077/6211/5067 5076/6208/5066
f 4293/6260/4290 4292/6261/4289 5078/6213/5068 5077/6211/5067
f 4292/6261/4289 4291/6262/4288 5079/6215/5069 5078/6213/5068
f 4291/6262/4288 4290/6263/4287 5080/6217/5070 5079/6215/5069
f 4290/6263/4287 4289/6264/4286 5081/6219/5071 5080/6217/5070
f 4289/6264/4286 4240/5788/4238 4421/5790/4418 5081/6219/5071
f 5081/6219/5071 4421/5790/4418 4420/5819/4417 5088/6220/5078
f 5088/6220/5078 4420/5819/4417 4419/5818/4416 5095/6227/5085
f 5095/6227/5085 4419/5818/4416 4418/5817/4415 5102/6234/5092
f 5102/6234/5092 4418/5817/4415 4417/5816/4414 5109/6241/5099
f 5109/6241/5099 4417/5816/4414 4416/5815/4413 5116/6248/5106
f 5116/6248/5106 4416/5815/4413 4415/5813/4412 5123/6255/5113
f 5123/6255/5113 4415/5813/4412 4249/5814/4247 4359/6265/4356
f 5122/6254/5112 5123/6255/5113 4359/6265/4356 4360/6266/4357
f 5121/6253/5111 5122/6254/5112 4360/6266/4357 4361/6267/4358
f 5120/6252/5110 5121/6253/5111 4361/6267/4358 4362/6268/4359
f 5119/6251/5109 5120/6252/5110 4362/6268/4359 4363/6269/4360
f 5118/6249/5108 5119/6251/5109 4363/6269/4360 4364/6270/4361
f 5117/6250/5107 5118/6249/5108 4364/6270/4361 4365/6271/4362
f 4400/6272/4397 5117/6250/5107 4365/6271/4362 4250/6273/4248
f 4399/6274/4396 5110/6243/5100 5117/6250/5107 4400/6272/4397
f 4398/6275/4395 5103/6236/5093 5110/6243/5100 4399/6274/4396
f 4397/6276/4394 5096/6229/5086 5103/6236/5093 4398/6275/4395
f 4396/6277/4393 5089/6222/5079 5096/6229/5086 4397/6276/4394
f 4395/6278/4392 5082/6210/5072 5089/6222/5079 4396/6277/4393
f 4394/6258/4391 5075/6207/5065 5082/6210/5072 4395/6278/4392
f 5124/6279/5114 5125/6280/5115 5132/6281/5122 5131/6282/5121
f 5125/6280/5115 5126/6283/5116 5133/6284/5123 5132/6281/5122
f 5126/6283/5116 5127/6285/5117 5134/6286/5124 5133/6284/5123
f 5127/6285/5117 5128/6287/5118 5135/6288/5125 5134/6286/5124
f 5128/6287/5118 5129/6289/5119 5136/6290/5126 5135/6288/5125
f 5129/6289/5119 5130/6291/5120 5137/6292/5127 5136/6290/5126
f 5131/6282/5121 5132/6281/5122 5139/6293/5129 5138/6294/5128
f 5132/6281/5122 5133/6284/5123 5140/6295/5130 5139/6293/5129
f 5133/6284/5123 5134/6286/5124 5141/6296/5131 5140/6295/5130
f 5134/6286/5124 5135/6288/5125 5142/6297/5132 5141/6296/5131
f 5135/6288/5125 5136/6290/5126 5143/6298/5133 5142/6297/5132
f 5136/6290/5126 5137/6292/5127 5144/6299/5134 5143/6298/5133
f 5138/6294/5128 5139/6293/5129 5146/6300/5136 5145/6301/5135
f 5139/6293/5129 5140/6295/5130 5147/6302/5137 5146/6300/5136
f 5140/6295/5130 5141/6296/5131 5148/6303/5138 5147/6302/5137
f 5141/6296/5131 5142/6297/5132 5149/6304/5139 5148/6303/5138
f 5142/6297/5132 5143/6298/5133 5150/6305/5140 5149/6304/5139
f 5143/6298/5133 5144/6299/5134 5151/6306/5141 5150/6305/5140
f 5145/6301/5135 5146/6300/5136 5153/6307/5143 5152/6308/5142
f 5146/6300/5136 5147/6302/5137 5154/6309/5144 5153/6307/5143
f 5147/6302/5137 5148/6303/5138 5155/6310/5145 5154/6309/5144
f 5148/6303/5138 5149/6304/5139 5156/6311/5146 5155/6310/5145
f 5149/6304/5139 5150/6305/5140 5157/6312/5147 5156/6311/5146
f 5150/6305/5140 5151/6306/5141 5158/6313/5148 5157/6312/5147
f 5152/6308/5142 5153/6307/5143 5160/6314/5150 5159/6315/5149
f 5153/6307/5143 5154/6309/5144 5161/6316/5151 5160/6314/5150
f 5154/6309/5144 5155/6310/5145 5162/6317/5152 5161/6316/5151
f 5155/6310/5145 5156/6311/5146 5163/6318/5153 5162/6317/5152
f 5156/6311/5146 5157/6312/5147 5164/6319/5154 5163/6318/5153
f 5157/6312/5147 5158/6313/5148 5165/6320/5155 5164/6319/5154
f 5159/6315/5149 5160/6314/5150 5167/6321/5157 5166/6322/5156
f 5160/6314/5150 5161/6316/5151 5168/6323/5158 5167/6321/5157
f 5161/6316/5151 5162/6317/5152 5169/6324/5159 5168/6323/5158
f 5162/6317/5152 5163/6318/5153 5170/6325/5160 5169/6324/5159
f 5163/6318/5153 5164/6319/5154 5171/6326/5161 5170/6325/5160
f 5164/6319/5154 5165/6320/5155 5172/6327/5162 5171/6326/5161
f 4243/6184/4241 4268/6328/4265 5124/6279/5114 4450/6185/4447
f 4268/6328/4265 4269/6329/4266 5125/6280/5115 5124/6279/5114
f 4269/6329/4266 4270/6330/4267 5126/6283/5116 5125/6280/5115
f 4270/6330/4267 4271/6331/4268 5127/6285/5117 5126/6283/5116
f 4271/6331/4268 4272/6332/4269 5128/6287/5118 5127/6285/5117
f 4272/6332/4269 4273/6333/4270 5129/6289/5119 5128/6287/5118
f 4273/6333/4270 4274/6334/4271 5130/6291/5120 5129/6289/5119
f 4274/6334/4271 4238/6335/4236 4442/6336/4439 5130/6291/5120
f 5130/6291/5120 4442/6336/4439 4441/6337/4438 5137/6292/5127
f 5137/6292/5127 4441/6337/4438 4440/6338/4437 5144/6299/5134
f 5144/6299/5134 4440/6338/4437 4439/6339/4436 5151/6306/5141
f 5151/6306/5141 4439/6339/4436 4438/6340/4435 5158/6313/5148
f 5158/6313/5148 4438/6340/4435 4437/6341/4434 5165/6320/5155
f 5165/6320/5155 4437/6341/4434 4436/6342/4433 5172/6327/5162
f 5172/6327/5162 4436/6342/4433 4247/6343/4245 4344/6344/4341
f 5171/6326/5161 5172/6327/5162 4344/6344/4341 4343/6345/4340
f 5170/6325/5160 5171/6326/5161 4343/6345/4340 4342/6346/4339
f 5169/6324/5159 5170/6325/5160 4342/6346/4339 4341/6347/4338
f 5168/6323/5158 5169/6324/5159 4341/6347/4338 4340/6348/4337
f 5167/6321/5157 5168/6323/5158 4340/6348/4337 4339/6349/4336
f 5166/6322/5156 5167/6321/5157 4339/6349/4336 4338/6350/4335
f 4456/6191/4453 5166/6322/5156 4338/6350/4335 4252/6192/4250
f 4455/6190/4452 5159/6315/5149 5166/6322/5156 4456/6191/4453
f 4454/6189/4451 5152/6308/5142 5159/6315/5149 4455/6190/4452
f 4453/6188/4450 5145/6301/5135 5152/6308/5142 4454/6189/4451
f 4452/6187/4449 5138/6294/5128 5145/6301/5135 4453/6188/4450
f 4451/6186/4448 5131/6282/5121 5138/6294/5128 4452/6187/4449
f 4450/6185/4447 5124/6279/5114 5131/6282/5121 4451/6186/4448
l 4241 4457
l 4457 4458
l 4458 4459
l 4459 4460
l 4460 4461
l 4461 4462
l 4462 4463
l 4463 4253
o Petalo.005
v 0.504150 4.495683 0.035977
v 0.184405 4.669998 0.483819
v 1.406257 3.711202 0.590293
v 0.889553 3.976928 1.407714
v 1.026334 4.006383 1.085325
v 1.196343 3.918697 0.823562
v 0.938229 4.246227 0.762399
v 1.124252 4.159043 0.221394
v 0.611946 4.432190 1.054165
v 0.554756 4.567840 0.048315
v 0.236025 4.741630 0.494595
v 1.456657 3.783553 0.601903
v 0.940961 4.048746 1.417759
v 1.077284 4.077833 1.095196
v 1.247304 3.990160 0.833435
v 1.089468 4.205490 0.864729
v 1.189650 4.256287 0.240590
v 0.680045 4.528033 1.069195
v 1.293641 4.057918 1.058950
v 1.047323 4.222794 0.170397
v 0.962581 4.279341 0.126627
v 0.873679 4.329408 0.090756
v 0.784273 4.373717 0.063459
v 0.698033 4.412873 0.045182
v 0.618683 4.447002 0.035471
v 0.550552 4.475770 0.033361
v 0.461173 4.511686 0.064395
v 0.404072 4.534832 0.109718
v 0.345858 4.560943 0.166331
v 0.292526 4.587937 0.231291
v 0.248579 4.614007 0.301433
v 0.215594 4.637631 0.371983
v 0.194214 4.657258 0.437054
v 0.672590 4.362987 1.125654
v 0.725742 4.288563 1.190921
v 0.771078 4.214083 1.249289
v 0.808274 4.144709 1.300080
v 0.837378 4.084870 1.342500
v 0.859916 4.036054 1.375283
v 0.877522 3.999132 1.397232
v 1.210801 3.891803 0.818793
v 1.232341 3.855620 0.808593
v 1.258528 3.818093 0.790519
v 1.288986 3.782914 0.761621
v 1.322894 3.753063 0.720560
v 1.356829 3.730462 0.672603
v 1.386607 3.716495 0.625132
v 0.908084 3.962281 1.379483
v 0.934127 3.947228 1.335557
v 0.961211 3.938257 1.284472
v 0.985084 3.938375 1.232624
v 1.002623 3.949048 1.185330
v 1.014452 3.967331 1.143937
v 1.022064 3.988863 1.109166
v 1.173921 3.944635 0.828098
v 1.142918 3.981640 0.833098
v 1.109620 4.022815 0.836090
v 1.076939 4.064840 0.835411
v 1.046697 4.105457 0.829728
v 1.017732 4.145267 0.818653
v 0.987383 4.186338 0.801269
v 0.981225 4.189669 0.810910
v 1.001046 4.154219 0.844701
v 1.014605 4.122509 0.879653
v 1.023200 4.093128 0.918740
v 1.027423 4.065734 0.963187
v 1.028442 4.041065 1.009750
v 1.027580 4.020296 1.053606
v 1.398810 3.730446 0.568339
v 1.383690 3.765139 0.536422
v 1.360914 3.812897 0.497571
v 1.330571 3.872025 0.451194
v 1.292633 3.940325 0.397097
v 1.246279 4.013851 0.338253
v 1.190491 4.088218 0.278430
v 0.203121 4.664989 0.526711
v 0.236798 4.654653 0.588339
v 0.282922 4.638128 0.659163
v 0.339621 4.614393 0.735920
v 0.404623 4.582520 0.816053
v 0.474312 4.541890 0.897280
v 0.544737 4.491961 0.977388
v 1.064735 4.181466 0.306871
v 0.997704 4.210993 0.407503
v 0.926323 4.245583 0.518371
v 0.853755 4.283196 0.634558
v 0.783118 4.321934 0.751145
v 0.717346 4.360468 0.863217
v 0.659326 4.397615 0.965862
v 1.112779 4.319933 0.189573
v 1.027959 4.375917 0.145473
v 0.938520 4.424602 0.108979
v 0.847798 4.466352 0.080784
v 0.759222 4.501519 0.061361
v 0.676617 4.530414 0.050329
v 0.604595 4.553145 0.046826
v 0.515493 4.588829 0.077353
v 0.462446 4.617315 0.123261
v 0.407170 4.647157 0.180169
v 0.355048 4.675479 0.245059
v 0.310237 4.700042 0.314739
v 0.274621 4.719775 0.384519
v 0.249421 4.733942 0.448646
v 0.740650 4.458745 1.140476
v 0.793530 4.383834 1.205398
v 0.838071 4.308095 1.263283
v 0.873658 4.236320 1.313449
v 0.900128 4.172678 1.355106
v 0.919120 4.118822 1.387016
v 0.932565 4.076041 1.408039
v 1.265390 3.968377 0.829416
v 1.290830 3.937741 0.820085
v 1.319748 3.904193 0.802731
v 1.351162 3.870595 0.774294
v 1.383923 3.839466 0.733364
v 1.414957 3.813155 0.685214
v 1.440705 3.793847 0.637275
v 0.963066 4.039162 1.390251
v 0.992930 4.029557 1.347114
v 1.022675 4.024418 1.296588
v 1.047484 4.025922 1.244932
v 1.063931 4.035082 1.197387
v 1.072959 4.049421 1.155381
v 1.076646 4.065421 1.119781
v 1.228543 4.020876 0.838832
v 1.202387 4.061967 0.845645
v 1.174690 4.103526 0.851992
v 1.148761 4.140378 0.856957
v 1.127106 4.168745 0.860025
v 1.110001 4.188457 0.861863
v 1.097238 4.200340 0.863342
v 1.091078 4.203670 0.872982
v 1.093311 4.197404 0.887910
v 1.095007 4.185788 0.909949
v 1.095012 4.168654 0.940283
v 1.092482 4.146431 0.979086
v 1.087899 4.121378 1.022294
v 1.082191 4.096522 1.064337
v 1.452646 3.807989 0.581014
v 1.441428 3.848673 0.550420
v 1.421927 3.901610 0.512856
v 1.393947 3.964679 0.467659
v 1.357359 4.035513 0.414586
v 1.311578 4.110413 0.356567
v 1.255907 4.185348 0.297327
v 0.258376 4.741735 0.538309
v 0.296202 4.737304 0.600933
v 0.345850 4.725873 0.672664
v 0.405153 4.705986 0.750150
v 0.471731 4.676539 0.830782
v 0.542179 4.637176 0.912290
v 0.612838 4.587729 0.992489
v 1.141213 4.294458 0.328631
v 1.082327 4.335103 0.430721
v 1.016085 4.376225 0.542062
v 0.945584 4.415831 0.657858
v 0.873873 4.452062 0.773306
v 0.803827 4.483615 0.883572
v 0.738274 4.509327 0.983815
v 0.982905 4.211178 0.799727
v 1.005731 4.205773 0.815662
v 1.024134 4.206611 0.826972
v 1.040243 4.209321 0.836077
v 1.055120 4.211101 0.844361
v 1.068784 4.211016 0.852130
v 1.080840 4.208789 0.859299
v 1.072136 4.071243 1.100596
v 1.065147 4.061690 1.105428
v 1.057567 4.050899 1.107777
v 1.049720 4.039743 1.107524
v 1.041924 4.028992 1.104784
v 1.034901 4.019319 1.099624
v 1.029443 4.011405 1.092366
v 1.428658 3.694465 0.579430
v 1.454157 3.678885 0.569098
v 1.474738 3.671946 0.563223
v 1.487348 3.676597 0.562434
v 1.490193 3.694161 0.566809
v 1.484048 3.721837 0.576022
v 1.470869 3.755092 0.589181
v 1.246917 3.981033 0.831420
v 1.244364 3.969094 0.829322
v 1.239371 3.956892 0.827609
v 1.232323 3.945292 0.826092
v 1.223725 3.934980 0.824615
v 1.214111 3.926714 0.823517
v 1.204214 3.921182 0.823188
v 0.503247 4.500309 0.016526
v 0.503897 4.507874 -0.003600
v 0.507127 4.517383 -0.016801
v 0.513362 4.528161 -0.020384
v 0.522653 4.539521 -0.013016
v 0.533921 4.550685 0.003720
v 0.545640 4.560755 0.026861
v 1.225117 4.222351 0.170620
v 1.247399 4.193470 0.119648
v 1.256853 4.170227 0.087828
v 1.253837 4.153206 0.075315
v 1.238711 4.142994 0.082261
v 1.211833 4.140173 0.108820
v 1.173560 4.145328 0.155147
v 0.928152 4.033969 1.446620
v 0.913081 4.014995 1.476785
v 0.899910 3.997062 1.497073
v 0.889976 3.983069 1.503490
v 0.884111 3.975029 1.494020
v 0.882540 3.972385 1.470868
v 0.885059 3.973807 1.438236
v 0.164068 4.685332 0.487546
v 0.144119 4.704260 0.491524
v 0.133097 4.721643 0.494618
v 0.134212 4.735256 0.496734
v 0.148968 4.743602 0.497871
v 0.174797 4.746733 0.497837
v 0.207347 4.745318 0.496515
v 0.577541 4.463113 1.124023
v 0.556242 4.489726 1.174571
v 0.547627 4.511479 1.205753
v 0.551274 4.527820 1.217511
v 0.566761 4.538198 1.209790
v 0.593666 4.542060 1.182535
v 0.631568 4.538856 1.135689
v 0.982656 4.222688 0.799468
v 1.027082 4.199150 0.836537
v 1.071509 4.175611 0.873606
v 1.115935 4.152072 0.910675
v 1.160362 4.128534 0.947744
v 1.204788 4.104995 0.984812
v 1.249215 4.081457 1.021881
v 0.507953 4.490026 0.076221
v 0.572416 4.462326 0.088511
v 0.648465 4.429496 0.106381
v 0.731901 4.391637 0.131542
v 0.818924 4.348563 0.164748
v 0.905846 4.299660 0.205544
v 0.989004 4.244202 0.253171
v 0.453347 4.511788 0.129391
v 0.516958 4.484492 0.151493
v 0.591065 4.452765 0.178490
v 0.672213 4.416262 0.211714
v 0.757007 4.374539 0.251891
v 0.841904 4.326914 0.298485
v 0.923329 4.272645 0.350641
v 0.395760 4.537641 0.192188
v 0.458149 4.511158 0.222780
v 0.530102 4.480803 0.258701
v 0.608743 4.445868 0.300405
v 0.691104 4.405631 0.348073
v 0.773808 4.359341 0.400950
v 0.853374 4.306244 0.458047
v 0.341216 4.565310 0.262227
v 0.401052 4.540278 0.300003
v 0.469749 4.511774 0.344112
v 0.545023 4.478731 0.394045
v 0.624395 4.440134 0.449180
v 0.704609 4.395179 0.508438
v 0.782213 4.343117 0.570628
v 0.294311 4.592889 0.336338
v 0.349785 4.570066 0.380176
v 0.413618 4.543998 0.431487
v 0.484292 4.513220 0.488896
v 0.559926 4.476412 0.551027
v 0.637305 4.432737 0.616427
v 0.712884 4.381483 0.683624
v 0.256334 4.619075 0.409472
v 0.305467 4.599465 0.458566
v 0.363188 4.576395 0.516341
v 0.428626 4.548092 0.580546
v 0.500216 4.513100 0.649147
v 0.574673 4.470603 0.720314
v 0.648287 4.419945 0.792264
v 0.227107 4.642962 0.475659
v 0.268174 4.627732 0.529881
v 0.319369 4.608054 0.593858
v 0.379808 4.582199 0.664414
v 0.447652 4.548902 0.739002
v 0.519435 4.507435 0.815473
v 0.591284 4.457204 0.891776
v 1.061051 3.997794 0.888528
v 1.130218 4.111553 0.365316
v 1.185996 4.037866 0.424911
v 1.233482 3.964635 0.481397
v 1.274204 3.896091 0.530142
v 1.062321 4.142000 0.467704
v 1.117953 4.068853 0.527835
v 1.166474 3.995524 0.583223
v 1.210684 3.925996 0.626206
v 0.990017 4.177352 0.580656
v 1.045199 4.104540 0.642523
v 1.093992 4.030846 0.699822
v 1.141870 3.959783 0.738611
v 1.363740 3.746706 0.614837
v 1.325719 3.765911 0.670277
v 1.286493 3.790640 0.725660
v 1.250303 3.820172 0.771784
v 1.339153 3.785928 0.595228
v 1.291552 3.810171 0.663549
v 1.244301 3.837991 0.732504
v 1.204177 3.867792 0.787805
v 1.309417 3.835957 0.567634
v 1.252771 3.863740 0.651149
v 1.194942 3.894634 0.741205
v 1.147672 3.924781 0.815420
v 1.182287 3.918743 0.825548
v 1.148204 3.956277 0.833389
v 1.112151 3.998886 0.839932
v 1.077594 4.042333 0.842796
v 1.198431 3.886733 0.818103
v 1.159365 3.927563 0.830178
v 1.117989 3.973660 0.843266
v 1.079806 4.019353 0.853239
v 1.220934 3.852955 0.801755
v 1.176747 3.897839 0.818222
v 1.126939 3.949390 0.841331
v 1.079682 3.999704 0.866566
v 0.995704 4.160445 0.819679
v 1.009478 4.128379 0.848315
v 1.020155 4.097726 0.881944
v 1.026271 4.069159 0.922198
v 1.020014 4.122770 0.831912
v 1.026554 4.096012 0.853931
v 1.031950 4.069190 0.883783
v 1.033359 4.043457 0.925033
v 1.047131 4.083501 0.840087
v 1.049592 4.059965 0.856474
v 1.050047 4.037753 0.880503
v 1.043867 4.018187 0.922106
v 1.023500 4.000525 1.069993
v 1.017602 3.979554 1.096697
v 1.007294 3.962419 1.132089
v 0.989725 3.953699 1.177224
v 1.026127 4.019339 1.021526
v 1.023213 3.997600 1.040218
v 1.016266 3.980212 1.067011
v 0.999121 3.973115 1.108539
v 1.027730 4.042701 0.970243
v 1.029555 4.019302 0.979837
v 1.029650 3.999440 0.992428
v 1.016021 3.992608 1.022703
v 0.902016 3.984487 1.347016
v 0.891105 4.017491 1.311088
v 0.874840 4.061563 1.267704
v 0.850779 4.117052 1.217564
v 0.932336 3.968179 1.291039
v 0.928760 3.997383 1.240592
v 0.921440 4.035519 1.183031
v 0.904876 4.085446 1.121705
v 0.963377 3.956470 1.232197
v 0.967670 3.980421 1.169397
v 0.973145 4.009350 1.094941
v 0.970428 4.049045 1.015470
v 0.720239 4.329059 1.035963
v 0.778681 4.292477 0.931666
v 0.845095 4.254235 0.817706
v 0.916544 4.215429 0.699039
v 0.772907 4.255853 1.101454
v 0.831299 4.220102 0.997204
v 0.898440 4.181969 0.882792
v 0.970929 4.142886 0.762900
v 0.816705 4.183342 1.162032
v 0.874286 4.148797 1.060036
v 0.942479 4.110295 0.946884
v 1.018099 4.069408 0.825159
v 0.569789 4.578201 0.091301
v 0.520860 4.607591 0.145426
v 0.466974 4.638200 0.208646
v 0.413888 4.667462 0.278596
v 0.365965 4.693220 0.352118
v 0.324673 4.714449 0.424234
v 0.290045 4.730565 0.489038
v 0.639786 4.558903 0.105402
v 0.591178 4.590357 0.169613
v 0.536679 4.622597 0.241426
v 0.481236 4.653509 0.318532
v 0.428853 4.681226 0.397993
v 0.380696 4.704807 0.475131
v 0.336887 4.723613 0.544704
v 0.719928 4.532549 0.124839
v 0.670032 4.566042 0.198339
v 0.613753 4.600150 0.279128
v 0.555195 4.633032 0.364381
v 0.497907 4.663013 0.450931
v 0.443350 4.689053 0.534347
v 0.392421 4.710283 0.609868
v 0.806131 4.499355 0.151299
v 0.754273 4.534678 0.232943
v 0.695695 4.570610 0.322225
v 0.633869 4.605447 0.415657
v 0.571981 4.637579 0.509579
v 0.512067 4.665792 0.599647
v 0.455874 4.688966 0.681343
v 0.894704 4.459230 0.185502
v 0.840794 4.496161 0.274155
v 0.779910 4.533717 0.370913
v 0.715171 4.570222 0.471755
v 0.649564 4.604066 0.572584
v 0.585562 4.633914 0.669008
v 0.525504 4.658494 0.756563
v 0.982271 4.411909 0.226974
v 0.926430 4.450246 0.321430
v 0.863426 4.489202 0.424442
v 0.796250 4.527047 0.531610
v 0.727838 4.562124 0.638510
v 0.660910 4.593049 0.740621
v 0.598135 4.618505 0.833396
v 1.065539 4.357087 0.274941
v 1.008001 4.396654 0.373906
v 0.943174 4.436794 0.481822
v 0.874068 4.475668 0.594039
v 0.803656 4.511530 0.705903
v 0.734777 4.543011 0.812728
v 0.670236 4.568836 0.909821
v 1.152842 4.125354 0.909135
v 1.206718 4.224405 0.386715
v 1.146977 4.265959 0.490512
v 1.079835 4.307854 0.603910
v 1.008434 4.347937 0.721904
v 1.262362 4.150069 0.445635
v 1.202526 4.192180 0.549919
v 1.135078 4.234550 0.665057
v 1.062956 4.275005 0.785082
v 1.309191 4.075276 0.501183
v 1.250475 4.117319 0.604328
v 1.183649 4.159642 0.721424
v 1.110222 4.200591 0.846509
v 0.799157 4.440658 1.053637
v 0.851548 4.366876 1.118671
v 0.894487 4.292908 1.178623
v 0.926753 4.223832 1.233363
v 0.865156 4.415493 0.951671
v 0.917584 4.342542 1.016651
v 0.959846 4.269782 1.078736
v 0.988615 4.203453 1.139457
v 0.935883 4.384233 0.839464
v 0.989233 4.311505 0.903917
v 1.032970 4.238659 0.967200
v 1.059436 4.174503 1.034744
v 0.964729 4.072249 1.359408
v 1.000470 4.063686 1.304588
v 1.034898 4.056863 1.246491
v 1.062381 4.055737 1.191775
v 0.959621 4.113476 1.324799
v 1.003902 4.102859 1.255780
v 1.046915 4.091765 1.185558
v 1.079788 4.086203 1.125122
v 0.947750 4.163846 1.282544
v 1.001746 4.148422 1.199613
v 1.058270 4.129022 1.112782
v 1.103104 4.113972 1.041328
v 1.085810 4.087651 1.082311
v 1.094802 4.112962 1.035942
v 1.102501 4.138076 0.987972
v 1.107517 4.160206 0.945181
v 1.085426 4.074571 1.110188
v 1.098411 4.101195 1.055905
v 1.111028 4.126584 0.998485
v 1.120413 4.148184 0.947924
v 1.078647 4.062547 1.146350
v 1.095520 4.090518 1.083428
v 1.115296 4.115859 1.011334
v 1.134182 4.134802 0.944029
v 1.103294 4.196191 0.874264
v 1.117657 4.183381 0.873491
v 1.135811 4.162983 0.870902
v 1.158847 4.133391 0.865783
v 1.107119 4.188987 0.889894
v 1.122630 4.175444 0.889337
v 1.141674 4.154948 0.885160
v 1.166859 4.124093 0.876143
v 1.108830 4.177201 0.912757
v 1.124029 4.164168 0.912467
v 1.142458 4.146042 0.905896
v 1.169977 4.116336 0.888525
v 1.244605 4.005886 0.837877
v 1.266231 3.981783 0.831653
v 1.292176 3.953160 0.816208
v 1.322674 3.922376 0.786791
v 1.216886 4.049917 0.847815
v 1.234538 4.031191 0.845923
v 1.255885 4.008221 0.834834
v 1.284527 3.981059 0.804891
v 1.186929 4.094275 0.857669
v 1.199449 4.080965 0.861951
v 1.212506 4.065862 0.860372
v 1.234475 4.046298 0.834484
v 1.425351 3.835050 0.628938
v 1.406326 3.882617 0.611015
v 1.380737 3.939070 0.584928
v 1.348343 4.003824 0.548771
v 1.392997 3.861874 0.685158
v 1.365655 3.916195 0.680347
v 1.331863 3.977280 0.669608
v 1.293036 4.044725 0.646097
v 1.357459 3.891336 0.740824
v 1.322890 3.949687 0.749688
v 1.279346 4.014687 0.760164
v 1.230119 4.085637 0.759058
v 1.032157 4.035111 1.049299
v 1.032399 4.059651 1.004587
v 1.030082 4.085988 0.959869
v 1.024658 4.113765 0.917751
v 1.015681 4.142371 0.880348
v 1.003457 4.171097 0.847193
v 0.989508 4.197864 0.818109
v 1.038086 4.047483 1.050711
v 1.038205 4.075356 1.003808
v 1.035477 4.103261 0.959559
v 1.029952 4.130997 0.919132
v 1.021954 4.157896 0.883662
v 1.013088 4.181957 0.853616
v 1.005939 4.200041 0.829877
v 1.045312 4.059342 1.053072
v 1.045505 4.089120 1.004985
v 1.042953 4.117885 0.961082
v 1.038084 4.145132 0.921989
v 1.031625 4.170009 0.888345
v 1.025530 4.190347 0.860779
v 1.022142 4.203548 0.839991
v 1.053240 4.070808 1.055050
v 1.053751 4.101242 1.006811
v 1.051830 4.130110 0.963404
v 1.048056 4.156476 0.925428
v 1.043228 4.179266 0.893424
v 1.039040 4.196850 0.867698
v 1.037407 4.207458 0.848500
v 1.061249 4.081526 1.056167
v 1.062405 4.111646 1.008571
v 1.061498 4.139962 0.965806
v 1.059005 4.165159 0.928759
v 1.055596 4.185957 0.898156
v 1.052713 4.201253 0.874004
v 1.051998 4.209984 0.856132
v 1.069017 4.090560 1.056732
v 1.071168 4.119399 1.010797
v 1.071653 4.146651 0.968707
v 1.070608 4.170593 0.932118
v 1.068413 4.189665 0.902449
v 1.066320 4.203108 0.879578
v 1.065859 4.210382 0.862992
v 1.076225 4.096540 1.057912
v 1.079783 4.123233 1.014616
v 1.082061 4.149165 0.972841
v 1.082673 4.172013 0.935846
v 1.081578 4.189800 0.906367
v 1.079829 4.201942 0.884315
v 1.078871 4.208267 0.868893
v 1.231457 3.879933 0.815020
v 1.259464 3.837238 0.802308
v 1.289590 3.795280 0.782723
v 1.321713 3.757125 0.754168
v 1.354945 3.725768 0.715709
v 1.386357 3.703412 0.670905
v 1.412379 3.692113 0.624285
v 1.247096 3.878428 0.813627
v 1.280366 3.830068 0.798918
v 1.314203 3.783918 0.777858
v 1.348314 3.742714 0.749008
v 1.381881 3.709210 0.711622
v 1.412569 3.685809 0.667627
v 1.437628 3.674863 0.619480
v 1.259582 3.883250 0.813814
v 1.296011 3.831651 0.797867
v 1.332437 3.782778 0.775740
v 1.368209 3.739285 0.746411
v 1.402402 3.703829 0.709278
v 1.433046 3.679036 0.665405
v 1.457909 3.667527 0.616255
v 1.269129 3.892672 0.815023
v 1.306752 3.840310 0.798690
v 1.344283 3.790727 0.776197
v 1.380815 3.746446 0.746647
v 1.415262 3.710049 0.709497
v 1.445822 3.684355 0.665604
v 1.470511 3.672245 0.616180
v 1.275537 3.905593 0.816875
v 1.312586 3.854872 0.801068
v 1.349600 3.806854 0.779094
v 1.385620 3.763763 0.749876
v 1.419518 3.727979 0.712777
v 1.449527 3.702406 0.668897
v 1.473723 3.690094 0.619754
v 1.278056 3.921797 0.819583
v 1.312715 3.875407 0.805185
v 1.347785 3.831047 0.784444
v 1.382390 3.790647 0.755819
v 1.415369 3.756487 0.718499
v 1.444733 3.731441 0.674467
v 1.468315 3.718664 0.626280
v 1.275549 3.941733 0.823544
v 1.306009 3.902520 0.811377
v 1.338100 3.863417 0.792301
v 1.370959 3.826468 0.764087
v 1.403313 3.794129 0.725726
v 1.432629 3.769126 0.680818
v 1.456085 3.754523 0.634003
v 1.095669 4.209888 0.106260
v 1.009524 4.267322 0.065464
v 0.918629 4.318377 0.033337
v 0.826487 4.363801 0.010455
v 0.736472 4.404275 -0.002738
v 0.651448 4.440209 -0.006345
v 0.573741 4.471981 -0.000393
v 1.133240 4.205311 0.061432
v 1.045964 4.263387 0.022708
v 0.953277 4.315183 -0.006864
v 0.858444 4.361481 -0.026799
v 0.764472 4.403065 -0.036674
v 0.673301 4.440722 -0.036329
v 0.586336 4.475300 -0.025544
v 1.159691 4.208473 0.035763
v 1.071660 4.266921 -0.001760
v 0.977661 4.319137 -0.029892
v 0.880737 4.365921 -0.048212
v 0.783663 4.408113 -0.056334
v 0.688131 4.446716 -0.053987
v 0.595534 4.482780 -0.040915
v 1.174679 4.218789 0.029107
v 1.086368 4.277311 -0.008059
v 0.991822 4.329550 -0.035791
v 0.893957 4.376285 -0.053695
v 0.795467 4.418361 -0.061396
v 0.698152 4.456904 -0.058597
v 0.603591 4.493106 -0.045019
v 1.177853 4.235672 0.041314
v 1.089807 4.293955 0.003682
v 0.995665 4.345776 -0.024640
v 0.898379 4.391833 -0.043229
v 0.800682 4.432935 -0.051681
v 0.704434 4.470325 -0.049681
v 0.611253 4.505373 -0.036918
v 1.168844 4.258542 0.072230
v 1.081537 4.316299 0.033301
v 0.988568 4.367324 0.003360
v 0.893024 4.412204 -0.017094
v 0.797819 4.451641 -0.027611
v 0.705157 4.486809 -0.027956
v 0.616859 4.519147 -0.017805
v 1.147278 4.286822 0.121702
v 1.061081 4.343801 0.080622
v 0.969771 4.393749 0.047977
v 0.876595 4.437132 0.024361
v 0.784768 4.474475 0.010248
v 0.697387 4.506548 0.005619
v 0.617272 4.534446 0.010584
v 1.431356 3.713387 0.537116
v 1.422783 3.747787 0.493054
v 1.404772 3.795823 0.444612
v 1.377750 3.855524 0.390991
v 1.341761 3.924468 0.332314
v 1.296224 3.998667 0.271248
v 1.240402 4.073747 0.211091
v 1.459837 3.699672 0.517744
v 1.454810 3.736007 0.464634
v 1.439726 3.785883 0.408648
v 1.414804 3.847145 0.349395
v 1.380042 3.917258 0.287184
v 1.334997 3.992306 0.224408
v 1.279112 4.068031 0.163982
v 1.481661 3.694086 0.507465
v 1.478342 3.732323 0.449251
v 1.464816 3.784177 0.388652
v 1.441065 3.847149 0.325828
v 1.406986 3.918468 0.261375
v 1.362201 3.994289 0.197530
v 1.306259 4.070501 0.136942
v 1.494654 3.699346 0.505440
v 1.491956 3.738652 0.445726
v 1.479084 3.791732 0.383687
v 1.455869 3.855801 0.319713
v 1.422104 3.927871 0.254557
v 1.377436 4.004136 0.190408
v 1.321477 4.080585 0.129811
v 1.497312 3.716743 0.511264
v 1.494581 3.755983 0.453355
v 1.481777 3.809038 0.393102
v 1.458656 3.873089 0.330620
v 1.424949 3.945125 0.266464
v 1.380319 4.021334 0.202856
v 1.324406 4.097705 0.142432
v 1.490233 3.743638 0.525088
v 1.486545 3.782188 0.472598
v 1.472962 3.834528 0.417297
v 1.449286 3.897914 0.358708
v 1.415256 3.969429 0.297075
v 1.370516 4.045236 0.234761
v 1.314689 4.121271 0.174655
v 1.474712 3.776007 0.547497
v 1.468554 3.814245 0.504391
v 1.452915 3.866104 0.456956
v 1.427728 3.928902 0.404285
v 1.392800 3.999863 0.346435
v 1.347709 4.075156 0.286030
v 1.291975 4.150684 0.226336
v 0.909348 3.950043 1.414365
v 0.935286 3.934304 1.375485
v 0.961013 3.927162 1.327726
v 0.983889 3.929755 1.276467
v 1.001730 3.942490 1.226251
v 1.014773 3.962637 1.178704
v 1.023812 3.986697 1.134447
v 0.910049 3.945077 1.446290
v 0.937267 3.928819 1.408231
v 0.963019 3.923142 1.360989
v 0.985749 3.927871 1.308773
v 1.004140 3.942435 1.255259
v 1.018229 3.964403 1.202065
v 1.028379 3.990922 1.150114
v 0.913245 3.946298 1.468726
v 0.941412 3.930224 1.430418
v 0.967538 3.925813 1.382692
v 0.990502 3.932112 1.329135
v 1.009388 3.947914 1.272965
v 1.024144 3.970984 1.215947
v 1.034937 3.998832 1.159458
v 0.919661 3.954110 1.477942
v 0.948303 3.938489 1.439432
v 0.974784 3.934858 1.391365
v 0.997986 3.941866 1.337145
v 1.017010 3.958016 1.279873
v 1.031838 3.981210 1.221448
v 1.042674 4.009201 1.163466
v 0.929314 3.968729 1.471829
v 0.958067 3.953499 1.433636
v 0.984760 3.949903 1.386023
v 1.007967 3.956556 1.332511
v 1.026572 3.971973 1.276281
v 1.040723 3.994197 1.219136
v 1.050889 4.021169 1.162516
v 0.941227 3.988616 1.452327
v 0.969774 3.974263 1.414533
v 0.996719 3.970299 1.367529
v 1.019932 3.975737 1.315407
v 1.037762 3.989529 1.261770
v 1.050585 4.009726 1.208308
v 1.059334 4.034280 1.156066
v 0.953747 4.012083 1.423003
v 0.982066 3.999742 1.384603
v 1.009703 3.995343 1.337234
v 1.033299 3.998996 1.286118
v 1.050304 4.010577 1.235714
v 1.061331 4.027895 1.187737
v 1.067897 4.048483 1.142965
v 0.436603 4.526929 0.047237
v 0.371822 4.553936 0.090707
v 0.310666 4.581641 0.144881
v 0.256832 4.608963 0.207614
v 0.213817 4.634552 0.276475
v 0.183156 4.656981 0.348019
v 0.165972 4.674674 0.418857
v 0.426220 4.539397 0.030019
v 0.354296 4.570100 0.074518
v 0.289534 4.599897 0.128723
v 0.234250 4.628131 0.191264
v 0.190752 4.653928 0.260617
v 0.160413 4.676110 0.334834
v 0.144415 4.693377 0.412096
v 0.424200 4.551332 0.018463
v 0.348319 4.584319 0.064078
v 0.281147 4.615741 0.119016
v 0.224462 4.644925 0.182220
v 0.179982 4.671118 0.252598
v 0.149069 4.693337 0.328923
v 0.133006 4.710536 0.409967
v 0.429039 4.562919 0.015369
v 0.352188 4.596859 0.061440
v 0.284371 4.629115 0.116809
v 0.227153 4.658824 0.180460
v 0.182074 4.685127 0.251361
v 0.150597 4.707187 0.328434
v 0.134162 4.724173 0.410589
v 0.440089 4.573811 0.022174
v 0.364882 4.607594 0.067802
v 0.298357 4.639797 0.122767
v 0.241983 4.669317 0.185950
v 0.197277 4.695129 0.256218
v 0.165803 4.716525 0.332385
v 0.149151 4.732882 0.413284
v 0.457050 4.583036 0.037241
v 0.386617 4.615560 0.081824
v 0.323200 4.647004 0.136108
v 0.268535 4.675914 0.198610
v 0.224587 4.700947 0.267740
v 0.193068 4.721396 0.341623
v 0.175738 4.736762 0.418559
v 0.480503 4.589134 0.057581
v 0.418308 4.619433 0.101318
v 0.359278 4.649795 0.155666
v 0.306370 4.678129 0.218344
v 0.262685 4.702572 0.286865
v 0.230135 4.722223 0.357872
v 0.210568 4.736518 0.428128
v 0.179627 4.686704 0.556376
v 0.210607 4.679983 0.629667
v 0.254641 4.665780 0.708458
v 0.309609 4.643596 0.791371
v 0.373102 4.612769 0.876564
v 0.441519 4.572755 0.961888
v 0.510965 4.523041 1.045116
v 0.160343 4.707494 0.572703
v 0.191551 4.702820 0.656140
v 0.235610 4.690144 0.742305
v 0.290371 4.669019 0.830617
v 0.353411 4.638915 0.920011
v 0.421240 4.599330 1.008562
v 0.490102 4.549766 1.094129
v 0.150042 4.725684 0.581903
v 0.182112 4.722081 0.671289
v 0.226968 4.710344 0.762316
v 0.282267 4.689940 0.854397
v 0.345458 4.660336 0.946672
v 0.413150 4.621043 1.037345
v 0.481740 4.571583 1.124383
v 0.151524 4.739632 0.585842
v 0.184226 4.736602 0.677139
v 0.229782 4.725496 0.769911
v 0.285656 4.705643 0.863448
v 0.349153 4.676411 0.956826
v 0.416925 4.637321 1.048281
v 0.485468 4.587938 1.135834
v 0.166201 4.748048 0.585222
v 0.198953 4.745411 0.674765
v 0.244625 4.734836 0.765986
v 0.300646 4.715471 0.858243
v 0.364295 4.686543 0.950640
v 0.432211 4.647603 1.041379
v 0.500873 4.598278 1.128437
v 0.191693 4.750913 0.579170
v 0.224416 4.748384 0.662958
v 0.270152 4.738101 0.749526
v 0.326331 4.719026 0.838194
v 0.390261 4.690248 0.927833
v 0.458524 4.651355 1.016517
v 0.527525 4.602055 1.102125
v 0.224262 4.748599 0.565652
v 0.257888 4.745626 0.639562
v 0.304525 4.735156 0.718994
v 0.361553 4.715975 0.802448
v 0.426317 4.687067 0.888011
v 0.495352 4.648054 0.973539
v 0.564991 4.598722 1.056832
v 0.998728 4.192867 0.803666
v 1.023977 4.160048 0.815118
v 1.051210 4.123402 0.824981
v 1.080244 4.084353 0.831402
v 1.111466 4.043286 0.833815
v 1.143592 4.001696 0.832760
v 1.174961 3.961066 0.829023
v 1.016628 4.194245 0.813130
v 1.035927 4.169639 0.817897
v 1.059833 4.137618 0.824577
v 1.087061 4.100681 0.830317
v 1.116914 4.060388 0.833276
v 1.148547 4.017681 0.833129
v 1.181140 3.973166 0.829902
v 1.033551 4.197362 0.822114
v 1.049602 4.177356 0.823124
v 1.070863 4.148976 0.827113
v 1.096227 4.114213 0.831511
v 1.124748 4.074741 0.834159
v 1.155834 4.031356 0.834229
v 1.188982 3.984615 0.831218
v 1.049027 4.201159 0.830293
v 1.063485 4.183657 0.829458
v 1.082907 4.157992 0.831499
v 1.106581 4.125340 0.834340
v 1.133840 4.086829 0.836123
v 1.164186 4.043393 0.835859
v 1.197166 3.995919 0.832773
v 1.063408 4.203800 0.838256
v 1.076787 4.188264 0.836349
v 1.094838 4.164928 0.836924
v 1.117151 4.134245 0.838282
v 1.143297 4.096823 0.838884
v 1.172737 4.053887 0.837816
v 1.204924 4.006804 0.834314
v 1.076549 4.204589 0.846244
v 1.089163 4.190794 0.843861
v 1.106297 4.169393 0.843365
v 1.127723 4.140285 0.843305
v 1.153096 4.103786 0.842426
v 1.181519 4.061733 0.840120
v 1.212078 4.016252 0.835925
v 1.088092 4.203273 0.854450
v 1.100354 4.190898 0.852242
v 1.117114 4.170838 0.851001
v 1.138268 4.142612 0.849499
v 1.163455 4.106474 0.846790
v 1.190986 4.065289 0.842791
v 1.219038 4.022509 0.837639
v 0.637989 4.393358 1.196606
v 0.691603 4.317770 1.261745
v 0.738315 4.241242 1.318545
v 0.778058 4.168668 1.366111
v 0.811046 4.104319 1.403465
v 0.838616 4.049977 1.429300
v 0.862482 4.006573 1.441983
v 0.616549 4.419562 1.247941
v 0.670499 4.343019 1.313053
v 0.718214 4.264689 1.368920
v 0.759816 4.189168 1.414547
v 0.795652 4.120525 1.448900
v 0.826971 4.060727 1.470750
v 0.855320 4.011086 1.478702
v 0.607847 4.441057 1.279592
v 0.661993 4.363852 1.344719
v 0.710294 4.284202 1.400121
v 0.752980 4.206444 1.444786
v 0.790466 4.134512 1.477675
v 0.823910 4.070717 1.497644
v 0.854662 4.016948 1.503508
v 0.611460 4.457304 1.291495
v 0.665646 4.379816 1.356615
v 0.714071 4.299558 1.411862
v 0.756980 4.220729 1.456225
v 0.794797 4.147208 1.488677
v 0.828677 4.081581 1.508116
v 0.859957 4.026114 1.513427
v 0.626966 4.467758 1.283585
v 0.681025 4.390424 1.348637
v 0.729089 4.310428 1.403928
v 0.771308 4.232002 1.448441
v 0.808064 4.159041 1.481142
v 0.840686 4.094097 1.500918
v 0.870752 4.039374 1.506628
v 0.653944 4.471859 1.255812
v 0.707730 4.395060 1.320769
v 0.754987 4.316052 1.376409
v 0.795679 4.239222 1.421732
v 0.830082 4.168549 1.455706
v 0.859713 4.106382 1.477158
v 0.886539 4.054620 1.484771
v 0.691978 4.469043 1.208125
v 0.745363 4.393079 1.273020
v 0.791426 4.315563 1.329472
v 0.829871 4.241093 1.376576
v 0.860777 4.173773 1.413359
v 0.885728 4.115736 1.438567
v 0.906939 4.068616 1.450663
vn -0.4118 -0.9002 -0.1415
vn -0.5510 -0.8250 0.1253
vn -0.6794 -0.6674 -0.3050
vn -0.7960 -0.5723 -0.1970
vn 0.9410 -0.3251 -0.0937
vn 0.1193 -0.0872 0.9890
vn 0.7872 -0.2335 0.5709
vn -0.5707 -0.7892 -0.2270
vn -0.6826 -0.7293 -0.0463
vn 0.2411 0.9046 -0.3516
vn 0.1514 0.9833 -0.1010
vn 0.8938 0.3494 0.2812
vn 0.7689 0.3844 0.5108
vn 0.4099 -0.8099 -0.4195
vn -0.1463 -0.2655 0.9529
vn -0.4378 -0.8983 0.0362
vn 0.6769 0.7358 0.0186
vn 0.5452 0.8057 0.2314
vn -0.5150 -0.8372 -0.1839
vn -0.4664 -0.8719 -0.1494
vn -0.4288 -0.8947 -0.1254
vn -0.4027 -0.9086 -0.1113
vn -0.3874 -0.9157 -0.1064
vn -0.3832 -0.9170 -0.1107
vn -0.3919 -0.9113 -0.1265
vn -0.4258 -0.8982 -0.1089
vn -0.4392 -0.8959 -0.0669
vn -0.4537 -0.8907 -0.0289
vn -0.4708 -0.8822 0.0068
vn -0.4899 -0.8709 0.0398
vn -0.5108 -0.8569 0.0697
vn -0.5334 -0.8401 0.0985
vn -0.7317 -0.6742 -0.1005
vn -0.7672 -0.6251 -0.1436
vn -0.7914 -0.5856 -0.1756
vn -0.8076 -0.5555 -0.1982
vn -0.8183 -0.5342 -0.2122
vn -0.8233 -0.5243 -0.2176
vn -0.8184 -0.5338 -0.2127
vn 0.0711 -0.1809 0.9809
vn -0.1391 -0.4325 0.8908
vn -0.4384 -0.6904 0.5754
vn -0.6192 -0.7634 0.1839
vn -0.6817 -0.7279 -0.0737
vn -0.6944 -0.6935 -0.1918
vn -0.6909 -0.6750 -0.2590
vn -0.7613 -0.6110 -0.2172
vn -0.7034 -0.6723 -0.2309
vn -0.5804 -0.7786 -0.2386
vn -0.2431 -0.9401 -0.2391
vn 0.3117 -0.9284 -0.2023
vn 0.7976 -0.5942 -0.1039
vn 0.9224 -0.3784 -0.0778
vn 0.1517 -0.0311 0.9879
vn 0.1948 0.0521 0.9795
vn 0.2327 0.1500 0.9609
vn 0.2410 0.2477 0.9384
vn 0.2150 0.3361 0.9170
vn 0.1766 0.4134 0.8932
vn 0.1875 0.5035 0.8434
vn 0.9194 0.2071 -0.3345
vn 0.9473 0.1393 -0.2886
vn 0.9750 0.0911 -0.2025
vn 0.9914 0.0229 -0.1289
vn 0.9938 -0.0672 -0.0887
vn 0.9825 -0.1681 -0.0795
vn 0.9617 -0.2608 -0.0847
vn -0.6944 -0.6360 -0.3367
vn -0.7020 -0.6218 -0.3473
vn -0.7016 -0.6233 -0.3453
vn -0.6946 -0.6360 -0.3362
vn -0.6802 -0.6589 -0.3213
vn -0.6565 -0.6924 -0.2993
vn -0.6207 -0.7368 -0.2682
vn -0.5334 -0.8339 0.1416
vn -0.5218 -0.8409 0.1436
vn -0.5218 -0.8424 0.1344
vn -0.5321 -0.8387 0.1164
vn -0.5527 -0.8285 0.0901
vn -0.5850 -0.8092 0.0546
vn -0.6293 -0.7771 0.0088
vn -0.5909 -0.7852 -0.1850
vn -0.6026 -0.7822 -0.1582
vn -0.6107 -0.7794 -0.1398
vn -0.6182 -0.7759 -0.1260
vn -0.6273 -0.7704 -0.1137
vn -0.6397 -0.7622 -0.0994
vn -0.6571 -0.7497 -0.0793
vn 0.6096 0.7916 -0.0431
vn 0.5446 0.8328 -0.0997
vn 0.4846 0.8616 -0.1512
vn 0.4286 0.8812 -0.1995
vn 0.3754 0.8938 -0.2455
vn 0.3246 0.9006 -0.2889
vn 0.2774 0.9032 -0.3277
vn 0.2330 0.9168 -0.3243
vn 0.2280 0.9296 -0.2895
vn 0.2217 0.9411 -0.2552
vn 0.2125 0.9517 -0.2215
vn 0.2006 0.9612 -0.1894
vn 0.1860 0.9695 -0.1597
vn 0.1678 0.9771 -0.1305
vn 0.6030 0.7445 0.2866
vn 0.6458 0.6873 0.3325
vn 0.6759 0.6369 0.3708
vn 0.6974 0.5915 0.4047
vn 0.7145 0.5464 0.4368
vn 0.7315 0.4963 0.4674
vn 0.7503 0.4400 0.4934
vn 0.0395 -0.2007 0.9789
vn 0.4165 -0.0105 0.9091
vn 0.6915 0.1723 0.7015
vn 0.8117 0.2829 0.5110
vn 0.8521 0.3317 0.4047
vn 0.8691 0.3484 0.3511
vn 0.8818 0.3520 0.3139
vn 0.7933 0.3650 0.4873
vn 0.8187 0.3370 0.4649
vn 0.8528 0.2854 0.4375
vn 0.9126 0.1561 0.3778
vn 0.9670 -0.1313 0.2185
vn 0.8351 -0.5440 -0.0818
vn 0.5116 -0.7855 -0.3481
vn -0.2752 -0.3330 0.9019
vn -0.4399 -0.4189 0.7944
vn -0.5747 -0.4914 0.6544
vn -0.6540 -0.5453 0.5243
vn -0.6831 -0.5988 0.4181
vn -0.6655 -0.6756 0.3172
vn -0.5880 -0.7863 0.1895
vn -0.3843 -0.8985 -0.2123
vn -0.3248 -0.8687 -0.3740
vn -0.2722 -0.8487 -0.4534
vn -0.2036 -0.8483 -0.4888
vn -0.0918 -0.8600 -0.5020
vn 0.0722 -0.8660 -0.4948
vn 0.2602 -0.8477 -0.4623
vn 0.8847 0.3938 0.2496
vn 0.8694 0.4417 0.2215
vn 0.8507 0.4867 0.1986
vn 0.8302 0.5284 0.1776
vn 0.8067 0.5709 0.1530
vn 0.7764 0.6187 0.1202
vn 0.7346 0.6742 0.0758
vn 0.1822 0.9808 -0.0699
vn 0.2240 0.9740 -0.0344
vn 0.2692 0.9631 0.0027
vn 0.3169 0.9476 0.0409
vn 0.3672 0.9266 0.0809
vn 0.4211 0.8984 0.1245
vn 0.4808 0.8593 0.1745
vn 0.6585 0.7504 0.0583
vn 0.6438 0.7605 0.0849
vn 0.6308 0.7687 0.1060
vn 0.6184 0.7758 0.1259
vn 0.6059 0.7820 0.1462
vn 0.5921 0.7881 0.1681
vn 0.5739 0.7954 0.1947
vn -0.2557 -0.9623 0.0922
vn -0.1158 -0.9689 0.2188
vn -0.0141 -0.9540 0.2996
vn 0.0003 -0.9489 0.3156
vn -0.0704 -0.9575 0.2796
vn -0.1847 -0.9596 0.2122
vn -0.3180 -0.9400 0.1237
vn 0.6008 -0.7192 -0.3491
vn 0.7155 -0.6354 -0.2903
vn 0.7757 -0.5786 -0.2521
vn 0.8064 -0.5449 -0.2298
vn 0.8317 -0.5141 -0.2096
vn 0.8652 -0.4679 -0.1800
vn 0.9051 -0.4019 -0.1388
vn -0.6202 -0.7227 -0.3050
vn -0.4740 -0.8303 -0.2933
vn -0.0018 -0.9753 -0.2208
vn 0.7457 -0.6661 -0.0138
vn 0.9782 -0.0474 0.2021
vn 0.9475 0.1918 0.2559
vn 0.9160 0.2943 0.2728
vn -0.0507 -0.2054 0.9774
vn 0.0038 -0.1682 0.9858
vn 0.0257 -0.1529 0.9879
vn 0.0254 -0.1530 0.9879
vn 0.0247 -0.1538 0.9878
vn 0.0416 -0.1427 0.9889
vn 0.0779 -0.1181 0.9899
vn -0.4356 -0.8632 -0.2551
vn -0.4651 -0.7537 -0.4644
vn -0.4405 -0.3983 -0.8045
vn -0.2233 0.2502 -0.9421
vn 0.0278 0.6904 -0.7229
vn 0.1474 0.8307 -0.5369
vn 0.2062 0.8812 -0.4253
vn 0.7010 0.7117 -0.0451
vn 0.7333 0.6607 -0.1607
vn 0.7578 0.4847 -0.4368
vn 0.4672 -0.1467 -0.8719
vn -0.1894 -0.7026 -0.6859
vn -0.4528 -0.7896 -0.4141
vn -0.5333 -0.7932 -0.2942
vn 0.7546 0.3499 0.5552
vn 0.7218 0.2839 0.6313
vn 0.6102 0.1231 0.7826
vn 0.0912 -0.3575 0.9295
vn -0.5246 -0.7065 0.4750
vn -0.7501 -0.6606 0.0329
vn -0.7882 -0.6020 -0.1275
vn -0.6252 -0.7699 0.1281
vn -0.7572 -0.6405 0.1282
vn -0.9645 -0.2403 0.1090
vn -0.8476 0.5293 0.0383
vn -0.3211 0.9458 -0.0488
vn -0.0444 0.9956 -0.0827
vn 0.0810 0.9922 -0.0952
vn -0.7198 -0.6941 0.0087
vn -0.7758 -0.6211 0.1110
vn -0.8483 -0.3836 0.3649
vn -0.5744 0.3315 0.7484
vn 0.1053 0.8005 0.5900
vn 0.3956 0.8351 0.3823
vn 0.4956 0.8199 0.2868
vn -0.3949 -0.9170 -0.0566
vn -0.3875 -0.9208 -0.0444
vn -0.3947 -0.9177 -0.0444
vn -0.4129 -0.9092 -0.0537
vn -0.4418 -0.8942 -0.0718
vn -0.4820 -0.8705 -0.0997
vn -0.5329 -0.8348 -0.1380
vn -0.4039 -0.9147 -0.0165
vn -0.3938 -0.9192 -0.0018
vn -0.4010 -0.9161 -0.0041
vn -0.4203 -0.9073 -0.0163
vn -0.4503 -0.8921 -0.0374
vn -0.4915 -0.8682 -0.0679
vn -0.5434 -0.8324 -0.1087
vn -0.4144 -0.9100 0.0160
vn -0.4024 -0.9150 0.0292
vn -0.4087 -0.9123 0.0252
vn -0.4279 -0.9038 0.0106
vn -0.4581 -0.8888 -0.0128
vn -0.4993 -0.8653 -0.0455
vn -0.5513 -0.8296 -0.0883
vn -0.4280 -0.9027 0.0444
vn -0.4144 -0.9085 0.0546
vn -0.4196 -0.9064 0.0485
vn -0.4380 -0.8984 0.0318
vn -0.4674 -0.8840 0.0062
vn -0.5078 -0.8610 -0.0284
vn -0.5592 -0.8258 -0.0728
vn -0.4450 -0.8928 0.0697
vn -0.4304 -0.8994 0.0765
vn -0.4348 -0.8980 0.0682
vn -0.4519 -0.8907 0.0497
vn -0.4799 -0.8770 0.0225
vn -0.5189 -0.8547 -0.0135
vn -0.5691 -0.8202 -0.0592
vn -0.4653 -0.8803 0.0926
vn -0.4511 -0.8872 0.0964
vn -0.4550 -0.8863 0.0864
vn -0.4706 -0.8798 0.0667
vn -0.4967 -0.8671 0.0388
vn -0.5339 -0.8456 0.0022
vn -0.5825 -0.8116 -0.0441
vn -0.4903 -0.8638 0.1159
vn -0.4796 -0.8696 0.1175
vn -0.4824 -0.8694 0.1066
vn -0.4958 -0.8641 0.0869
vn -0.5195 -0.8524 0.0592
vn -0.5546 -0.8318 0.0227
vn -0.6014 -0.7986 -0.0237
vn 0.0709 -0.8935 0.4435
vn -0.6428 -0.7308 -0.2298
vn -0.6796 -0.6847 -0.2633
vn -0.7041 -0.6497 -0.2866
vn -0.7193 -0.6258 -0.3018
vn -0.6552 -0.7270 -0.2053
vn -0.6924 -0.6804 -0.2400
vn -0.7170 -0.6457 -0.2626
vn -0.7327 -0.6222 -0.2758
vn -0.6635 -0.7240 -0.1887
vn -0.7002 -0.6777 -0.2245
vn -0.7232 -0.6461 -0.2440
vn -0.7365 -0.6294 -0.2476
vn -0.7206 -0.6260 -0.2980
vn -0.7299 -0.6346 -0.2539
vn -0.7304 -0.6586 -0.1809
vn -0.7063 -0.7079 0.0081
vn -0.7283 -0.6099 -0.3124
vn -0.7411 -0.6107 -0.2788
vn -0.7454 -0.6267 -0.2272
vn -0.7312 -0.6790 -0.0656
vn -0.7272 -0.6119 -0.3110
vn -0.7408 -0.6095 -0.2823
vn -0.7453 -0.6208 -0.2430
vn -0.7191 -0.6932 -0.0497
vn 0.1480 -0.0900 0.9849
vn 0.2846 0.0626 0.9566
vn 0.4025 0.2184 0.8890
vn 0.4757 0.3485 0.8076
vn -0.1158 -0.3890 0.9139
vn 0.1963 -0.1192 0.9733
vn 0.5072 0.2106 0.8357
vn 0.6374 0.3832 0.6685
vn -0.5480 -0.7007 0.4568
vn -0.5136 -0.6842 0.5178
vn 0.3839 -0.1195 0.9156
vn 0.6809 0.2042 0.7033
vn 0.7703 0.5387 0.3412
vn 0.9045 0.4148 0.0994
vn 0.9496 0.3091 0.0522
vn 0.9779 0.2020 0.0546
vn 0.5997 0.5312 0.5985
vn 0.7930 0.4953 0.3548
vn 0.8754 0.4172 0.2444
vn 0.9319 0.3050 0.1964
vn 0.5255 0.4531 0.7201
vn 0.7126 0.4741 0.5172
vn 0.8179 0.4148 0.3989
vn 0.9243 0.2421 0.2952
vn 0.9700 -0.2413 -0.0297
vn 0.8928 -0.4474 -0.0519
vn 0.2236 -0.9434 -0.2449
vn -0.4573 -0.8409 -0.2894
vn 0.9967 -0.0785 0.0188
vn 0.9901 -0.1218 0.0695
vn 0.4171 -0.8892 -0.1881
vn -0.5387 -0.7871 -0.3004
vn 0.9961 0.0740 0.0489
vn 0.9781 0.1414 0.1528
vn 0.9770 0.0228 0.2120
vn -0.4815 -0.8297 -0.2824
vn -0.7925 -0.5573 -0.2477
vn -0.8006 -0.5431 -0.2529
vn -0.7959 -0.5527 -0.2469
vn -0.7849 -0.5745 -0.2321
vn -0.7589 -0.5952 -0.2643
vn -0.7765 -0.5680 -0.2730
vn -0.7750 -0.5722 -0.2681
vn -0.7652 -0.5923 -0.2523
vn -0.6933 -0.6657 -0.2760
vn -0.7344 -0.6157 -0.2857
vn -0.7436 -0.6070 -0.2802
vn -0.7406 -0.6189 -0.2616
vn -0.7079 -0.6936 -0.1334
vn -0.6914 -0.7061 -0.1530
vn -0.6795 -0.7147 -0.1661
vn -0.6708 -0.7203 -0.1767
vn -0.7443 -0.6442 -0.1764
vn -0.7275 -0.6577 -0.1954
vn -0.7151 -0.6678 -0.2067
vn -0.7067 -0.6742 -0.2146
vn -0.7686 -0.6047 -0.2088
vn -0.7504 -0.6205 -0.2277
vn -0.7334 -0.6372 -0.2367
vn -0.7255 -0.6460 -0.2374
vn 0.2814 0.9209 -0.2698
vn 0.2771 0.9316 -0.2352
vn 0.2721 0.9401 -0.2053
vn 0.2645 0.9479 -0.1777
vn 0.2543 0.9551 -0.1520
vn 0.2410 0.9621 -0.1276
vn 0.2227 0.9696 -0.1013
vn 0.3272 0.9170 -0.2283
vn 0.3235 0.9270 -0.1900
vn 0.3178 0.9342 -0.1623
vn 0.3106 0.9404 -0.1386
vn 0.3012 0.9464 -0.1163
vn 0.2882 0.9530 -0.0938
vn 0.2664 0.9615 -0.0675
vn 0.3742 0.9084 -0.1866
vn 0.3691 0.9174 -0.1490
vn 0.3626 0.9239 -0.1226
vn 0.3550 0.9294 -0.1009
vn 0.3457 0.9349 -0.0803
vn 0.3325 0.9413 -0.0584
vn 0.3102 0.9501 -0.0321
vn 0.4231 0.8945 -0.1442
vn 0.4160 0.9028 -0.1089
vn 0.4083 0.9090 -0.0837
vn 0.4000 0.9144 -0.0629
vn 0.3904 0.9197 -0.0429
vn 0.3770 0.9260 -0.0212
vn 0.3554 0.9347 0.0051
vn 0.4752 0.8742 -0.1002
vn 0.4659 0.8823 -0.0673
vn 0.4567 0.8886 -0.0433
vn 0.4473 0.8941 -0.0230
vn 0.4370 0.8995 -0.0031
vn 0.4236 0.9057 0.0185
vn 0.4029 0.9142 0.0448
vn 0.5316 0.8453 -0.0528
vn 0.5203 0.8537 -0.0222
vn 0.5097 0.8604 0.0007
vn 0.4991 0.8663 0.0208
vn 0.4879 0.8720 0.0407
vn 0.4741 0.8782 0.0623
vn 0.4542 0.8865 0.0884
vn 0.5936 0.8048 -0.0000
vn 0.5804 0.8138 0.0286
vn 0.5685 0.8211 0.0506
vn 0.5569 0.8276 0.0705
vn 0.5448 0.8337 0.0905
vn 0.5308 0.8400 0.1121
vn 0.5116 0.8480 0.1383
vn 0.1326 0.9187 -0.3721
vn 0.7145 0.6905 0.1126
vn 0.6989 0.7019 0.1374
vn 0.6851 0.7112 0.1576
vn 0.6720 0.7189 0.1777
vn 0.7554 0.6368 0.1546
vn 0.7392 0.6498 0.1772
vn 0.7244 0.6610 0.1960
vn 0.7096 0.6702 0.2176
vn 0.7850 0.5911 0.1853
vn 0.7689 0.6056 0.2051
vn 0.7528 0.6201 0.2208
vn 0.7338 0.6330 0.2466
vn 0.6297 0.7358 0.2491
vn 0.6707 0.6808 0.2943
vn 0.6994 0.6329 0.3321
vn 0.7202 0.5896 0.3656
vn 0.6465 0.7299 0.2219
vn 0.6855 0.6776 0.2666
vn 0.7116 0.6330 0.3049
vn 0.7312 0.5908 0.3409
vn 0.6594 0.7249 0.1990
vn 0.6967 0.6753 0.2420
vn 0.7188 0.6369 0.2786
vn 0.7359 0.5969 0.3196
vn 0.7766 0.4336 0.4570
vn 0.7966 0.4180 0.4367
vn 0.8209 0.3881 0.4189
vn 0.8755 0.2944 0.3831
vn 0.7568 0.4939 0.4282
vn 0.7732 0.4861 0.4074
vn 0.7900 0.4685 0.3954
vn 0.8387 0.3940 0.3760
vn 0.7382 0.5452 0.3974
vn 0.7510 0.5431 0.3756
vn 0.7602 0.5380 0.3642
vn 0.8013 0.4816 0.3550
vn 0.1474 -0.8773 -0.4567
vn -0.1800 -0.8565 -0.4838
vn -0.3689 -0.8041 -0.4661
vn -0.4656 -0.7702 -0.4359
vn 0.6067 -0.7579 -0.2398
vn -0.2083 -0.8701 -0.4467
vn -0.5298 -0.7350 -0.4232
vn -0.6288 -0.6749 -0.3861
vn 0.9723 -0.0458 0.2294
vn 0.9705 -0.1951 0.1418
vn -0.6776 -0.6139 -0.4048
vn -0.7867 -0.5005 -0.3615
vn -0.5924 -0.7998 -0.0968
vn -0.7067 -0.7073 0.0155
vn -0.7551 -0.6464 0.1100
vn -0.7584 -0.6125 0.2227
vn -0.5548 -0.7801 -0.2891
vn -0.6945 -0.6892 -0.2068
vn -0.7648 -0.6302 -0.1342
vn -0.7908 -0.6114 -0.0289
vn -0.5165 -0.7638 -0.3870
vn -0.6689 -0.6675 -0.3271
vn -0.7651 -0.5710 -0.2978
vn -0.7898 -0.3005 -0.5347
vn -0.2017 -0.3360 0.9200
vn 0.3742 -0.0204 0.9271
vn 0.7379 0.2725 0.6175
vn 0.8243 0.3800 0.4198
vn -0.5420 -0.5135 0.6653
vn -0.2355 -0.4400 0.8665
vn 0.7345 0.3057 0.6058
vn 0.8206 0.4493 0.3532
vn -0.7076 -0.5842 0.3975
vn -0.7551 -0.6219 0.2076
vn -0.9129 -0.4050 0.0506
vn 0.8030 0.5246 0.2828
vn 0.8651 0.4148 0.2819
vn 0.8478 0.4663 0.2525
vn 0.8285 0.5110 0.2288
vn 0.8081 0.5509 0.2083
vn 0.8540 0.4185 0.3091
vn 0.8358 0.4755 0.2743
vn 0.8153 0.5236 0.2471
vn 0.7931 0.5657 0.2260
vn 0.8441 0.4119 0.3433
vn 0.8291 0.4738 0.2968
vn 0.8076 0.5289 0.2608
vn 0.7787 0.5808 0.2375
vn 0.9224 -0.3510 -0.1614
vn 0.9402 -0.2877 -0.1826
vn 0.9498 -0.2223 -0.2202
vn 0.9408 -0.1726 -0.2918
vn 0.9002 -0.1637 -0.4035
vn 0.8016 -0.2379 -0.5485
vn 0.5644 -0.5104 -0.6488
vn 0.8751 -0.4304 -0.2212
vn 0.8845 -0.3865 -0.2612
vn 0.8829 -0.3486 -0.3147
vn 0.8583 -0.3305 -0.3926
vn 0.7982 -0.3551 -0.4866
vn 0.6909 -0.4528 -0.5636
vn 0.4896 -0.7070 -0.5104
vn 0.8318 -0.4884 -0.2637
vn 0.8279 -0.4635 -0.3158
vn 0.8102 -0.4496 -0.3761
vn 0.7697 -0.4551 -0.4478
vn 0.7037 -0.4932 -0.5114
vn 0.6106 -0.5898 -0.5286
vn 0.4385 -0.8155 -0.3778
vn 0.7940 -0.5328 -0.2927
vn 0.7712 -0.5293 -0.3537
vn 0.7325 -0.5384 -0.4167
vn 0.6754 -0.5612 -0.4785
vn 0.6042 -0.6054 -0.5181
vn 0.5177 -0.6966 -0.4968
vn 0.3622 -0.8845 -0.2940
vn 0.7478 -0.5820 -0.3197
vn 0.6995 -0.6011 -0.3864
vn 0.6325 -0.6309 -0.4494
vn 0.5543 -0.6651 -0.5005
vn 0.4746 -0.7095 -0.5209
vn 0.3881 -0.7895 -0.4756
vn 0.2378 -0.9366 -0.2574
vn 0.6663 -0.6545 -0.3574
vn 0.5816 -0.6940 -0.4244
vn 0.4763 -0.7360 -0.4811
vn 0.3720 -0.7707 -0.5173
vn 0.2833 -0.8061 -0.5196
vn 0.2001 -0.8656 -0.4590
vn 0.0678 -0.9664 -0.2478
vn 0.5031 -0.7584 -0.4145
vn 0.3698 -0.8022 -0.4687
vn 0.2277 -0.8323 -0.5054
vn 0.1079 -0.8484 -0.5183
vn 0.0213 -0.8652 -0.5011
vn -0.0487 -0.9006 -0.4320
vn -0.1355 -0.9580 -0.2527
vn 0.0590 -0.2079 0.9764
vn -0.0414 -0.3873 0.9210
vn -0.2507 -0.6352 0.7306
vn -0.4463 -0.7919 0.4168
vn -0.5638 -0.8180 0.1141
vn -0.6093 -0.7890 -0.0793
vn -0.6174 -0.7602 -0.2022
vn 0.0647 -0.2106 0.9754
vn 0.0468 -0.3347 0.9412
vn -0.0490 -0.5363 0.8426
vn -0.2008 -0.7481 0.6325
vn -0.3306 -0.8708 0.3639
vn -0.4138 -0.9042 0.1056
vn -0.4526 -0.8845 -0.1130
vn 0.0728 -0.2071 0.9756
vn 0.1133 -0.2910 0.9500
vn 0.1250 -0.4260 0.8960
vn 0.0966 -0.6126 0.7845
vn 0.0507 -0.7965 0.6025
vn 0.0225 -0.9309 0.3645
vn 0.0148 -0.9967 0.0796
vn 0.0886 -0.1959 0.9766
vn 0.1690 -0.2488 0.9537
vn 0.2681 -0.3140 0.9108
vn 0.3796 -0.3935 0.8373
vn 0.4907 -0.4860 0.7232
vn 0.5963 -0.5842 0.5505
vn 0.6897 -0.6603 0.2973
vn 0.1043 -0.1831 0.9776
vn 0.2235 -0.2043 0.9531
vn 0.3880 -0.2030 0.8990
vn 0.5659 -0.1802 0.8046
vn 0.7173 -0.1491 0.6806
vn 0.8341 -0.1188 0.5387
vn 0.9217 -0.0889 0.3776
vn 0.1083 -0.1763 0.9784
vn 0.2841 -0.1518 0.9467
vn 0.5022 -0.0854 0.8605
vn 0.6890 -0.0024 0.7248
vn 0.8094 0.0707 0.5830
vn 0.8777 0.1212 0.4636
vn 0.9206 0.1552 0.3582
vn 0.1008 -0.1742 0.9795
vn 0.3557 -0.0832 0.9309
vn 0.6079 0.0431 0.7928
vn 0.7695 0.1530 0.6200
vn 0.8454 0.2228 0.4854
vn 0.8793 0.2567 0.4011
vn 0.9010 0.2719 0.3381
vn -0.4819 -0.8374 -0.2578
vn -0.4379 -0.8691 -0.2302
vn -0.4050 -0.8892 -0.2130
vn -0.3842 -0.8999 -0.2063
vn -0.3754 -0.9029 -0.2094
vn -0.3794 -0.8981 -0.2225
vn -0.3990 -0.8838 -0.2442
vn -0.4102 -0.8240 -0.3909
vn -0.3753 -0.8467 -0.3771
vn -0.3519 -0.8579 -0.3744
vn -0.3417 -0.8583 -0.3827
vn -0.3459 -0.8482 -0.4012
vn -0.3660 -0.8261 -0.4285
vn -0.4057 -0.7917 -0.4568
vn -0.1769 -0.7019 -0.6900
vn -0.1716 -0.6917 -0.7015
vn -0.1767 -0.6700 -0.7210
vn -0.1950 -0.6365 -0.7462
vn -0.2289 -0.5906 -0.7738
vn -0.2799 -0.5324 -0.7989
vn -0.3501 -0.4643 -0.8135
vn 0.3924 -0.0946 -0.9149
vn 0.3135 -0.0498 -0.9483
vn 0.2339 -0.0081 -0.9722
vn 0.1522 0.0346 -0.9877
vn 0.0663 0.0816 -0.9945
vn -0.0250 0.1341 -0.9907
vn -0.1220 0.1914 -0.9739
vn 0.6635 0.5436 -0.5140
vn 0.5664 0.5845 -0.5810
vn 0.4713 0.6100 -0.6370
vn 0.3777 0.6258 -0.6824
vn 0.2852 0.6371 -0.7161
vn 0.1938 0.6482 -0.7364
vn 0.1062 0.6643 -0.7399
vn 0.6538 0.7192 -0.2349
vn 0.5740 0.7604 -0.3039
vn 0.4972 0.7864 -0.3667
vn 0.4222 0.8015 -0.4235
vn 0.3481 0.8092 -0.4733
vn 0.2752 0.8129 -0.5133
vn 0.2059 0.8177 -0.5375
vn 0.6294 0.7690 -0.1121
vn 0.5591 0.8106 -0.1744
vn 0.4930 0.8386 -0.2317
vn 0.4299 0.8566 -0.2853
vn 0.3688 0.8670 -0.3351
vn 0.3095 0.8719 -0.3795
vn 0.2537 0.8743 -0.4137
vn -0.6350 -0.6780 -0.3702
vn -0.6488 -0.6522 -0.3922
vn -0.6528 -0.6468 -0.3943
vn -0.6484 -0.6552 -0.3875
vn -0.6358 -0.6747 -0.3749
vn -0.6137 -0.7048 -0.3560
vn -0.5800 -0.7451 -0.3293
vn -0.5003 -0.7622 -0.4108
vn -0.5266 -0.7138 -0.4617
vn -0.5423 -0.6919 -0.4766
vn -0.5460 -0.6892 -0.4763
vn -0.5388 -0.6999 -0.4689
vn -0.5213 -0.7212 -0.4562
vn -0.4927 -0.7520 -0.4379
vn -0.0505 -0.8896 -0.4540
vn -0.1115 -0.8058 -0.5815
vn -0.1615 -0.7508 -0.6405
vn -0.1934 -0.7203 -0.6661
vn -0.2084 -0.7058 -0.6771
vn -0.2109 -0.7003 -0.6820
vn -0.2035 -0.7003 -0.6843
vn 0.7477 -0.5976 -0.2895
vn 0.7147 -0.5107 -0.4778
vn 0.6750 -0.4347 -0.5962
vn 0.6395 -0.3720 -0.6728
vn 0.6071 -0.3167 -0.7288
vn 0.5717 -0.2623 -0.7774
vn 0.5271 -0.2054 -0.8246
vn 0.9988 0.0151 0.0464
vn 0.9941 0.0871 -0.0642
vn 0.9779 0.1578 -0.1375
vn 0.9559 0.2234 -0.1907
vn 0.9279 0.2857 -0.2395
vn 0.8898 0.3490 -0.2942
vn 0.8351 0.4159 -0.3600
vn 0.9549 0.2444 0.1685
vn 0.9460 0.3054 0.1083
vn 0.9286 0.3648 0.0686
vn 0.9067 0.4201 0.0374
vn 0.8805 0.4741 0.0047
vn 0.8465 0.5311 -0.0367
vn 0.7994 0.5938 -0.0914
vn 0.9152 0.3402 0.2161
vn 0.9019 0.3934 0.1784
vn 0.8833 0.4437 0.1511
vn 0.8620 0.4907 0.1275
vn 0.8371 0.5378 0.1004
vn 0.8053 0.5893 0.0647
vn 0.7616 0.6478 0.0168
vn -0.7029 -0.6978 -0.1383
vn -0.5826 -0.7983 -0.1530
vn -0.3546 -0.9222 -0.1545
vn 0.0418 -0.9883 -0.1467
vn 0.5006 -0.8574 -0.1196
vn 0.7920 -0.6033 -0.0937
vn 0.8804 -0.4615 -0.1092
vn -0.5830 -0.8121 0.0259
vn -0.3432 -0.9392 0.0060
vn -0.0251 -0.9996 -0.0122
vn 0.3379 -0.9407 -0.0291
vn 0.6514 -0.7574 -0.0459
vn 0.8013 -0.5928 -0.0799
vn 0.8514 -0.5085 -0.1290
vn -0.2262 -0.8836 0.4099
vn 0.0785 -0.9525 0.2943
vn 0.3612 -0.9136 0.1867
vn 0.5975 -0.7962 0.0953
vn 0.7447 -0.6673 0.0107
vn 0.8092 -0.5834 -0.0692
vn 0.8294 -0.5397 -0.1442
vn 0.3741 -0.5228 0.7660
vn 0.5915 -0.5853 0.5547
vn 0.7179 -0.5935 0.3640
vn 0.7832 -0.5889 0.1994
vn 0.8112 -0.5821 0.0554
vn 0.8176 -0.5724 -0.0628
vn 0.8140 -0.5594 -0.1561
vn 0.7312 -0.0190 0.6819
vn 0.8173 -0.1450 0.5577
vn 0.8673 -0.2663 0.4206
vn 0.8831 -0.3881 0.2636
vn 0.8636 -0.4956 0.0926
vn 0.8262 -0.5603 -0.0595
vn 0.7959 -0.5804 -0.1720
vn 0.7881 0.1893 0.5858
vn 0.8465 0.0927 0.5243
vn 0.8963 -0.0318 0.4423
vn 0.9275 -0.2009 0.3152
vn 0.9096 -0.3929 0.1353
vn 0.8351 -0.5470 -0.0575
vn 0.7596 -0.6182 -0.2022
vn 0.7979 0.2900 0.5284
vn 0.8371 0.2360 0.4935
vn 0.8821 0.1488 0.4469
vn 0.9348 -0.0159 0.3549
vn 0.9468 -0.2662 0.1810
vn 0.8454 -0.5310 -0.0573
vn 0.6880 -0.6800 -0.2535
vn -0.4730 -0.8525 -0.2225
vn -0.5001 -0.8486 -0.1726
vn -0.5244 -0.8427 -0.1215
vn -0.5490 -0.8328 -0.0706
vn -0.5733 -0.8191 -0.0212
vn -0.5968 -0.8019 0.0257
vn -0.6187 -0.7822 0.0739
vn -0.5301 -0.7304 -0.4307
vn -0.5857 -0.7212 -0.3698
vn -0.6337 -0.7136 -0.2987
vn -0.6765 -0.7025 -0.2211
vn -0.7127 -0.6875 -0.1390
vn -0.7417 -0.6685 -0.0549
vn -0.7604 -0.6485 0.0348
vn -0.5416 -0.3507 -0.7640
vn -0.6406 -0.3210 -0.6976
vn -0.7334 -0.2976 -0.6112
vn -0.8185 -0.2766 -0.5036
vn -0.8906 -0.2582 -0.3744
vn -0.9435 -0.2425 -0.2257
vn -0.9706 -0.2329 -0.0606
vn -0.3247 0.3070 -0.8946
vn -0.4236 0.3591 -0.8317
vn -0.5202 0.4073 -0.7507
vn -0.6144 0.4514 -0.6471
vn -0.7026 0.4894 -0.5165
vn -0.7775 0.5183 -0.3561
vn -0.8292 0.5335 -0.1669
vn -0.0377 0.7268 -0.6858
vn -0.0932 0.7679 -0.6338
vn -0.1431 0.8090 -0.5701
vn -0.1896 0.8485 -0.4941
vn -0.2324 0.8844 -0.4048
vn -0.2714 0.9140 -0.3015
vn -0.3042 0.9351 -0.1819
vn 0.1067 0.8543 -0.5088
vn 0.0785 0.8818 -0.4650
vn 0.0550 0.9084 -0.4144
vn 0.0323 0.9330 -0.3585
vn 0.0097 0.9543 -0.2986
vn -0.0134 0.9719 -0.2349
vn -0.0354 0.9859 -0.1636
vn 0.1810 0.8987 -0.3995
vn 0.1683 0.9173 -0.3609
vn 0.1568 0.9344 -0.3198
vn 0.1435 0.9501 -0.2771
vn 0.1282 0.9636 -0.2345
vn 0.1106 0.9750 -0.1928
vn 0.0905 0.9847 -0.1487
vn -0.6063 -0.7774 0.1672
vn -0.5881 -0.7885 0.1802
vn -0.5817 -0.7939 0.1772
vn -0.5866 -0.7932 0.1635
vn -0.6024 -0.7858 0.1401
vn -0.6304 -0.7690 0.1066
vn -0.6705 -0.7393 0.0625
vn -0.7305 -0.6525 0.2013
vn -0.7009 -0.6719 0.2394
vn -0.6823 -0.6864 0.2516
vn -0.6764 -0.6938 0.2474
vn -0.6829 -0.6933 0.2303
vn -0.7022 -0.6830 0.2013
vn -0.7341 -0.6596 0.1610
vn -0.9294 -0.2700 0.2515
vn -0.8859 -0.3095 0.3455
vn -0.8492 -0.3460 0.3989
vn -0.8243 -0.3749 0.4243
vn -0.8121 -0.3950 0.4294
vn -0.8129 -0.4045 0.4191
vn -0.8258 -0.4010 0.3966
vn -0.8316 0.5068 0.2272
vn -0.7961 0.4744 0.3757
vn -0.7546 0.4416 0.4854
vn -0.7138 0.4127 0.5659
vn -0.6761 0.3888 0.6259
vn -0.6411 0.3690 0.6729
vn -0.6074 0.3511 0.7126
vn -0.3110 0.9469 0.0812
vn -0.2766 0.9417 0.1917
vn -0.2275 0.9324 0.2808
vn -0.1702 0.9199 0.3532
vn -0.1076 0.9036 0.4146
vn -0.0407 0.8811 0.4713
vn 0.0306 0.8480 0.5291
vn -0.0260 0.9997 -0.0018
vn 0.0154 0.9976 0.0676
vn 0.0677 0.9897 0.1258
vn 0.1256 0.9762 0.1766
vn 0.1873 0.9565 0.2235
vn 0.2525 0.9289 0.2709
vn 0.3223 0.8897 0.3234
vn 0.1055 0.9936 -0.0401
vn 0.1485 0.9889 0.0069
vn 0.1974 0.9790 0.0505
vn 0.2498 0.9639 0.0923
vn 0.3051 0.9428 0.1341
vn 0.3637 0.9142 0.1785
vn 0.4275 0.8745 0.2292
vn -0.4444 -0.1093 0.8891
vn -0.2199 0.1293 0.9669
vn -0.0621 0.1655 0.9843
vn 0.0287 0.1302 0.9911
vn 0.0701 0.0675 0.9953
vn 0.0780 -0.0006 0.9970
vn 0.0750 -0.0623 0.9952
vn -0.4011 -0.3096 0.8622
vn -0.3089 -0.0422 0.9502
vn -0.1948 0.0355 0.9802
vn -0.1016 0.0383 0.9941
vn -0.0398 0.0042 0.9992
vn -0.0054 -0.0428 0.9991
vn 0.0166 -0.0931 0.9955
vn -0.3323 -0.4383 0.8352
vn -0.3254 -0.1567 0.9325
vn -0.2572 -0.0606 0.9645
vn -0.1785 -0.0350 0.9833
vn -0.1085 -0.0451 0.9931
vn -0.0568 -0.0729 0.9957
vn -0.0165 -0.1109 0.9937
vn -0.3034 -0.5324 0.7902
vn -0.3428 -0.2534 0.9046
vn -0.3001 -0.1439 0.9430
vn -0.2305 -0.1014 0.9678
vn -0.1550 -0.0906 0.9838
vn -0.0876 -0.0978 0.9913
vn -0.0295 -0.1196 0.9924
vn -0.3310 -0.6142 0.7163
vn -0.3833 -0.3514 0.8542
vn -0.3523 -0.2338 0.9062
vn -0.2858 -0.1770 0.9418
vn -0.2023 -0.1459 0.9684
vn -0.1178 -0.1304 0.9844
vn -0.0415 -0.1324 0.9903
vn -0.4018 -0.6878 0.6045
vn -0.4592 -0.4623 0.7586
vn -0.4369 -0.3473 0.8297
vn -0.3713 -0.2799 0.8853
vn -0.2770 -0.2289 0.9332
vn -0.1723 -0.1879 0.9670
vn -0.0759 -0.1649 0.9834
vn -0.5006 -0.7409 0.4478
vn -0.5657 -0.5800 0.5862
vn -0.5576 -0.4813 0.6764
vn -0.5014 -0.4138 0.7599
vn -0.4043 -0.3517 0.8443
vn -0.2806 -0.2879 0.9156
vn -0.1597 -0.2340 0.9590
vn -0.7656 -0.6417 -0.0445
vn -0.7989 -0.5951 -0.0869
vn -0.8216 -0.5576 -0.1182
vn -0.8367 -0.5296 -0.1395
vn -0.8460 -0.5114 -0.1510
vn -0.8483 -0.5074 -0.1516
vn -0.8359 -0.5310 -0.1391
vn -0.8153 -0.5758 0.0612
vn -0.8441 -0.5357 0.0219
vn -0.8636 -0.5041 -0.0058
vn -0.8758 -0.4822 -0.0221
vn -0.8809 -0.4727 -0.0255
vn -0.8746 -0.4846 -0.0136
vn -0.8416 -0.5400 0.0124
vn -0.8712 -0.3608 0.3327
vn -0.8873 -0.3411 0.3105
vn -0.8956 -0.3278 0.3008
vn -0.8952 -0.3242 0.3058
vn -0.8810 -0.3385 0.3307
vn -0.8393 -0.3891 0.3796
vn -0.7372 -0.5086 0.4448
vn -0.5459 0.3049 0.7804
vn -0.5193 0.2737 0.8096
vn -0.4911 0.2372 0.8382
vn -0.4559 0.1911 0.8693
vn -0.4015 0.1247 0.9073
vn -0.3085 0.0199 0.9510
vn -0.1504 -0.1445 0.9780
vn 0.1734 0.7420 0.6476
vn 0.2281 0.6809 0.6960
vn 0.2708 0.6195 0.7368
vn 0.3068 0.5556 0.7728
vn 0.3454 0.4821 0.8052
vn 0.4012 0.3891 0.8292
vn 0.4891 0.2684 0.8299
vn 0.4613 0.7708 0.4393
vn 0.5106 0.7082 0.4876
vn 0.5455 0.6500 0.5290
vn 0.5708 0.5943 0.5666
vn 0.5927 0.5355 0.6016
vn 0.6198 0.4663 0.6313
vn 0.6615 0.3810 0.6460
vn 0.5565 0.7568 0.3428
vn 0.6016 0.6971 0.3899
vn 0.6333 0.6435 0.4299
vn 0.6556 0.5943 0.4658
vn 0.6735 0.5447 0.4998
vn 0.6923 0.4887 0.5309
vn 0.7171 0.4228 0.5541
vt 0.447468 0.621522
vt 0.439808 0.609818
vt 0.454727 0.608688
vt 0.460955 0.620950
vt 0.432174 0.598148
vt 0.448548 0.596490
vt 0.424578 0.586529
vt 0.442441 0.584387
vt 0.417061 0.574979
vt 0.436471 0.572416
vt 0.409766 0.563526
vt 0.430857 0.560629
vt 0.403022 0.552210
vt 0.425932 0.549089
vt 0.469641 0.607552
vt 0.474441 0.620377
vt 0.464907 0.594813
vt 0.460269 0.582200
vt 0.455790 0.569763
vt 0.451654 0.557584
vt 0.448083 0.545749
vt 0.484549 0.606408
vt 0.487926 0.619803
vt 0.481243 0.593106
vt 0.478043 0.579943
vt 0.474995 0.566978
vt 0.472181 0.554328
vt 0.469697 0.542122
vt 0.499449 0.605253
vt 0.501410 0.619227
vt 0.497553 0.591364
vt 0.495753 0.577601
vt 0.494074 0.564031
vt 0.492507 0.550811
vt 0.491027 0.538129
vt 0.514342 0.604090
vt 0.514894 0.618651
vt 0.513840 0.589592
vt 0.513410 0.575191
vt 0.513060 0.560943
vt 0.512730 0.547015
vt 0.512304 0.533653
vt 0.529231 0.602920
vt 0.528377 0.618073
vt 0.530112 0.587802
vt 0.531031 0.572734
vt 0.531990 0.557751
vt 0.532939 0.542959
vt 0.533740 0.528586
vt 0.443076 0.633243
vt 0.433981 0.622094
vt 0.455141 0.633243
vt 0.424887 0.610945
vt 0.415792 0.599796
vt 0.406698 0.588647
vt 0.397603 0.577498
vt 0.388509 0.566349
vt 0.379414 0.555199
vt 0.370319 0.544050
vt 0.398106 0.541133
vt 0.422333 0.537879
vt 0.445336 0.534351
vt 0.467636 0.530489
vt 0.489593 0.526198
vt 0.511521 0.521300
vt 0.533795 0.515493
vt 0.557668 0.507264
vt 0.555410 0.523011
vt 0.553152 0.538759
vt 0.550893 0.554506
vt 0.548635 0.570253
vt 0.546376 0.586001
vt 0.544118 0.601748
vt 0.541859 0.617496
vt 0.527535 0.633243
vt 0.539601 0.633243
vt 0.515470 0.633243
vt 0.503404 0.633243
vt 0.491338 0.633243
vt 0.479273 0.633243
vt 0.467207 0.633243
vt 0.396654 0.530429
vt 0.396872 0.520029
vt 0.419765 0.516696
vt 0.420498 0.527074
vt 0.397315 0.509900
vt 0.419179 0.506794
vt 0.397432 0.500090
vt 0.417691 0.497585
vt 0.442493 0.513091
vt 0.443571 0.523464
vt 0.441504 0.503291
vt 0.438726 0.494596
vt 0.394714 0.472395
vt 0.406279 0.473727
vt 0.410497 0.481377
vt 0.395952 0.481435
vt 0.417219 0.475205
vt 0.424142 0.481488
vt 0.427106 0.476936
vt 0.435515 0.482112
vt 0.414578 0.489212
vt 0.396932 0.490630
vt 0.431826 0.487727
vt 0.445874 0.486820
vt 0.449961 0.483812
vt 0.454148 0.487878
vt 0.449317 0.485546
vt 0.443113 0.481322
vt 0.458124 0.491853
vt 0.455468 0.489548
vt 0.461699 0.495688
vt 0.460872 0.493206
vt 0.443560 0.483529
vt 0.435637 0.478997
vt 0.452332 0.487651
vt 0.460798 0.491016
vt 0.469624 0.506370
vt 0.470236 0.502457
vt 0.467876 0.499475
vt 0.467316 0.502897
vt 0.471161 0.498392
vt 0.469083 0.495837
vt 0.472582 0.494066
vt 0.471482 0.491637
vt 0.464913 0.496456
vt 0.464728 0.499355
vt 0.466056 0.493483
vt 0.469581 0.489710
vt 0.479849 0.479404
vt 0.485104 0.475183
vt 0.480209 0.481006
vt 0.477112 0.484481
vt 0.491013 0.470906
vt 0.484264 0.477514
vt 0.498020 0.466524
vt 0.490696 0.473821
vt 0.475414 0.486605
vt 0.474619 0.489404
vt 0.476688 0.484021
vt 0.481391 0.481337
vt 0.526125 0.452639
vt 0.526053 0.460934
vt 0.512853 0.465427
vt 0.515957 0.457354
vt 0.526259 0.469310
vt 0.509910 0.473663
vt 0.526980 0.477807
vt 0.507980 0.482157
vt 0.500592 0.469766
vt 0.506440 0.461997
vt 0.493978 0.477779
vt 0.488135 0.486244
vt 0.532338 0.504800
vt 0.510220 0.510295
vt 0.508783 0.500333
vt 0.530283 0.495407
vt 0.488204 0.515170
vt 0.487029 0.504928
vt 0.466065 0.519523
vt 0.464944 0.509174
vt 0.507777 0.491010
vt 0.528383 0.486477
vt 0.486469 0.495304
vt 0.464221 0.499366
vt 0.417691 0.497585
vt 0.397432 0.500090
vt 0.427106 0.476936
vt 0.460872 0.493206
vt 0.461699 0.495688
vt 0.471482 0.491637
vt 0.490696 0.473821
vt 0.498020 0.466524
vt 0.507980 0.482157
vt 0.526980 0.477807
vt 0.466065 0.519523
vt 0.464065 0.489819
vt 0.372110 0.533634
vt 0.373900 0.523217
vt 0.375690 0.512800
vt 0.377480 0.502384
vt 0.384640 0.460717
vt 0.393359 0.463428
vt 0.382850 0.471133
vt 0.402079 0.466140
vt 0.410799 0.468852
vt 0.419519 0.471564
vt 0.381060 0.481550
vt 0.379270 0.491967
vt 0.377480 0.502383
vt 0.454398 0.482411
vt 0.456507 0.486382
vt 0.445678 0.479699
vt 0.458617 0.490353
vt 0.460727 0.494324
vt 0.462836 0.498295
vt 0.436958 0.476987
vt 0.428238 0.474276
vt 0.471275 0.514179
vt 0.471794 0.509811
vt 0.469165 0.510208
vt 0.472313 0.505442
vt 0.472832 0.501074
vt 0.473351 0.496705
vt 0.467055 0.506237
vt 0.464946 0.502266
vt 0.475428 0.479231
vt 0.482699 0.474253
vt 0.474908 0.483600
vt 0.489970 0.469275
vt 0.497241 0.464296
vt 0.504512 0.459318
vt 0.474389 0.487968
vt 0.473870 0.492337
vt 0.473351 0.496705
vt 0.533597 0.439405
vt 0.536606 0.447887
vt 0.526326 0.444383
vt 0.539615 0.456370
vt 0.542624 0.464852
vt 0.545633 0.473334
vt 0.519054 0.449362
vt 0.511783 0.454340
vt 0.504512 0.459318
vt 0.533795 0.515493
vt 0.554659 0.498781
vt 0.489593 0.526198
vt 0.467636 0.530489
vt 0.551650 0.490299
vt 0.548642 0.481817
vt 0.638888 0.181915
vt 0.625441 0.181349
vt 0.631435 0.169053
vt 0.646273 0.170171
vt 0.611994 0.180781
vt 0.616601 0.167929
vt 0.598549 0.180213
vt 0.601772 0.166797
vt 0.585104 0.179643
vt 0.586951 0.165653
vt 0.571660 0.179073
vt 0.572135 0.164501
vt 0.558216 0.178501
vt 0.557324 0.163343
vt 0.637386 0.156823
vt 0.653635 0.158462
vt 0.621149 0.155164
vt 0.604933 0.153475
vt 0.588740 0.151750
vt 0.572568 0.149994
vt 0.556409 0.148219
vt 0.643272 0.144690
vt 0.660963 0.146805
vt 0.625612 0.142528
vt 0.607999 0.140295
vt 0.590444 0.137975
vt 0.572936 0.135585
vt 0.555459 0.133147
vt 0.649035 0.132691
vt 0.668220 0.135219
vt 0.629931 0.130072
vt 0.610931 0.127317
vt 0.592041 0.124397
vt 0.573234 0.121333
vt 0.554476 0.118163
vt 0.654469 0.120883
vt 0.675271 0.123733
vt 0.633939 0.117880
vt 0.613654 0.114661
vt 0.593549 0.111175
vt 0.573528 0.107405
vt 0.553509 0.103371
vt 0.659263 0.109332
vt 0.681807 0.112391
vt 0.637427 0.106043
vt 0.616085 0.102457
vt 0.594996 0.098497
vt 0.573936 0.094047
vt 0.552700 0.089001
vt 0.643557 0.193677
vt 0.631491 0.193677
vt 0.652335 0.182481
vt 0.619425 0.193677
vt 0.607360 0.193677
vt 0.595294 0.193677
vt 0.583228 0.193677
vt 0.571162 0.193677
vt 0.559097 0.193677
vt 0.547031 0.193677
vt 0.544773 0.177929
vt 0.542515 0.162181
vt 0.540256 0.146434
vt 0.537998 0.130686
vt 0.535740 0.114939
vt 0.533482 0.099191
vt 0.531224 0.083444
vt 0.528965 0.067696
vt 0.552647 0.075918
vt 0.574721 0.081707
vt 0.596429 0.086581
vt 0.618140 0.090838
vt 0.640155 0.094657
vt 0.662819 0.098128
vt 0.686626 0.101309
vt 0.705005 0.115310
vt 0.713783 0.104115
vt 0.696227 0.126506
vt 0.687448 0.137701
vt 0.678670 0.148896
vt 0.669892 0.160091
vt 0.661113 0.171286
vt 0.688189 0.090638
vt 0.664726 0.087351
vt 0.665616 0.077017
vt 0.688192 0.080291
vt 0.641978 0.083797
vt 0.643177 0.073465
vt 0.619759 0.079899
vt 0.620979 0.069590
vt 0.666403 0.067168
vt 0.688002 0.070219
vt 0.644333 0.063717
vt 0.621843 0.059832
vt 0.554117 0.065242
vt 0.556193 0.055873
vt 0.577530 0.060789
vt 0.576047 0.070723
vt 0.558120 0.046968
vt 0.578594 0.051498
vt 0.559550 0.038322
vt 0.578453 0.042674
vt 0.599105 0.065369
vt 0.597857 0.075577
vt 0.599763 0.055787
vt 0.598206 0.046768
vt 0.560476 0.013213
vt 0.570624 0.017929
vt 0.573683 0.025986
vt 0.560526 0.021490
vt 0.580126 0.022574
vt 0.585912 0.030331
vt 0.588539 0.027105
vt 0.595794 0.034398
vt 0.576578 0.034203
vt 0.560296 0.029846
vt 0.592454 0.038328
vt 0.605018 0.041906
vt 0.606745 0.040014
vt 0.609457 0.045127
vt 0.606324 0.041626
vt 0.601472 0.035782
vt 0.611931 0.050087
vt 0.611083 0.047249
vt 0.613957 0.054789
vt 0.614996 0.052312
vt 0.602240 0.038110
vt 0.595550 0.031495
vt 0.609755 0.044626
vt 0.616826 0.050333
vt 0.616938 0.067235
vt 0.619232 0.063712
vt 0.618639 0.060240
vt 0.616312 0.063273
vt 0.621811 0.060122
vt 0.621575 0.057172
vt 0.624840 0.056409
vt 0.625605 0.053880
vt 0.617404 0.056554
vt 0.615379 0.059160
vt 0.620378 0.054148
vt 0.625602 0.051637
vt 0.636632 0.044418
vt 0.643457 0.041917
vt 0.637208 0.046163
vt 0.632421 0.048520
vt 0.650905 0.039581
vt 0.642911 0.044119
vt 0.659402 0.037509
vt 0.650887 0.042675
vt 0.631023 0.050190
vt 0.628426 0.052533
vt 0.634086 0.048251
vt 0.640440 0.047375
vt 0.691648 0.032935
vt 0.690151 0.041923
vt 0.675714 0.041888
vt 0.680137 0.034277
vt 0.688910 0.051063
vt 0.671429 0.049683
vt 0.688148 0.060467
vt 0.668107 0.058010
vt 0.662171 0.042025
vt 0.669246 0.035767
vt 0.654343 0.048238
vt 0.647291 0.055072
vt 0.620979 0.069590
vt 0.619759 0.079899
vt 0.578453 0.042674
vt 0.559550 0.038322
vt 0.595794 0.034398
vt 0.588539 0.027105
vt 0.613958 0.054789
vt 0.624840 0.056409
vt 0.659402 0.037509
vt 0.622209 0.050366
vt 0.712308 0.093765
vt 0.710833 0.083415
vt 0.709358 0.073064
vt 0.707883 0.062714
vt 0.531973 0.059234
vt 0.552647 0.075917
vt 0.534981 0.050772
vt 0.537988 0.042310
vt 0.540996 0.033848
vt 0.596429 0.086581
vt 0.553027 0.000000
vt 0.560297 0.004975
vt 0.550019 0.008462
vt 0.567568 0.009951
vt 0.574839 0.014926
vt 0.582110 0.019902
vt 0.547011 0.016924
vt 0.544004 0.025386
vt 0.611192 0.039803
vt 0.611705 0.044221
vt 0.603922 0.034828
vt 0.612218 0.048639
vt 0.612731 0.053057
vt 0.613244 0.057475
vt 0.596651 0.029853
vt 0.589380 0.024877
vt 0.615296 0.075146
vt 0.617412 0.071125
vt 0.614783 0.070728
vt 0.619528 0.067104
vt 0.621644 0.063083
vt 0.623760 0.059062
vt 0.614270 0.066310
vt 0.613757 0.061892
vt 0.632223 0.042978
vt 0.640943 0.040270
vt 0.630107 0.046999
vt 0.649663 0.037562
vt 0.658383 0.034854
vt 0.667103 0.032146
vt 0.627991 0.051020
vt 0.625875 0.055041
vt 0.701982 0.021313
vt 0.703458 0.031663
vt 0.693263 0.024021
vt 0.704933 0.042014
vt 0.706408 0.052364
vt 0.707883 0.062714
vt 0.684543 0.026729
vt 0.675823 0.029437
vt 0.583126 0.864712
vt 0.582865 0.858725
vt 0.585010 0.858114
vt 0.585216 0.864315
vt 0.582555 0.852899
vt 0.584733 0.852146
vt 0.582221 0.847153
vt 0.584412 0.846319
vt 0.581873 0.841450
vt 0.584066 0.840572
vt 0.581516 0.835775
vt 0.583703 0.834875
vt 0.581153 0.830118
vt 0.583330 0.829214
vt 0.587191 0.857390
vt 0.587377 0.863690
vt 0.586927 0.851340
vt 0.586610 0.845461
vt 0.586262 0.839682
vt 0.585892 0.833972
vt 0.585507 0.828309
vt 0.589413 0.856532
vt 0.589601 0.862855
vt 0.589145 0.850460
vt 0.588821 0.844564
vt 0.588463 0.838777
vt 0.588081 0.833065
vt 0.587684 0.827403
vt 0.591680 0.855534
vt 0.591888 0.861827
vt 0.591391 0.849492
vt 0.591047 0.843622
vt 0.590671 0.837852
vt 0.590273 0.832151
vt 0.589861 0.826496
vt 0.593989 0.854402
vt 0.594242 0.860587
vt 0.593660 0.848450
vt 0.593284 0.842641
vt 0.592883 0.836911
vt 0.592466 0.831233
vt 0.592038 0.825589
vt 0.596336 0.853155
vt 0.596673 0.859118
vt 0.595946 0.847355
vt 0.595530 0.841636
vt 0.595099 0.835960
vt 0.594660 0.830312
vt 0.594215 0.824682
vt 0.581442 0.870576
vt 0.581090 0.864926
vt 0.583253 0.871147
vt 0.580738 0.859275
vt 0.580386 0.853625
vt 0.580034 0.847974
vt 0.579681 0.842324
vt 0.579329 0.836673
vt 0.578977 0.831023
vt 0.578625 0.825373
vt 0.580788 0.824471
vt 0.582951 0.823569
vt 0.585115 0.822668
vt 0.587278 0.821766
vt 0.589441 0.820865
vt 0.591604 0.819963
vt 0.593768 0.819062
vt 0.595931 0.818160
vt 0.596393 0.823775
vt 0.596855 0.829389
vt 0.597317 0.835004
vt 0.597779 0.840618
vt 0.598241 0.846233
vt 0.598703 0.851848
vt 0.599165 0.857462
vt 0.596857 0.865534
vt 0.599627 0.863077
vt 0.594365 0.867166
vt 0.591985 0.868461
vt 0.589687 0.869504
vt 0.587457 0.870329
vt 0.585305 0.870905
vt 0.661318 0.876772
vt 0.661748 0.883313
vt 0.659698 0.882403
vt 0.659382 0.875968
vt 0.662259 0.889932
vt 0.660134 0.888951
vt 0.662813 0.896590
vt 0.660644 0.895568
vt 0.663389 0.903269
vt 0.661195 0.902223
vt 0.663980 0.909962
vt 0.661774 0.908904
vt 0.664580 0.916663
vt 0.662370 0.915601
vt 0.657589 0.881438
vt 0.657328 0.875053
vt 0.657981 0.887944
vt 0.658462 0.894534
vt 0.658996 0.901172
vt 0.659566 0.907844
vt 0.660160 0.914539
vt 0.655411 0.880407
vt 0.655165 0.874036
vt 0.655789 0.886901
vt 0.656260 0.893481
vt 0.656788 0.900113
vt 0.657356 0.906783
vt 0.657950 0.913476
vt 0.653159 0.879309
vt 0.652900 0.872925
vt 0.653551 0.885815
vt 0.654034 0.892406
vt 0.654570 0.899045
vt 0.655143 0.905718
vt 0.655739 0.912414
vt 0.650835 0.878145
vt 0.650523 0.871711
vt 0.651273 0.884693
vt 0.651788 0.891312
vt 0.652344 0.897969
vt 0.652927 0.904651
vt 0.653528 0.911350
vt 0.648451 0.876925
vt 0.648022 0.870384
vt 0.648968 0.883545
vt 0.649529 0.890206
vt 0.650112 0.896888
vt 0.650710 0.903583
vt 0.651317 0.910287
vt 0.662556 0.870781
vt 0.663161 0.877488
vt 0.661117 0.870447
vt 0.663766 0.884194
vt 0.664370 0.890900
vt 0.664975 0.897606
vt 0.665580 0.904313
vt 0.666185 0.911019
vt 0.666790 0.917725
vt 0.667395 0.924431
vt 0.665185 0.923369
vt 0.662976 0.922307
vt 0.660767 0.921245
vt 0.658557 0.920182
vt 0.656348 0.919120
vt 0.654139 0.918058
vt 0.651929 0.916996
vt 0.649720 0.915934
vt 0.649106 0.909224
vt 0.648492 0.902514
vt 0.647877 0.895804
vt 0.647263 0.889094
vt 0.646649 0.882384
vt 0.646034 0.875675
vt 0.645420 0.868965
vt 0.647840 0.864066
vt 0.644805 0.862255
vt 0.650423 0.865470
vt 0.652824 0.866708
vt 0.655091 0.867824
vt 0.657243 0.868833
vt 0.659265 0.869720
vt 0.970233 0.064985
vt 0.966584 0.055386
vt 0.967690 0.055924
vt 0.970417 0.066001
vt 0.962251 0.046137
vt 0.963977 0.046350
vt 0.957573 0.037064
vt 0.959658 0.037084
vt 0.952715 0.028082
vt 0.955007 0.027987
vt 0.947739 0.019160
vt 0.950137 0.019000
vt 0.942685 0.010277
vt 0.945121 0.010088
vt 0.969280 0.056215
vt 0.971570 0.066521
vt 0.965926 0.046450
vt 0.961850 0.037051
vt 0.957346 0.027869
vt 0.952550 0.018834
vt 0.947559 0.009897
vt 0.971434 0.056221
vt 0.973615 0.066588
vt 0.968190 0.046391
vt 0.964201 0.036937
vt 0.959751 0.027717
vt 0.954982 0.018658
vt 0.950000 0.009706
vt 0.974185 0.055925
vt 0.976478 0.066242
vt 0.970827 0.046143
vt 0.966747 0.036725
vt 0.962238 0.027523
vt 0.957438 0.018469
vt 0.952443 0.009513
vt 0.977501 0.055344
vt 0.980233 0.065447
vt 0.973779 0.045736
vt 0.969453 0.036432
vt 0.964793 0.027296
vt 0.959914 0.018270
vt 0.954889 0.009319
vt 0.981300 0.054521
vt 0.984961 0.064167
vt 0.976955 0.045216
vt 0.972265 0.036085
vt 0.967393 0.027045
vt 0.962404 0.018065
vt 0.957337 0.009123
vt 0.975931 0.072417
vt 0.970834 0.063567
vt 0.971975 0.075563
vt 0.965736 0.054717
vt 0.960639 0.045866
vt 0.955541 0.037016
vt 0.950444 0.028166
vt 0.945346 0.019316
vt 0.940249 0.010466
vt 0.935152 0.001616
vt 0.937592 0.001414
vt 0.940032 0.001212
vt 0.942471 0.001010
vt 0.944911 0.000808
vt 0.947351 0.000606
vt 0.949791 0.000404
vt 0.952231 0.000202
vt 0.954671 0.000000
vt 0.959786 0.008928
vt 0.964900 0.017856
vt 0.970015 0.026784
vt 0.975130 0.035712
vt 0.980245 0.044639
vt 0.985359 0.053567
vt 0.990474 0.062495
vt 0.986708 0.074764
vt 0.995588 0.071423
vt 0.981308 0.076378
vt 0.977328 0.077283
vt 0.974413 0.077655
vt 0.972420 0.077560
vt 0.971489 0.076924
vt 0.942685 0.170913
vt 0.947739 0.156848
vt 0.950137 0.156671
vt 0.945121 0.170703
vt 0.952714 0.142822
vt 0.955007 0.142712
vt 0.957573 0.128856
vt 0.959658 0.128865
vt 0.962251 0.114981
vt 0.963977 0.115185
vt 0.966584 0.101282
vt 0.967690 0.101814
vt 0.970233 0.087933
vt 0.970417 0.088946
vt 0.952549 0.156487
vt 0.947559 0.170492
vt 0.957345 0.142579
vt 0.961850 0.128820
vt 0.965926 0.115277
vt 0.969280 0.102100
vt 0.971570 0.089463
vt 0.954981 0.156293
vt 0.949999 0.170280
vt 0.959751 0.142413
vt 0.964201 0.128694
vt 0.968190 0.115208
vt 0.971434 0.102099
vt 0.973615 0.089527
vt 0.957438 0.156086
vt 0.952443 0.170066
vt 0.962238 0.142204
vt 0.966747 0.128470
vt 0.970827 0.114952
vt 0.974185 0.101797
vt 0.976478 0.089178
vt 0.959914 0.155870
vt 0.954889 0.169851
vt 0.964793 0.141962
vt 0.969452 0.128165
vt 0.973779 0.114536
vt 0.977501 0.101211
vt 0.980233 0.088380
vt 0.962404 0.155647
vt 0.957337 0.169636
vt 0.967392 0.141697
vt 0.972264 0.127807
vt 0.976955 0.114007
vt 0.981300 0.100381
vt 0.984960 0.087097
vt 0.935152 0.185223
vt 0.940249 0.171122
vt 0.937591 0.184998
vt 0.945346 0.157022
vt 0.950444 0.142921
vt 0.955541 0.128820
vt 0.960639 0.114719
vt 0.965736 0.100619
vt 0.970833 0.086518
vt 0.990474 0.085423
vt 0.985359 0.099422
vt 0.980244 0.113422
vt 0.975129 0.127421
vt 0.970015 0.141421
vt 0.964900 0.155420
vt 0.959785 0.169420
vt 0.952231 0.183645
vt 0.954670 0.183419
vt 0.949791 0.183870
vt 0.947351 0.184096
vt 0.944911 0.184321
vt 0.942471 0.184547
vt 0.940031 0.184772
vt 0.581242 0.925928
vt 0.581592 0.917898
vt 0.583856 0.916973
vt 0.583508 0.924994
vt 0.581936 0.909886
vt 0.584193 0.908986
vt 0.582272 0.901901
vt 0.584513 0.901051
vt 0.582593 0.893960
vt 0.584809 0.893194
vt 0.582890 0.886099
vt 0.585061 0.885480
vt 0.583138 0.878399
vt 0.585242 0.877998
vt 0.586120 0.916045
vt 0.585774 0.924060
vt 0.586453 0.908076
vt 0.586763 0.900176
vt 0.587042 0.892376
vt 0.587267 0.884747
vt 0.587415 0.877369
vt 0.588386 0.915113
vt 0.588040 0.923126
vt 0.588718 0.907150
vt 0.589025 0.899263
vt 0.589298 0.891484
vt 0.589515 0.883881
vt 0.589652 0.876529
vt 0.590654 0.914174
vt 0.590306 0.922190
vt 0.590989 0.906205
vt 0.591301 0.898304
vt 0.591581 0.890504
vt 0.591807 0.882874
vt 0.591951 0.875497
vt 0.592924 0.913231
vt 0.592572 0.921254
vt 0.593265 0.905243
vt 0.593589 0.897307
vt 0.593889 0.889449
vt 0.594142 0.881734
vt 0.594318 0.874254
vt 0.595194 0.912285
vt 0.594838 0.920318
vt 0.595544 0.904271
vt 0.595886 0.896285
vt 0.596213 0.888342
vt 0.596514 0.880480
vt 0.596762 0.872780
vt 0.578625 0.934902
vt 0.578977 0.926862
vt 0.580890 0.933968
vt 0.579329 0.918821
vt 0.579681 0.910780
vt 0.580034 0.902739
vt 0.580386 0.894698
vt 0.580738 0.886658
vt 0.581090 0.878617
vt 0.599267 0.871120
vt 0.598907 0.879164
vt 0.598546 0.887207
vt 0.598186 0.895251
vt 0.597825 0.903294
vt 0.597465 0.911338
vt 0.597105 0.919381
vt 0.594479 0.928359
vt 0.596744 0.927425
vt 0.592214 0.929294
vt 0.589950 0.930229
vt 0.587685 0.931164
vt 0.585420 0.932098
vt 0.583155 0.933033
vt 0.997550 0.252902
vt 0.997550 0.264973
vt 0.995100 0.264953
vt 0.995100 0.252881
vt 0.997550 0.277045
vt 0.995100 0.277024
vt 0.997550 0.289116
vt 0.995100 0.289095
vt 0.997550 0.301187
vt 0.995100 0.301167
vt 0.997550 0.313259
vt 0.995100 0.313238
vt 0.997550 0.325330
vt 0.995100 0.325309
vt 0.992651 0.264932
vt 0.992651 0.252860
vt 0.992651 0.277003
vt 0.992651 0.289075
vt 0.992651 0.301146
vt 0.992651 0.313217
vt 0.992651 0.325289
vt 0.990201 0.264911
vt 0.990201 0.252840
vt 0.990201 0.276982
vt 0.990201 0.289054
vt 0.990201 0.301125
vt 0.990201 0.313196
vt 0.990201 0.325268
vt 0.987752 0.264890
vt 0.987752 0.252819
vt 0.987752 0.276962
vt 0.987752 0.289033
vt 0.987752 0.301104
vt 0.987752 0.313176
vt 0.987752 0.325247
vt 0.985302 0.264869
vt 0.985302 0.252798
vt 0.985302 0.276941
vt 0.985302 0.289012
vt 0.985302 0.301083
vt 0.985302 0.313155
vt 0.985302 0.325226
vt 0.982853 0.264849
vt 0.982853 0.252777
vt 0.982852 0.276920
vt 0.982853 0.288991
vt 0.982852 0.301063
vt 0.982853 0.313134
vt 0.982853 0.325205
vt 0.999999 0.240851
vt 0.999999 0.252923
vt 0.997550 0.240831
vt 0.999999 0.264994
vt 0.999999 0.277066
vt 0.999999 0.289137
vt 0.999999 0.301208
vt 0.999999 0.313280
vt 0.999999 0.325351
vt 0.999999 0.337422
vt 0.997550 0.337401
vt 0.995100 0.337381
vt 0.992651 0.337360
vt 0.990201 0.337339
vt 0.987752 0.337318
vt 0.985302 0.337297
vt 0.982852 0.337277
vt 0.980403 0.337256
vt 0.980403 0.325185
vt 0.980403 0.313113
vt 0.980403 0.301042
vt 0.980403 0.288971
vt 0.980403 0.276899
vt 0.980403 0.264828
vt 0.980403 0.252757
vt 0.982852 0.240706
vt 0.980403 0.240685
vt 0.985302 0.240727
vt 0.987752 0.240748
vt 0.990201 0.240768
vt 0.992651 0.240789
vt 0.995100 0.240810
vt 0.889464 0.930712
vt 0.895459 0.916876
vt 0.897851 0.917027
vt 0.891903 0.930858
vt 0.901362 0.903050
vt 0.903625 0.903216
vt 0.907125 0.889240
vt 0.909140 0.889433
vt 0.912674 0.875454
vt 0.914261 0.875694
vt 0.917815 0.861713
vt 0.918665 0.862034
vt 0.922144 0.848061
vt 0.921898 0.848504
vt 0.900258 0.917177
vt 0.894343 0.931004
vt 0.905942 0.903375
vt 0.911281 0.889612
vt 0.916112 0.875905
vt 0.920088 0.862293
vt 0.922803 0.848820
vt 0.902689 0.917324
vt 0.896787 0.931149
vt 0.908339 0.903526
vt 0.913611 0.889770
vt 0.918336 0.876075
vt 0.922180 0.862478
vt 0.924763 0.849020
vt 0.905149 0.917467
vt 0.899234 0.931294
vt 0.910833 0.903666
vt 0.916171 0.889903
vt 0.921003 0.876196
vt 0.924978 0.862584
vt 0.927693 0.849112
vt 0.907632 0.917608
vt 0.901684 0.931439
vt 0.913407 0.903797
vt 0.918921 0.890014
vt 0.924042 0.876275
vt 0.928446 0.862616
vt 0.931680 0.849087
vt 0.910131 0.917748
vt 0.904136 0.931584
vt 0.916033 0.903922
vt 0.921797 0.890112
vt 0.927346 0.876326
vt 0.932486 0.862585
vt 0.936816 0.848934
vt 0.880978 0.944407
vt 0.887027 0.930566
vt 0.883423 0.944553
vt 0.893076 0.916724
vt 0.899125 0.902882
vt 0.905174 0.889040
vt 0.911222 0.875199
vt 0.917271 0.861357
vt 0.923320 0.847515
vt 0.929369 0.833673
vt 0.924211 0.834657
vt 0.923170 0.835189
vt 0.923809 0.835536
vt 0.925709 0.835744
vt 0.928700 0.835830
vt 0.932952 0.835777
vt 0.938883 0.835536
vt 0.948932 0.834835
vt 0.942883 0.848677
vt 0.936834 0.862519
vt 0.930785 0.876361
vt 0.924736 0.890203
vt 0.918687 0.904044
vt 0.912638 0.917886
vt 0.906589 0.931728
vt 0.898095 0.945424
vt 0.900540 0.945570
vt 0.895650 0.945279
vt 0.893204 0.945134
vt 0.890759 0.944989
vt 0.888314 0.944843
vt 0.885868 0.944698
vt 0.664667 0.830874
vt 0.664055 0.836429
vt 0.661923 0.835400
vt 0.662545 0.829846
vt 0.663451 0.841991
vt 0.661320 0.840970
vt 0.662863 0.847568
vt 0.660744 0.846565
vt 0.662297 0.853166
vt 0.660209 0.852199
vt 0.661772 0.858802
vt 0.659748 0.857902
vt 0.661331 0.864517
vt 0.659407 0.863717
vt 0.659791 0.834369
vt 0.660422 0.828818
vt 0.659183 0.839943
vt 0.658612 0.845550
vt 0.658094 0.851207
vt 0.657664 0.856946
vt 0.657365 0.862807
vt 0.657655 0.833336
vt 0.658300 0.827789
vt 0.657038 0.838908
vt 0.656460 0.844517
vt 0.655939 0.850178
vt 0.655511 0.855925
vt 0.655215 0.861795
vt 0.655517 0.832301
vt 0.656176 0.826760
vt 0.654882 0.837864
vt 0.654284 0.843461
vt 0.653738 0.849107
vt 0.653284 0.854836
vt 0.652963 0.860689
vt 0.653376 0.831263
vt 0.654053 0.825731
vt 0.652718 0.836812
vt 0.652087 0.842386
vt 0.651498 0.847999
vt 0.650985 0.853682
vt 0.650598 0.859479
vt 0.651234 0.830224
vt 0.651929 0.824701
vt 0.650549 0.835755
vt 0.649878 0.841300
vt 0.649230 0.846866
vt 0.648626 0.852472
vt 0.648109 0.858157
vt 0.667395 0.826348
vt 0.666790 0.831903
vt 0.665285 0.825325
vt 0.666185 0.837457
vt 0.665580 0.843011
vt 0.664975 0.848565
vt 0.664370 0.854119
vt 0.663766 0.859673
vt 0.663161 0.865227
vt 0.645520 0.856743
vt 0.646234 0.851231
vt 0.646948 0.845719
vt 0.647662 0.840207
vt 0.648377 0.834695
vt 0.649091 0.829184
vt 0.649805 0.823672
vt 0.652629 0.819183
vt 0.650519 0.818160
vt 0.654738 0.820207
vt 0.656847 0.821231
vt 0.658957 0.822254
vt 0.661066 0.823278
vt 0.663176 0.824301
vt 0.922144 0.821708
vt 0.917815 0.809008
vt 0.918665 0.809336
vt 0.921898 0.822155
vt 0.912674 0.796397
vt 0.914261 0.796647
vt 0.907125 0.783832
vt 0.909140 0.784037
vt 0.901362 0.771289
vt 0.903626 0.771470
vt 0.895459 0.758763
vt 0.897851 0.758932
vt 0.889464 0.746246
vt 0.891903 0.746413
vt 0.920088 0.809601
vt 0.922803 0.822474
vt 0.916112 0.796867
vt 0.911281 0.784228
vt 0.905943 0.771645
vt 0.900259 0.759100
vt 0.894344 0.746580
vt 0.922180 0.809791
vt 0.924764 0.822677
vt 0.918337 0.797046
vt 0.913611 0.784398
vt 0.908339 0.771810
vt 0.902690 0.759265
vt 0.896788 0.746747
vt 0.924979 0.809904
vt 0.927693 0.822772
vt 0.921003 0.797176
vt 0.916172 0.784542
vt 0.910834 0.771965
vt 0.905149 0.759426
vt 0.899235 0.746913
vt 0.928447 0.809942
vt 0.931680 0.822750
vt 0.924043 0.797264
vt 0.918922 0.784666
vt 0.913407 0.772111
vt 0.907633 0.759586
vt 0.901685 0.747079
vt 0.932487 0.809916
vt 0.936817 0.822600
vt 0.927347 0.797323
vt 0.921798 0.784775
vt 0.916035 0.772251
vt 0.910132 0.759743
vt 0.904138 0.747245
vt 0.923320 0.821160
vt 0.917271 0.808646
vt 0.911222 0.796133
vt 0.905174 0.783620
vt 0.899125 0.771106
vt 0.893076 0.758592
vt 0.887027 0.746079
vt 0.880978 0.733566
vt 0.883423 0.733735
vt 0.885869 0.733904
vt 0.888314 0.734074
vt 0.890760 0.734243
vt 0.893205 0.734413
vt 0.895651 0.734582
vt 0.898097 0.734752
vt 0.900542 0.734921
vt 0.906591 0.747410
vt 0.912640 0.759900
vt 0.918688 0.772389
vt 0.924737 0.784878
vt 0.930786 0.797367
vt 0.936834 0.809857
vt 0.942883 0.822346
s 1
usemtl Material.002
f 5402/6351/5384 5403/6352/5385 5410/6353/5392 5409/6354/5391
f 5403/6352/5385 5404/6355/5386 5411/6356/5393 5410/6353/5392
f 5404/6355/5386 5405/6357/5387 5412/6358/5394 5411/6356/5393
f 5405/6357/5387 5406/6359/5388 5413/6360/5395 5412/6358/5394
f 5406/6359/5388 5407/6361/5389 5414/6362/5396 5413/6360/5395
f 5407/6361/5389 5408/6363/5390 5415/6364/5397 5414/6362/5396
f 5409/6354/5391 5410/6353/5392 5417/6365/5399 5416/6366/5398
f 5410/6353/5392 5411/6356/5393 5418/6367/5400 5417/6365/5399
f 5411/6356/5393 5412/6358/5394 5419/6368/5401 5418/6367/5400
f 5412/6358/5394 5413/6360/5395 5420/6369/5402 5419/6368/5401
f 5413/6360/5395 5414/6362/5396 5421/6370/5403 5420/6369/5402
f 5414/6362/5396 5415/6364/5397 5422/6371/5404 5421/6370/5403
f 5416/6366/5398 5417/6365/5399 5424/6372/5406 5423/6373/5405
f 5417/6365/5399 5418/6367/5400 5425/6374/5407 5424/6372/5406
f 5418/6367/5400 5419/6368/5401 5426/6375/5408 5425/6374/5407
f 5419/6368/5401 5420/6369/5402 5427/6376/5409 5426/6375/5408
f 5420/6369/5402 5421/6370/5403 5428/6377/5410 5427/6376/5409
f 5421/6370/5403 5422/6371/5404 5429/6378/5411 5428/6377/5410
f 5423/6373/5405 5424/6372/5406 5431/6379/5413 5430/6380/5412
f 5424/6372/5406 5425/6374/5407 5432/6381/5414 5431/6379/5413
f 5425/6374/5407 5426/6375/5408 5433/6382/5415 5432/6381/5414
f 5426/6375/5408 5427/6376/5409 5434/6383/5416 5433/6382/5415
f 5427/6376/5409 5428/6377/5410 5435/6384/5417 5434/6383/5416
f 5428/6377/5410 5429/6378/5411 5436/6385/5418 5435/6384/5417
f 5430/6380/5412 5431/6379/5413 5438/6386/5420 5437/6387/5419
f 5431/6379/5413 5432/6381/5414 5439/6388/5421 5438/6386/5420
f 5432/6381/5414 5433/6382/5415 5440/6389/5422 5439/6388/5421
f 5433/6382/5415 5434/6383/5416 5441/6390/5423 5440/6389/5422
f 5434/6383/5416 5435/6384/5417 5442/6391/5424 5441/6390/5423
f 5435/6384/5417 5436/6385/5418 5443/6392/5425 5442/6391/5424
f 5437/6387/5419 5438/6386/5420 5445/6393/5427 5444/6394/5426
f 5438/6386/5420 5439/6388/5421 5446/6395/5428 5445/6393/5427
f 5439/6388/5421 5440/6389/5422 5447/6396/5429 5446/6395/5428
f 5440/6389/5422 5441/6390/5423 5448/6397/5430 5447/6396/5429
f 5441/6390/5423 5442/6391/5424 5449/6398/5431 5448/6397/5430
f 5442/6391/5424 5443/6392/5425 5450/6399/5432 5449/6398/5431
f 5173/6400/5163 5198/6401/5187 5402/6351/5384 5199/6402/5188
f 5198/6401/5187 5197/6403/5186 5403/6352/5385 5402/6351/5384
f 5197/6403/5186 5196/6404/5185 5404/6355/5386 5403/6352/5385
f 5196/6404/5185 5195/6405/5184 5405/6357/5387 5404/6355/5386
f 5195/6405/5184 5194/6406/5183 5406/6359/5388 5405/6357/5387
f 5194/6406/5183 5193/6407/5182 5407/6361/5389 5406/6359/5388
f 5193/6407/5182 5192/6408/5181 5408/6363/5390 5407/6361/5389
f 5192/6408/5181 5180/6409/5170 5255/6410/5244 5408/6363/5390
f 5408/6363/5390 5255/6410/5244 5256/6411/5245 5415/6364/5397
f 5415/6364/5397 5256/6411/5245 5257/6412/5246 5422/6371/5404
f 5422/6371/5404 5257/6412/5246 5258/6413/5247 5429/6378/5411
f 5429/6378/5411 5258/6413/5247 5259/6414/5248 5436/6385/5418
f 5436/6385/5418 5259/6414/5248 5260/6415/5249 5443/6392/5425
f 5443/6392/5425 5260/6415/5249 5261/6416/5250 5450/6399/5432
f 5450/6399/5432 5261/6416/5250 5181/6417/5171 5254/6418/5243
f 5449/6398/5431 5450/6399/5432 5254/6418/5243 5253/6419/5242
f 5448/6397/5430 5449/6398/5431 5253/6419/5242 5252/6420/5241
f 5447/6396/5429 5448/6397/5430 5252/6420/5241 5251/6421/5240
f 5446/6395/5428 5447/6396/5429 5251/6421/5240 5250/6422/5239
f 5445/6393/5427 5446/6395/5428 5250/6422/5239 5249/6423/5238
f 5444/6394/5426 5445/6393/5427 5249/6423/5238 5248/6424/5237
f 5205/6425/5194 5444/6394/5426 5248/6424/5237 5174/6426/5164
f 5204/6427/5193 5437/6387/5419 5444/6394/5426 5205/6425/5194
f 5203/6428/5192 5430/6380/5412 5437/6387/5419 5204/6427/5193
f 5202/6429/5191 5423/6373/5405 5430/6380/5412 5203/6428/5192
f 5201/6430/5190 5416/6366/5398 5423/6373/5405 5202/6429/5191
f 5200/6431/5189 5409/6354/5391 5416/6366/5398 5201/6430/5190
f 5199/6402/5188 5402/6351/5384 5409/6354/5391 5200/6431/5189
f 5452/6432/5434 5453/6433/5435 5457/6434/5439 5456/6435/5438
f 5453/6433/5435 5454/6436/5436 5458/6437/5440 5457/6434/5439
f 5454/6436/5436 5455/6438/5437 5459/6439/5441 5458/6437/5440
f 5456/6435/5438 5457/6434/5439 5461/6440/5443 5460/6441/5442
f 5457/6434/5439 5458/6437/5440 5462/6442/5444 5461/6440/5443
f 5458/6437/5440 5459/6439/5441 5463/6443/5445 5462/6442/5444
f 5464/6444/5446 5465/6445/5447 5469/6446/5451 5468/6447/5450
f 5465/6445/5447 5466/6448/5448 5470/6449/5452 5469/6446/5451
f 5466/6448/5448 5467/6450/5449 5471/6451/5453 5470/6449/5452
f 5468/6447/5450 5469/6446/5451 5473/6452/5455 5472/6453/5454
f 5469/6446/5451 5470/6449/5452 5474/6454/5456 5473/6452/5455
f 5470/6449/5452 5471/6451/5453 5475/6455/5457 5474/6454/5456
f 5476/6456/5458 5477/6457/5459 5481/6458/5463 5480/6459/5462
f 5477/6457/5459 5478/6460/5460 5482/6461/5464 5481/6458/5463
f 5478/6460/5460 5479/6462/5461 5483/6463/5465 5482/6461/5464
f 5480/6459/5462 5481/6458/5463 5485/6464/5467 5484/6465/5466
f 5481/6458/5463 5482/6461/5464 5486/6466/5468 5485/6464/5467
f 5482/6461/5464 5483/6463/5465 5487/6467/5469 5486/6466/5468
f 5488/6468/5470 5489/6469/5471 5493/6470/5475 5492/6471/5474
f 5489/6469/5471 5490/6472/5472 5494/6473/5476 5493/6470/5475
f 5490/6472/5472 5491/6474/5473 5495/6475/5477 5494/6473/5476
f 5492/6471/5474 5493/6470/5475 5497/6476/5479 5496/6477/5478
f 5493/6470/5475 5494/6473/5476 5498/6478/5480 5497/6476/5479
f 5494/6473/5476 5495/6475/5477 5499/6479/5481 5498/6478/5480
f 5500/6480/5482 5501/6481/5483 5505/6482/5487 5504/6483/5486
f 5501/6481/5483 5502/6484/5484 5506/6485/5488 5505/6482/5487
f 5502/6484/5484 5503/6486/5485 5507/6487/5489 5506/6485/5488
f 5504/6483/5486 5505/6482/5487 5509/6488/5491 5508/6489/5490
f 5505/6482/5487 5506/6485/5488 5510/6490/5492 5509/6488/5491
f 5506/6485/5488 5507/6487/5489 5511/6491/5493 5510/6490/5492
f 5512/6492/5494 5513/6493/5495 5517/6494/5499 5516/6495/5498
f 5513/6493/5495 5514/6496/5496 5518/6497/5500 5517/6494/5499
f 5514/6496/5496 5515/6498/5497 5519/6499/5501 5518/6497/5500
f 5516/6495/5498 5517/6494/5499 5521/6500/5503 5520/6501/5502
f 5517/6494/5499 5518/6497/5500 5522/6502/5504 5521/6500/5503
f 5518/6497/5500 5519/6499/5501 5523/6503/5505 5522/6502/5504
f 5524/6504/5506 5525/6505/5507 5529/6506/5511 5528/6507/5510
f 5525/6505/5507 5526/6508/5508 5530/6509/5512 5529/6506/5511
f 5526/6508/5508 5527/6510/5509 5531/6511/5513 5530/6509/5512
f 5528/6507/5510 5529/6506/5511 5533/6512/5515 5532/6513/5514
f 5529/6506/5511 5530/6509/5512 5534/6514/5516 5533/6512/5515
f 5530/6509/5512 5531/6511/5513 5535/6515/5517 5534/6514/5516
f 5472/6453/5454 5473/6452/5455 5459/6516/5441 5455/6517/5437
f 5473/6452/5455 5474/6454/5456 5463/6443/5445 5459/6516/5441
f 5484/6465/5466 5485/6464/5467 5471/6451/5453 5467/6518/5449
f 5485/6464/5467 5486/6466/5468 5475/6455/5457 5471/6451/5453
f 5496/6477/5478 5497/6476/5479 5483/6519/5465 5479/6520/5461
f 5497/6476/5479 5498/6478/5480 5487/6467/5469 5483/6519/5465
f 5508/6489/5490 5509/6488/5491 5495/6521/5477 5491/6474/5473
f 5509/6488/5491 5510/6490/5492 5499/6479/5481 5495/6521/5477
f 5520/6501/5502 5521/6500/5503 5507/6522/5489 5503/6523/5485
f 5521/6500/5503 5522/6502/5504 5511/6491/5493 5507/6522/5489
f 5532/6513/5514 5533/6512/5515 5519/6524/5501 5515/6525/5497
f 5533/6512/5515 5534/6514/5516 5523/6503/5505 5519/6524/5501
f 5460/6441/5442 5461/6440/5443 5531/6511/5513 5527/6526/5509
f 5461/6440/5443 5462/6442/5444 5535/6515/5517 5531/6511/5513
f 5462/6442/5444 5463/6443/5445 5451/6527/5433 5535/6515/5517
f 5474/6454/5456 5475/6455/5457 5451/6527/5433 5463/6443/5445
f 5486/6466/5468 5487/6467/5469 5451/6527/5433 5475/6455/5457
f 5498/6478/5480 5499/6479/5481 5451/6527/5433 5487/6467/5469
f 5510/6490/5492 5511/6491/5493 5451/6527/5433 5499/6479/5481
f 5522/6502/5504 5523/6503/5505 5451/6527/5433 5511/6491/5493
f 5534/6514/5516 5535/6515/5517 5451/6527/5433 5523/6503/5505
f 5180/6409/5170 5247/6528/5236 5452/6432/5434 5255/6410/5244
f 5247/6528/5236 5246/6529/5235 5453/6433/5435 5452/6432/5434
f 5246/6529/5235 5245/6530/5234 5454/6436/5436 5453/6433/5435
f 5245/6530/5234 5244/6531/5233 5455/6438/5437 5454/6436/5436
f 5255/6410/5244 5452/6432/5434 5456/6435/5438 5256/6411/5245
f 5256/6411/5245 5456/6435/5438 5460/6441/5442 5257/6412/5246
f 5257/6412/5246 5460/6441/5442 5527/6526/5509 5258/6413/5247
f 5175/6532/5165 5219/6533/5208 5464/6444/5446 5241/6534/5230
f 5219/6533/5208 5218/6535/5207 5465/6445/5447 5464/6444/5446
f 5218/6535/5207 5217/6536/5206 5466/6448/5448 5465/6445/5447
f 5217/6536/5206 5216/6537/5205 5467/6450/5449 5466/6448/5448
f 5241/6534/5230 5464/6444/5446 5468/6447/5450 5242/6538/5231
f 5242/6538/5231 5468/6447/5450 5472/6453/5454 5243/6539/5232
f 5243/6539/5232 5472/6453/5454 5455/6517/5437 5244/6540/5233
f 5178/6541/5168 5227/6542/5216 5476/6456/5458 5213/6543/5202
f 5227/6542/5216 5228/6544/5217 5477/6457/5459 5476/6456/5458
f 5228/6544/5217 5229/6545/5218 5478/6460/5460 5477/6457/5459
f 5229/6545/5218 5230/6546/5219 5479/6462/5461 5478/6460/5460
f 5213/6543/5202 5476/6456/5458 5480/6459/5462 5214/6547/5203
f 5214/6547/5203 5480/6459/5462 5484/6465/5466 5215/6548/5204
f 5215/6548/5204 5484/6465/5466 5467/6518/5449 5216/6537/5205
f 5179/6549/5169 5234/6550/5223 5488/6468/5470 5233/6551/5222
f 5234/6550/5223 5235/6552/5224 5489/6469/5471 5488/6468/5470
f 5235/6552/5224 5236/6553/5225 5490/6472/5472 5489/6469/5471
f 5236/6553/5225 5237/6554/5226 5491/6474/5473 5490/6472/5472
f 5233/6551/5222 5488/6468/5470 5492/6471/5474 5232/6555/5221
f 5232/6555/5221 5492/6471/5474 5496/6477/5478 5231/6556/5220
f 5231/6556/5220 5496/6477/5478 5479/6520/5461 5230/6546/5219
f 5177/6557/5167 5226/6558/5215 5500/6480/5482 5240/6559/5229
f 5226/6558/5215 5225/6560/5214 5501/6481/5483 5500/6480/5482
f 5225/6560/5214 5224/6561/5213 5502/6484/5484 5501/6481/5483
f 5224/6561/5213 5223/6562/5212 5503/6486/5485 5502/6484/5484
f 5240/6559/5229 5500/6480/5482 5504/6483/5486 5239/6563/5228
f 5239/6563/5228 5504/6483/5486 5508/6489/5490 5238/6564/5227
f 5238/6564/5227 5508/6489/5490 5491/6474/5473 5237/6565/5226
f 5176/6566/5166 5212/6567/5201 5512/6492/5494 5220/6568/5209
f 5212/6567/5201 5211/6569/5200 5513/6493/5495 5512/6492/5494
f 5211/6569/5200 5210/6570/5199 5514/6496/5496 5513/6493/5495
f 5210/6570/5199 5209/6571/5198 5515/6498/5497 5514/6496/5496
f 5220/6568/5209 5512/6492/5494 5516/6495/5498 5221/6572/5210
f 5221/6572/5210 5516/6495/5498 5520/6501/5502 5222/6573/5211
f 5222/6573/5211 5520/6501/5502 5503/6523/5485 5223/6574/5212
f 5181/6417/5171 5261/6575/5250 5524/6504/5506 5206/6576/5195
f 5261/6575/5250 5260/6415/5249 5525/6505/5507 5524/6504/5506
f 5260/6415/5249 5259/6577/5248 5526/6508/5508 5525/6505/5507
f 5259/6577/5248 5258/6578/5247 5527/6510/5509 5526/6508/5508
f 5206/6576/5195 5524/6504/5506 5528/6507/5510 5207/6579/5196
f 5207/6579/5196 5528/6507/5510 5532/6513/5514 5208/6580/5197
f 5208/6580/5197 5532/6513/5514 5515/6525/5497 5209/6571/5198
f 5536/6581/5518 5537/6582/5519 5544/6583/5526 5543/6584/5525
f 5537/6582/5519 5538/6585/5520 5545/6586/5527 5544/6583/5526
f 5538/6585/5520 5539/6587/5521 5546/6588/5528 5545/6586/5527
f 5539/6587/5521 5540/6589/5522 5547/6590/5529 5546/6588/5528
f 5540/6589/5522 5541/6591/5523 5548/6592/5530 5547/6590/5529
f 5541/6591/5523 5542/6593/5524 5549/6594/5531 5548/6592/5530
f 5543/6584/5525 5544/6583/5526 5551/6595/5533 5550/6596/5532
f 5544/6583/5526 5545/6586/5527 5552/6597/5534 5551/6595/5533
f 5545/6586/5527 5546/6588/5528 5553/6598/5535 5552/6597/5534
f 5546/6588/5528 5547/6590/5529 5554/6599/5536 5553/6598/5535
f 5547/6590/5529 5548/6592/5530 5555/6600/5537 5554/6599/5536
f 5548/6592/5530 5549/6594/5531 5556/6601/5538 5555/6600/5537
f 5550/6596/5532 5551/6595/5533 5558/6602/5540 5557/6603/5539
f 5551/6595/5533 5552/6597/5534 5559/6604/5541 5558/6602/5540
f 5552/6597/5534 5553/6598/5535 5560/6605/5542 5559/6604/5541
f 5553/6598/5535 5554/6599/5536 5561/6606/5543 5560/6605/5542
f 5554/6599/5536 5555/6600/5537 5562/6607/5544 5561/6606/5543
f 5555/6600/5537 5556/6601/5538 5563/6608/5545 5562/6607/5544
f 5557/6603/5539 5558/6602/5540 5565/6609/5547 5564/6610/5546
f 5558/6602/5540 5559/6604/5541 5566/6611/5548 5565/6609/5547
f 5559/6604/5541 5560/6605/5542 5567/6612/5549 5566/6611/5548
f 5560/6605/5542 5561/6606/5543 5568/6613/5550 5567/6612/5549
f 5561/6606/5543 5562/6607/5544 5569/6614/5551 5568/6613/5550
f 5562/6607/5544 5563/6608/5545 5570/6615/5552 5569/6614/5551
f 5564/6610/5546 5565/6609/5547 5572/6616/5554 5571/6617/5553
f 5565/6609/5547 5566/6611/5548 5573/6618/5555 5572/6616/5554
f 5566/6611/5548 5567/6612/5549 5574/6619/5556 5573/6618/5555
f 5567/6612/5549 5568/6613/5550 5575/6620/5557 5574/6619/5556
f 5568/6613/5550 5569/6614/5551 5576/6621/5558 5575/6620/5557
f 5569/6614/5551 5570/6615/5552 5577/6622/5559 5576/6621/5558
f 5571/6617/5553 5572/6616/5554 5579/6623/5561 5578/6624/5560
f 5572/6616/5554 5573/6618/5555 5580/6625/5562 5579/6623/5561
f 5573/6618/5555 5574/6619/5556 5581/6626/5563 5580/6625/5562
f 5574/6619/5556 5575/6620/5557 5582/6627/5564 5581/6626/5563
f 5575/6620/5557 5576/6621/5558 5583/6628/5565 5582/6627/5564
f 5576/6621/5558 5577/6622/5559 5584/6629/5566 5583/6628/5565
f 5182/6630/5172 5269/6631/5258 5536/6581/5518 5268/6632/5257
f 5269/6631/5258 5270/6633/5259 5537/6582/5519 5536/6581/5518
f 5270/6633/5259 5271/6634/5260 5538/6585/5520 5537/6582/5519
f 5271/6634/5260 5272/6635/5261 5539/6587/5521 5538/6585/5520
f 5272/6635/5261 5273/6636/5262 5540/6589/5522 5539/6587/5521
f 5273/6636/5262 5274/6637/5263 5541/6591/5523 5540/6589/5522
f 5274/6637/5263 5275/6638/5264 5542/6593/5524 5541/6591/5523
f 5275/6638/5264 5183/6639/5173 5318/6640/5307 5542/6593/5524
f 5542/6593/5524 5318/6640/5307 5319/6641/5308 5549/6594/5531
f 5549/6594/5531 5319/6641/5308 5320/6642/5309 5556/6601/5538
f 5556/6601/5538 5320/6642/5309 5321/6643/5310 5563/6608/5545
f 5563/6608/5545 5321/6643/5310 5322/6644/5311 5570/6615/5552
f 5570/6615/5552 5322/6644/5311 5323/6645/5312 5577/6622/5559
f 5577/6622/5559 5323/6645/5312 5324/6646/5313 5584/6629/5566
f 5584/6629/5566 5324/6646/5313 5190/6647/5180 5331/6648/5320
f 5583/6628/5565 5584/6629/5566 5331/6648/5320 5330/6649/5319
f 5582/6627/5564 5583/6628/5565 5330/6649/5319 5329/6650/5318
f 5581/6626/5563 5582/6627/5564 5329/6650/5318 5328/6651/5317
f 5580/6625/5562 5581/6626/5563 5328/6651/5317 5327/6652/5316
f 5579/6623/5561 5580/6625/5562 5327/6652/5316 5326/6653/5315
f 5578/6624/5560 5579/6623/5561 5326/6653/5315 5325/6654/5314
f 5262/6655/5251 5578/6624/5560 5325/6654/5314 5189/6656/5179
f 5263/6657/5252 5571/6617/5553 5578/6624/5560 5262/6655/5251
f 5264/6658/5253 5564/6610/5546 5571/6617/5553 5263/6657/5252
f 5265/6659/5254 5557/6603/5539 5564/6610/5546 5264/6658/5253
f 5266/6660/5255 5550/6596/5532 5557/6603/5539 5265/6659/5254
f 5267/6661/5256 5543/6584/5525 5550/6596/5532 5266/6660/5255
f 5268/6632/5257 5536/6581/5518 5543/6584/5525 5267/6661/5256
f 5586/6662/5568 5587/6663/5569 5591/6664/5573 5590/6665/5572
f 5587/6663/5569 5588/6666/5570 5592/6667/5574 5591/6664/5573
f 5588/6666/5570 5589/6668/5571 5593/6669/5575 5592/6667/5574
f 5590/6665/5572 5591/6664/5573 5595/6670/5577 5594/6671/5576
f 5591/6664/5573 5592/6667/5574 5596/6672/5578 5595/6670/5577
f 5592/6667/5574 5593/6669/5575 5597/6673/5579 5596/6672/5578
f 5598/6674/5580 5599/6675/5581 5603/6676/5585 5602/6677/5584
f 5599/6675/5581 5600/6678/5582 5604/6679/5586 5603/6676/5585
f 5600/6678/5582 5601/6680/5583 5605/6681/5587 5604/6679/5586
f 5602/6677/5584 5603/6676/5585 5607/6682/5589 5606/6683/5588
f 5603/6676/5585 5604/6679/5586 5608/6684/5590 5607/6682/5589
f 5604/6679/5586 5605/6681/5587 5609/6685/5591 5608/6684/5590
f 5610/6686/5592 5611/6687/5593 5615/6688/5597 5614/6689/5596
f 5611/6687/5593 5612/6690/5594 5616/6691/5598 5615/6688/5597
f 5612/6690/5594 5613/6692/5595 5617/6693/5599 5616/6691/5598
f 5614/6689/5596 5615/6688/5597 5619/6694/5601 5618/6695/5600
f 5615/6688/5597 5616/6691/5598 5620/6696/5602 5619/6694/5601
f 5616/6691/5598 5617/6693/5599 5621/6697/5603 5620/6696/5602
f 5622/6698/5604 5623/6699/5605 5627/6700/5609 5626/6701/5608
f 5623/6699/5605 5624/6702/5606 5628/6703/5610 5627/6700/5609
f 5624/6702/5606 5625/6704/5607 5629/6705/5611 5628/6703/5610
f 5626/6701/5608 5627/6700/5609 5631/6706/5613 5630/6707/5612
f 5627/6700/5609 5628/6703/5610 5632/6708/5614 5631/6706/5613
f 5628/6703/5610 5629/6705/5611 5633/6709/5615 5632/6708/5614
f 5634/6710/5616 5635/6711/5617 5639/6712/5621 5638/6713/5620
f 5635/6711/5617 5636/6714/5618 5640/6715/5622 5639/6712/5621
f 5636/6714/5618 5637/6716/5619 5641/6717/5623 5640/6715/5622
f 5638/6713/5620 5639/6712/5621 5643/6718/5625 5642/6719/5624
f 5639/6712/5621 5640/6715/5622 5644/6720/5626 5643/6718/5625
f 5640/6715/5622 5641/6717/5623 5645/6721/5627 5644/6720/5626
f 5646/6722/5628 5647/6723/5629 5651/6724/5633 5650/6725/5632
f 5647/6723/5629 5648/6726/5630 5652/6727/5634 5651/6724/5633
f 5648/6726/5630 5649/6728/5631 5653/6729/5635 5652/6727/5634
f 5650/6725/5632 5651/6724/5633 5655/6730/5637 5654/6731/5636
f 5651/6724/5633 5652/6727/5634 5656/6732/5638 5655/6730/5637
f 5652/6727/5634 5653/6729/5635 5657/6733/5639 5656/6732/5638
f 5658/6734/5640 5659/6735/5641 5663/6736/5645 5662/6737/5644
f 5659/6735/5641 5660/6738/5642 5664/6739/5646 5663/6736/5645
f 5660/6738/5642 5661/6740/5643 5665/6741/5647 5664/6739/5646
f 5662/6737/5644 5663/6736/5645 5667/6742/5649 5666/6743/5648
f 5663/6736/5645 5664/6739/5646 5668/6744/5650 5667/6742/5649
f 5664/6739/5646 5665/6741/5647 5669/6745/5651 5668/6744/5650
f 5606/6683/5588 5607/6682/5589 5593/6746/5575 5589/6747/5571
f 5607/6682/5589 5608/6684/5590 5597/6673/5579 5593/6746/5575
f 5618/6695/5600 5619/6694/5601 5605/6748/5587 5601/6749/5583
f 5619/6694/5601 5620/6696/5602 5609/6685/5591 5605/6748/5587
f 5630/6707/5612 5631/6706/5613 5617/6750/5599 5613/6751/5595
f 5631/6706/5613 5632/6708/5614 5621/6697/5603 5617/6750/5599
f 5642/6719/5624 5643/6718/5625 5629/6705/5611 5625/6752/5607
f 5643/6718/5625 5644/6720/5626 5633/6709/5615 5629/6705/5611
f 5654/6731/5636 5655/6730/5637 5641/6717/5623 5637/6753/5619
f 5655/6730/5637 5656/6732/5638 5645/6721/5627 5641/6717/5623
f 5666/6743/5648 5667/6742/5649 5653/6729/5635 5649/6754/5631
f 5667/6742/5649 5668/6744/5650 5657/6733/5639 5653/6729/5635
f 5594/6671/5576 5595/6670/5577 5665/6741/5647 5661/6740/5643
f 5595/6670/5577 5596/6672/5578 5669/6745/5651 5665/6741/5647
f 5596/6672/5578 5597/6673/5579 5585/6755/5567 5669/6745/5651
f 5608/6684/5590 5609/6685/5591 5585/6755/5567 5597/6673/5579
f 5620/6696/5602 5621/6697/5603 5585/6755/5567 5609/6685/5591
f 5632/6708/5614 5633/6709/5615 5585/6755/5567 5621/6697/5603
f 5644/6720/5626 5645/6721/5627 5585/6755/5567 5633/6709/5615
f 5656/6732/5638 5657/6733/5639 5585/6755/5567 5645/6721/5627
f 5668/6744/5650 5669/6745/5651 5585/6755/5567 5657/6733/5639
f 5189/6656/5179 5325/6654/5314 5586/6662/5568 5317/6756/5306
f 5325/6654/5314 5326/6653/5315 5587/6663/5569 5586/6662/5568
f 5326/6653/5315 5327/6652/5316 5588/6666/5570 5587/6663/5569
f 5327/6652/5316 5328/6651/5317 5589/6668/5571 5588/6666/5570
f 5317/6756/5306 5586/6662/5568 5590/6665/5572 5316/6757/5305
f 5316/6757/5305 5590/6665/5572 5594/6671/5576 5315/6758/5304
f 5315/6758/5304 5594/6671/5576 5661/6740/5643 5314/6759/5303
f 5190/6647/5180 5276/6760/5265 5598/6674/5580 5331/6761/5320
f 5276/6760/5265 5277/6762/5266 5599/6675/5581 5598/6674/5580
f 5277/6762/5266 5278/6763/5267 5600/6678/5582 5599/6675/5581
f 5278/6763/5267 5279/6764/5268 5601/6680/5583 5600/6678/5582
f 5331/6761/5320 5598/6674/5580 5602/6677/5584 5330/6649/5319
f 5330/6649/5319 5602/6677/5584 5606/6683/5588 5329/6765/5318
f 5329/6765/5318 5606/6683/5588 5589/6747/5571 5328/6651/5317
f 5185/6766/5175 5290/6767/5279 5610/6686/5592 5282/6768/5271
f 5290/6767/5279 5291/6769/5280 5611/6687/5593 5610/6686/5592
f 5291/6769/5280 5292/6770/5281 5612/6690/5594 5611/6687/5593
f 5292/6770/5281 5293/6771/5282 5613/6692/5595 5612/6690/5594
f 5282/6768/5271 5610/6686/5592 5614/6689/5596 5281/6772/5270
f 5281/6772/5270 5614/6689/5596 5618/6695/5600 5280/6773/5269
f 5280/6773/5269 5618/6695/5600 5601/6749/5583 5279/6764/5268
f 5186/6774/5176 5310/6775/5299 5622/6698/5604 5296/6776/5285
f 5310/6775/5299 5309/6777/5298 5623/6699/5605 5622/6698/5604
f 5309/6777/5298 5308/6778/5297 5624/6702/5606 5623/6699/5605
f 5308/6778/5297 5307/6779/5296 5625/6704/5607 5624/6702/5606
f 5296/6776/5285 5622/6698/5604 5626/6701/5608 5295/6780/5284
f 5295/6780/5284 5626/6701/5608 5630/6707/5612 5294/6781/5283
f 5294/6781/5283 5630/6707/5612 5613/6751/5595 5293/6771/5282
f 5188/6782/5178 5303/6783/5292 5634/6710/5616 5304/6784/5293
f 5303/6783/5292 5302/6785/5291 5635/6711/5617 5634/6710/5616
f 5302/6785/5291 5301/6786/5290 5636/6714/5618 5635/6711/5617
f 5301/6786/5290 5300/6787/5289 5637/6716/5619 5636/6714/5618
f 5304/6784/5293 5634/6710/5616 5638/6713/5620 5305/6788/5294
f 5305/6788/5294 5638/6713/5620 5642/6719/5624 5306/6789/5295
f 5306/6789/5295 5642/6719/5624 5625/6752/5607 5307/6779/5296
f 5187/6790/5177 5283/6791/5272 5646/6722/5628 5297/6792/5286
f 5283/6791/5272 5284/6793/5273 5647/6723/5629 5646/6722/5628
f 5284/6793/5273 5285/6794/5274 5648/6726/5630 5647/6723/5629
f 5285/6794/5274 5286/6795/5275 5649/6728/5631 5648/6726/5630
f 5297/6792/5286 5646/6722/5628 5650/6725/5632 5298/6796/5287
f 5298/6796/5287 5650/6725/5632 5654/6731/5636 5299/6797/5288
f 5299/6797/5288 5654/6731/5636 5637/6753/5619 5300/6787/5289
f 5184/6798/5174 5311/6799/5300 5658/6734/5640 5289/6800/5278
f 5311/6799/5300 5312/6801/5301 5659/6735/5641 5658/6734/5640
f 5312/6801/5301 5313/6802/5302 5660/6738/5642 5659/6735/5641
f 5313/6802/5302 5314/6803/5303 5661/6740/5643 5660/6738/5642
f 5289/6800/5278 5658/6734/5640 5662/6737/5644 5288/6804/5277
f 5288/6804/5277 5662/6737/5644 5666/6743/5648 5287/6805/5276
f 5287/6805/5276 5666/6743/5648 5649/6754/5631 5286/6795/5275
f 5670/6806/5652 5671/6807/5653 5678/6808/5660 5677/6809/5659
f 5671/6807/5653 5672/6810/5654 5679/6811/5661 5678/6808/5660
f 5672/6810/5654 5673/6812/5655 5680/6813/5662 5679/6811/5661
f 5673/6812/5655 5674/6814/5656 5681/6815/5663 5680/6813/5662
f 5674/6814/5656 5675/6816/5657 5682/6817/5664 5681/6815/5663
f 5675/6816/5657 5676/6818/5658 5683/6819/5665 5682/6817/5664
f 5677/6809/5659 5678/6808/5660 5685/6820/5667 5684/6821/5666
f 5678/6808/5660 5679/6811/5661 5686/6822/5668 5685/6820/5667
f 5679/6811/5661 5680/6813/5662 5687/6823/5669 5686/6822/5668
f 5680/6813/5662 5681/6815/5663 5688/6824/5670 5687/6823/5669
f 5681/6815/5663 5682/6817/5664 5689/6825/5671 5688/6824/5670
f 5682/6817/5664 5683/6819/5665 5690/6826/5672 5689/6825/5671
f 5684/6821/5666 5685/6820/5667 5692/6827/5674 5691/6828/5673
f 5685/6820/5667 5686/6822/5668 5693/6829/5675 5692/6827/5674
f 5686/6822/5668 5687/6823/5669 5694/6830/5676 5693/6829/5675
f 5687/6823/5669 5688/6824/5670 5695/6831/5677 5694/6830/5676
f 5688/6824/5670 5689/6825/5671 5696/6832/5678 5695/6831/5677
f 5689/6825/5671 5690/6826/5672 5697/6833/5679 5696/6832/5678
f 5691/6828/5673 5692/6827/5674 5699/6834/5681 5698/6835/5680
f 5692/6827/5674 5693/6829/5675 5700/6836/5682 5699/6834/5681
f 5693/6829/5675 5694/6830/5676 5701/6837/5683 5700/6836/5682
f 5694/6830/5676 5695/6831/5677 5702/6838/5684 5701/6837/5683
f 5695/6831/5677 5696/6832/5678 5703/6839/5685 5702/6838/5684
f 5696/6832/5678 5697/6833/5679 5704/6840/5686 5703/6839/5685
f 5698/6835/5680 5699/6834/5681 5706/6841/5688 5705/6842/5687
f 5699/6834/5681 5700/6836/5682 5707/6843/5689 5706/6841/5688
f 5700/6836/5682 5701/6837/5683 5708/6844/5690 5707/6843/5689
f 5701/6837/5683 5702/6838/5684 5709/6845/5691 5708/6844/5690
f 5702/6838/5684 5703/6839/5685 5710/6846/5692 5709/6845/5691
f 5703/6839/5685 5704/6840/5686 5711/6847/5693 5710/6846/5692
f 5705/6842/5687 5706/6841/5688 5713/6848/5695 5712/6849/5694
f 5706/6841/5688 5707/6843/5689 5714/6850/5696 5713/6848/5695
f 5707/6843/5689 5708/6844/5690 5715/6851/5697 5714/6850/5696
f 5708/6844/5690 5709/6845/5691 5716/6852/5698 5715/6851/5697
f 5709/6845/5691 5710/6846/5692 5717/6853/5699 5716/6852/5698
f 5710/6846/5692 5711/6847/5693 5718/6854/5700 5717/6853/5699
f 5177/6855/5167 5240/6856/5229 5670/6806/5652 5345/6857/5334
f 5240/6856/5229 5239/6858/5228 5671/6807/5653 5670/6806/5652
f 5239/6858/5228 5238/6859/5227 5672/6810/5654 5671/6807/5653
f 5238/6859/5227 5237/6860/5226 5673/6812/5655 5672/6810/5654
f 5237/6860/5226 5236/6861/5225 5674/6814/5656 5673/6812/5655
f 5236/6861/5225 5235/6862/5224 5675/6816/5657 5674/6814/5656
f 5235/6862/5224 5234/6863/5223 5676/6818/5658 5675/6816/5657
f 5234/6863/5223 5179/6864/5169 5332/6865/5321 5676/6818/5658
f 5676/6818/5658 5332/6865/5321 5333/6866/5322 5683/6819/5665
f 5683/6819/5665 5333/6866/5322 5334/6867/5323 5690/6826/5672
f 5690/6826/5672 5334/6867/5323 5335/6868/5324 5697/6833/5679
f 5697/6833/5679 5335/6868/5324 5336/6869/5325 5704/6840/5686
f 5704/6840/5686 5336/6869/5325 5337/6870/5326 5711/6847/5693
f 5711/6847/5693 5337/6870/5326 5338/6871/5327 5718/6854/5700
f 5718/6854/5700 5338/6871/5327 5188/6872/5178 5304/6873/5293
f 5717/6853/5699 5718/6854/5700 5304/6873/5293 5305/6874/5294
f 5716/6852/5698 5717/6853/5699 5305/6874/5294 5306/6875/5295
f 5715/6851/5697 5716/6852/5698 5306/6875/5295 5307/6876/5296
f 5714/6850/5696 5715/6851/5697 5307/6876/5296 5308/6877/5297
f 5713/6848/5695 5714/6850/5696 5308/6877/5297 5309/6878/5298
f 5712/6849/5694 5713/6848/5695 5309/6878/5298 5310/6879/5299
f 5339/6880/5328 5712/6849/5694 5310/6879/5299 5186/6881/5176
f 5340/6882/5329 5705/6842/5687 5712/6849/5694 5339/6880/5328
f 5341/6883/5330 5698/6835/5680 5705/6842/5687 5340/6882/5329
f 5342/6884/5331 5691/6828/5673 5698/6835/5680 5341/6883/5330
f 5343/6885/5332 5684/6821/5666 5691/6828/5673 5342/6884/5331
f 5344/6886/5333 5677/6809/5659 5684/6821/5666 5343/6885/5332
f 5345/6857/5334 5670/6806/5652 5677/6809/5659 5344/6886/5333
f 5719/6887/5701 5720/6888/5702 5727/6889/5709 5726/6890/5708
f 5720/6888/5702 5721/6891/5703 5728/6892/5710 5727/6889/5709
f 5721/6891/5703 5722/6893/5704 5729/6894/5711 5728/6892/5710
f 5722/6893/5704 5723/6895/5705 5730/6896/5712 5729/6894/5711
f 5723/6895/5705 5724/6897/5706 5731/6898/5713 5730/6896/5712
f 5724/6897/5706 5725/6899/5707 5732/6900/5714 5731/6898/5713
f 5726/6890/5708 5727/6889/5709 5734/6901/5716 5733/6902/5715
f 5727/6889/5709 5728/6892/5710 5735/6903/5717 5734/6901/5716
f 5728/6892/5710 5729/6894/5711 5736/6904/5718 5735/6903/5717
f 5729/6894/5711 5730/6896/5712 5737/6905/5719 5736/6904/5718
f 5730/6896/5712 5731/6898/5713 5738/6906/5720 5737/6905/5719
f 5731/6898/5713 5732/6900/5714 5739/6907/5721 5738/6906/5720
f 5733/6902/5715 5734/6901/5716 5741/6908/5723 5740/6909/5722
f 5734/6901/5716 5735/6903/5717 5742/6910/5724 5741/6908/5723
f 5735/6903/5717 5736/6904/5718 5743/6911/5725 5742/6910/5724
f 5736/6904/5718 5737/6905/5719 5744/6912/5726 5743/6911/5725
f 5737/6905/5719 5738/6906/5720 5745/6913/5727 5744/6912/5726
f 5738/6906/5720 5739/6907/5721 5746/6914/5728 5745/6913/5727
f 5740/6909/5722 5741/6908/5723 5748/6915/5730 5747/6916/5729
f 5741/6908/5723 5742/6910/5724 5749/6917/5731 5748/6915/5730
f 5742/6910/5724 5743/6911/5725 5750/6918/5732 5749/6917/5731
f 5743/6911/5725 5744/6912/5726 5751/6919/5733 5750/6918/5732
f 5744/6912/5726 5745/6913/5727 5752/6920/5734 5751/6919/5733
f 5745/6913/5727 5746/6914/5728 5753/6921/5735 5752/6920/5734
f 5747/6916/5729 5748/6915/5730 5755/6922/5737 5754/6923/5736
f 5748/6915/5730 5749/6917/5731 5756/6924/5738 5755/6922/5737
f 5749/6917/5731 5750/6918/5732 5757/6925/5739 5756/6924/5738
f 5750/6918/5732 5751/6919/5733 5758/6926/5740 5757/6925/5739
f 5751/6919/5733 5752/6920/5734 5759/6927/5741 5758/6926/5740
f 5752/6920/5734 5753/6921/5735 5760/6928/5742 5759/6927/5741
f 5754/6923/5736 5755/6922/5737 5762/6929/5744 5761/6930/5743
f 5755/6922/5737 5756/6924/5738 5763/6931/5745 5762/6929/5744
f 5756/6924/5738 5757/6925/5739 5764/6932/5746 5763/6931/5745
f 5757/6925/5739 5758/6926/5740 5765/6933/5747 5764/6932/5746
f 5758/6926/5740 5759/6927/5741 5766/6934/5748 5765/6933/5747
f 5759/6927/5741 5760/6928/5742 5767/6935/5749 5766/6934/5748
f 5178/6936/5168 5213/6937/5202 5719/6887/5701 5359/6938/5348
f 5213/6937/5202 5214/6939/5203 5720/6888/5702 5719/6887/5701
f 5214/6939/5203 5215/6940/5204 5721/6891/5703 5720/6888/5702
f 5215/6940/5204 5216/6941/5205 5722/6893/5704 5721/6891/5703
f 5216/6941/5205 5217/6942/5206 5723/6895/5705 5722/6893/5704
f 5217/6942/5206 5218/6943/5207 5724/6897/5706 5723/6895/5705
f 5218/6943/5207 5219/6944/5208 5725/6899/5707 5724/6897/5706
f 5219/6944/5208 5175/6945/5165 5346/6946/5335 5725/6899/5707
f 5725/6899/5707 5346/6946/5335 5347/6947/5336 5732/6900/5714
f 5732/6900/5714 5347/6947/5336 5348/6948/5337 5739/6907/5721
f 5739/6907/5721 5348/6948/5337 5349/6949/5338 5746/6914/5728
f 5746/6914/5728 5349/6949/5338 5350/6950/5339 5753/6921/5735
f 5753/6921/5735 5350/6950/5339 5351/6951/5340 5760/6928/5742
f 5760/6928/5742 5351/6951/5340 5352/6952/5341 5767/6935/5749
f 5767/6935/5749 5352/6952/5341 5184/6953/5174 5289/6954/5278
f 5766/6934/5748 5767/6935/5749 5289/6954/5278 5288/6955/5277
f 5765/6933/5747 5766/6934/5748 5288/6955/5277 5287/6956/5276
f 5764/6932/5746 5765/6933/5747 5287/6956/5276 5286/6957/5275
f 5763/6931/5745 5764/6932/5746 5286/6957/5275 5285/6958/5274
f 5762/6929/5744 5763/6931/5745 5285/6958/5274 5284/6959/5273
f 5761/6930/5743 5762/6929/5744 5284/6959/5273 5283/6960/5272
f 5353/6961/5342 5761/6930/5743 5283/6960/5272 5187/6962/5177
f 5354/6963/5343 5754/6923/5736 5761/6930/5743 5353/6961/5342
f 5355/6964/5344 5747/6916/5729 5754/6923/5736 5354/6963/5343
f 5356/6965/5345 5740/6909/5722 5747/6916/5729 5355/6964/5344
f 5357/6966/5346 5733/6902/5715 5740/6909/5722 5356/6965/5345
f 5358/6967/5347 5726/6890/5708 5733/6902/5715 5357/6966/5346
f 5359/6938/5348 5719/6887/5701 5726/6890/5708 5358/6967/5347
f 5768/6968/5750 5769/6969/5751 5776/6970/5758 5775/6971/5757
f 5769/6969/5751 5770/6972/5752 5777/6973/5759 5776/6970/5758
f 5770/6972/5752 5771/6974/5753 5778/6975/5760 5777/6973/5759
f 5771/6974/5753 5772/6976/5754 5779/6977/5761 5778/6975/5760
f 5772/6976/5754 5773/6978/5755 5780/6979/5762 5779/6977/5761
f 5773/6978/5755 5774/6980/5756 5781/6981/5763 5780/6979/5762
f 5775/6971/5757 5776/6970/5758 5783/6982/5765 5782/6983/5764
f 5776/6970/5758 5777/6973/5759 5784/6984/5766 5783/6982/5765
f 5777/6973/5759 5778/6975/5760 5785/6985/5767 5784/6984/5766
f 5778/6975/5760 5779/6977/5761 5786/6986/5768 5785/6985/5767
f 5779/6977/5761 5780/6979/5762 5787/6987/5769 5786/6986/5768
f 5780/6979/5762 5781/6981/5763 5788/6988/5770 5787/6987/5769
f 5782/6983/5764 5783/6982/5765 5790/6989/5772 5789/6990/5771
f 5783/6982/5765 5784/6984/5766 5791/6991/5773 5790/6989/5772
f 5784/6984/5766 5785/6985/5767 5792/6992/5774 5791/6991/5773
f 5785/6985/5767 5786/6986/5768 5793/6993/5775 5792/6992/5774
f 5786/6986/5768 5787/6987/5769 5794/6994/5776 5793/6993/5775
f 5787/6987/5769 5788/6988/5770 5795/6995/5777 5794/6994/5776
f 5789/6990/5771 5790/6989/5772 5797/6996/5779 5796/6997/5778
f 5790/6989/5772 5791/6991/5773 5798/6998/5780 5797/6996/5779
f 5791/6991/5773 5792/6992/5774 5799/6999/5781 5798/6998/5780
f 5792/6992/5774 5793/6993/5775 5800/7000/5782 5799/6999/5781
f 5793/6993/5775 5794/6994/5776 5801/7001/5783 5800/7000/5782
f 5794/6994/5776 5795/6995/5777 5802/7002/5784 5801/7001/5783
f 5796/6997/5778 5797/6996/5779 5804/7003/5786 5803/7004/5785
f 5797/6996/5779 5798/6998/5780 5805/7005/5787 5804/7003/5786
f 5798/6998/5780 5799/6999/5781 5806/7006/5788 5805/7005/5787
f 5799/6999/5781 5800/7000/5782 5807/7007/5789 5806/7006/5788
f 5800/7000/5782 5801/7001/5783 5808/7008/5790 5807/7007/5789
f 5801/7001/5783 5802/7002/5784 5809/7009/5791 5808/7008/5790
f 5803/7004/5785 5804/7003/5786 5811/7010/5793 5810/7011/5792
f 5804/7003/5786 5805/7005/5787 5812/7012/5794 5811/7010/5793
f 5805/7005/5787 5806/7006/5788 5813/7013/5795 5812/7012/5794
f 5806/7006/5788 5807/7007/5789 5814/7014/5796 5813/7013/5795
f 5807/7007/5789 5808/7008/5790 5815/7015/5797 5814/7014/5796
f 5808/7008/5790 5809/7009/5791 5816/7016/5798 5815/7015/5797
f 5180/7017/5170 5192/7018/5181 5768/6968/5750 5373/7019/5362
f 5192/7018/5181 5193/7020/5182 5769/6969/5751 5768/6968/5750
f 5193/7020/5182 5194/7021/5183 5770/6972/5752 5769/6969/5751
f 5194/7021/5183 5195/7022/5184 5771/6974/5753 5770/6972/5752
f 5195/7022/5184 5196/7023/5185 5772/6976/5754 5771/6974/5753
f 5196/7023/5185 5197/7024/5186 5773/6978/5755 5772/6976/5754
f 5197/7024/5186 5198/7025/5187 5774/6980/5756 5773/6978/5755
f 5198/7025/5187 5173/7026/5163 5360/7027/5349 5774/6980/5756
f 5774/6980/5756 5360/7027/5349 5361/7028/5350 5781/6981/5763
f 5781/6981/5763 5361/7028/5350 5362/7029/5351 5788/6988/5770
f 5788/6988/5770 5362/7029/5351 5363/7030/5352 5795/6995/5777
f 5795/6995/5777 5363/7030/5352 5364/7031/5353 5802/7002/5784
f 5802/7002/5784 5364/7031/5353 5365/7032/5354 5809/7009/5791
f 5809/7009/5791 5365/7032/5354 5366/7033/5355 5816/7016/5798
f 5816/7016/5798 5366/7033/5355 5182/7034/5172 5268/7035/5257
f 5815/7015/5797 5816/7016/5798 5268/7035/5257 5267/7036/5256
f 5814/7014/5796 5815/7015/5797 5267/7036/5256 5266/7037/5255
f 5813/7013/5795 5814/7014/5796 5266/7037/5255 5265/7038/5254
f 5812/7012/5794 5813/7013/5795 5265/7038/5254 5264/7039/5253
f 5811/7010/5793 5812/7012/5794 5264/7039/5253 5263/7040/5252
f 5810/7011/5792 5811/7010/5793 5263/7040/5252 5262/7041/5251
f 5367/7042/5356 5810/7011/5792 5262/7041/5251 5189/7043/5179
f 5368/7044/5357 5803/7004/5785 5810/7011/5792 5367/7042/5356
f 5369/7045/5358 5796/6997/5778 5803/7004/5785 5368/7044/5357
f 5370/7046/5359 5789/6990/5771 5796/6997/5778 5369/7045/5358
f 5371/7047/5360 5782/6983/5764 5789/6990/5771 5370/7046/5359
f 5372/7048/5361 5775/6971/5757 5782/6983/5764 5371/7047/5360
f 5373/7019/5362 5768/6968/5750 5775/6971/5757 5372/7048/5361
f 5817/7049/5799 5818/7050/5800 5825/7051/5807 5824/7052/5806
f 5818/7050/5800 5819/7053/5801 5826/7054/5808 5825/7051/5807
f 5819/7053/5801 5820/7055/5802 5827/7056/5809 5826/7054/5808
f 5820/7055/5802 5821/7057/5803 5828/7058/5810 5827/7056/5809
f 5821/7057/5803 5822/7059/5804 5829/7060/5811 5828/7058/5810
f 5822/7059/5804 5823/7061/5805 5830/7062/5812 5829/7060/5811
f 5824/7052/5806 5825/7051/5807 5832/7063/5814 5831/7064/5813
f 5825/7051/5807 5826/7054/5808 5833/7065/5815 5832/7063/5814
f 5826/7054/5808 5827/7056/5809 5834/7066/5816 5833/7065/5815
f 5827/7056/5809 5828/7058/5810 5835/7067/5817 5834/7066/5816
f 5828/7058/5810 5829/7060/5811 5836/7068/5818 5835/7067/5817
f 5829/7060/5811 5830/7062/5812 5837/7069/5819 5836/7068/5818
f 5831/7064/5813 5832/7063/5814 5839/7070/5821 5838/7071/5820
f 5832/7063/5814 5833/7065/5815 5840/7072/5822 5839/7070/5821
f 5833/7065/5815 5834/7066/5816 5841/7073/5823 5840/7072/5822
f 5834/7066/5816 5835/7067/5817 5842/7074/5824 5841/7073/5823
f 5835/7067/5817 5836/7068/5818 5843/7075/5825 5842/7074/5824
f 5836/7068/5818 5837/7069/5819 5844/7076/5826 5843/7075/5825
f 5838/7071/5820 5839/7070/5821 5846/7077/5828 5845/7078/5827
f 5839/7070/5821 5840/7072/5822 5847/7079/5829 5846/7077/5828
f 5840/7072/5822 5841/7073/5823 5848/7080/5830 5847/7079/5829
f 5841/7073/5823 5842/7074/5824 5849/7081/5831 5848/7080/5830
f 5842/7074/5824 5843/7075/5825 5850/7082/5832 5849/7081/5831
f 5843/7075/5825 5844/7076/5826 5851/7083/5833 5850/7082/5832
f 5845/7078/5827 5846/7077/5828 5853/7084/5835 5852/7085/5834
f 5846/7077/5828 5847/7079/5829 5854/7086/5836 5853/7084/5835
f 5847/7079/5829 5848/7080/5830 5855/7087/5837 5854/7086/5836
f 5848/7080/5830 5849/7081/5831 5856/7088/5838 5855/7087/5837
f 5849/7081/5831 5850/7082/5832 5857/7089/5839 5856/7088/5838
f 5850/7082/5832 5851/7083/5833 5858/7090/5840 5857/7089/5839
f 5852/7085/5834 5853/7084/5835 5860/7091/5842 5859/7092/5841
f 5853/7084/5835 5854/7086/5836 5861/7093/5843 5860/7091/5842
f 5854/7086/5836 5855/7087/5837 5862/7094/5844 5861/7093/5843
f 5855/7087/5837 5856/7088/5838 5863/7095/5845 5862/7094/5844
f 5856/7088/5838 5857/7089/5839 5864/7096/5846 5863/7095/5845
f 5857/7089/5839 5858/7090/5840 5865/7097/5847 5864/7096/5846
f 5175/7098/5165 5241/7099/5230 5817/7049/5799 5346/7100/5335
f 5241/7099/5230 5242/7101/5231 5818/7050/5800 5817/7049/5799
f 5242/7101/5231 5243/7102/5232 5819/7053/5801 5818/7050/5800
f 5243/7102/5232 5244/7103/5233 5820/7055/5802 5819/7053/5801
f 5244/7103/5233 5245/7104/5234 5821/7057/5803 5820/7055/5802
f 5245/7104/5234 5246/7105/5235 5822/7059/5804 5821/7057/5803
f 5246/7105/5235 5247/7106/5236 5823/7061/5805 5822/7059/5804
f 5247/7106/5236 5180/7017/5170 5373/7019/5362 5823/7061/5805
f 5823/7061/5805 5373/7019/5362 5372/7048/5361 5830/7062/5812
f 5830/7062/5812 5372/7048/5361 5371/7047/5360 5837/7069/5819
f 5837/7069/5819 5371/7047/5360 5370/7046/5359 5844/7076/5826
f 5844/7076/5826 5370/7046/5359 5369/7045/5358 5851/7083/5833
f 5851/7083/5833 5369/7045/5358 5368/7044/5357 5858/7090/5840
f 5858/7090/5840 5368/7044/5357 5367/7042/5356 5865/7097/5847
f 5865/7097/5847 5367/7042/5356 5189/7043/5179 5317/7107/5306
f 5864/7096/5846 5865/7097/5847 5317/7107/5306 5316/7108/5305
f 5863/7095/5845 5864/7096/5846 5316/7108/5305 5315/7109/5304
f 5862/7094/5844 5863/7095/5845 5315/7109/5304 5314/7110/5303
f 5861/7093/5843 5862/7094/5844 5314/7110/5303 5313/7111/5302
f 5860/7091/5842 5861/7093/5843 5313/7111/5302 5312/7112/5301
f 5859/7092/5841 5860/7091/5842 5312/7112/5301 5311/7113/5300
f 5352/7114/5341 5859/7092/5841 5311/7113/5300 5184/7115/5174
f 5351/7116/5340 5852/7085/5834 5859/7092/5841 5352/7114/5341
f 5350/7117/5339 5845/7078/5827 5852/7085/5834 5351/7116/5340
f 5349/7118/5338 5838/7071/5820 5845/7078/5827 5350/7117/5339
f 5348/7119/5337 5831/7064/5813 5838/7071/5820 5349/7118/5338
f 5347/7120/5336 5824/7052/5806 5831/7064/5813 5348/7119/5337
f 5346/7100/5335 5817/7049/5799 5824/7052/5806 5347/7120/5336
f 5866/7121/5848 5867/7122/5849 5874/7123/5856 5873/7124/5855
f 5867/7122/5849 5868/7125/5850 5875/7126/5857 5874/7123/5856
f 5868/7125/5850 5869/7127/5851 5876/7128/5858 5875/7126/5857
f 5869/7127/5851 5870/7129/5852 5877/7130/5859 5876/7128/5858
f 5870/7129/5852 5871/7131/5853 5878/7132/5860 5877/7130/5859
f 5871/7131/5853 5872/7133/5854 5879/7134/5861 5878/7132/5860
f 5873/7124/5855 5874/7123/5856 5881/7135/5863 5880/7136/5862
f 5874/7123/5856 5875/7126/5857 5882/7137/5864 5881/7135/5863
f 5875/7126/5857 5876/7128/5858 5883/7138/5865 5882/7137/5864
f 5876/7128/5858 5877/7130/5859 5884/7139/5866 5883/7138/5865
f 5877/7130/5859 5878/7132/5860 5885/7140/5867 5884/7139/5866
f 5878/7132/5860 5879/7134/5861 5886/7141/5868 5885/7140/5867
f 5880/7136/5862 5881/7135/5863 5888/7142/5870 5887/7143/5869
f 5881/7135/5863 5882/7137/5864 5889/7144/5871 5888/7142/5870
f 5882/7137/5864 5883/7138/5865 5890/7145/5872 5889/7144/5871
f 5883/7138/5865 5884/7139/5866 5891/7146/5873 5890/7145/5872
f 5884/7139/5866 5885/7140/5867 5892/7147/5874 5891/7146/5873
f 5885/7140/5867 5886/7141/5868 5893/7148/5875 5892/7147/5874
f 5887/7143/5869 5888/7142/5870 5895/7149/5877 5894/7150/5876
f 5888/7142/5870 5889/7144/5871 5896/7151/5878 5895/7149/5877
f 5889/7144/5871 5890/7145/5872 5897/7152/5879 5896/7151/5878
f 5890/7145/5872 5891/7146/5873 5898/7153/5880 5897/7152/5879
f 5891/7146/5873 5892/7147/5874 5899/7154/5881 5898/7153/5880
f 5892/7147/5874 5893/7148/5875 5900/7155/5882 5899/7154/5881
f 5894/7150/5876 5895/7149/5877 5902/7156/5884 5901/7157/5883
f 5895/7149/5877 5896/7151/5878 5903/7158/5885 5902/7156/5884
f 5896/7151/5878 5897/7152/5879 5904/7159/5886 5903/7158/5885
f 5897/7152/5879 5898/7153/5880 5905/7160/5887 5904/7159/5886
f 5898/7153/5880 5899/7154/5881 5906/7161/5888 5905/7160/5887
f 5899/7154/5881 5900/7155/5882 5907/7162/5889 5906/7161/5888
f 5901/7157/5883 5902/7156/5884 5909/7163/5891 5908/7164/5890
f 5902/7156/5884 5903/7158/5885 5910/7165/5892 5909/7163/5891
f 5903/7158/5885 5904/7159/5886 5911/7166/5893 5910/7165/5892
f 5904/7159/5886 5905/7160/5887 5912/7167/5894 5911/7166/5893
f 5905/7160/5887 5906/7161/5888 5913/7168/5895 5912/7167/5894
f 5906/7161/5888 5907/7162/5889 5914/7169/5896 5913/7168/5895
f 5176/7170/5166 5220/7171/5209 5866/7121/5848 5380/7172/5369
f 5220/7171/5209 5221/7173/5210 5867/7122/5849 5866/7121/5848
f 5221/7173/5210 5222/7174/5211 5868/7125/5850 5867/7122/5849
f 5222/7174/5211 5223/7175/5212 5869/7127/5851 5868/7125/5850
f 5223/7175/5212 5224/7176/5213 5870/7129/5852 5869/7127/5851
f 5224/7176/5213 5225/7177/5214 5871/7131/5853 5870/7129/5852
f 5225/7177/5214 5226/7178/5215 5872/7133/5854 5871/7131/5853
f 5226/7178/5215 5177/6855/5167 5345/6857/5334 5872/7133/5854
f 5872/7133/5854 5345/6857/5334 5344/6886/5333 5879/7134/5861
f 5879/7134/5861 5344/6886/5333 5343/6885/5332 5886/7141/5868
f 5886/7141/5868 5343/6885/5332 5342/6884/5331 5893/7148/5875
f 5893/7148/5875 5342/6884/5331 5341/6883/5330 5900/7155/5882
f 5900/7155/5882 5341/6883/5330 5340/6882/5329 5907/7162/5889
f 5907/7162/5889 5340/6882/5329 5339/6880/5328 5914/7169/5896
f 5914/7169/5896 5339/6880/5328 5186/6881/5176 5296/7179/5285
f 5913/7168/5895 5914/7169/5896 5296/7179/5285 5295/7180/5284
f 5912/7167/5894 5913/7168/5895 5295/7180/5284 5294/7181/5283
f 5911/7166/5893 5912/7167/5894 5294/7181/5283 5293/7182/5282
f 5910/7165/5892 5911/7166/5893 5293/7182/5282 5292/7183/5281
f 5909/7163/5891 5910/7165/5892 5292/7183/5281 5291/7184/5280
f 5908/7164/5890 5909/7163/5891 5291/7184/5280 5290/7185/5279
f 5374/7186/5363 5908/7164/5890 5290/7185/5279 5185/7187/5175
f 5375/7188/5364 5901/7157/5883 5908/7164/5890 5374/7186/5363
f 5376/7189/5365 5894/7150/5876 5901/7157/5883 5375/7188/5364
f 5377/7190/5366 5887/7143/5869 5894/7150/5876 5376/7189/5365
f 5378/7191/5367 5880/7136/5862 5887/7143/5869 5377/7190/5366
f 5379/7192/5368 5873/7124/5855 5880/7136/5862 5378/7191/5367
f 5380/7172/5369 5866/7121/5848 5873/7124/5855 5379/7192/5368
f 5915/7193/5897 5916/7194/5898 5923/7195/5905 5922/7196/5904
f 5916/7194/5898 5917/7197/5899 5924/7198/5906 5923/7195/5905
f 5917/7197/5899 5918/7199/5900 5925/7200/5907 5924/7198/5906
f 5918/7199/5900 5919/7201/5901 5926/7202/5908 5925/7200/5907
f 5919/7201/5901 5920/7203/5902 5927/7204/5909 5926/7202/5908
f 5920/7203/5902 5921/7205/5903 5928/7206/5910 5927/7204/5909
f 5922/7196/5904 5923/7195/5905 5930/7207/5912 5929/7208/5911
f 5923/7195/5905 5924/7198/5906 5931/7209/5913 5930/7207/5912
f 5924/7198/5906 5925/7200/5907 5932/7210/5914 5931/7209/5913
f 5925/7200/5907 5926/7202/5908 5933/7211/5915 5932/7210/5914
f 5926/7202/5908 5927/7204/5909 5934/7212/5916 5933/7211/5915
f 5927/7204/5909 5928/7206/5910 5935/7213/5917 5934/7212/5916
f 5929/7208/5911 5930/7207/5912 5937/7214/5919 5936/7215/5918
f 5930/7207/5912 5931/7209/5913 5938/7216/5920 5937/7214/5919
f 5931/7209/5913 5932/7210/5914 5939/7217/5921 5938/7216/5920
f 5932/7210/5914 5933/7211/5915 5940/7218/5922 5939/7217/5921
f 5933/7211/5915 5934/7212/5916 5941/7219/5923 5940/7218/5922
f 5934/7212/5916 5935/7213/5917 5942/7220/5924 5941/7219/5923
f 5936/7215/5918 5937/7214/5919 5944/7221/5926 5943/7222/5925
f 5937/7214/5919 5938/7216/5920 5945/7223/5927 5944/7221/5926
f 5938/7216/5920 5939/7217/5921 5946/7224/5928 5945/7223/5927
f 5939/7217/5921 5940/7218/5922 5947/7225/5929 5946/7224/5928
f 5940/7218/5922 5941/7219/5923 5948/7226/5930 5947/7225/5929
f 5941/7219/5923 5942/7220/5924 5949/7227/5931 5948/7226/5930
f 5943/7222/5925 5944/7221/5926 5951/7228/5933 5950/7229/5932
f 5944/7221/5926 5945/7223/5927 5952/7230/5934 5951/7228/5933
f 5945/7223/5927 5946/7224/5928 5953/7231/5935 5952/7230/5934
f 5946/7224/5928 5947/7225/5929 5954/7232/5936 5953/7231/5935
f 5947/7225/5929 5948/7226/5930 5955/7233/5937 5954/7232/5936
f 5948/7226/5930 5949/7227/5931 5956/7234/5938 5955/7233/5937
f 5950/7229/5932 5951/7228/5933 5958/7235/5940 5957/7236/5939
f 5951/7228/5933 5952/7230/5934 5959/7237/5941 5958/7235/5940
f 5952/7230/5934 5953/7231/5935 5960/7238/5942 5959/7237/5941
f 5953/7231/5935 5954/7232/5936 5961/7239/5943 5960/7238/5942
f 5954/7232/5936 5955/7233/5937 5962/7240/5944 5961/7239/5943
f 5955/7233/5937 5956/7234/5938 5963/7241/5945 5962/7240/5944
f 5173/7242/5163 5199/7243/5188 5915/7193/5897 5360/7244/5349
f 5199/7243/5188 5200/7245/5189 5916/7194/5898 5915/7193/5897
f 5200/7245/5189 5201/7246/5190 5917/7197/5899 5916/7194/5898
f 5201/7246/5190 5202/7247/5191 5918/7199/5900 5917/7197/5899
f 5202/7247/5191 5203/7248/5192 5919/7201/5901 5918/7199/5900
f 5203/7248/5192 5204/7249/5193 5920/7203/5902 5919/7201/5901
f 5204/7249/5193 5205/7250/5194 5921/7205/5903 5920/7203/5902
f 5205/7250/5194 5174/7251/5164 5381/7252/5370 5921/7205/5903
f 5921/7205/5903 5381/7252/5370 5382/7253/5371 5928/7206/5910
f 5928/7206/5910 5382/7253/5371 5383/7254/5372 5935/7213/5917
f 5935/7213/5917 5383/7254/5372 5384/7255/5373 5942/7220/5924
f 5942/7220/5924 5384/7255/5373 5385/7256/5374 5949/7227/5931
f 5949/7227/5931 5385/7256/5374 5386/7257/5375 5956/7234/5938
f 5956/7234/5938 5386/7257/5375 5387/7258/5376 5963/7241/5945
f 5963/7241/5945 5387/7258/5376 5183/7259/5173 5275/7260/5264
f 5962/7240/5944 5963/7241/5945 5275/7260/5264 5274/7261/5263
f 5961/7239/5943 5962/7240/5944 5274/7261/5263 5273/7262/5262
f 5960/7238/5942 5961/7239/5943 5273/7262/5262 5272/7263/5261
f 5959/7237/5941 5960/7238/5942 5272/7263/5261 5271/7264/5260
f 5958/7235/5940 5959/7237/5941 5271/7264/5260 5270/7265/5259
f 5957/7236/5939 5958/7235/5940 5270/7265/5259 5269/7266/5258
f 5366/7267/5355 5957/7236/5939 5269/7266/5258 5182/7268/5172
f 5365/7269/5354 5950/7229/5932 5957/7236/5939 5366/7267/5355
f 5364/7270/5353 5943/7222/5925 5950/7229/5932 5365/7269/5354
f 5363/7271/5352 5936/7215/5918 5943/7222/5925 5364/7270/5353
f 5362/7272/5351 5929/7208/5911 5936/7215/5918 5363/7271/5352
f 5361/7273/5350 5922/7196/5904 5929/7208/5911 5362/7272/5351
f 5360/7244/5349 5915/7193/5897 5922/7196/5904 5361/7273/5350
f 5964/7274/5946 5965/7275/5947 5972/7276/5954 5971/7277/5953
f 5965/7275/5947 5966/7278/5948 5973/7279/5955 5972/7276/5954
f 5966/7278/5948 5967/7280/5949 5974/7281/5956 5973/7279/5955
f 5967/7280/5949 5968/7282/5950 5975/7283/5957 5974/7281/5956
f 5968/7282/5950 5969/7284/5951 5976/7285/5958 5975/7283/5957
f 5969/7284/5951 5970/7286/5952 5977/7287/5959 5976/7285/5958
f 5971/7277/5953 5972/7276/5954 5979/7288/5961 5978/7289/5960
f 5972/7276/5954 5973/7279/5955 5980/7290/5962 5979/7288/5961
f 5973/7279/5955 5974/7281/5956 5981/7291/5963 5980/7290/5962
f 5974/7281/5956 5975/7283/5957 5982/7292/5964 5981/7291/5963
f 5975/7283/5957 5976/7285/5958 5983/7293/5965 5982/7292/5964
f 5976/7285/5958 5977/7287/5959 5984/7294/5966 5983/7293/5965
f 5978/7289/5960 5979/7288/5961 5986/7295/5968 5985/7296/5967
f 5979/7288/5961 5980/7290/5962 5987/7297/5969 5986/7295/5968
f 5980/7290/5962 5981/7291/5963 5988/7298/5970 5987/7297/5969
f 5981/7291/5963 5982/7292/5964 5989/7299/5971 5988/7298/5970
f 5982/7292/5964 5983/7293/5965 5990/7300/5972 5989/7299/5971
f 5983/7293/5965 5984/7294/5966 5991/7301/5973 5990/7300/5972
f 5985/7296/5967 5986/7295/5968 5993/7302/5975 5992/7303/5974
f 5986/7295/5968 5987/7297/5969 5994/7304/5976 5993/7302/5975
f 5987/7297/5969 5988/7298/5970 5995/7305/5977 5994/7304/5976
f 5988/7298/5970 5989/7299/5971 5996/7306/5978 5995/7305/5977
f 5989/7299/5971 5990/7300/5972 5997/7307/5979 5996/7306/5978
f 5990/7300/5972 5991/7301/5973 5998/7308/5980 5997/7307/5979
f 5992/7303/5974 5993/7302/5975 6000/7309/5982 5999/7310/5981
f 5993/7302/5975 5994/7304/5976 6001/7311/5983 6000/7309/5982
f 5994/7304/5976 5995/7305/5977 6002/7312/5984 6001/7311/5983
f 5995/7305/5977 5996/7306/5978 6003/7313/5985 6002/7312/5984
f 5996/7306/5978 5997/7307/5979 6004/7314/5986 6003/7313/5985
f 5997/7307/5979 5998/7308/5980 6005/7315/5987 6004/7314/5986
f 5999/7310/5981 6000/7309/5982 6007/7316/5989 6006/7317/5988
f 6000/7309/5982 6001/7311/5983 6008/7318/5990 6007/7316/5989
f 6001/7311/5983 6002/7312/5984 6009/7319/5991 6008/7318/5990
f 6002/7312/5984 6003/7313/5985 6010/7320/5992 6009/7319/5991
f 6003/7313/5985 6004/7314/5986 6011/7321/5993 6010/7320/5992
f 6004/7314/5986 6005/7315/5987 6012/7322/5994 6011/7321/5993
f 5174/7323/5164 5248/7324/5237 5964/7274/5946 5381/7325/5370
f 5248/7324/5237 5249/7326/5238 5965/7275/5947 5964/7274/5946
f 5249/7326/5238 5250/7327/5239 5966/7278/5948 5965/7275/5947
f 5250/7327/5239 5251/7328/5240 5967/7280/5949 5966/7278/5948
f 5251/7328/5240 5252/7329/5241 5968/7282/5950 5967/7280/5949
f 5252/7329/5241 5253/7330/5242 5969/7284/5951 5968/7282/5950
f 5253/7330/5242 5254/7331/5243 5970/7286/5952 5969/7284/5951
f 5254/7331/5243 5181/7332/5171 5388/7333/5377 5970/7286/5952
f 5970/7286/5952 5388/7333/5377 5389/7334/5378 5977/7287/5959
f 5977/7287/5959 5389/7334/5378 5390/7335/5379 5984/7294/5966
f 5984/7294/5966 5390/7335/5379 5391/7336/5380 5991/7301/5973
f 5991/7301/5973 5391/7336/5380 5392/7337/5381 5998/7308/5980
f 5998/7308/5980 5392/7337/5381 5393/7338/5382 6005/7315/5987
f 6005/7315/5987 5393/7338/5382 5394/7339/5383 6012/7322/5994
f 6012/7322/5994 5394/7339/5383 5190/7340/5180 5324/7341/5313
f 6011/7321/5993 6012/7322/5994 5324/7341/5313 5323/7342/5312
f 6010/7320/5992 6011/7321/5993 5323/7342/5312 5322/7343/5311
f 6009/7319/5991 6010/7320/5992 5322/7343/5311 5321/7344/5310
f 6008/7318/5990 6009/7319/5991 5321/7344/5310 5320/7345/5309
f 6007/7316/5989 6008/7318/5990 5320/7345/5309 5319/7346/5308
f 6006/7317/5988 6007/7316/5989 5319/7346/5308 5318/7347/5307
f 5387/7348/5376 6006/7317/5988 5318/7347/5307 5183/7349/5173
f 5386/7350/5375 5999/7310/5981 6006/7317/5988 5387/7348/5376
f 5385/7351/5374 5992/7303/5974 5999/7310/5981 5386/7350/5375
f 5384/7352/5373 5985/7296/5967 5992/7303/5974 5385/7351/5374
f 5383/7353/5372 5978/7289/5960 5985/7296/5967 5384/7352/5373
f 5382/7354/5371 5971/7277/5953 5978/7289/5960 5383/7353/5372
f 5381/7325/5370 5964/7274/5946 5971/7277/5953 5382/7354/5371
f 6013/7355/5995 6014/7356/5996 6021/7357/6003 6020/7358/6002
f 6014/7356/5996 6015/7359/5997 6022/7360/6004 6021/7357/6003
f 6015/7359/5997 6016/7361/5998 6023/7362/6005 6022/7360/6004
f 6016/7361/5998 6017/7363/5999 6024/7364/6006 6023/7362/6005
f 6017/7363/5999 6018/7365/6000 6025/7366/6007 6024/7364/6006
f 6018/7365/6000 6019/7367/6001 6026/7368/6008 6025/7366/6007
f 6020/7358/6002 6021/7357/6003 6028/7369/6010 6027/7370/6009
f 6021/7357/6003 6022/7360/6004 6029/7371/6011 6028/7369/6010
f 6022/7360/6004 6023/7362/6005 6030/7372/6012 6029/7371/6011
f 6023/7362/6005 6024/7364/6006 6031/7373/6013 6030/7372/6012
f 6024/7364/6006 6025/7366/6007 6032/7374/6014 6031/7373/6013
f 6025/7366/6007 6026/7368/6008 6033/7375/6015 6032/7374/6014
f 6027/7370/6009 6028/7369/6010 6035/7376/6017 6034/7377/6016
f 6028/7369/6010 6029/7371/6011 6036/7378/6018 6035/7376/6017
f 6029/7371/6011 6030/7372/6012 6037/7379/6019 6036/7378/6018
f 6030/7372/6012 6031/7373/6013 6038/7380/6020 6037/7379/6019
f 6031/7373/6013 6032/7374/6014 6039/7381/6021 6038/7380/6020
f 6032/7374/6014 6033/7375/6015 6040/7382/6022 6039/7381/6021
f 6034/7377/6016 6035/7376/6017 6042/7383/6024 6041/7384/6023
f 6035/7376/6017 6036/7378/6018 6043/7385/6025 6042/7383/6024
f 6036/7378/6018 6037/7379/6019 6044/7386/6026 6043/7385/6025
f 6037/7379/6019 6038/7380/6020 6045/7387/6027 6044/7386/6026
f 6038/7380/6020 6039/7381/6021 6046/7388/6028 6045/7387/6027
f 6039/7381/6021 6040/7382/6022 6047/7389/6029 6046/7388/6028
f 6041/7384/6023 6042/7383/6024 6049/7390/6031 6048/7391/6030
f 6042/7383/6024 6043/7385/6025 6050/7392/6032 6049/7390/6031
f 6043/7385/6025 6044/7386/6026 6051/7393/6033 6050/7392/6032
f 6044/7386/6026 6045/7387/6027 6052/7394/6034 6051/7393/6033
f 6045/7387/6027 6046/7388/6028 6053/7395/6035 6052/7394/6034
f 6046/7388/6028 6047/7389/6029 6054/7396/6036 6053/7395/6035
f 6048/7391/6030 6049/7390/6031 6056/7397/6038 6055/7398/6037
f 6049/7390/6031 6050/7392/6032 6057/7399/6039 6056/7397/6038
f 6050/7392/6032 6051/7393/6033 6058/7400/6040 6057/7399/6039
f 6051/7393/6033 6052/7394/6034 6059/7401/6041 6058/7400/6040
f 6052/7394/6034 6053/7395/6035 6060/7402/6042 6059/7401/6041
f 6053/7395/6035 6054/7396/6036 6061/7403/6043 6060/7402/6042
f 5179/7404/5169 5233/7405/5222 6013/7355/5995 5332/7406/5321
f 5233/7405/5222 5232/7407/5221 6014/7356/5996 6013/7355/5995
f 5232/7407/5221 5231/7408/5220 6015/7359/5997 6014/7356/5996
f 5231/7408/5220 5230/7409/5219 6016/7361/5998 6015/7359/5997
f 5230/7409/5219 5229/7410/5218 6017/7363/5999 6016/7361/5998
f 5229/7410/5218 5228/7411/5217 6018/7365/6000 6017/7363/5999
f 5228/7411/5217 5227/7412/5216 6019/7367/6001 6018/7365/6000
f 5227/7412/5216 5178/6936/5168 5359/6938/5348 6019/7367/6001
f 6019/7367/6001 5359/6938/5348 5358/6967/5347 6026/7368/6008
f 6026/7368/6008 5358/6967/5347 5357/6966/5346 6033/7375/6015
f 6033/7375/6015 5357/6966/5346 5356/6965/5345 6040/7382/6022
f 6040/7382/6022 5356/6965/5345 5355/6964/5344 6047/7389/6029
f 6047/7389/6029 5355/6964/5344 5354/6963/5343 6054/7396/6036
f 6054/7396/6036 5354/6963/5343 5353/6961/5342 6061/7403/6043
f 6061/7403/6043 5353/6961/5342 5187/6962/5177 5297/7413/5286
f 6060/7402/6042 6061/7403/6043 5297/7413/5286 5298/7414/5287
f 6059/7401/6041 6060/7402/6042 5298/7414/5287 5299/7415/5288
f 6058/7400/6040 6059/7401/6041 5299/7415/5288 5300/7416/5289
f 6057/7399/6039 6058/7400/6040 5300/7416/5289 5301/7417/5290
f 6056/7397/6038 6057/7399/6039 5301/7417/5290 5302/7418/5291
f 6055/7398/6037 6056/7397/6038 5302/7418/5291 5303/7419/5292
f 5338/7420/5327 6055/7398/6037 5303/7419/5292 5188/7421/5178
f 5337/7422/5326 6048/7391/6030 6055/7398/6037 5338/7420/5327
f 5336/7423/5325 6041/7384/6023 6048/7391/6030 5337/7422/5326
f 5335/7424/5324 6034/7377/6016 6041/7384/6023 5336/7423/5325
f 5334/7425/5323 6027/7370/6009 6034/7377/6016 5335/7424/5324
f 5333/7426/5322 6020/7358/6002 6027/7370/6009 5334/7425/5323
f 5332/7406/5321 6013/7355/5995 6020/7358/6002 5333/7426/5322
f 6062/7427/6044 6063/7428/6045 6070/7429/6052 6069/7430/6051
f 6063/7428/6045 6064/7431/6046 6071/7432/6053 6070/7429/6052
f 6064/7431/6046 6065/7433/6047 6072/7434/6054 6071/7432/6053
f 6065/7433/6047 6066/7435/6048 6073/7436/6055 6072/7434/6054
f 6066/7435/6048 6067/7437/6049 6074/7438/6056 6073/7436/6055
f 6067/7437/6049 6068/7439/6050 6075/7440/6057 6074/7438/6056
f 6069/7430/6051 6070/7429/6052 6077/7441/6059 6076/7442/6058
f 6070/7429/6052 6071/7432/6053 6078/7443/6060 6077/7441/6059
f 6071/7432/6053 6072/7434/6054 6079/7444/6061 6078/7443/6060
f 6072/7434/6054 6073/7436/6055 6080/7445/6062 6079/7444/6061
f 6073/7436/6055 6074/7438/6056 6081/7446/6063 6080/7445/6062
f 6074/7438/6056 6075/7440/6057 6082/7447/6064 6081/7446/6063
f 6076/7442/6058 6077/7441/6059 6084/7448/6066 6083/7449/6065
f 6077/7441/6059 6078/7443/6060 6085/7450/6067 6084/7448/6066
f 6078/7443/6060 6079/7444/6061 6086/7451/6068 6085/7450/6067
f 6079/7444/6061 6080/7445/6062 6087/7452/6069 6086/7451/6068
f 6080/7445/6062 6081/7446/6063 6088/7453/6070 6087/7452/6069
f 6081/7446/6063 6082/7447/6064 6089/7454/6071 6088/7453/6070
f 6083/7449/6065 6084/7448/6066 6091/7455/6073 6090/7456/6072
f 6084/7448/6066 6085/7450/6067 6092/7457/6074 6091/7455/6073
f 6085/7450/6067 6086/7451/6068 6093/7458/6075 6092/7457/6074
f 6086/7451/6068 6087/7452/6069 6094/7459/6076 6093/7458/6075
f 6087/7452/6069 6088/7453/6070 6095/7460/6077 6094/7459/6076
f 6088/7453/6070 6089/7454/6071 6096/7461/6078 6095/7460/6077
f 6090/7456/6072 6091/7455/6073 6098/7462/6080 6097/7463/6079
f 6091/7455/6073 6092/7457/6074 6099/7464/6081 6098/7462/6080
f 6092/7457/6074 6093/7458/6075 6100/7465/6082 6099/7464/6081
f 6093/7458/6075 6094/7459/6076 6101/7466/6083 6100/7465/6082
f 6094/7459/6076 6095/7460/6077 6102/7467/6084 6101/7466/6083
f 6095/7460/6077 6096/7461/6078 6103/7468/6085 6102/7467/6084
f 6097/7463/6079 6098/7462/6080 6105/7469/6087 6104/7470/6086
f 6098/7462/6080 6099/7464/6081 6106/7471/6088 6105/7469/6087
f 6099/7464/6081 6100/7465/6082 6107/7472/6089 6106/7471/6088
f 6100/7465/6082 6101/7466/6083 6108/7473/6090 6107/7472/6089
f 6101/7466/6083 6102/7467/6084 6109/7474/6091 6108/7473/6090
f 6102/7467/6084 6103/7468/6085 6110/7475/6092 6109/7474/6091
f 5181/7332/5171 5206/7476/5195 6062/7427/6044 5388/7333/5377
f 5206/7476/5195 5207/7477/5196 6063/7428/6045 6062/7427/6044
f 5207/7477/5196 5208/7478/5197 6064/7431/6046 6063/7428/6045
f 5208/7478/5197 5209/7479/5198 6065/7433/6047 6064/7431/6046
f 5209/7479/5198 5210/7480/5199 6066/7435/6048 6065/7433/6047
f 5210/7480/5199 5211/7481/5200 6067/7437/6049 6066/7435/6048
f 5211/7481/5200 5212/7482/5201 6068/7439/6050 6067/7437/6049
f 5212/7482/5201 5176/7483/5166 5380/7484/5369 6068/7439/6050
f 6068/7439/6050 5380/7484/5369 5379/7485/5368 6075/7440/6057
f 6075/7440/6057 5379/7485/5368 5378/7486/5367 6082/7447/6064
f 6082/7447/6064 5378/7486/5367 5377/7487/5366 6089/7454/6071
f 6089/7454/6071 5377/7487/5366 5376/7488/5365 6096/7461/6078
f 6096/7461/6078 5376/7488/5365 5375/7489/5364 6103/7468/6085
f 6103/7468/6085 5375/7489/5364 5374/7490/5363 6110/7475/6092
f 6110/7475/6092 5374/7490/5363 5185/7491/5175 5282/7492/5271
f 6109/7474/6091 6110/7475/6092 5282/7492/5271 5281/7493/5270
f 6108/7473/6090 6109/7474/6091 5281/7493/5270 5280/7494/5269
f 6107/7472/6089 6108/7473/6090 5280/7494/5269 5279/7495/5268
f 6106/7471/6088 6107/7472/6089 5279/7495/5268 5278/7496/5267
f 6105/7469/6087 6106/7471/6088 5278/7496/5267 5277/7497/5266
f 6104/7470/6086 6105/7469/6087 5277/7497/5266 5276/7498/5265
f 5394/7339/5383 6104/7470/6086 5276/7498/5265 5190/7340/5180
f 5393/7338/5382 6097/7463/6079 6104/7470/6086 5394/7339/5383
f 5392/7337/5381 6090/7456/6072 6097/7463/6079 5393/7338/5382
f 5391/7336/5380 6083/7449/6065 6090/7456/6072 5392/7337/5381
f 5390/7335/5379 6076/7442/6058 6083/7449/6065 5391/7336/5380
f 5389/7334/5378 6069/7430/6051 6076/7442/6058 5390/7335/5379
f 5388/7333/5377 6062/7427/6044 6069/7430/6051 5389/7334/5378
l 5179 5395
l 5395 5396
l 5396 5397
l 5397 5398
l 5398 5399
l 5399 5400
l 5400 5401
l 5401 5191
o BézierCurve
v -0.315475 -0.030778 -0.004607
v -0.312697 -0.016145 0.008970
v -0.305665 -0.003018 0.022550
v -0.294732 0.007944 0.035452
v -0.280445 0.016192 0.047029
v -0.263522 0.021312 0.056700
v -0.244809 0.023048 0.063981
v -0.225247 0.021312 0.068507
v -0.205816 0.016192 0.070050
v -0.187490 0.007944 0.068533
v -0.171189 -0.003018 0.064033
v -0.157729 -0.016145 0.056774
v -0.147785 -0.030778 0.047122
v -0.141857 -0.046183 0.035559
v -0.140241 -0.061589 0.022666
v -0.143019 -0.076222 0.009089
v -0.150051 -0.089348 -0.004491
v -0.160984 -0.100310 -0.017393
v -0.175271 -0.108558 -0.028970
v -0.192195 -0.113679 -0.038641
v -0.210907 -0.115414 -0.045922
v -0.230469 -0.113679 -0.050448
v -0.249900 -0.108558 -0.051991
v -0.268226 -0.100310 -0.050474
v -0.284527 -0.089348 -0.045974
v -0.297987 -0.076221 -0.038715
v -0.307931 -0.061589 -0.029063
v -0.313859 -0.046183 -0.017500
v -0.258439 0.253243 -0.235817
v -0.256609 0.263415 -0.218515
v -0.250378 0.272774 -0.201790
v -0.240058 0.280852 -0.186479
v -0.226166 0.287243 -0.173352
v -0.209398 0.291627 -0.163066
v -0.190597 0.293784 -0.156137
v -0.170704 0.293607 -0.152912
v -0.150716 0.291103 -0.153553
v -0.131637 0.286398 -0.158029
v -0.114423 0.279729 -0.166114
v -0.099937 0.271430 -0.177403
v -0.088906 0.261916 -0.191330
v -0.081882 0.251666 -0.207197
v -0.079218 0.241192 -0.224208
v -0.081048 0.231021 -0.241510
v -0.087279 0.221661 -0.258236
v -0.097600 0.213584 -0.273546
v -0.111492 0.207193 -0.286674
v -0.128259 0.202808 -0.296960
v -0.147061 0.200651 -0.303889
v -0.166954 0.200829 -0.307114
v -0.186941 0.203333 -0.306472
v -0.206020 0.208037 -0.301997
v -0.223234 0.214707 -0.293912
v -0.237720 0.223006 -0.282623
v -0.248751 0.232519 -0.268695
v -0.255775 0.242770 -0.252828
v -0.248718 0.617633 -0.388612
v -0.247061 0.623534 -0.369413
v -0.240976 0.629255 -0.351072
v -0.230770 0.634508 -0.334507
v -0.216953 0.639031 -0.320549
v -0.200218 0.642596 -0.309899
v -0.181406 0.645024 -0.303090
v -0.161458 0.646194 -0.300464
v -0.141376 0.646048 -0.302153
v -0.122166 0.644591 -0.308071
v -0.104792 0.641899 -0.317923
v -0.090124 0.638105 -0.331213
v -0.078899 0.633399 -0.347276
v -0.071679 0.628019 -0.365306
v -0.068826 0.622233 -0.384400
v -0.070483 0.616332 -0.403598
v -0.076568 0.610611 -0.421940
v -0.086774 0.605358 -0.438505
v -0.100591 0.600835 -0.452462
v -0.117326 0.597270 -0.463113
v -0.136138 0.594842 -0.469921
v -0.156086 0.593672 -0.472547
v -0.176168 0.593818 -0.470859
v -0.195378 0.595274 -0.464940
v -0.212752 0.597967 -0.455089
v -0.227420 0.601761 -0.441799
v -0.238645 0.606466 -0.425736
v -0.245865 0.611847 -0.407705
v -0.274856 1.044312 -0.473175
v -0.273032 1.046993 -0.453284
v -0.266802 1.049924 -0.434342
v -0.256481 1.052958 -0.417300
v -0.242584 1.055942 -0.403012
v -0.225810 1.058729 -0.392195
v -0.206998 1.061177 -0.385390
v -0.187093 1.063163 -0.382940
v -0.167092 1.064590 -0.384966
v -0.147999 1.065383 -0.391368
v -0.130770 1.065505 -0.401825
v -0.116271 1.064949 -0.415811
v -0.105227 1.063742 -0.432626
v -0.098193 1.061946 -0.451426
v -0.095521 1.059650 -0.471270
v -0.097345 1.056970 -0.491161
v -0.103574 1.054039 -0.510102
v -0.113896 1.051005 -0.527144
v -0.127792 1.048020 -0.541432
v -0.144567 1.045234 -0.552249
v -0.163378 1.042786 -0.559054
v -0.183284 1.040799 -0.561504
v -0.203284 1.039373 -0.559478
v -0.222377 1.038579 -0.553076
v -0.239606 1.038457 -0.542620
v -0.254106 1.039014 -0.528633
v -0.265150 1.040220 -0.511818
v -0.272184 1.042017 -0.493018
v -0.324969 1.512966 -0.499702
v -0.322915 1.513354 -0.479657
v -0.316481 1.514246 -0.460579
v -0.305991 1.515596 -0.443424
v -0.291969 1.517336 -0.429053
v -0.275120 1.519380 -0.418185
v -0.256288 1.521624 -0.411367
v -0.236418 1.523956 -0.408940
v -0.216505 1.526260 -0.411025
v -0.197549 1.528419 -0.417519
v -0.180499 1.530326 -0.428095
v -0.166212 1.531884 -0.442223
v -0.155403 1.533016 -0.459195
v -0.148614 1.533666 -0.478160
v -0.146186 1.533799 -0.498166
v -0.148240 1.533410 -0.518211
v -0.154674 1.532519 -0.537289
v -0.165164 1.531169 -0.554444
v -0.179186 1.529428 -0.568816
v -0.196035 1.527385 -0.579683
v -0.214867 1.525141 -0.586501
v -0.234738 1.522808 -0.588928
v -0.254650 1.520505 -0.586843
v -0.273606 1.518346 -0.580349
v -0.290656 1.516439 -0.569773
v -0.304943 1.514880 -0.555645
v -0.315752 1.513748 -0.538673
v -0.322541 1.513099 -0.519708
v -0.386748 2.003046 -0.479207
v -0.384493 2.001770 -0.459220
v -0.377873 2.001116 -0.440196
v -0.367219 2.001116 -0.423089
v -0.353066 2.001770 -0.408756
v -0.336124 2.003044 -0.397915
v -0.317243 2.004876 -0.391112
v -0.297368 2.007173 -0.388686
v -0.277497 2.009820 -0.390759
v -0.258626 2.012685 -0.397228
v -0.241701 2.015623 -0.407768
v -0.227571 2.018487 -0.421850
v -0.216945 2.021135 -0.438769
v -0.210355 2.023432 -0.457675
v -0.208132 2.025264 -0.477622
v -0.210387 2.026539 -0.497608
v -0.217008 2.027194 -0.516632
v -0.227661 2.027194 -0.533740
v -0.241814 2.026540 -0.548073
v -0.258756 2.025266 -0.558913
v -0.277638 2.023434 -0.565717
v -0.297513 2.021137 -0.568143
v -0.317384 2.018490 -0.566070
v -0.336255 2.015625 -0.559601
v -0.353180 2.012687 -0.549061
v -0.367309 2.009822 -0.534979
v -0.377935 2.007175 -0.518060
v -0.384525 2.004878 -0.499153
v -0.447720 2.494354 -0.423102
v -0.445314 2.491809 -0.403255
v -0.438544 2.489891 -0.384370
v -0.427748 2.488697 -0.367393
v -0.413469 2.488286 -0.353177
v -0.396422 2.488679 -0.342433
v -0.377463 2.489856 -0.335702
v -0.357541 2.491759 -0.333319
v -0.337656 2.494291 -0.335405
v -0.318806 2.497326 -0.341855
v -0.301934 2.500711 -0.352346
v -0.287888 2.504278 -0.366351
v -0.277371 2.507846 -0.383168
v -0.270911 2.511238 -0.401955
v -0.268832 2.514282 -0.421769
v -0.271238 2.516827 -0.441616
v -0.278009 2.518745 -0.460501
v -0.288804 2.519939 -0.477477
v -0.303083 2.520350 -0.491694
v -0.320130 2.519957 -0.502437
v -0.339090 2.518780 -0.509169
v -0.359011 2.516877 -0.511551
v -0.378896 2.514345 -0.509466
v -0.397747 2.511310 -0.503015
v -0.414618 2.507925 -0.492525
v -0.428665 2.504358 -0.478519
v -0.439181 2.500790 -0.461702
v -0.445641 2.497398 -0.442915
v -0.495334 2.967163 -0.342897
v -0.492831 2.963583 -0.323222
v -0.485952 2.960521 -0.304528
v -0.475044 2.958128 -0.287751
v -0.460653 2.956526 -0.273733
v -0.443501 2.955795 -0.263177
v -0.424448 2.955971 -0.256612
v -0.404448 2.957046 -0.254367
v -0.384506 2.958965 -0.256555
v -0.365621 2.961633 -0.263066
v -0.348739 2.964916 -0.273574
v -0.334709 2.968648 -0.287552
v -0.324232 2.972644 -0.304298
v -0.317835 2.976702 -0.322974
v -0.315838 2.980619 -0.342642
v -0.318341 2.984198 -0.362317
v -0.325219 2.987261 -0.381011
v -0.336127 2.989654 -0.397788
v -0.350518 2.991256 -0.411806
v -0.367670 2.991987 -0.422362
v -0.386724 2.991811 -0.428927
v -0.406723 2.990736 -0.431172
v -0.426665 2.988816 -0.428983
v -0.445551 2.986148 -0.422472
v -0.462432 2.982866 -0.411964
v -0.476463 2.979133 -0.397987
v -0.486939 2.975138 -0.381240
v -0.493337 2.971080 -0.362565
v -0.516860 3.402471 -0.249984
v -0.514321 3.397972 -0.230504
v -0.507397 3.393720 -0.212061
v -0.496435 3.389928 -0.195580
v -0.481985 3.386786 -0.181887
v -0.464771 3.384452 -0.171670
v -0.445657 3.383042 -0.165440
v -0.425600 3.382628 -0.163509
v -0.405607 3.383230 -0.165976
v -0.386680 3.384818 -0.172715
v -0.369768 3.387312 -0.183390
v -0.355720 3.390588 -0.197464
v -0.345239 3.394480 -0.214232
v -0.338852 3.398794 -0.232853
v -0.336878 3.403314 -0.252394
v -0.339417 3.407813 -0.271875
v -0.346340 3.412065 -0.290318
v -0.357302 3.415857 -0.306799
v -0.371753 3.418998 -0.320491
v -0.388967 3.421333 -0.330709
v -0.408081 3.422742 -0.336939
v -0.428138 3.423156 -0.338869
v -0.448131 3.422555 -0.336403
v -0.467058 3.420967 -0.329663
v -0.483970 3.418473 -0.318989
v -0.498018 3.415197 -0.304915
v -0.508499 3.411305 -0.288146
v -0.514886 3.406991 -0.269525
v -0.498801 3.782778 -0.155332
v -0.496325 3.777360 -0.136079
v -0.489502 3.771641 -0.117999
v -0.478674 3.765906 -0.101997
v -0.464384 3.760445 -0.088878
v -0.447347 3.755529 -0.079298
v -0.428420 3.751407 -0.073739
v -0.408549 3.748284 -0.072478
v -0.388733 3.746317 -0.075579
v -0.369964 3.745605 -0.082887
v -0.353185 3.746184 -0.094034
v -0.339235 3.748024 -0.108463
v -0.328815 3.751034 -0.125450
v -0.322447 3.755062 -0.144142
v -0.320451 3.759906 -0.163602
v -0.322927 3.765323 -0.182856
v -0.329750 3.771043 -0.200936
v -0.340578 3.776777 -0.216937
v -0.354868 3.782239 -0.230057
v -0.371905 3.787154 -0.239636
v -0.390832 3.791277 -0.245196
v -0.410703 3.794400 -0.246457
v -0.430519 3.796366 -0.243356
v -0.449288 3.797078 -0.236048
v -0.466067 3.796499 -0.224900
v -0.480017 3.794659 -0.210471
v -0.490437 3.791650 -0.193485
v -0.496804 3.787622 -0.174793
v -0.423948 4.093466 -0.068961
v -0.421776 4.087000 -0.049997
v -0.415571 4.079144 -0.032506
v -0.405645 4.070290 -0.017365
v -0.392495 4.060883 -0.005334
v -0.376781 4.051394 0.002985
v -0.359290 4.042300 0.007173
v -0.340900 4.034056 0.007022
v -0.322533 4.027076 0.002538
v -0.305110 4.021709 -0.006053
v -0.289505 4.018226 -0.018321
v -0.276500 4.016800 -0.033651
v -0.266747 4.017503 -0.051273
v -0.260735 4.020299 -0.070305
v -0.258766 4.025050 -0.089791
v -0.260938 4.031516 -0.108756
v -0.267143 4.039372 -0.126247
v -0.277069 4.048226 -0.141387
v -0.290219 4.057633 -0.153419
v -0.305934 4.067122 -0.161737
v -0.323424 4.076216 -0.165926
v -0.341814 4.084460 -0.165774
v -0.360181 4.091440 -0.161291
v -0.377604 4.096807 -0.152699
v -0.393209 4.100290 -0.140431
v -0.406214 4.101716 -0.125102
v -0.415968 4.101013 -0.107479
v -0.421979 4.098216 -0.088448
v -0.264186 4.315162 -0.002100
v -0.262880 4.307634 0.016549
v -0.258901 4.297048 0.033230
v -0.252447 4.283935 0.047108
v -0.243844 4.268954 0.057485
v -0.233521 4.252854 0.063843
v -0.221997 4.236444 0.065861
v -0.209849 4.220546 0.063439
v -0.197687 4.205958 0.056699
v -0.186121 4.193411 0.045977
v -0.175730 4.183534 0.031813
v -0.167035 4.176822 0.014915
v -0.160473 4.173613 -0.003868
v -0.156372 4.174066 -0.023595
v -0.154939 4.178159 -0.043276
v -0.156245 4.185688 -0.061925
v -0.160224 4.196274 -0.078607
v -0.166677 4.209386 -0.092484
v -0.175281 4.224368 -0.102862
v -0.185603 4.240467 -0.109219
v -0.197128 4.256877 -0.111238
v -0.209275 4.272775 -0.108816
v -0.221437 4.287363 -0.102075
v -0.233004 4.299911 -0.091354
v -0.243395 4.309788 -0.077189
v -0.252090 4.316499 -0.060292
v -0.258652 4.319709 -0.041509
v -0.262752 4.319255 -0.021782
v -0.001741 4.399724 0.024844
v -0.001741 4.391773 0.043364
v -0.001741 4.379901 0.059649
v -0.001741 4.364703 0.072885
v -0.001741 4.346941 0.082407
v -0.001741 4.327505 0.087737
v -0.001741 4.307370 0.088609
v -0.001741 4.287546 0.084979
v -0.001741 4.269027 0.077029
v -0.001742 4.252741 0.065157
v -0.001741 4.239506 0.049959
v -0.001741 4.229984 0.032196
v -0.001741 4.224653 0.012760
v -0.001741 4.223781 -0.007374
v -0.001741 4.227411 -0.027198
v -0.001741 4.235362 -0.045718
v -0.001741 4.247234 -0.062003
v -0.001741 4.262432 -0.075239
v -0.001741 4.280195 -0.084761
v -0.001741 4.299631 -0.090091
v -0.001741 4.319765 -0.090963
v -0.001741 4.339589 -0.087333
v -0.001741 4.358109 -0.079383
v -0.001741 4.374394 -0.067511
v -0.001741 4.387630 -0.052312
v -0.001741 4.397151 -0.034550
v -0.001741 4.402482 -0.015114
v -0.001741 4.403354 0.005021
vn -0.9880 0.1131 -0.1048
vn -0.9648 0.2527 0.0727
vn -0.8922 0.3789 0.2459
vn -0.7746 0.4852 0.4058
vn -0.6184 0.5666 0.5446
vn -0.4315 0.6195 0.6557
vn -0.2232 0.6415 0.7340
vn -0.0032 0.6313 0.7755
vn 0.2177 0.5892 0.7781
vn 0.4285 0.5170 0.7410
vn 0.6181 0.4179 0.6658
vn 0.7763 0.2968 0.5561
vn 0.8943 0.1603 0.4177
vn 0.9660 0.0159 0.2582
vn 0.9879 -0.1287 0.0864
vn 0.9600 -0.2657 -0.0884
vn 0.8848 -0.3885 -0.2574
vn 0.7670 -0.4915 -0.4125
vn 0.6132 -0.5701 -0.5468
vn 0.4307 -0.6213 -0.6546
vn 0.2278 -0.6429 -0.7313
vn 0.0135 -0.6338 -0.7733
vn -0.2027 -0.5942 -0.7784
vn -0.4106 -0.5252 -0.7454
vn -0.5999 -0.4295 -0.6750
vn -0.7603 -0.3115 -0.5700
vn -0.8829 -0.1769 -0.4351
vn -0.9603 -0.0327 -0.2772
vn -0.9954 0.0615 -0.0734
vn -0.9772 0.1752 0.1200
vn -0.9093 0.2801 0.3078
vn -0.7948 0.3709 0.4803
vn -0.6396 0.4428 0.6284
vn -0.4513 0.4922 0.7443
vn -0.2399 0.5164 0.8220
vn -0.0163 0.5143 0.8575
vn 0.2078 0.4858 0.8490
vn 0.4211 0.4326 0.7972
vn 0.6124 0.3574 0.7051
vn 0.7724 0.2642 0.5777
vn 0.8930 0.1578 0.4215
vn 0.9686 0.0436 0.2447
vn 0.9958 -0.0725 0.0561
vn 0.9735 -0.1848 -0.1348
vn 0.9031 -0.2877 -0.3187
vn 0.7883 -0.3764 -0.4867
vn 0.6349 -0.4464 -0.6306
vn 0.4503 -0.4945 -0.7434
vn 0.2437 -0.5182 -0.8198
vn 0.0250 -0.5166 -0.8559
vn -0.1952 -0.4894 -0.8499
vn -0.4059 -0.4381 -0.8020
vn -0.5969 -0.3651 -0.7144
vn -0.7587 -0.2738 -0.5911
vn -0.8830 -0.1688 -0.4381
vn -0.9633 -0.0551 -0.2626
vn -0.9992 -0.0277 -0.0300
vn -0.9821 0.0380 0.1843
vn -0.9154 0.1017 0.3895
vn -0.8021 0.1603 0.5752
vn -0.6481 0.2108 0.7318
vn -0.4611 0.2507 0.8512
vn -0.2505 0.2779 0.9274
vn -0.0273 0.2910 0.9563
vn 0.1972 0.2894 0.9367
vn 0.4116 0.2731 0.8695
vn 0.6050 0.2429 0.7583
vn 0.7675 0.2003 0.6090
vn 0.8910 0.1476 0.4292
vn 0.9697 0.0875 0.2283
vn 0.9996 0.0231 0.0163
vn 0.9797 -0.0425 -0.1961
vn 0.9111 -0.1058 -0.3984
vn 0.7975 -0.1638 -0.5807
vn 0.6446 -0.2136 -0.7341
vn 0.4600 -0.2528 -0.8512
vn 0.2527 -0.2796 -0.9263
vn 0.0329 -0.2925 -0.9557
vn -0.1887 -0.2910 -0.9379
vn -0.4013 -0.2751 -0.8737
vn -0.5942 -0.2455 -0.7659
vn -0.7579 -0.2036 -0.6198
vn -0.8839 -0.1516 -0.4425
vn -0.9658 -0.0919 -0.2425
vn -0.9962 -0.0858 -0.0153
vn -0.9769 -0.0561 0.2063
vn -0.9083 -0.0236 0.4177
vn -0.7938 0.0101 0.6081
vn -0.6391 0.0433 0.7679
vn -0.4520 0.0744 0.8889
vn -0.2420 0.1017 0.9649
vn -0.0198 0.1240 0.9921
vn 0.2034 0.1399 0.9690
vn 0.4163 0.1488 0.8970
vn 0.6079 0.1501 0.7797
vn 0.7688 0.1439 0.6231
vn 0.8908 0.1303 0.4354
vn 0.9679 0.1101 0.2260
vn 0.9964 0.0845 0.0055
vn 0.9751 0.0546 -0.2150
vn 0.9052 0.0220 -0.4245
vn 0.7903 -0.0117 -0.6126
vn 0.6362 -0.0447 -0.7702
vn 0.4507 -0.0755 -0.8895
vn 0.2428 -0.1026 -0.9646
vn 0.0229 -0.1245 -0.9920
vn -0.1983 -0.1402 -0.9701
vn -0.4098 -0.1490 -0.8999
vn -0.6011 -0.1504 -0.7849
vn -0.7626 -0.1443 -0.6306
vn -0.8861 -0.1311 -0.4445
vn -0.9654 -0.1112 -0.2360
vn -0.9932 -0.1158 -0.0119
vn -0.9711 -0.1116 0.2111
vn -0.9001 -0.1018 0.4237
vn -0.7837 -0.0868 0.6150
vn -0.6278 -0.0675 0.7754
vn -0.4402 -0.0448 0.8968
vn -0.2303 -0.0198 0.9729
vn -0.0087 0.0063 0.9999
vn 0.2132 0.0320 0.9765
vn 0.4244 0.0561 0.9038
vn 0.6140 0.0773 0.7855
vn 0.7727 0.0947 0.6277
vn 0.8923 0.1072 0.4385
vn 0.9671 0.1143 0.2273
vn 0.9933 0.1157 0.0050
vn 0.9697 0.1112 -0.2175
vn 0.8977 0.1012 -0.4288
vn 0.7809 0.0862 -0.6187
vn 0.6253 0.0668 -0.7775
vn 0.4385 0.0442 -0.8976
vn 0.2300 0.0193 -0.9730
vn 0.0101 -0.0065 -0.9999
vn -0.2105 -0.0319 -0.9771
vn -0.4206 -0.0558 -0.9055
vn -0.6098 -0.0770 -0.7888
vn -0.7687 -0.0943 -0.6326
vn -0.8893 -0.1069 -0.4446
vn -0.9655 -0.1142 -0.2342
vn -0.9923 -0.1232 -0.0113
vn -0.9678 -0.1375 0.2109
vn -0.8947 -0.1449 0.4226
vn -0.7766 -0.1450 0.6131
vn -0.6193 -0.1378 0.7729
vn -0.4309 -0.1236 0.8939
vn -0.2207 -0.1033 0.9699
vn 0.0007 -0.0777 0.9970
vn 0.2220 -0.0482 0.9738
vn 0.4322 -0.0162 0.9016
vn 0.6205 0.0165 0.7840
vn 0.7775 0.0484 0.6270
vn 0.8954 0.0778 0.4385
vn 0.9682 0.1033 0.2280
vn 0.9923 0.1236 0.0062
vn 0.9667 0.1377 -0.2157
vn 0.8927 0.1449 -0.4268
vn 0.7740 0.1448 -0.6164
vn 0.6168 0.1375 -0.7750
vn 0.4288 0.1233 -0.8950
vn 0.2194 0.1030 -0.9702
vn -0.0009 0.0775 -0.9970
vn -0.2211 0.0482 -0.9741
vn -0.4303 0.0165 -0.9025
vn -0.6181 -0.0161 -0.7859
vn -0.7751 -0.0479 -0.6300
vn -0.8934 -0.0773 -0.4425
vn -0.9671 -0.1028 -0.2328
vn -0.9938 -0.1104 -0.0093
vn -0.9676 -0.1387 0.2111
vn -0.8928 -0.1601 0.4211
vn -0.7732 -0.1735 0.6100
vn -0.6147 -0.1782 0.7684
vn -0.4253 -0.1739 0.8882
vn -0.2144 -0.1608 0.9634
vn 0.0073 -0.1397 0.9902
vn 0.2287 -0.1115 0.9671
vn 0.4386 -0.0777 0.8953
vn 0.6265 -0.0400 0.7784
vn 0.7827 -0.0002 0.6224
vn 0.8995 0.0395 0.4351
vn 0.9711 0.0772 0.2259
vn 0.9938 0.1110 0.0055
vn 0.9666 0.1392 -0.2151
vn 0.8909 0.1605 -0.4248
vn 0.7707 0.1736 -0.6131
vn 0.6118 0.1781 -0.7707
vn 0.4224 0.1737 -0.8896
vn 0.2120 0.1605 -0.9640
vn -0.0090 0.1394 -0.9902
vn -0.2295 0.1113 -0.9669
vn -0.4385 0.0777 -0.8954
vn -0.6256 0.0402 -0.7791
vn -0.7815 0.0006 -0.6239
vn -0.8984 -0.0389 -0.4375
vn -0.9704 -0.0766 -0.2292
vn -0.9972 -0.0744 -0.0029
vn -0.9698 -0.1141 0.2154
vn -0.8939 -0.1482 0.4230
vn -0.7733 -0.1749 0.6095
vn -0.6138 -0.1928 0.7656
vn -0.4234 -0.2010 0.8834
vn -0.2116 -0.1992 0.9568
vn 0.0109 -0.1873 0.9822
vn 0.2329 -0.1660 0.9582
vn 0.4432 -0.1363 0.8860
vn 0.6313 -0.0997 0.7691
vn 0.7876 -0.0581 0.6134
vn 0.9042 -0.0136 0.4269
vn 0.9752 0.0316 0.2189
vn 0.9972 0.0751 -0.0000
vn 0.9689 0.1149 -0.2189
vn 0.8920 0.1489 -0.4267
vn 0.7704 0.1754 -0.6130
vn 0.6101 0.1931 -0.7685
vn 0.4193 0.2011 -0.8853
vn 0.2076 0.1990 -0.9578
vn -0.0144 0.1870 -0.9823
vn -0.2356 0.1657 -0.9576
vn -0.4449 0.1361 -0.8852
vn -0.6320 0.0997 -0.7685
vn -0.7875 0.0583 -0.6135
vn -0.9037 0.0141 -0.4279
vn -0.9748 -0.0309 -0.2210
vn -0.9999 -0.0040 0.0122
vn -0.9722 -0.0538 0.2279
vn -0.8960 -0.1010 0.4324
vn -0.7751 -0.1432 0.6154
vn -0.6153 -0.1783 0.7679
vn -0.4245 -0.2045 0.8820
vn -0.2123 -0.2204 0.9520
vn 0.0108 -0.2252 0.9743
vn 0.2335 -0.2186 0.9475
vn 0.4445 -0.2010 0.8729
vn 0.6332 -0.1732 0.7544
vn 0.7900 -0.1366 0.5977
vn 0.9069 -0.0931 0.4109
vn 0.9781 -0.0450 0.2033
vn 0.9999 0.0054 -0.0144
vn 0.9713 0.0554 -0.2314
vn 0.8937 0.1027 -0.4367
vn 0.7712 0.1447 -0.6199
vn 0.6100 0.1795 -0.7718
vn 0.4181 0.2052 -0.8849
vn 0.2054 0.2207 -0.9535
vn -0.0174 0.2251 -0.9742
vn -0.2392 0.2183 -0.9461
vn -0.4489 0.2007 -0.8708
vn -0.6360 0.1730 -0.7520
vn -0.7913 0.1368 -0.5959
vn -0.9072 0.0937 -0.4101
vn -0.9779 0.0460 -0.2040
vn -0.9906 0.1293 0.0454
vn -0.9638 0.0696 0.2576
vn -0.8893 0.0063 0.4572
vn -0.7708 -0.0574 0.6345
vn -0.6136 -0.1184 0.7807
vn -0.4255 -0.1736 0.8881
vn -0.2156 -0.2200 0.9514
vn 0.0056 -0.2553 0.9668
vn 0.2269 -0.2776 0.9335
vn 0.4369 -0.2856 0.8530
vn 0.6248 -0.2789 0.7292
vn 0.7811 -0.2579 0.5686
vn 0.8978 -0.2239 0.3793
vn 0.9690 -0.1787 0.1708
vn 0.9911 -0.1246 -0.0462
vn 0.9632 -0.0643 -0.2609
vn 0.8866 -0.0009 -0.4625
vn 0.7652 0.0625 -0.6407
vn 0.6052 0.1228 -0.7866
vn 0.4146 0.1770 -0.8926
vn 0.2032 0.2225 -0.9535
vn -0.0182 0.2570 -0.9662
vn -0.2383 0.2787 -0.9303
vn -0.4461 0.2865 -0.8479
vn -0.6311 0.2802 -0.7233
vn -0.7845 0.2599 -0.5631
vn -0.8988 0.2269 -0.3752
vn -0.9685 0.1826 -0.1690
vn -0.9147 0.3867 0.1169
vn -0.8916 0.3162 0.3241
vn -0.8252 0.2302 0.5158
vn -0.7185 0.1326 0.6828
vn -0.5761 0.0281 0.8169
vn -0.4046 -0.0783 0.9112
vn -0.2118 -0.1810 0.9604
vn -0.0073 -0.2746 0.9615
vn 0.1987 -0.3538 0.9139
vn 0.3955 -0.4142 0.8197
vn 0.5726 -0.4525 0.6837
vn 0.7205 -0.4669 0.5128
vn 0.8314 -0.4571 0.3161
vn 0.8996 -0.4243 0.1037
vn 0.9218 -0.3706 -0.1139
vn 0.8969 -0.2989 -0.3258
vn 0.8263 -0.2126 -0.5215
vn 0.7135 -0.1156 -0.6911
vn 0.5642 -0.0123 -0.8255
vn 0.3863 0.0924 -0.9177
vn 0.1892 0.1932 -0.9628
vn -0.0168 0.2848 -0.9584
vn -0.2208 0.3625 -0.9054
vn -0.4127 0.4221 -0.8071
vn -0.5831 0.4607 -0.6691
vn -0.7241 0.4765 -0.4986
vn -0.8291 0.4689 -0.3044
vn -0.8936 0.4385 -0.0959
vn -0.6025 0.7643 0.2298
vn -0.5884 0.6821 0.4342
vn -0.5456 0.5668 0.6173
vn -0.4763 0.4240 0.7703
vn -0.3840 0.2606 0.8858
vn -0.2731 0.0844 0.9583
vn -0.1489 -0.0960 0.9842
vn -0.0168 -0.2721 0.9621
vn 0.1171 -0.4353 0.8926
vn 0.2468 -0.5772 0.7784
vn 0.3658 -0.6905 0.6240
vn 0.4676 -0.7687 0.4363
vn 0.5462 -0.8071 0.2241
vn 0.5960 -0.8030 -0.0014
vn 0.6136 -0.7560 -0.2277
vn 0.5976 -0.6690 -0.4419
vn 0.5493 -0.5470 -0.6317
vn 0.4720 -0.3973 -0.7870
vn 0.3711 -0.2280 -0.9002
vn 0.2526 -0.0483 -0.9664
vn 0.1231 0.1331 -0.9834
vn -0.0109 0.3074 -0.9515
vn -0.1434 0.4662 -0.8730
vn -0.2682 0.6022 -0.7520
vn -0.3798 0.7087 -0.5945
vn -0.4730 0.7808 -0.4082
vn -0.5433 0.8149 -0.2020
vn -0.5872 0.8093 0.0142
vn -0.3203 0.9068 0.2742
vn -0.3143 0.8270 0.4661
vn -0.2945 0.7102 0.6394
vn -0.2610 0.5590 0.7870
vn -0.2143 0.3774 0.9009
vn -0.1557 0.1719 0.9727
vn -0.0875 -0.0475 0.9950
vn -0.0134 -0.2680 0.9633
vn 0.0619 -0.4751 0.8778
vn 0.1334 -0.6549 0.7438
vn 0.1968 -0.7968 0.5713
vn 0.2487 -0.8942 0.3721
vn 0.2872 -0.9447 0.1581
vn 0.3112 -0.9484 -0.0601
vn 0.3203 -0.9070 -0.2734
vn 0.3142 -0.8227 -0.4738
vn 0.2929 -0.6981 -0.6533
vn 0.2567 -0.5372 -0.8035
vn 0.2066 -0.3454 -0.9154
vn 0.1443 -0.1315 -0.9807
vn 0.0732 0.0925 -0.9930
vn -0.0023 0.3125 -0.9499
vn -0.0772 0.5138 -0.8544
vn -0.1467 0.6842 -0.7144
vn -0.2069 0.8153 -0.5408
vn -0.2554 0.9031 -0.3453
vn -0.2908 0.9467 -0.1386
vn -0.3125 0.9473 0.0704
vt 0.755020 0.719772
vt 0.779756 0.688636
vt 0.781591 0.689798
vt 0.756415 0.721475
vt 0.753502 0.718162
vt 0.777840 0.687514
vt 0.751937 0.716724
vt 0.775939 0.686490
vt 0.750403 0.715532
vt 0.774147 0.685613
vt 0.748977 0.714644
vt 0.772555 0.684929
vt 0.172439 0.488122
vt 0.172439 0.460815
vt 0.174653 0.460890
vt 0.174653 0.488274
vt 0.170313 0.487693
vt 0.170313 0.460342
vt 0.949362 0.717743
vt 0.941613 0.689920
vt 0.943763 0.689982
vt 0.951466 0.717646
vt 0.947238 0.718241
vt 0.939410 0.690152
vt 0.945199 0.719115
vt 0.937265 0.690665
vt 0.943349 0.720321
vt 0.935285 0.691433
vt 0.941779 0.721800
vt 0.933571 0.692419
vt 0.879998 0.707976
vt 0.855123 0.675397
vt 0.856548 0.674355
vt 0.880977 0.706363
vt 0.878763 0.709662
vt 0.853439 0.676510
vt 0.877335 0.711337
vt 0.851582 0.677636
vt 0.875786 0.712917
vt 0.849644 0.678719
vt 0.874193 0.714323
vt 0.847723 0.679706
vt 0.872636 0.715484
vt 0.845915 0.680546
vt 0.871194 0.716343
vt 0.844311 0.681198
vt 0.365087 0.474099
vt 0.365087 0.442010
vt 0.367301 0.441936
vt 0.367301 0.473949
vt 0.362961 0.474527
vt 0.362961 0.442481
vt 0.914700 0.733475
vt 0.923606 0.701316
vt 0.925757 0.701247
vt 0.916804 0.733565
vt 0.912573 0.732984
vt 0.921403 0.701092
vt 0.910532 0.732117
vt 0.919256 0.700586
vt 0.908677 0.730916
vt 0.917274 0.699825
vt 0.907103 0.729443
vt 0.915556 0.698845
vt 0.757615 0.723185
vt 0.783252 0.690943
vt 0.784656 0.692012
vt 0.758563 0.724815
vt 0.796424 0.648550
vt 0.798485 0.649196
vt 0.794302 0.647898
vt 0.792225 0.647273
vt 0.790297 0.646707
vt 0.788615 0.646229
vt 0.945754 0.690334
vt 0.943847 0.653259
vt 0.945572 0.653796
vt 0.947484 0.690958
vt 0.941855 0.652878
vt 0.939695 0.652674
vt 0.937474 0.652657
vt 0.935306 0.652828
vt 0.933298 0.653177
vt 0.931550 0.653688
vt 0.838920 0.634205
vt 0.840567 0.633696
vt 0.837012 0.634777
vt 0.834938 0.635383
vt 0.832803 0.635993
vt 0.830715 0.636577
vt 0.828776 0.637104
vt 0.827085 0.637548
vt 0.927746 0.700889
vt 0.929828 0.659221
vt 0.931550 0.658677
vt 0.929475 0.700260
vt 0.927836 0.659607
vt 0.925677 0.659818
vt 0.923456 0.659843
vt 0.921287 0.659680
vt 0.919278 0.659337
vt 0.917529 0.658832
vt 0.800382 0.649805
vt 0.802018 0.650346
vt 0.806014 0.601526
vt 0.808159 0.601788
vt 0.803813 0.601229
vt 0.801669 0.600912
vt 0.799687 0.600590
vt 0.797968 0.600281
vt 0.946500 0.608485
vt 0.948229 0.608939
vt 0.944508 0.608103
vt 0.942352 0.607811
vt 0.940140 0.607625
vt 0.937983 0.607553
vt 0.935989 0.607600
vt 0.934258 0.607763
vt 0.830180 0.586595
vt 0.831905 0.586473
vt 0.828193 0.586771
vt 0.826043 0.586991
vt 0.823837 0.587244
vt 0.821687 0.587519
vt 0.819699 0.587800
vt 0.817975 0.588075
vt 0.926850 0.611036
vt 0.928577 0.610576
vt 0.924859 0.611425
vt 0.922703 0.611723
vt 0.920492 0.611917
vt 0.918335 0.611995
vt 0.916341 0.611955
vt 0.914611 0.611798
vt 0.810142 0.602002
vt 0.811863 0.602157
vt 0.809509 0.549825
vt 0.811675 0.549819
vt 0.807289 0.549780
vt 0.805127 0.549688
vt 0.803131 0.549553
vt 0.801401 0.549381
vt 0.952386 0.558332
vt 0.954123 0.558705
vt 0.950391 0.557971
vt 0.948239 0.557642
vt 0.946037 0.557361
vt 0.943897 0.557141
vt 0.941924 0.556993
vt 0.940219 0.556926
vt 0.827703 0.534764
vt 0.829443 0.534900
vt 0.825700 0.534670
vt 0.823535 0.534621
vt 0.821314 0.534622
vt 0.819151 0.534671
vt 0.817153 0.534766
vt 0.815420 0.534903
vt 0.920533 0.558563
vt 0.922270 0.558185
vt 0.918540 0.558930
vt 0.916389 0.559266
vt 0.914188 0.559555
vt 0.912048 0.559782
vt 0.910076 0.559936
vt 0.908371 0.560009
vt 0.813679 0.549763
vt 0.815421 0.549660
vt 0.807981 0.495733
vt 0.810143 0.495540
vt 0.805765 0.495872
vt 0.803607 0.495951
vt 0.801614 0.495964
vt 0.799887 0.495912
vt 0.960050 0.505227
vt 0.961799 0.505515
vt 0.958049 0.504912
vt 0.955897 0.504586
vt 0.953700 0.504267
vt 0.951570 0.503970
vt 0.949614 0.503709
vt 0.947928 0.503499
vt 0.830292 0.480926
vt 0.832024 0.481229
vt 0.828297 0.480649
vt 0.826139 0.480413
vt 0.823926 0.480230
vt 0.821770 0.480109
vt 0.819778 0.480056
vt 0.818051 0.480073
vt 0.912472 0.503924
vt 0.914220 0.503630
vt 0.910472 0.504246
vt 0.908320 0.504578
vt 0.906125 0.504905
vt 0.903996 0.505209
vt 0.902040 0.505476
vt 0.900356 0.505693
vt 0.812143 0.495302
vt 0.813880 0.495032
vt 0.802540 0.441498
vt 0.804689 0.441171
vt 0.800338 0.441778
vt 0.798193 0.441996
vt 0.796213 0.442141
vt 0.794497 0.442207
vt 0.967990 0.451557
vt 0.969753 0.451748
vt 0.965979 0.451314
vt 0.963820 0.451032
vt 0.961622 0.450726
vt 0.959495 0.450409
vt 0.957545 0.450099
vt 0.955871 0.449811
vt 0.836745 0.427312
vt 0.838465 0.427716
vt 0.834764 0.426915
vt 0.832621 0.426545
vt 0.830425 0.426222
vt 0.828285 0.425962
vt 0.826309 0.425777
vt 0.824595 0.425677
vt 0.904209 0.449281
vt 0.905972 0.449084
vt 0.902199 0.449530
vt 0.900041 0.449819
vt 0.897844 0.450133
vt 0.895718 0.450456
vt 0.893769 0.450772
vt 0.892096 0.451066
vt 0.806677 0.440813
vt 0.808405 0.440441
vt 0.794309 0.389318
vt 0.796443 0.388895
vt 0.792124 0.389712
vt 0.789999 0.390056
vt 0.788040 0.390334
vt 0.786344 0.390530
vt 0.974687 0.399651
vt 0.976465 0.399717
vt 0.972662 0.399519
vt 0.970492 0.399329
vt 0.968285 0.399091
vt 0.966153 0.398816
vt 0.964202 0.398517
vt 0.962530 0.398211
vt 0.845851 0.376182
vt 0.847563 0.376634
vt 0.843883 0.375711
vt 0.841757 0.375246
vt 0.839581 0.374810
vt 0.837463 0.374423
vt 0.835510 0.374106
vt 0.833819 0.373875
vt 0.897274 0.396852
vt 0.899052 0.396779
vt 0.895249 0.396990
vt 0.893080 0.397187
vt 0.890874 0.397433
vt 0.888743 0.397715
vt 0.886793 0.398020
vt 0.885122 0.398332
vt 0.798420 0.388463
vt 0.800140 0.388044
vt 0.784394 0.341309
vt 0.786515 0.340819
vt 0.782230 0.341804
vt 0.780132 0.342279
vt 0.778204 0.342711
vt 0.776544 0.343078
vt 0.978612 0.351779
vt 0.980403 0.351666
vt 0.976575 0.351824
vt 0.974393 0.351801
vt 0.972176 0.351709
vt 0.970035 0.351555
vt 0.968078 0.351344
vt 0.966402 0.351089
vt 0.856378 0.329855
vt 0.858092 0.330295
vt 0.854416 0.329357
vt 0.852305 0.328825
vt 0.850152 0.328287
vt 0.848063 0.327771
vt 0.846145 0.327300
vt 0.844492 0.326900
vt 0.893185 0.348916
vt 0.894976 0.349023
vt 0.891147 0.348877
vt 0.888966 0.348908
vt 0.886749 0.349007
vt 0.884609 0.349169
vt 0.882652 0.349385
vt 0.880978 0.349647
vt 0.788486 0.340359
vt 0.790208 0.339951
vt 0.773848 0.299423
vt 0.775959 0.298897
vt 0.771710 0.300019
vt 0.769652 0.300656
vt 0.767778 0.301302
vt 0.766182 0.301924
vt 0.978209 0.310118
vt 0.979991 0.309716
vt 0.976182 0.310469
vt 0.974009 0.310749
vt 0.971801 0.310946
vt 0.969669 0.311050
vt 0.967718 0.311055
vt 0.966047 0.310960
vt 0.867037 0.290788
vt 0.868778 0.291132
vt 0.865066 0.290321
vt 0.862965 0.289754
vt 0.860839 0.289116
vt 0.858795 0.288438
vt 0.856934 0.287755
vt 0.855351 0.287101
vt 0.893435 0.307845
vt 0.895218 0.308242
vt 0.891406 0.307502
vt 0.889232 0.307228
vt 0.887024 0.307038
vt 0.884891 0.306942
vt 0.882940 0.306944
vt 0.881270 0.307044
vt 0.777938 0.298469
vt 0.779686 0.298158
vt 0.763578 0.265302
vt 0.765692 0.264787
vt 0.761475 0.266013
vt 0.759488 0.266885
vt 0.757719 0.267873
vt 0.756254 0.268928
vt 0.971757 0.276676
vt 0.973413 0.275756
vt 0.969865 0.277589
vt 0.967833 0.278449
vt 0.965762 0.279213
vt 0.963757 0.279843
vt 0.961917 0.280307
vt 0.960336 0.280583
vt 0.876406 0.261703
vt 0.878229 0.261795
vt 0.874392 0.261370
vt 0.872287 0.260814
vt 0.870199 0.260061
vt 0.868230 0.259150
vt 0.866480 0.258127
vt 0.865037 0.257042
vt 0.899348 0.276182
vt 0.901008 0.277097
vt 0.897454 0.275276
vt 0.895419 0.274422
vt 0.893346 0.273665
vt 0.891338 0.273041
vt 0.889497 0.272583
vt 0.887915 0.272313
vt 0.767712 0.264493
vt 0.769537 0.264436
vt 0.754503 0.241129
vt 0.756645 0.240685
vt 0.752444 0.241956
vt 0.750571 0.243125
vt 0.748977 0.244576
vt 0.958060 0.251942
vt 0.958925 0.250422
vt 0.974751 0.274875
vt 0.956965 0.253620
vt 0.955695 0.255372
vt 0.954313 0.257109
vt 0.952888 0.258746
vt 0.951493 0.260199
vt 0.950197 0.261396
vt 0.536454 0.231344
vt 0.540690 0.214021
vt 0.542652 0.214520
vt 0.538288 0.232487
vt 0.534409 0.230494
vt 0.538551 0.213648
vt 0.532257 0.229979
vt 0.536342 0.213419
vt 0.878845 0.244241
vt 0.880978 0.244727
vt 0.876802 0.243374
vt 0.874952 0.242168
vt 0.873388 0.240685
vt 0.912787 0.257983
vt 0.913657 0.259500
vt 0.902349 0.277973
vt 0.911687 0.256309
vt 0.910411 0.254562
vt 0.909023 0.252829
vt 0.907593 0.251197
vt 0.906193 0.249748
vt 0.904893 0.248555
vt 0.729266 0.225685
vt 0.725474 0.201336
vt 0.727467 0.200982
vt 0.731179 0.224679
vt 0.727165 0.226384
vt 0.723313 0.201552
vt 0.724982 0.226740
vt 0.721094 0.201619
vt 0.718927 0.201534
vt 0.721193 0.171097
vt 0.723347 0.171348
vt 0.716922 0.201302
vt 0.719176 0.171016
vt 0.715178 0.200933
vt 0.717396 0.171109
vt 0.713783 0.200447
vt 0.715944 0.171371
vt 0.931872 0.242540
vt 0.931805 0.240685
vt 0.931894 0.244619
vt 0.931870 0.246819
vt 0.931803 0.249030
vt 0.931694 0.251140
vt 0.931550 0.253043
vt 0.542657 0.194286
vt 0.544339 0.193677
vt 0.544339 0.215119
vt 0.540699 0.194798
vt 0.538564 0.195188
vt 0.536357 0.195436
vt 0.534175 0.213346
vt 0.534191 0.195529
vt 0.532158 0.213432
vt 0.532173 0.195464
vt 0.530392 0.213673
vt 0.530405 0.195242
vt 0.528965 0.214057
vt 0.528975 0.194876
vt 0.931535 0.251188
vt 0.931475 0.253042
vt 0.931550 0.249108
vt 0.931520 0.246908
vt 0.931445 0.244698
vt 0.931329 0.242588
vt 0.931179 0.240685
vt 0.729546 0.172956
vt 0.731179 0.173687
vt 0.729193 0.200508
vt 0.727631 0.172301
vt 0.725530 0.171756
s 1
usemtl Material.003
f 6111/7499/6093 6139/7500/6121 6166/7501/6148 6138/7502/6120
f 6112/7503/6094 6140/7504/6122 6139/7500/6121 6111/7499/6093
f 6113/7505/6095 6141/7506/6123 6140/7504/6122 6112/7503/6094
f 6114/7507/6096 6142/7508/6124 6141/7506/6123 6113/7505/6095
f 6115/7509/6097 6143/7510/6125 6142/7508/6124 6114/7507/6096
f 6116/7511/6098 6144/7512/6126 6143/7513/6125 6115/7514/6097
f 6117/7515/6099 6145/7516/6127 6144/7512/6126 6116/7511/6098
f 6118/7517/6100 6146/7518/6128 6145/7519/6127 6117/7520/6099
f 6119/7521/6101 6147/7522/6129 6146/7518/6128 6118/7517/6100
f 6120/7523/6102 6148/7524/6130 6147/7522/6129 6119/7521/6101
f 6121/7525/6103 6149/7526/6131 6148/7524/6130 6120/7523/6102
f 6122/7527/6104 6150/7528/6132 6149/7526/6131 6121/7525/6103
f 6123/7529/6105 6151/7530/6133 6150/7531/6132 6122/7532/6104
f 6124/7533/6106 6152/7534/6134 6151/7530/6133 6123/7529/6105
f 6125/7535/6107 6153/7536/6135 6152/7534/6134 6124/7533/6106
f 6126/7537/6108 6154/7538/6136 6153/7536/6135 6125/7535/6107
f 6127/7539/6109 6155/7540/6137 6154/7538/6136 6126/7537/6108
f 6128/7541/6110 6156/7542/6138 6155/7540/6137 6127/7539/6109
f 6129/7543/6111 6157/7544/6139 6156/7542/6138 6128/7541/6110
f 6130/7545/6112 6158/7546/6140 6157/7547/6139 6129/7548/6111
f 6131/7549/6113 6159/7550/6141 6158/7546/6140 6130/7545/6112
f 6132/7551/6114 6160/7552/6142 6159/7553/6141 6131/7554/6113
f 6133/7555/6115 6161/7556/6143 6160/7552/6142 6132/7551/6114
f 6134/7557/6116 6162/7558/6144 6161/7556/6143 6133/7555/6115
f 6135/7559/6117 6163/7560/6145 6162/7558/6144 6134/7557/6116
f 6136/7561/6118 6164/7562/6146 6163/7560/6145 6135/7559/6117
f 6137/7563/6119 6165/7564/6147 6164/7565/6146 6136/7566/6118
f 6138/7502/6120 6166/7501/6148 6165/7564/6147 6137/7563/6119
f 6139/7500/6121 6167/7567/6149 6194/7568/6176 6166/7501/6148
f 6140/7504/6122 6168/7569/6150 6167/7567/6149 6139/7500/6121
f 6141/7506/6123 6169/7570/6151 6168/7569/6150 6140/7504/6122
f 6142/7508/6124 6170/7571/6152 6169/7570/6151 6141/7506/6123
f 6143/7510/6125 6171/7572/6153 6170/7571/6152 6142/7508/6124
f 6144/7573/6126 6172/7574/6154 6171/7575/6153 6143/7576/6125
f 6145/7519/6127 6173/7577/6155 6172/7574/6154 6144/7573/6126
f 6146/7518/6128 6174/7578/6156 6173/7577/6155 6145/7519/6127
f 6147/7522/6129 6175/7579/6157 6174/7578/6156 6146/7518/6128
f 6148/7524/6130 6176/7580/6158 6175/7579/6157 6147/7522/6129
f 6149/7526/6131 6177/7581/6159 6176/7580/6158 6148/7524/6130
f 6150/7528/6132 6178/7582/6160 6177/7581/6159 6149/7526/6131
f 6151/7530/6133 6179/7583/6161 6178/7584/6160 6150/7531/6132
f 6152/7534/6134 6180/7585/6162 6179/7583/6161 6151/7530/6133
f 6153/7536/6135 6181/7586/6163 6180/7585/6162 6152/7534/6134
f 6154/7538/6136 6182/7587/6164 6181/7586/6163 6153/7536/6135
f 6155/7540/6137 6183/7588/6165 6182/7587/6164 6154/7538/6136
f 6156/7542/6138 6184/7589/6166 6183/7588/6165 6155/7540/6137
f 6157/7544/6139 6185/7590/6167 6184/7589/6166 6156/7542/6138
f 6158/7591/6140 6186/7592/6168 6185/7593/6167 6157/7594/6139
f 6159/7553/6141 6187/7595/6169 6186/7592/6168 6158/7591/6140
f 6160/7552/6142 6188/7596/6170 6187/7595/6169 6159/7553/6141
f 6161/7556/6143 6189/7597/6171 6188/7596/6170 6160/7552/6142
f 6162/7558/6144 6190/7598/6172 6189/7597/6171 6161/7556/6143
f 6163/7560/6145 6191/7599/6173 6190/7598/6172 6162/7558/6144
f 6164/7562/6146 6192/7600/6174 6191/7599/6173 6163/7560/6145
f 6165/7564/6147 6193/7601/6175 6192/7602/6174 6164/7565/6146
f 6166/7501/6148 6194/7568/6176 6193/7601/6175 6165/7564/6147
f 6167/7567/6149 6195/7603/6177 6222/7604/6204 6194/7568/6176
f 6168/7569/6150 6196/7605/6178 6195/7603/6177 6167/7567/6149
f 6169/7570/6151 6197/7606/6179 6196/7605/6178 6168/7569/6150
f 6170/7571/6152 6198/7607/6180 6197/7606/6179 6169/7570/6151
f 6171/7572/6153 6199/7608/6181 6198/7607/6180 6170/7571/6152
f 6172/7574/6154 6200/7609/6182 6199/7610/6181 6171/7575/6153
f 6173/7577/6155 6201/7611/6183 6200/7609/6182 6172/7574/6154
f 6174/7578/6156 6202/7612/6184 6201/7611/6183 6173/7577/6155
f 6175/7579/6157 6203/7613/6185 6202/7612/6184 6174/7578/6156
f 6176/7580/6158 6204/7614/6186 6203/7613/6185 6175/7579/6157
f 6177/7581/6159 6205/7615/6187 6204/7614/6186 6176/7580/6158
f 6178/7582/6160 6206/7616/6188 6205/7615/6187 6177/7581/6159
f 6179/7583/6161 6207/7617/6189 6206/7618/6188 6178/7584/6160
f 6180/7585/6162 6208/7619/6190 6207/7617/6189 6179/7583/6161
f 6181/7586/6163 6209/7620/6191 6208/7619/6190 6180/7585/6162
f 6182/7587/6164 6210/7621/6192 6209/7620/6191 6181/7586/6163
f 6183/7588/6165 6211/7622/6193 6210/7621/6192 6182/7587/6164
f 6184/7589/6166 6212/7623/6194 6211/7622/6193 6183/7588/6165
f 6185/7590/6167 6213/7624/6195 6212/7623/6194 6184/7589/6166
f 6186/7592/6168 6214/7625/6196 6213/7626/6195 6185/7593/6167
f 6187/7595/6169 6215/7627/6197 6214/7625/6196 6186/7592/6168
f 6188/7596/6170 6216/7628/6198 6215/7627/6197 6187/7595/6169
f 6189/7597/6171 6217/7629/6199 6216/7628/6198 6188/7596/6170
f 6190/7598/6172 6218/7630/6200 6217/7629/6199 6189/7597/6171
f 6191/7599/6173 6219/7631/6201 6218/7630/6200 6190/7598/6172
f 6192/7600/6174 6220/7632/6202 6219/7631/6201 6191/7599/6173
f 6193/7601/6175 6221/7633/6203 6220/7634/6202 6192/7602/6174
f 6194/7568/6176 6222/7604/6204 6221/7633/6203 6193/7601/6175
f 6195/7603/6177 6223/7635/6205 6250/7636/6232 6222/7604/6204
f 6196/7605/6178 6224/7637/6206 6223/7635/6205 6195/7603/6177
f 6197/7606/6179 6225/7638/6207 6224/7637/6206 6196/7605/6178
f 6198/7607/6180 6226/7639/6208 6225/7638/6207 6197/7606/6179
f 6199/7608/6181 6227/7640/6209 6226/7639/6208 6198/7607/6180
f 6200/7609/6182 6228/7641/6210 6227/7642/6209 6199/7610/6181
f 6201/7611/6183 6229/7643/6211 6228/7641/6210 6200/7609/6182
f 6202/7612/6184 6230/7644/6212 6229/7643/6211 6201/7611/6183
f 6203/7613/6185 6231/7645/6213 6230/7644/6212 6202/7612/6184
f 6204/7614/6186 6232/7646/6214 6231/7645/6213 6203/7613/6185
f 6205/7615/6187 6233/7647/6215 6232/7646/6214 6204/7614/6186
f 6206/7616/6188 6234/7648/6216 6233/7647/6215 6205/7615/6187
f 6207/7617/6189 6235/7649/6217 6234/7650/6216 6206/7618/6188
f 6208/7619/6190 6236/7651/6218 6235/7649/6217 6207/7617/6189
f 6209/7620/6191 6237/7652/6219 6236/7651/6218 6208/7619/6190
f 6210/7621/6192 6238/7653/6220 6237/7652/6219 6209/7620/6191
f 6211/7622/6193 6239/7654/6221 6238/7653/6220 6210/7621/6192
f 6212/7623/6194 6240/7655/6222 6239/7654/6221 6211/7622/6193
f 6213/7624/6195 6241/7656/6223 6240/7655/6222 6212/7623/6194
f 6214/7625/6196 6242/7657/6224 6241/7658/6223 6213/7626/6195
f 6215/7627/6197 6243/7659/6225 6242/7657/6224 6214/7625/6196
f 6216/7628/6198 6244/7660/6226 6243/7659/6225 6215/7627/6197
f 6217/7629/6199 6245/7661/6227 6244/7660/6226 6216/7628/6198
f 6218/7630/6200 6246/7662/6228 6245/7661/6227 6217/7629/6199
f 6219/7631/6201 6247/7663/6229 6246/7662/6228 6218/7630/6200
f 6220/7632/6202 6248/7664/6230 6247/7663/6229 6219/7631/6201
f 6221/7633/6203 6249/7665/6231 6248/7666/6230 6220/7634/6202
f 6222/7604/6204 6250/7636/6232 6249/7665/6231 6221/7633/6203
f 6223/7635/6205 6251/7667/6233 6278/7668/6260 6250/7636/6232
f 6224/7637/6206 6252/7669/6234 6251/7667/6233 6223/7635/6205
f 6225/7638/6207 6253/7670/6235 6252/7669/6234 6224/7637/6206
f 6226/7639/6208 6254/7671/6236 6253/7670/6235 6225/7638/6207
f 6227/7640/6209 6255/7672/6237 6254/7671/6236 6226/7639/6208
f 6228/7641/6210 6256/7673/6238 6255/7674/6237 6227/7642/6209
f 6229/7643/6211 6257/7675/6239 6256/7673/6238 6228/7641/6210
f 6230/7644/6212 6258/7676/6240 6257/7675/6239 6229/7643/6211
f 6231/7645/6213 6259/7677/6241 6258/7676/6240 6230/7644/6212
f 6232/7646/6214 6260/7678/6242 6259/7677/6241 6231/7645/6213
f 6233/7647/6215 6261/7679/6243 6260/7678/6242 6232/7646/6214
f 6234/7648/6216 6262/7680/6244 6261/7679/6243 6233/7647/6215
f 6235/7649/6217 6263/7681/6245 6262/7682/6244 6234/7650/6216
f 6236/7651/6218 6264/7683/6246 6263/7681/6245 6235/7649/6217
f 6237/7652/6219 6265/7684/6247 6264/7683/6246 6236/7651/6218
f 6238/7653/6220 6266/7685/6248 6265/7684/6247 6237/7652/6219
f 6239/7654/6221 6267/7686/6249 6266/7685/6248 6238/7653/6220
f 6240/7655/6222 6268/7687/6250 6267/7686/6249 6239/7654/6221
f 6241/7656/6223 6269/7688/6251 6268/7687/6250 6240/7655/6222
f 6242/7657/6224 6270/7689/6252 6269/7690/6251 6241/7658/6223
f 6243/7659/6225 6271/7691/6253 6270/7689/6252 6242/7657/6224
f 6244/7660/6226 6272/7692/6254 6271/7691/6253 6243/7659/6225
f 6245/7661/6227 6273/7693/6255 6272/7692/6254 6244/7660/6226
f 6246/7662/6228 6274/7694/6256 6273/7693/6255 6245/7661/6227
f 6247/7663/6229 6275/7695/6257 6274/7694/6256 6246/7662/6228
f 6248/7664/6230 6276/7696/6258 6275/7695/6257 6247/7663/6229
f 6249/7665/6231 6277/7697/6259 6276/7698/6258 6248/7666/6230
f 6250/7636/6232 6278/7668/6260 6277/7697/6259 6249/7665/6231
f 6251/7667/6233 6279/7699/6261 6306/7700/6288 6278/7668/6260
f 6252/7669/6234 6280/7701/6262 6279/7699/6261 6251/7667/6233
f 6253/7670/6235 6281/7702/6263 6280/7701/6262 6252/7669/6234
f 6254/7671/6236 6282/7703/6264 6281/7702/6263 6253/7670/6235
f 6255/7672/6237 6283/7704/6265 6282/7703/6264 6254/7671/6236
f 6256/7673/6238 6284/7705/6266 6283/7706/6265 6255/7674/6237
f 6257/7675/6239 6285/7707/6267 6284/7705/6266 6256/7673/6238
f 6258/7676/6240 6286/7708/6268 6285/7707/6267 6257/7675/6239
f 6259/7677/6241 6287/7709/6269 6286/7708/6268 6258/7676/6240
f 6260/7678/6242 6288/7710/6270 6287/7709/6269 6259/7677/6241
f 6261/7679/6243 6289/7711/6271 6288/7710/6270 6260/7678/6242
f 6262/7680/6244 6290/7712/6272 6289/7711/6271 6261/7679/6243
f 6263/7681/6245 6291/7713/6273 6290/7714/6272 6262/7682/6244
f 6264/7683/6246 6292/7715/6274 6291/7713/6273 6263/7681/6245
f 6265/7684/6247 6293/7716/6275 6292/7715/6274 6264/7683/6246
f 6266/7685/6248 6294/7717/6276 6293/7716/6275 6265/7684/6247
f 6267/7686/6249 6295/7718/6277 6294/7717/6276 6266/7685/6248
f 6268/7687/6250 6296/7719/6278 6295/7718/6277 6267/7686/6249
f 6269/7688/6251 6297/7720/6279 6296/7719/6278 6268/7687/6250
f 6270/7689/6252 6298/7721/6280 6297/7722/6279 6269/7690/6251
f 6271/7691/6253 6299/7723/6281 6298/7721/6280 6270/7689/6252
f 6272/7692/6254 6300/7724/6282 6299/7723/6281 6271/7691/6253
f 6273/7693/6255 6301/7725/6283 6300/7724/6282 6272/7692/6254
f 6274/7694/6256 6302/7726/6284 6301/7725/6283 6273/7693/6255
f 6275/7695/6257 6303/7727/6285 6302/7726/6284 6274/7694/6256
f 6276/7696/6258 6304/7728/6286 6303/7727/6285 6275/7695/6257
f 6277/7697/6259 6305/7729/6287 6304/7730/6286 6276/7698/6258
f 6278/7668/6260 6306/7700/6288 6305/7729/6287 6277/7697/6259
f 6279/7699/6261 6307/7731/6289 6334/7732/6316 6306/7700/6288
f 6280/7701/6262 6308/7733/6290 6307/7731/6289 6279/7699/6261
f 6281/7702/6263 6309/7734/6291 6308/7733/6290 6280/7701/6262
f 6282/7703/6264 6310/7735/6292 6309/7734/6291 6281/7702/6263
f 6283/7704/6265 6311/7736/6293 6310/7735/6292 6282/7703/6264
f 6284/7705/6266 6312/7737/6294 6311/7738/6293 6283/7706/6265
f 6285/7707/6267 6313/7739/6295 6312/7737/6294 6284/7705/6266
f 6286/7708/6268 6314/7740/6296 6313/7739/6295 6285/7707/6267
f 6287/7709/6269 6315/7741/6297 6314/7740/6296 6286/7708/6268
f 6288/7710/6270 6316/7742/6298 6315/7741/6297 6287/7709/6269
f 6289/7711/6271 6317/7743/6299 6316/7742/6298 6288/7710/6270
f 6290/7712/6272 6318/7744/6300 6317/7743/6299 6289/7711/6271
f 6291/7713/6273 6319/7745/6301 6318/7746/6300 6290/7714/6272
f 6292/7715/6274 6320/7747/6302 6319/7745/6301 6291/7713/6273
f 6293/7716/6275 6321/7748/6303 6320/7747/6302 6292/7715/6274
f 6294/7717/6276 6322/7749/6304 6321/7748/6303 6293/7716/6275
f 6295/7718/6277 6323/7750/6305 6322/7749/6304 6294/7717/6276
f 6296/7719/6278 6324/7751/6306 6323/7750/6305 6295/7718/6277
f 6297/7720/6279 6325/7752/6307 6324/7751/6306 6296/7719/6278
f 6298/7721/6280 6326/7753/6308 6325/7754/6307 6297/7722/6279
f 6299/7723/6281 6327/7755/6309 6326/7753/6308 6298/7721/6280
f 6300/7724/6282 6328/7756/6310 6327/7755/6309 6299/7723/6281
f 6301/7725/6283 6329/7757/6311 6328/7756/6310 6300/7724/6282
f 6302/7726/6284 6330/7758/6312 6329/7757/6311 6301/7725/6283
f 6303/7727/6285 6331/7759/6313 6330/7758/6312 6302/7726/6284
f 6304/7728/6286 6332/7760/6314 6331/7759/6313 6303/7727/6285
f 6305/7729/6287 6333/7761/6315 6332/7762/6314 6304/7730/6286
f 6306/7700/6288 6334/7732/6316 6333/7761/6315 6305/7729/6287
f 6307/7731/6289 6335/7763/6317 6362/7764/6344 6334/7732/6316
f 6308/7733/6290 6336/7765/6318 6335/7763/6317 6307/7731/6289
f 6309/7734/6291 6337/7766/6319 6336/7765/6318 6308/7733/6290
f 6310/7735/6292 6338/7767/6320 6337/7766/6319 6309/7734/6291
f 6311/7736/6293 6339/7768/6321 6338/7767/6320 6310/7735/6292
f 6312/7737/6294 6340/7769/6322 6339/7770/6321 6311/7738/6293
f 6313/7739/6295 6341/7771/6323 6340/7769/6322 6312/7737/6294
f 6314/7740/6296 6342/7772/6324 6341/7771/6323 6313/7739/6295
f 6315/7741/6297 6343/7773/6325 6342/7772/6324 6314/7740/6296
f 6316/7742/6298 6344/7774/6326 6343/7773/6325 6315/7741/6297
f 6317/7743/6299 6345/7775/6327 6344/7774/6326 6316/7742/6298
f 6318/7744/6300 6346/7776/6328 6345/7775/6327 6317/7743/6299
f 6319/7745/6301 6347/7777/6329 6346/7778/6328 6318/7746/6300
f 6320/7747/6302 6348/7779/6330 6347/7777/6329 6319/7745/6301
f 6321/7748/6303 6349/7780/6331 6348/7779/6330 6320/7747/6302
f 6322/7749/6304 6350/7781/6332 6349/7780/6331 6321/7748/6303
f 6323/7750/6305 6351/7782/6333 6350/7781/6332 6322/7749/6304
f 6324/7751/6306 6352/7783/6334 6351/7782/6333 6323/7750/6305
f 6325/7752/6307 6353/7784/6335 6352/7783/6334 6324/7751/6306
f 6326/7753/6308 6354/7785/6336 6353/7786/6335 6325/7754/6307
f 6327/7755/6309 6355/7787/6337 6354/7785/6336 6326/7753/6308
f 6328/7756/6310 6356/7788/6338 6355/7787/6337 6327/7755/6309
f 6329/7757/6311 6357/7789/6339 6356/7788/6338 6328/7756/6310
f 6330/7758/6312 6358/7790/6340 6357/7789/6339 6329/7757/6311
f 6331/7759/6313 6359/7791/6341 6358/7790/6340 6330/7758/6312
f 6332/7760/6314 6360/7792/6342 6359/7791/6341 6331/7759/6313
f 6333/7761/6315 6361/7793/6343 6360/7794/6342 6332/7762/6314
f 6334/7732/6316 6362/7764/6344 6361/7793/6343 6333/7761/6315
f 6335/7763/6317 6363/7795/6345 6390/7796/6372 6362/7764/6344
f 6336/7765/6318 6364/7797/6346 6363/7795/6345 6335/7763/6317
f 6337/7766/6319 6365/7798/6347 6364/7797/6346 6336/7765/6318
f 6338/7767/6320 6366/7799/6348 6365/7798/6347 6337/7766/6319
f 6339/7768/6321 6367/7800/6349 6366/7799/6348 6338/7767/6320
f 6340/7769/6322 6368/7801/6350 6367/7802/6349 6339/7770/6321
f 6341/7771/6323 6369/7803/6351 6368/7801/6350 6340/7769/6322
f 6342/7772/6324 6370/7804/6352 6369/7803/6351 6341/7771/6323
f 6343/7773/6325 6371/7805/6353 6370/7804/6352 6342/7772/6324
f 6344/7774/6326 6372/7806/6354 6371/7805/6353 6343/7773/6325
f 6345/7775/6327 6373/7807/6355 6372/7806/6354 6344/7774/6326
f 6346/7776/6328 6374/7808/6356 6373/7807/6355 6345/7775/6327
f 6347/7777/6329 6375/7809/6357 6374/7810/6356 6346/7778/6328
f 6348/7779/6330 6376/7811/6358 6375/7809/6357 6347/7777/6329
f 6349/7780/6331 6377/7812/6359 6376/7811/6358 6348/7779/6330
f 6350/7781/6332 6378/7813/6360 6377/7812/6359 6349/7780/6331
f 6351/7782/6333 6379/7814/6361 6378/7813/6360 6350/7781/6332
f 6352/7783/6334 6380/7815/6362 6379/7814/6361 6351/7782/6333
f 6353/7784/6335 6381/7816/6363 6380/7815/6362 6352/7783/6334
f 6354/7785/6336 6382/7817/6364 6381/7818/6363 6353/7786/6335
f 6355/7787/6337 6383/7819/6365 6382/7817/6364 6354/7785/6336
f 6356/7788/6338 6384/7820/6366 6383/7819/6365 6355/7787/6337
f 6357/7789/6339 6385/7821/6367 6384/7820/6366 6356/7788/6338
f 6358/7790/6340 6386/7822/6368 6385/7821/6367 6357/7789/6339
f 6359/7791/6341 6387/7823/6369 6386/7822/6368 6358/7790/6340
f 6360/7792/6342 6388/7824/6370 6387/7823/6369 6359/7791/6341
f 6361/7793/6343 6389/7825/6371 6388/7826/6370 6360/7794/6342
f 6362/7764/6344 6390/7796/6372 6389/7825/6371 6361/7793/6343
f 6363/7795/6345 6391/7827/6373 6418/7828/6400 6390/7796/6372
f 6364/7797/6346 6392/7829/6374 6391/7827/6373 6363/7795/6345
f 6365/7798/6347 6393/7830/6375 6392/7829/6374 6364/7797/6346
f 6366/7799/6348 6394/7831/6376 6393/7830/6375 6365/7798/6347
f 6367/7800/6349 6395/7832/6377 6394/7831/6376 6366/7799/6348
f 6368/7801/6350 6396/7833/6378 6395/7834/6377 6367/7802/6349
f 6369/7803/6351 6397/7835/6379 6396/7833/6378 6368/7801/6350
f 6370/7804/6352 6398/7836/6380 6397/7835/6379 6369/7803/6351
f 6371/7805/6353 6399/7837/6381 6398/7836/6380 6370/7804/6352
f 6372/7806/6354 6400/7838/6382 6399/7837/6381 6371/7805/6353
f 6373/7807/6355 6401/7839/6383 6400/7838/6382 6372/7806/6354
f 6374/7808/6356 6402/7840/6384 6401/7839/6383 6373/7807/6355
f 6375/7809/6357 6403/7841/6385 6402/7842/6384 6374/7810/6356
f 6376/7811/6358 6404/7843/6386 6403/7841/6385 6375/7809/6357
f 6377/7812/6359 6405/7844/6387 6404/7843/6386 6376/7811/6358
f 6378/7813/6360 6406/7845/6388 6405/7844/6387 6377/7812/6359
f 6379/7814/6361 6407/7846/6389 6406/7845/6388 6378/7813/6360
f 6380/7815/6362 6408/7847/6390 6407/7846/6389 6379/7814/6361
f 6381/7816/6363 6409/7848/6391 6408/7847/6390 6380/7815/6362
f 6382/7817/6364 6410/7849/6392 6409/7850/6391 6381/7818/6363
f 6383/7819/6365 6411/7851/6393 6410/7849/6392 6382/7817/6364
f 6384/7820/6366 6412/7852/6394 6411/7851/6393 6383/7819/6365
f 6385/7821/6367 6413/7853/6395 6412/7852/6394 6384/7820/6366
f 6386/7822/6368 6414/7854/6396 6413/7853/6395 6385/7821/6367
f 6387/7823/6369 6415/7855/6397 6414/7854/6396 6386/7822/6368
f 6388/7824/6370 6416/7856/6398 6415/7855/6397 6387/7823/6369
f 6389/7825/6371 6417/7857/6399 6416/7858/6398 6388/7826/6370
f 6390/7796/6372 6418/7828/6400 6417/7857/6399 6389/7825/6371
f 6391/7827/6373 6419/7859/6401 6446/7860/6428 6418/7828/6400
f 6392/7829/6374 6420/7861/6402 6419/7859/6401 6391/7827/6373
f 6393/7830/6375 6421/7862/6403 6420/7861/6402 6392/7829/6374
f 6394/7831/6376 6422/7863/6404 6421/7862/6403 6393/7830/6375
f 6395/7834/6377 6423/7864/6405 6422/7865/6404 6394/7866/6376
f 6396/7833/6378 6424/7867/6406 6423/7864/6405 6395/7834/6377
f 6397/7835/6379 6425/7868/6407 6424/7867/6406 6396/7833/6378
f 6398/7836/6380 6426/7869/6408 6425/7868/6407 6397/7835/6379
f 6399/7837/6381 6427/7870/6409 6426/7869/6408 6398/7836/6380
f 6400/7838/6382 6428/7871/6410 6427/7870/6409 6399/7837/6381
f 6401/7839/6383 6429/7872/6411 6428/7871/6410 6400/7838/6382
f 6402/7873/6384 6430/7874/6412 6429/7875/6411 6401/7876/6383
f 6403/7877/6385 6431/7878/6413 6430/7874/6412 6402/7873/6384
f 6404/7879/6386 6432/7880/6414 6431/7878/6413 6403/7877/6385
f 6405/7844/6387 6433/7881/6415 6432/7882/6414 6404/7843/6386
f 6406/7845/6388 6434/7883/6416 6433/7881/6415 6405/7844/6387
f 6407/7846/6389 6435/7884/6417 6434/7883/6416 6406/7845/6388
f 6408/7847/6390 6436/7885/6418 6435/7884/6417 6407/7846/6389
f 6409/7850/6391 6437/7886/6419 6436/7887/6418 6408/7888/6390
f 6410/7849/6392 6438/7889/6420 6437/7886/6419 6409/7850/6391
f 6411/7851/6393 6439/7890/6421 6438/7889/6420 6410/7849/6392
f 6412/7852/6394 6440/7891/6422 6439/7890/6421 6411/7851/6393
f 6413/7853/6395 6441/7892/6423 6440/7891/6422 6412/7852/6394
f 6414/7854/6396 6442/7893/6424 6441/7892/6423 6413/7853/6395
f 6415/7855/6397 6443/7894/6425 6442/7893/6424 6414/7854/6396
f 6416/7895/6398 6444/7896/6426 6443/7897/6425 6415/7898/6397
f 6417/7899/6399 6445/7900/6427 6444/7896/6426 6416/7895/6398
f 6418/7901/6400 6446/7902/6428 6445/7900/6427 6417/7899/6399
f 6419/7903/6401 6447/7904/6429 6474/7905/6456 6446/7902/6428
f 6420/7906/6402 6448/7907/6430 6447/7904/6429 6419/7903/6401
f 6421/7908/6403 6449/7909/6431 6448/7907/6430 6420/7906/6402
f 6422/7910/6404 6450/7911/6432 6449/7909/6431 6421/7908/6403
f 6423/7864/6405 6451/7912/6433 6450/7913/6432 6422/7865/6404
f 6424/7867/6406 6452/7914/6434 6451/7912/6433 6423/7864/6405
f 6425/7868/6407 6453/7915/6435 6452/7914/6434 6424/7867/6406
f 6426/7869/6408 6454/7916/6436 6453/7915/6435 6425/7868/6407
f 6427/7870/6409 6455/7917/6437 6454/7916/6436 6426/7869/6408
f 6428/7871/6410 6456/7918/6438 6455/7917/6437 6427/7870/6409
f 6429/7875/6411 6457/7919/6439 6456/7920/6438 6428/7921/6410
f 6430/7874/6412 6458/7922/6440 6457/7919/6439 6429/7875/6411
f 6431/7878/6413 6459/7923/6441 6458/7922/6440 6430/7874/6412
f 6432/7880/6414 6460/7924/6442 6459/7923/6441 6431/7878/6413
f 6433/7925/6415 6461/7926/6443 6460/7924/6442 6432/7880/6414
f 6434/7927/6416 6462/7928/6444 6461/7926/6443 6433/7925/6415
f 6435/7929/6417 6463/7930/6445 6462/7928/6444 6434/7927/6416
f 6436/7931/6418 6464/7932/6446 6463/7930/6445 6435/7929/6417
f 6437/7886/6419 6465/7933/6447 6464/7934/6446 6436/7887/6418
f 6438/7889/6420 6466/7935/6448 6465/7933/6447 6437/7886/6419
f 6439/7890/6421 6467/7936/6449 6466/7935/6448 6438/7889/6420
f 6440/7891/6422 6468/7937/6450 6467/7936/6449 6439/7890/6421
f 6441/7892/6423 6469/7938/6451 6468/7937/6450 6440/7891/6422
f 6442/7893/6424 6470/7939/6452 6469/7938/6451 6441/7892/6423
f 6443/7897/6425 6471/7940/6453 6470/7941/6452 6442/7942/6424
f 6444/7896/6426 6472/7943/6454 6471/7940/6453 6443/7897/6425
f 6445/7900/6427 6473/7944/6455 6472/7943/6454 6444/7896/6426
f 6446/7902/6428 6474/7905/6456 6473/7944/6455 6445/7900/6427
