# Blender 5.0.1
# www.blender.org
mtllib house.mtl
o House
v -0.828477 -0.000912 0.828477
v -0.797136 0.139885 0.797135
v -0.828477 -0.000912 -0.812807
v -0.797136 0.139884 -0.797136
v 0.812806 -0.000912 0.828476
v 0.797136 0.139885 0.797135
v 0.812806 -0.000912 -0.812807
v 0.797136 0.139884 -0.797136
v 0.812806 -0.000912 0.418156
v 0.812806 -0.000912 -0.402486
v 0.797136 0.139885 -0.398568
v 0.797136 0.139885 0.398567
v 0.914239 -0.000912 0.418156
v 0.914239 -0.000912 -0.402486
v 0.898568 0.139885 -0.398568
v 0.898568 0.139885 0.398567
v 1.002689 0.069486 0.408362
v 1.002689 0.069486 -0.400527
v 1.010524 -0.000912 -0.402486
v 1.010524 -0.000912 0.418156
v 0.906403 0.069486 -0.400527
v 0.906403 0.069486 0.408362
v 0.745000 0.139884 -0.750828
v 0.745000 1.993998 -0.075067
v 0.745000 0.380037 -0.787414
v 0.745000 0.366484 -0.785339
v 0.745000 0.612575 -0.823230
v 0.745000 0.598583 -0.821082
v 0.745000 0.843451 -0.858594
v 0.745000 0.830767 -0.856651
v 0.745000 1.065533 -0.892610
v 0.745000 1.074961 -0.888941
v 0.745000 1.307156 -0.683316
v 0.745000 1.294406 -0.694607
v 0.745000 1.525475 -0.489978
v 0.745000 1.757220 -0.284751
v 0.745000 1.768596 -0.274676
v 0.739769 1.070247 -0.886822
v 0.739085 0.837297 -0.851736
v 0.738962 0.605026 -0.816035
v 0.739003 0.373523 -0.780416
v 0.739140 1.763392 -0.273425
v 0.743419 1.536516 -0.478619
v 0.739081 1.532279 -0.478033
v 0.738998 1.301430 -0.682385
v 0.745000 1.993998 -0.066178
v 0.745000 0.139884 -0.700354
v 0.745000 0.380037 -0.734689
v 0.745000 0.366484 -0.732741
v 0.745000 0.612575 -0.768301
v 0.745000 0.598583 -0.766284
v 0.745000 0.843451 -0.801488
v 0.745000 0.830767 -0.799665
v 0.745000 1.065533 -0.833411
v 0.745000 1.074961 -0.829968
v 0.745000 1.307156 -0.636996
v 0.745000 1.294406 -0.647592
v 0.745000 1.525475 -0.455556
v 0.745000 1.757220 -0.262959
v 0.745000 1.768596 -0.253504
v 0.739768 1.070247 -0.827979
v 0.739003 0.373523 -0.728121
v 0.738962 0.605027 -0.761548
v 0.739085 0.837297 -0.795052
v 0.738998 1.301428 -0.636122
v 0.739081 1.532278 -0.444347
v 0.743417 1.536515 -0.444897
v 0.739140 1.763391 -0.252329
v 0.683061 0.139884 -0.750828
v 0.683061 0.380037 -0.787414
v 0.683061 0.366484 -0.785339
v 0.683061 0.612575 -0.823230
v 0.683061 0.598583 -0.821082
v 0.683061 0.843451 -0.858594
v 0.683061 0.830767 -0.856651
v 0.683061 1.065533 -0.892610
v 0.683061 1.074961 -0.888941
v 0.677439 0.837297 -0.851736
v 0.677322 0.605026 -0.816035
v 0.677361 0.373523 -0.780416
v 0.678089 1.070248 -0.886823
v 0.745000 0.598583 -0.837737
v 0.745000 0.380037 -0.804070
v 0.683061 0.380037 -0.804070
v 0.683061 0.598583 -0.837737
v 0.745000 1.065533 -0.909266
v 0.745000 0.843451 -0.875250
v 0.683061 0.843451 -0.875250
v 0.683061 1.065533 -0.909266
v 0.764915 0.366484 -0.785339
v 0.764915 0.139884 -0.750828
v 0.764915 0.830767 -0.856651
v 0.764915 0.612575 -0.823230
v 0.764915 0.139884 -0.700354
v 0.764915 0.366484 -0.732741
v 0.764915 0.612575 -0.768301
v 0.764915 0.830767 -0.799665
v -0.745000 0.139884 -0.750828
v -0.745000 1.993998 -0.075067
v -0.745000 0.380037 -0.787414
v -0.745000 0.366484 -0.785339
v -0.745000 0.612575 -0.823230
v -0.745000 0.598583 -0.821082
v -0.745000 0.843451 -0.858594
v -0.745000 0.830767 -0.856651
v -0.745000 1.065533 -0.892610
v -0.745000 1.074961 -0.888941
v -0.745000 1.307156 -0.683316
v -0.745000 1.294406 -0.694607
v -0.745000 1.525475 -0.489978
v -0.745000 1.757220 -0.284751
v -0.745000 1.768596 -0.274676
v -0.739769 1.070247 -0.886822
v -0.739085 0.837297 -0.851736
v -0.738962 0.605026 -0.816035
v -0.739002 0.373523 -0.780416
v -0.739140 1.763392 -0.273425
v -0.743419 1.536516 -0.478619
v -0.739081 1.532279 -0.478033
v -0.738998 1.301430 -0.682385
v -0.745000 1.993998 -0.066178
v -0.745000 0.139884 -0.700354
v -0.745000 0.380037 -0.734689
v -0.745000 0.366484 -0.732741
v -0.745000 0.612575 -0.768301
v -0.745000 0.598583 -0.766284
v -0.745000 0.843451 -0.801488
v -0.745000 0.830767 -0.799665
v -0.745000 1.065533 -0.833411
v -0.745000 1.074961 -0.829968
v -0.745000 1.307156 -0.636996
v -0.745000 1.294406 -0.647592
v -0.745000 1.525475 -0.455556
v -0.745000 1.757220 -0.262959
v -0.745000 1.768596 -0.253504
v -0.739768 1.070247 -0.827979
v -0.739002 0.373523 -0.728121
v -0.738962 0.605027 -0.761548
v -0.739085 0.837297 -0.795052
v -0.738998 1.301428 -0.636122
v -0.739081 1.532278 -0.444347
v -0.743416 1.536515 -0.444897
v -0.739140 1.763391 -0.252329
v -0.683061 0.139884 -0.750828
v -0.683061 0.380037 -0.787414
v -0.683061 0.366484 -0.785339
v -0.683061 0.612575 -0.823230
v -0.683061 0.598583 -0.821082
v -0.683061 0.843451 -0.858594
v -0.683061 0.830767 -0.856651
v -0.683061 1.065533 -0.892610
v -0.683061 1.074961 -0.888941
v -0.677439 0.837297 -0.851736
v -0.677322 0.605026 -0.816035
v -0.677360 0.373523 -0.780416
v -0.678089 1.070248 -0.886823
v -0.745000 0.598583 -0.837737
v -0.745000 0.380037 -0.804070
v -0.683061 0.380037 -0.804070
v -0.683061 0.598583 -0.837737
v -0.745000 1.065533 -0.909266
v -0.745000 0.843451 -0.875250
v -0.683061 0.843451 -0.875250
v -0.683061 1.065533 -0.909266
v -0.764915 0.366484 -0.785339
v -0.764915 0.139884 -0.750828
v -0.764915 0.830767 -0.856651
v -0.764915 0.612575 -0.823230
v -0.764915 0.139884 -0.700354
v -0.764915 0.366484 -0.732741
v -0.764915 0.612575 -0.768301
v -0.764915 0.830767 -0.799665
v 0.745000 0.139885 0.750828
v 0.745000 1.993998 0.075065
v 0.745000 0.380037 0.787413
v 0.745000 0.366484 0.785338
v 0.745000 0.612575 0.823229
v 0.745000 0.598584 0.821081
v 0.745000 0.843452 0.858593
v 0.745000 0.830768 0.856650
v 0.745000 1.065533 0.892609
v 0.745000 1.074961 0.888940
v 0.745000 1.307156 0.683314
v 0.745000 1.294406 0.694605
v 0.745000 1.525476 0.489976
v 0.745000 1.757220 0.284750
v 0.745000 1.768596 0.274675
v 0.739769 1.070248 0.886821
v 0.739085 0.837297 0.851735
v 0.738962 0.605027 0.816034
v 0.739003 0.373523 0.780415
v 0.739140 1.763392 0.273423
v 0.743419 1.536516 0.478618
v 0.739081 1.532279 0.478032
v 0.738998 1.301430 0.682383
v 0.745000 1.993998 0.066176
v 0.745000 0.139885 0.700353
v 0.745000 0.380037 0.734688
v 0.745000 0.366484 0.732740
v 0.745000 0.612575 0.768300
v 0.745000 0.598584 0.766283
v 0.745000 0.843452 0.801487
v 0.745000 0.830768 0.799663
v 0.745000 1.065533 0.833410
v 0.745000 1.074961 0.829967
v 0.745000 1.307156 0.636995
v 0.745000 1.294406 0.647591
v 0.745000 1.525476 0.455554
v 0.745000 1.757220 0.262957
v 0.745000 1.768596 0.253502
v 0.739768 1.070247 0.827978
v 0.739003 0.373523 0.728120
v 0.738962 0.605027 0.761547
v 0.739085 0.837298 0.795051
v 0.738998 1.301429 0.636121
v 0.739081 1.532278 0.444345
v 0.743417 1.536515 0.444895
v 0.739140 1.763391 0.252328
v 0.683061 0.139885 0.750828
v 0.683061 0.380037 0.787413
v 0.683061 0.366484 0.785338
v 0.683061 0.612575 0.823229
v 0.683061 0.598584 0.821081
v 0.683061 0.843452 0.858593
v 0.683061 0.830768 0.856650
v 0.683061 1.065533 0.892609
v 0.683061 1.074961 0.888940
v 0.677439 0.837297 0.851735
v 0.677322 0.605026 0.816034
v 0.677361 0.373523 0.780415
v 0.678089 1.070248 0.886822
v 0.745000 0.598584 0.837736
v 0.745000 0.380037 0.804069
v 0.683061 0.380037 0.804069
v 0.683061 0.598584 0.837736
v 0.745000 1.065533 0.909265
v 0.745000 0.843452 0.875248
v 0.683061 0.843452 0.875248
v 0.683061 1.065533 0.909265
v 0.764915 0.366484 0.785338
v 0.764915 0.139885 0.750828
v 0.764915 0.830768 0.856650
v 0.764915 0.612575 0.823229
v 0.764915 0.139885 0.700353
v 0.764915 0.366484 0.732740
v 0.764915 0.612575 0.768300
v 0.764915 0.830768 0.799663
v -0.745000 0.139885 0.750828
v -0.745000 1.993998 0.075065
v -0.745000 0.380037 0.787413
v -0.745000 0.366484 0.785338
v -0.745000 0.612575 0.823229
v -0.745000 0.598584 0.821081
v -0.745000 0.843452 0.858593
v -0.745000 0.830768 0.856650
v -0.745000 1.065533 0.892609
v -0.745000 1.074961 0.888940
v -0.745000 1.307156 0.683314
v -0.745000 1.294406 0.694605
v -0.745000 1.525476 0.489976
v -0.745000 1.757220 0.284750
v -0.745000 1.768596 0.274675
v -0.739769 1.070248 0.886821
v -0.739085 0.837297 0.851735
v -0.738962 0.605027 0.816034
v -0.739002 0.373523 0.780415
v -0.739140 1.763392 0.273423
v -0.743419 1.536516 0.478618
v -0.739081 1.532279 0.478032
v -0.738998 1.301430 0.682383
v -0.745000 1.993998 0.066176
v -0.745000 0.139885 0.700353
v -0.745000 0.380037 0.734688
v -0.745000 0.366484 0.732740
v -0.745000 0.612575 0.768300
v -0.745000 0.598584 0.766283
v -0.745000 0.843452 0.801487
v -0.745000 0.830768 0.799663
v -0.745000 1.065533 0.833410
v -0.745000 1.074961 0.829967
v -0.745000 1.307156 0.636995
v -0.745000 1.294406 0.647591
v -0.745000 1.525476 0.455554
v -0.745000 1.757220 0.262957
v -0.745000 1.768596 0.253502
v -0.739768 1.070247 0.827978
v -0.739002 0.373523 0.728120
v -0.738962 0.605027 0.761547
v -0.739085 0.837298 0.795051
v -0.738998 1.301429 0.636121
v -0.739081 1.532278 0.444345
v -0.743416 1.536515 0.444895
v -0.739140 1.763391 0.252328
v -0.683061 0.139885 0.750828
v -0.683061 0.380037 0.787413
v -0.683061 0.366484 0.785338
v -0.683061 0.612575 0.823229
v -0.683061 0.598584 0.821081
v -0.683061 0.843452 0.858593
v -0.683061 0.830768 0.856650
v -0.683061 1.065533 0.892609
v -0.683061 1.074961 0.888940
v -0.677439 0.837297 0.851735
v -0.677322 0.605026 0.816034
v -0.677360 0.373523 0.780415
v -0.678089 1.070248 0.886822
v -0.745000 0.598584 0.837736
v -0.745000 0.380037 0.804069
v -0.683061 0.380037 0.804069
v -0.683061 0.598584 0.837736
v -0.745000 1.065533 0.909265
v -0.745000 0.843452 0.875248
v -0.683061 0.843452 0.875248
v -0.683061 1.065533 0.909265
v -0.764915 0.366484 0.785338
v -0.764915 0.139885 0.750828
v -0.764915 0.830768 0.856650
v -0.764915 0.612575 0.823229
v -0.764915 0.139885 0.700353
v -0.764915 0.366484 0.732740
v -0.764915 0.612575 0.768300
v -0.764915 0.830768 0.799663
v 0.798111 1.072937 -0.958007
v 0.798111 1.016151 -0.904694
v -0.798111 1.947968 -0.064143
v -0.798111 2.032305 -0.112711
v -0.798111 1.016151 -0.904694
v -0.798111 1.072937 -0.958007
v 0.798111 1.947968 -0.064143
v 0.798111 2.032305 -0.112711
v 0.745000 1.034770 -0.887898
v -0.745000 1.034770 -0.887898
v 0.745000 1.947968 -0.064143
v -0.745000 1.947968 -0.064143
v 0.745000 1.072937 -0.958007
v 0.745000 1.016151 -0.904694
v -0.745000 1.016151 -0.904694
v -0.745000 1.072937 -0.958007
v 0.798111 1.072937 0.958005
v 0.798111 1.016151 0.904693
v -0.798111 1.947968 0.064142
v -0.798111 2.032305 0.112709
v -0.798111 1.016151 0.904693
v -0.798111 1.072937 0.958005
v 0.798111 1.947968 0.064142
v 0.798111 2.032305 0.112709
v 0.745000 1.034771 0.887897
v -0.745000 1.034771 0.887897
v 0.745000 1.947968 0.064142
v -0.745000 1.947968 0.064142
v 0.745000 1.072937 0.958005
v 0.745000 1.016151 0.904693
v -0.745000 1.016151 0.904693
v -0.745000 1.072937 0.958005
v -0.825000 1.844266 -0.348072
v 0.825000 1.844266 -0.348072
v 0.825000 1.890989 -0.386019
v -0.825000 1.587239 -0.570430
v -0.825000 1.633961 -0.608377
v 0.825000 1.587239 -0.570430
v 0.825000 1.633961 -0.608377
v -0.825000 1.348722 -0.786905
v -0.825000 1.395444 -0.824852
v 0.825000 1.348722 -0.786905
v 0.825000 1.395444 -0.824852
v -0.825000 1.312488 -0.744483
v 0.565557 1.321725 -0.819685
v 0.825000 1.312804 -0.744694
v 0.396157 1.844266 -0.348072
v -0.032586 1.844266 -0.348072
v -0.408511 1.844266 -0.348072
v -0.408511 1.890989 -0.386019
v -0.032586 1.890989 -0.386019
v 0.396157 1.890989 -0.386019
v 0.514662 1.587239 -0.570430
v 0.097643 1.587239 -0.570430
v -0.337393 1.587239 -0.570430
v -0.337393 1.633961 -0.608377
v 0.097643 1.633961 -0.608377
v 0.514662 1.633961 -0.608377
v 0.438243 1.348722 -0.786905
v 0.022942 1.348722 -0.786905
v -0.425118 1.348722 -0.786905
v -0.425118 1.395444 -0.824852
v 0.022942 1.395444 -0.824852
v 0.438243 1.395444 -0.824852
v 0.565005 1.073232 -0.955128
v 0.129025 1.073232 -0.955128
v -0.301692 1.073232 -0.955128
v -0.301692 1.150456 -1.032386
v 0.129025 1.150456 -1.032386
v 0.565005 1.150456 -1.032386
v -0.689554 1.587239 -0.570430
v -0.689554 1.633961 -0.608377
v -0.660306 1.073232 -0.955128
v -0.660306 1.150456 -1.032386
v 0.413612 1.882467 -0.396591
v 0.432896 1.875929 -0.404663
v 0.807545 1.882467 -0.396591
v 0.767560 1.872768 -0.408492
v 0.788261 1.875930 -0.404663
v 0.378709 1.882469 -0.396589
v 0.338726 1.872768 -0.408492
v 0.359426 1.875930 -0.404662
v -0.046385 1.883304 -0.395553
v -0.085609 1.872659 -0.408608
v -0.065134 1.876143 -0.404393
v 0.767560 1.826045 -0.370545
v 0.807545 1.835745 -0.358644
v 0.788261 1.829207 -0.366716
v -0.768591 1.872745 -0.408517
v -0.808416 1.882652 -0.396361
v -0.789245 1.875977 -0.404603
v -0.015137 1.882469 -0.396589
v 0.004145 1.875930 -0.404662
v -0.015137 1.835746 -0.358642
v 0.004145 1.829208 -0.366715
v 0.413612 1.835745 -0.358644
v 0.453596 1.826045 -0.370545
v 0.432896 1.829207 -0.366716
v -0.355488 1.872659 -0.408608
v -0.394712 1.883304 -0.395553
v -0.375963 1.876143 -0.404393
v -0.394712 1.836581 -0.357606
v -0.375963 1.829420 -0.366446
v 0.378709 1.835746 -0.358642
v 0.359426 1.829208 -0.366715
v -0.808416 1.835930 -0.358414
v -0.789245 1.829255 -0.366655
v -0.046385 1.836581 -0.357606
v -0.065134 1.829420 -0.366446
v -0.425095 1.835930 -0.358414
v -0.444267 1.829255 -0.366655
v -0.425095 1.882652 -0.396361
v -0.444267 1.875977 -0.404603
v 0.453596 1.872768 -0.408492
v 0.668038 1.864004 -0.419304
v 0.553119 1.864004 -0.419304
v -0.464920 1.872745 -0.408517
v -0.561180 1.863990 -0.419320
v -0.672331 1.863990 -0.419320
v 0.024846 1.872768 -0.408492
v 0.239230 1.864004 -0.419304
v 0.124342 1.864004 -0.419304
v -0.171157 1.863935 -0.419378
v -0.269940 1.863935 -0.419378
v 0.553119 1.817282 -0.381357
v 0.668038 1.817282 -0.381357
v 0.024846 1.826045 -0.370545
v 0.338726 1.826045 -0.370545
v 0.124342 1.817282 -0.381357
v 0.239230 1.817282 -0.381357
v -0.355488 1.825937 -0.370661
v -0.085609 1.825937 -0.370661
v -0.269940 1.817213 -0.381431
v -0.171157 1.817213 -0.381431
v -0.768591 1.826023 -0.370569
v -0.464920 1.826023 -0.370569
v -0.672331 1.817267 -0.381372
v -0.561180 1.817267 -0.381372
v 0.568588 1.615360 -0.631459
v 0.526497 1.626683 -0.617409
v 0.546452 1.618676 -0.627344
v 0.526497 1.579960 -0.579461
v 0.568588 1.568637 -0.593512
v 0.546452 1.571954 -0.589397
v 0.811915 1.626324 -0.617854
v 0.769452 1.615360 -0.631459
v 0.791697 1.618571 -0.627474
v 0.769452 1.568637 -0.593512
v 0.811915 1.579601 -0.579907
v 0.791697 1.571849 -0.589527
v 0.457411 1.568637 -0.593512
v 0.500228 1.579241 -0.580354
v 0.479760 1.571743 -0.589658
v 0.500228 1.625964 -0.618301
v 0.457411 1.615360 -0.631459
v 0.479760 1.618466 -0.627605
v 0.115367 1.578463 -0.581320
v 0.158890 1.568637 -0.593512
v 0.136334 1.571515 -0.589941
v 0.115367 1.625185 -0.619267
v 0.136334 1.618238 -0.627888
v 0.033065 1.568637 -0.593512
v 0.077065 1.577880 -0.582043
v 0.055760 1.571344 -0.590153
v 0.077065 1.624602 -0.619990
v 0.033065 1.615360 -0.631459
v 0.055760 1.618067 -0.628100
v -0.322786 1.579197 -0.580409
v -0.279927 1.568637 -0.593512
v -0.302288 1.571730 -0.589674
v -0.322786 1.625919 -0.618356
v -0.302288 1.618453 -0.627621
v -0.355197 1.625168 -0.619289
v -0.398734 1.615360 -0.631459
v -0.376174 1.618233 -0.627895
v -0.355197 1.578446 -0.581341
v -0.376174 1.571510 -0.589947
v -0.672536 1.578619 -0.581126
v -0.629149 1.568637 -0.593512
v -0.651665 1.571561 -0.589884
v -0.629149 1.615360 -0.631459
v -0.672536 1.625342 -0.619073
v -0.651665 1.618284 -0.627832
v -0.751486 1.568637 -0.593512
v -0.707858 1.578338 -0.581475
v -0.728900 1.571479 -0.589986
v -0.707858 1.625060 -0.619422
v -0.751486 1.615360 -0.631459
v -0.728900 1.618201 -0.627934
v -0.805897 1.578172 -0.581681
v -0.762132 1.568637 -0.593512
v -0.784758 1.571430 -0.590047
v -0.762132 1.615360 -0.631459
v -0.805897 1.624894 -0.619628
v -0.784758 1.618152 -0.627994
v 0.632259 1.558977 -0.605433
v 0.705781 1.558977 -0.605433
v 0.705781 1.605700 -0.643380
v 0.632259 1.605700 -0.643380
v -0.825000 1.806653 -0.307701
v 0.249882 1.558961 -0.605452
v 0.358887 1.558918 -0.605506
v -0.825000 1.552240 -0.533085
v 0.158890 1.615360 -0.631459
v 0.358887 1.605640 -0.643453
v 0.249882 1.605684 -0.643399
v -0.279927 1.615360 -0.631459
v -0.067344 1.605645 -0.643447
v -0.181668 1.605685 -0.643398
v -0.825000 2.029434 -0.110803
v -0.181668 1.558963 -0.605451
v -0.067344 1.558923 -0.605499
v -0.471772 1.605700 -0.643380
v -0.556110 1.605700 -0.643380
v -0.398734 1.568637 -0.593512
v -0.556110 1.558977 -0.605433
v -0.471772 1.558977 -0.605433
v 0.493623 1.378654 -0.845659
v 0.451368 1.388607 -0.833325
v 0.471658 1.381569 -0.842047
v 0.811875 1.388607 -0.833325
v 0.769620 1.378654 -0.845659
v 0.791585 1.381569 -0.842047
v 0.423157 1.388125 -0.833922
v 0.402572 1.381428 -0.842222
v 0.005536 1.387617 -0.834552
v -0.037546 1.378654 -0.845659
v -0.015339 1.381279 -0.842406
v 0.811875 1.341884 -0.795378
v 0.791585 1.334847 -0.804100
v -0.810981 1.388381 -0.833605
v -0.790550 1.381503 -0.842129
v 0.080701 1.378654 -0.845659
v 0.038028 1.388125 -0.833922
v 0.058613 1.381428 -0.842222
v 0.038028 1.341403 -0.795975
v 0.058613 1.334706 -0.804274
v 0.451368 1.341884 -0.795378
v 0.471658 1.334847 -0.804100
v -0.364629 1.378654 -0.845659
v -0.407712 1.387617 -0.834552
v -0.386837 1.381279 -0.842406
v -0.407712 1.340895 -0.796605
v -0.364629 1.331932 -0.807712
v -0.386837 1.334557 -0.804459
v 0.423157 1.341403 -0.795975
v 0.402572 1.334706 -0.804274
v -0.810981 1.341658 -0.795658
v -0.790550 1.334781 -0.804182
v -0.037546 1.331932 -0.807712
v 0.005536 1.340895 -0.796605
v -0.015339 1.334557 -0.804459
v -0.481592 1.331932 -0.807712
v -0.439137 1.341658 -0.795658
v -0.459568 1.334781 -0.804182
v -0.439137 1.388381 -0.833605
v -0.481592 1.378654 -0.845659
v -0.459568 1.381503 -0.842129
v 0.682132 1.366240 -0.860221
v 0.581110 1.366240 -0.860221
v -0.768526 1.378654 -0.845659
v -0.572547 1.366240 -0.860221
v -0.677572 1.366240 -0.860221
v 0.380484 1.378654 -0.845659
v 0.285457 1.366240 -0.860221
v 0.175729 1.366240 -0.860221
v -0.142456 1.365798 -0.860739
v -0.259719 1.365798 -0.860739
v 0.493623 1.331932 -0.807712
v 0.769620 1.331932 -0.807712
v 0.581110 1.319518 -0.822274
v 0.682132 1.319518 -0.822274
v 0.080701 1.331932 -0.807712
v 0.380484 1.331932 -0.807712
v 0.175729 1.319518 -0.822274
v 0.285457 1.319518 -0.822274
v -0.259719 1.319076 -0.822792
v -0.142456 1.319076 -0.822792
v -0.768526 1.331932 -0.807712
v -0.677572 1.319518 -0.822274
v -0.572547 1.319518 -0.822274
v 0.578828 1.142804 -1.041747
v 0.598390 1.135636 -1.050516
v 0.578828 1.064132 -0.963089
v 0.619720 1.052077 -0.973635
v 0.598390 1.055608 -0.970546
v 0.548735 1.063430 -0.963704
v 0.528798 1.055402 -0.970726
v 0.548735 1.142213 -1.042470
v 0.507312 1.132667 -1.054148
v 0.528798 1.135463 -1.050727
v 0.145295 1.063430 -0.963704
v 0.165232 1.055402 -0.970726
v 0.186718 1.132667 -1.054148
v 0.145295 1.142213 -1.042470
v 0.165232 1.135463 -1.050727
v 0.110222 1.062789 -0.964264
v 0.089970 1.055215 -0.970891
v 0.110222 1.141675 -1.043128
v 0.068354 1.132667 -1.054148
v 0.089970 1.135305 -1.050920
v -0.285382 1.063419 -0.963713
v -0.265439 1.055399 -0.970729
v -0.285382 1.142204 -1.042481
v -0.265439 1.135460 -1.050730
v -0.318097 1.142183 -1.042507
v -0.338053 1.135454 -1.050738
v -0.318097 1.063393 -0.963735
v -0.338053 1.055392 -0.970735
v -0.642658 1.063072 -0.964017
v -0.622542 1.055297 -0.970818
v -0.642658 1.141912 -1.042838
v -0.622542 1.135375 -1.050835
v -0.721119 1.052077 -0.973635
v -0.679231 1.062760 -0.964289
v -0.699497 1.055206 -0.970898
v -0.679231 1.141650 -1.043158
v -0.721119 1.132667 -1.054148
v -0.699497 1.135298 -1.050929
v -0.825000 1.107559 -0.924789
v -0.764016 1.052077 -0.973635
v -0.822015 1.090414 -0.939883
v -0.813353 1.074948 -0.953500
v -0.799861 1.062673 -0.964306
v -0.782861 1.054793 -0.971245
v -0.764016 1.132667 -1.054148
v -0.825000 1.179270 -0.996768
v -0.782861 1.134948 -1.051339
v -0.799861 1.141567 -1.043189
v -0.813353 1.151877 -1.030495
v -0.822015 1.164869 -1.014499
v 0.753356 1.052077 -0.973635
v 0.825000 1.117257 -0.916251
v 0.775495 1.055267 -0.970826
v 0.795467 1.064525 -0.962676
v 0.811317 1.078945 -0.949980
v 0.821494 1.097115 -0.933983
v 0.825000 1.187415 -0.986739
v 0.821494 1.170497 -1.007569
v 0.811317 1.155235 -1.026361
v 0.795467 1.143123 -1.041274
v 0.775495 1.135347 -1.050848
v 0.662081 1.046292 -0.978963
v 0.710995 1.046292 -0.978963
v 0.753356 1.132667 -1.054148
v 0.619720 1.132667 -1.054148
v 0.710995 1.127846 -1.060362
v 0.662081 1.127846 -1.060362
v 0.186718 1.052077 -0.973635
v 0.507312 1.052077 -0.973635
v 0.288342 1.046292 -0.978963
v 0.405688 1.046292 -0.978963
v 0.405688 1.127846 -1.060362
v 0.288342 1.127846 -1.060362
v -0.243951 1.052077 -0.973635
v 0.068354 1.052077 -0.973635
v -0.144954 1.046292 -0.978963
v -0.030643 1.046292 -0.978963
v -0.243951 1.132667 -1.054148
v -0.030643 1.127846 -1.060362
v -0.144954 1.127846 -1.060362
v -0.600982 1.052077 -0.973635
v -0.359546 1.052077 -0.973635
v -0.524450 1.046292 -0.978963
v -0.436078 1.046292 -0.978963
v -0.359546 1.132667 -1.054148
v -0.600982 1.132667 -1.054148
v -0.436078 1.127846 -1.060362
v -0.524450 1.127846 -1.060362
v 0.128215 1.325725 -0.814993
v 0.128215 1.372447 -0.852940
v -0.302940 1.370974 -0.854669
v -0.302940 1.324251 -0.816721
v -0.659464 1.366240 -0.860221
v -0.659464 1.319518 -0.822274
v 0.565557 1.368447 -0.857632
v 0.438569 1.566740 -0.595854
v 0.438569 1.613462 -0.633801
v 0.023288 1.614373 -0.632677
v 0.023288 1.567650 -0.594730
v -0.424002 1.565295 -0.597636
v -0.424002 1.612018 -0.635583
v 0.825000 1.551792 -0.532361
v 0.825000 1.807205 -0.307758
v 0.515240 1.867340 -0.415189
v 0.515240 1.820617 -0.377242
v 0.097538 1.866365 -0.416391
v 0.097538 1.819643 -0.378444
v -0.338121 1.824166 -0.372847
v -0.338121 1.870888 -0.410795
v -0.689610 1.818839 -0.379433
v -0.689610 1.865561 -0.417380
v 0.825000 2.030390 -0.109954
v 0.825000 2.082363 -0.149467
v -0.825000 1.890989 -0.386019
v -0.825000 2.074740 -0.157383
v 0.397543 2.078551 -0.153425
v -0.032669 2.076645 -0.155404
v -0.408852 2.075693 -0.156394
v -0.825000 1.844266 0.348071
v 0.825000 1.844266 0.348071
v 0.825000 1.890989 0.386018
v -0.825000 1.587239 0.570429
v -0.825000 1.633961 0.608376
v 0.825000 1.587239 0.570429
v 0.825000 1.633961 0.608376
v -0.825000 1.348722 0.786903
v -0.825000 1.395444 0.824850
v 0.825000 1.348722 0.786903
v 0.825000 1.395444 0.824850
v -0.825000 1.312488 0.744482
v 0.565557 1.321725 0.819684
v 0.825000 1.312805 0.744693
v 0.396157 1.844266 0.348071
v -0.032586 1.844266 0.348071
v -0.408511 1.844266 0.348071
v -0.408511 1.890989 0.386018
v -0.032586 1.890989 0.386018
v 0.396157 1.890989 0.386018
v 0.514662 1.587239 0.570429
v 0.097643 1.587239 0.570429
v -0.337393 1.587239 0.570429
v -0.337393 1.633961 0.608376
v 0.097643 1.633961 0.608376
v 0.514662 1.633961 0.608376
v 0.438243 1.348722 0.786903
v 0.022942 1.348722 0.786903
v -0.425118 1.348722 0.786903
v -0.425118 1.395444 0.824850
v 0.022942 1.395444 0.824850
v 0.438243 1.395444 0.824850
v 0.565005 1.073233 0.955127
v 0.129025 1.073233 0.955127
v -0.301692 1.073233 0.955127
v -0.301692 1.150456 1.032384
v 0.129025 1.150456 1.032384
v 0.565005 1.150456 1.032384
v -0.689554 1.587239 0.570429
v -0.689554 1.633961 0.608376
v -0.660306 1.073233 0.955127
v -0.660306 1.150456 1.032384
v 0.413612 1.882467 0.396589
v 0.432896 1.875930 0.404661
v 0.807545 1.882467 0.396589
v 0.767560 1.872768 0.408491
v 0.788261 1.875930 0.404661
v 0.378709 1.882469 0.396588
v 0.338726 1.872768 0.408491
v 0.359426 1.875930 0.404661
v -0.046385 1.883304 0.395552
v -0.085609 1.872659 0.408607
v -0.065134 1.876143 0.404392
v 0.767560 1.826046 0.370543
v 0.807545 1.835745 0.358642
v 0.788261 1.829207 0.366714
v -0.768591 1.872745 0.408515
v -0.808416 1.882653 0.396360
v -0.789245 1.875977 0.404601
v -0.015137 1.882469 0.396588
v 0.004145 1.875930 0.404661
v -0.015137 1.835746 0.358640
v 0.004145 1.829208 0.366714
v 0.413612 1.835745 0.358642
v 0.453596 1.826046 0.370543
v 0.432896 1.829207 0.366714
v -0.355488 1.872659 0.408607
v -0.394712 1.883304 0.395552
v -0.375963 1.876143 0.404392
v -0.394712 1.836581 0.357605
v -0.375963 1.829421 0.366444
v 0.378709 1.835746 0.358640
v 0.359426 1.829208 0.366714
v -0.808416 1.835930 0.358413
v -0.789245 1.829255 0.366654
v -0.046385 1.836581 0.357605
v -0.065134 1.829421 0.366444
v -0.425095 1.835930 0.358413
v -0.444267 1.829255 0.366654
v -0.425095 1.882653 0.396360
v -0.444267 1.875977 0.404601
v 0.453596 1.872768 0.408491
v 0.668038 1.864005 0.419303
v 0.553119 1.864004 0.419303
v -0.464920 1.872745 0.408515
v -0.561180 1.863990 0.419318
v -0.672331 1.863990 0.419318
v 0.024846 1.872768 0.408491
v 0.239230 1.864004 0.419303
v 0.124342 1.864004 0.419303
v -0.171157 1.863935 0.419376
v -0.269940 1.863935 0.419376
v 0.553119 1.817282 0.381355
v 0.668038 1.817282 0.381355
v 0.024846 1.826046 0.370544
v 0.338726 1.826046 0.370544
v 0.124342 1.817282 0.381355
v 0.239230 1.817282 0.381356
v -0.355488 1.825937 0.370660
v -0.085609 1.825937 0.370660
v -0.269940 1.817213 0.381429
v -0.171157 1.817213 0.381429
v -0.768591 1.826023 0.370568
v -0.464920 1.826023 0.370568
v -0.672331 1.817268 0.381371
v -0.561180 1.817268 0.381371
v 0.568588 1.615360 0.631458
v 0.526497 1.626683 0.617407
v 0.546452 1.618677 0.627343
v 0.526497 1.579961 0.579460
v 0.568588 1.568638 0.593511
v 0.546452 1.571954 0.589395
v 0.811915 1.626324 0.617853
v 0.769452 1.615360 0.631458
v 0.791697 1.618571 0.627473
v 0.769452 1.568638 0.593511
v 0.811915 1.579602 0.579906
v 0.791697 1.571849 0.589526
v 0.457411 1.568638 0.593511
v 0.500228 1.579241 0.580353
v 0.479760 1.571744 0.589657
v 0.500228 1.625964 0.618300
v 0.457411 1.615360 0.631458
v 0.479760 1.618466 0.627604
v 0.115367 1.578463 0.581319
v 0.158890 1.568638 0.593511
v 0.136334 1.571516 0.589940
v 0.115367 1.625185 0.619266
v 0.136334 1.618238 0.627887
v 0.033065 1.568638 0.593511
v 0.077065 1.577880 0.582042
v 0.055760 1.571345 0.590151
v 0.077065 1.624602 0.619989
v 0.033065 1.615360 0.631458
v 0.055760 1.618067 0.628099
v -0.322786 1.579197 0.580408
v -0.279927 1.568638 0.593511
v -0.302288 1.571730 0.589673
v -0.322786 1.625920 0.618355
v -0.302288 1.618453 0.627620
v -0.355197 1.625168 0.619287
v -0.398734 1.615360 0.631458
v -0.376174 1.618233 0.627893
v -0.355197 1.578446 0.581340
v -0.376174 1.571510 0.589946
v -0.672536 1.578619 0.581124
v -0.629149 1.568638 0.593511
v -0.651665 1.571561 0.589883
v -0.629149 1.615360 0.631458
v -0.672536 1.625342 0.619072
v -0.651665 1.618284 0.627830
v -0.751486 1.568638 0.593511
v -0.707858 1.578338 0.581473
v -0.728900 1.571479 0.589985
v -0.707858 1.625061 0.619421
v -0.751486 1.615360 0.631458
v -0.728900 1.618201 0.627932
v -0.805897 1.578172 0.581680
v -0.762132 1.568638 0.593511
v -0.784758 1.571430 0.590045
v -0.762132 1.615360 0.631458
v -0.805897 1.624894 0.619627
v -0.784758 1.618152 0.627993
v 0.632259 1.558977 0.605431
v 0.705781 1.558977 0.605431
v 0.705781 1.605700 0.643378
v 0.632259 1.605700 0.643378
v -0.825000 1.806653 0.307699
v 0.249882 1.558962 0.605451
v 0.358887 1.558918 0.605504
v -0.825000 1.552241 0.533084
v 0.158890 1.615360 0.631458
v 0.358887 1.605641 0.643452
v 0.249882 1.605684 0.643398
v -0.279927 1.615360 0.631458
v -0.067344 1.605646 0.643445
v -0.181668 1.605685 0.643396
v -0.825000 2.029434 0.110801
v -0.181668 1.558963 0.605449
v -0.067344 1.558923 0.605498
v -0.471772 1.605700 0.643378
v -0.556110 1.605700 0.643378
v -0.398734 1.568638 0.593511
v -0.556110 1.558977 0.605431
v -0.471772 1.558977 0.605431
v 0.493623 1.378655 0.845658
v 0.451368 1.388607 0.833324
v 0.471658 1.381570 0.842045
v 0.811875 1.388607 0.833324
v 0.769620 1.378655 0.845658
v 0.791585 1.381570 0.842045
v 0.423157 1.388125 0.833921
v 0.402572 1.381428 0.842220
v 0.005536 1.387617 0.834550
v -0.037546 1.378655 0.845658
v -0.015339 1.381280 0.842405
v 0.811875 1.341884 0.795377
v 0.791585 1.334847 0.804098
v -0.810981 1.388381 0.833604
v -0.790550 1.381503 0.842128
v 0.080701 1.378655 0.845658
v 0.038028 1.388125 0.833921
v 0.058613 1.381428 0.842220
v 0.038028 1.341403 0.795973
v 0.058613 1.334706 0.804273
v 0.451368 1.341884 0.795377
v 0.471658 1.334847 0.804098
v -0.364629 1.378655 0.845658
v -0.407712 1.387617 0.834550
v -0.386837 1.381280 0.842405
v -0.407712 1.340895 0.796603
v -0.364629 1.331932 0.807711
v -0.386837 1.334557 0.804458
v 0.423157 1.341403 0.795973
v 0.402572 1.334706 0.804273
v -0.810981 1.341658 0.795657
v -0.790550 1.334781 0.804180
v -0.037546 1.331932 0.807711
v 0.005536 1.340895 0.796603
v -0.015339 1.334557 0.804458
v -0.481592 1.331932 0.807711
v -0.439137 1.341658 0.795657
v -0.459568 1.334781 0.804180
v -0.439137 1.388381 0.833604
v -0.481592 1.378655 0.845658
v -0.459568 1.381503 0.842128
v 0.682132 1.366240 0.860220
v 0.581110 1.366240 0.860220
v -0.768526 1.378655 0.845658
v -0.572547 1.366240 0.860220
v -0.677572 1.366240 0.860220
v 0.380484 1.378655 0.845658
v 0.285457 1.366240 0.860220
v 0.175729 1.366240 0.860220
v -0.142456 1.365799 0.860738
v -0.259719 1.365799 0.860738
v 0.493623 1.331932 0.807711
v 0.769620 1.331932 0.807711
v 0.581110 1.319518 0.822272
v 0.682132 1.319518 0.822272
v 0.080701 1.331932 0.807711
v 0.380484 1.331932 0.807711
v 0.175729 1.319518 0.822272
v 0.285457 1.319518 0.822272
v -0.259719 1.319076 0.822790
v -0.142456 1.319076 0.822790
v -0.768526 1.331932 0.807711
v -0.677572 1.319518 0.822272
v -0.572547 1.319518 0.822272
v 0.578828 1.142804 1.041746
v 0.598390 1.135636 1.050514
v 0.578828 1.064132 0.963088
v 0.619720 1.052078 0.973634
v 0.598390 1.055608 0.970545
v 0.548735 1.063430 0.963703
v 0.528798 1.055403 0.970725
v 0.548735 1.142213 1.042468
v 0.507312 1.132667 1.054146
v 0.528798 1.135463 1.050726
v 0.145295 1.063430 0.963703
v 0.165232 1.055403 0.970725
v 0.186718 1.132667 1.054146
v 0.145295 1.142213 1.042468
v 0.165232 1.135463 1.050726
v 0.110222 1.062790 0.964263
v 0.089970 1.055215 0.970889
v 0.110222 1.141675 1.043127
v 0.068354 1.132667 1.054146
v 0.089970 1.135306 1.050919
v -0.285382 1.063419 0.963712
v -0.265439 1.055399 0.970728
v -0.285382 1.142204 1.042479
v -0.265439 1.135460 1.050729
v -0.318097 1.142183 1.042505
v -0.338053 1.135454 1.050737
v -0.318097 1.063394 0.963734
v -0.338053 1.055392 0.970734
v -0.642658 1.063072 0.964016
v -0.622542 1.055298 0.970817
v -0.642658 1.141912 1.042836
v -0.622542 1.135375 1.050834
v -0.721119 1.052078 0.973634
v -0.679231 1.062761 0.964288
v -0.699497 1.055206 0.970897
v -0.679231 1.141650 1.043157
v -0.721119 1.132667 1.054146
v -0.699497 1.135298 1.050928
v -0.825000 1.107559 0.924787
v -0.764016 1.052078 0.973634
v -0.822015 1.090414 0.939882
v -0.813353 1.074948 0.953499
v -0.799861 1.062674 0.964305
v -0.782861 1.054793 0.971243
v -0.764016 1.132667 1.054146
v -0.825000 1.179270 0.996767
v -0.782861 1.134948 1.051338
v -0.799861 1.141567 1.043188
v -0.813353 1.151877 1.030494
v -0.822015 1.164869 1.014498
v 0.753356 1.052078 0.973634
v 0.825000 1.117257 0.916249
v 0.775495 1.055268 0.970825
v 0.795467 1.064526 0.962674
v 0.811317 1.078946 0.949979
v 0.821494 1.097116 0.933982
v 0.825000 1.187416 0.986737
v 0.821494 1.170497 1.007568
v 0.811317 1.155235 1.026359
v 0.795467 1.143123 1.041272
v 0.775495 1.135347 1.050847
v 0.662081 1.046292 0.978962
v 0.710995 1.046292 0.978962
v 0.753356 1.132667 1.054146
v 0.619720 1.132667 1.054146
v 0.710995 1.127847 1.060361
v 0.662081 1.127847 1.060361
v 0.186718 1.052078 0.973634
v 0.507312 1.052078 0.973634
v 0.288342 1.046292 0.978962
v 0.405688 1.046292 0.978962
v 0.405688 1.127847 1.060361
v 0.288342 1.127847 1.060361
v -0.243951 1.052078 0.973634
v 0.068354 1.052078 0.973634
v -0.144954 1.046292 0.978962
v -0.030643 1.046292 0.978962
v -0.243951 1.132667 1.054146
v -0.030643 1.127847 1.060361
v -0.144954 1.127847 1.060361
v -0.600982 1.052078 0.973634
v -0.359546 1.052078 0.973634
v -0.524450 1.046292 0.978962
v -0.436078 1.046292 0.978962
v -0.359546 1.132667 1.054146
v -0.600982 1.132667 1.054146
v -0.436078 1.127847 1.060361
v -0.524450 1.127847 1.060361
v 0.128215 1.325725 0.814992
v 0.128215 1.372447 0.852939
v -0.302940 1.370974 0.854667
v -0.302940 1.324252 0.816720
v -0.659464 1.366240 0.860220
v -0.659464 1.319518 0.822272
v 0.565557 1.368447 0.857631
v 0.438569 1.566740 0.595853
v 0.438569 1.613462 0.633800
v 0.023288 1.614373 0.632676
v 0.023288 1.567651 0.594729
v -0.424002 1.565295 0.597635
v -0.424002 1.612018 0.635582
v 0.825000 1.551792 0.532360
v 0.825000 1.807205 0.307757
v 0.515240 1.867340 0.415187
v 0.515240 1.820617 0.377240
v 0.097538 1.866365 0.416390
v 0.097538 1.819643 0.378443
v -0.338121 1.824166 0.372846
v -0.338121 1.870888 0.410793
v -0.689610 1.818839 0.379432
v -0.689610 1.865562 0.417379
v 0.825000 2.030390 0.109953
v 0.825000 2.082363 0.149466
v -0.825000 1.890989 0.386018
v -0.825000 2.074740 0.157382
v 0.397543 2.078551 0.153424
v -0.032669 2.076645 0.155403
v -0.408852 2.075693 0.156392
v -0.850000 1.995516 0.134512
v -0.850000 2.113124 0.169091
v -0.850000 1.995516 -0.134513
v -0.850000 2.113124 -0.169092
v 0.850000 1.995516 0.134512
v 0.850000 2.113124 0.169091
v 0.850000 1.995516 -0.134513
v 0.850000 2.113124 -0.169092
v -0.850000 2.113124 0.169091
v -0.850000 2.184304 0.023510
v -0.850000 2.135120 0.161965
v -0.850000 2.154962 0.141287
v -0.850000 2.170709 0.109080
v -0.850000 2.180820 0.068497
v -0.850000 2.184304 -0.023512
v -0.850000 2.113124 -0.169092
v -0.850000 2.180820 -0.068499
v -0.850000 2.170709 -0.109082
v -0.850000 2.154962 -0.141289
v -0.850000 2.135120 -0.161967
v 0.850000 2.113124 -0.169092
v 0.850000 2.184304 -0.023512
v 0.850000 2.135120 -0.161967
v 0.850000 2.154962 -0.141289
v 0.850000 2.170709 -0.109082
v 0.850000 2.180820 -0.068499
v 0.850000 2.184304 0.023510
v 0.850000 2.113124 0.169091
v 0.850000 2.180820 0.068497
v 0.850000 2.170709 0.109080
v 0.850000 2.154962 0.141287
v 0.850000 2.135120 0.161965
v 0.789728 2.113124 -0.169092
v 0.789728 2.113124 0.169091
v 0.789728 2.184304 -0.023512
v 0.789728 2.180820 -0.068499
v 0.789728 2.170709 -0.109082
v 0.789728 2.154962 -0.141289
v 0.789728 2.135120 -0.161967
v 0.789728 2.113124 -0.169092
v 0.789728 2.184304 0.023510
v 0.789728 2.180820 0.068497
v 0.789728 2.170709 0.109080
v 0.789728 2.154962 0.141287
v 0.789728 2.135120 0.161965
v 0.789728 2.113124 0.169091
v -0.791018 2.113124 0.169091
v -0.791018 2.180820 -0.068499
v -0.791018 2.170709 -0.109082
v -0.791018 2.154962 -0.141289
v -0.791018 2.135120 -0.161967
v -0.791018 2.113124 -0.169092
v -0.791018 2.184304 0.023510
v -0.791018 2.113124 -0.169092
v -0.791018 2.184304 -0.023512
v -0.791018 2.180820 0.068497
v -0.791018 2.170709 0.109080
v -0.791018 2.154962 0.141287
v -0.791018 2.135120 0.161965
v -0.791018 2.113124 0.169091
v 0.745000 1.071516 0.956671
v 0.798111 1.071433 0.956593
v -0.745000 1.071439 0.956600
v 0.567648 1.071492 0.956649
v 0.562195 1.072937 0.958005
v 0.562117 1.071492 0.956649
v 0.131913 1.071492 0.956649
v 0.125977 1.072937 0.958005
v 0.125892 1.071492 0.956649
v 0.131835 1.072937 0.958005
v -0.298879 1.072937 0.958005
v -0.298800 1.071492 0.956649
v -0.304515 1.072937 0.958005
v -0.304594 1.071492 0.956649
v -0.651578 1.071502 0.956658
v -0.663451 1.071492 0.956649
v -0.657366 1.072937 0.958005
v -0.657283 1.071492 0.956649
v -0.798111 1.071433 0.956593
v -0.791018 2.016456 0.140668
v -0.798111 2.016456 0.140668
v 0.565005 1.074624 0.956519
v 0.129025 1.074624 0.956519
v -0.301692 1.074624 0.956519
v -0.660306 1.074624 0.956519
v 0.798111 2.016456 0.140668
v 0.789728 2.016456 0.140668
v 0.798111 1.995516 0.101634
v 0.798111 1.995516 0.134512
v 0.798111 1.778849 0.332767
v 0.798111 2.029259 0.110955
v 0.798111 1.288028 0.766456
v -0.798111 2.029260 0.110955
v -0.798111 1.785981 0.325947
v -0.798111 1.300195 0.755305
v -0.798111 1.995516 0.134512
v -0.798111 1.995516 0.101634
v -0.798111 1.101955 0.929741
v 0.798111 2.030374 0.109967
v 0.798111 1.995516 -0.101636
v 0.798111 2.029259 -0.110956
v 0.798111 2.030374 -0.109968
v -0.798111 2.029450 0.110787
v -0.798111 2.029260 -0.110957
v -0.798111 2.029450 -0.110789
v -0.798111 1.995516 -0.101636
v 0.798111 1.288028 -0.766457
v 0.798111 1.778848 -0.332769
v 0.798111 2.016456 -0.140670
v 0.798111 1.995516 -0.134513
v 0.565005 1.074624 -0.956520
v 0.129025 1.074624 -0.956520
v -0.301692 1.074624 -0.956520
v -0.660306 1.074624 -0.956520
v -0.791018 2.016456 -0.140670
v -0.798111 2.016456 -0.140670
v 0.789728 2.016456 -0.140670
v 0.798111 1.071432 -0.956595
v 0.745000 1.071516 -0.956673
v 0.567648 1.071492 -0.956651
v 0.562195 1.072937 -0.958007
v 0.562117 1.071492 -0.956651
v 0.131835 1.072937 -0.958007
v 0.131913 1.071492 -0.956651
v 0.125977 1.072937 -0.958007
v 0.125892 1.071492 -0.956651
v -0.298879 1.072937 -0.958007
v -0.298800 1.071492 -0.956651
v -0.304515 1.072937 -0.958007
v -0.304594 1.071492 -0.956651
v -0.651578 1.071502 -0.956660
v -0.657366 1.072937 -0.958007
v -0.657283 1.071492 -0.956651
v -0.663451 1.071492 -0.956651
v -0.745000 1.071439 -0.956601
v -0.798111 1.071432 -0.956595
v -0.798111 1.300195 -0.755307
v -0.798111 1.785981 -0.325948
v -0.798111 1.101955 -0.929742
v -0.798111 1.995516 -0.134513
v -0.000000 1.621348 -0.612931
v -0.000000 1.916750 -0.590094
v 0.020105 1.965394 -0.549648
v 0.037150 1.965394 -0.538259
v 0.042793 1.621348 -0.604419
v 0.034053 1.916750 -0.583320
v 0.048539 1.965394 -0.521214
v 0.052538 1.965394 -0.501109
v 0.079071 1.621348 -0.580179
v 0.062922 1.916750 -0.564031
v 0.048539 1.965394 -0.481004
v 0.037150 1.965394 -0.463959
v 0.103311 1.621348 -0.543902
v 0.082211 1.916750 -0.535162
v 0.020105 1.965394 -0.452570
v -0.000000 1.965394 -0.448571
v 0.111822 1.621348 -0.501109
v 0.088984 1.916750 -0.501109
v -0.020105 1.965394 -0.452570
v -0.037150 1.965394 -0.463959
v 0.103311 1.621348 -0.458316
v 0.082211 1.916750 -0.467056
v -0.048539 1.965394 -0.481004
v -0.052538 1.965394 -0.501109
v 0.079071 1.621348 -0.422039
v 0.062922 1.916750 -0.438187
v -0.048539 1.965394 -0.521214
v -0.037150 1.965394 -0.538259
v 0.042793 1.621348 -0.397799
v 0.034053 1.916750 -0.418898
v -0.020105 1.965394 -0.549648
v -0.000000 1.965394 -0.553647
v -0.000000 1.621348 -0.389287
v -0.000000 1.916750 -0.412125
v -0.020105 1.916750 -0.549648
v -0.037150 1.916750 -0.538259
v -0.042792 1.621348 -0.397799
v -0.034053 1.916750 -0.418898
v -0.048539 1.916750 -0.521214
v -0.052538 1.916750 -0.501109
v -0.079070 1.621348 -0.422039
v -0.062921 1.916750 -0.438187
v -0.048539 1.916750 -0.481004
v -0.037150 1.916750 -0.463959
v -0.103311 1.621348 -0.458316
v -0.082212 1.916750 -0.467056
v -0.020105 1.916750 -0.452570
v -0.000000 1.916750 -0.448571
v -0.111822 1.621348 -0.501109
v -0.088985 1.916750 -0.501109
v 0.020105 1.916750 -0.452570
v 0.037150 1.916750 -0.463959
v -0.103310 1.621348 -0.543902
v -0.082211 1.916750 -0.535162
v 0.048539 1.916750 -0.481004
v 0.052538 1.916750 -0.501109
v -0.079070 1.621348 -0.580179
v -0.062921 1.916750 -0.564031
v 0.048539 1.916750 -0.521214
v 0.037150 1.916750 -0.538259
v -0.042792 1.621348 -0.604419
v -0.034053 1.916750 -0.583320
v -0.000000 1.916750 -0.553647
v 0.020105 1.916750 -0.549648
v 0.020105 2.045383 -0.549648
v -0.000000 2.045383 -0.553647
v 0.037150 2.045383 -0.538259
v 0.048539 2.045383 -0.521214
v 0.052538 2.045383 -0.501109
v 0.048539 2.045383 -0.481004
v 0.037150 2.045383 -0.463959
v 0.020105 2.045383 -0.452570
v -0.000000 2.045383 -0.448571
v -0.020105 2.045383 -0.452570
v -0.037150 2.045383 -0.463959
v -0.048539 2.045383 -0.481004
v -0.052538 2.045383 -0.501109
v -0.048539 2.045383 -0.521215
v -0.037150 2.045383 -0.538259
v -0.020105 2.045383 -0.549648
v 0.033252 1.965394 -0.581387
v -0.000000 1.965394 -0.588001
v 0.061442 1.965394 -0.562551
v 0.080278 1.965394 -0.534361
v 0.086892 1.965394 -0.501109
v 0.080278 1.965394 -0.467857
v 0.061442 1.965394 -0.439667
v 0.033252 1.965394 -0.420831
v -0.000000 1.965394 -0.414217
v -0.033252 1.965394 -0.420831
v -0.061442 1.965394 -0.439667
v -0.080278 1.965394 -0.467857
v -0.086892 1.965394 -0.501109
v -0.080278 1.965394 -0.534361
v -0.061442 1.965394 -0.562551
v -0.033252 1.965394 -0.581387
v 0.020105 2.070649 -0.549648
v -0.000000 2.070649 -0.553647
v 0.037150 2.070649 -0.538259
v 0.048539 2.070649 -0.521214
v 0.052538 2.070649 -0.501109
v 0.048539 2.070649 -0.481004
v 0.037150 2.070649 -0.463959
v 0.020105 2.070649 -0.452570
v -0.000000 2.070649 -0.448571
v -0.020105 2.070649 -0.452570
v -0.037150 2.070649 -0.463959
v -0.048539 2.070649 -0.481004
v -0.052538 2.070649 -0.501109
v -0.048539 2.070649 -0.521215
v -0.037150 2.070649 -0.538259
v -0.020105 2.070649 -0.549648
v -0.061442 2.070649 -0.439667
v -0.033252 2.070649 -0.420831
v -0.000000 2.070649 -0.414217
v 0.033252 2.070649 -0.420831
v 0.080278 2.070649 -0.467857
v 0.061442 2.070649 -0.439667
v 0.033252 2.070649 -0.581387
v -0.000000 2.070649 -0.588001
v 0.061442 2.070649 -0.562551
v 0.080278 2.070649 -0.534361
v 0.086892 2.070649 -0.501109
v -0.080278 2.070649 -0.467857
v -0.086892 2.070649 -0.501109
v -0.080278 2.070649 -0.534361
v -0.061442 2.070649 -0.562551
v -0.033252 2.070649 -0.581387
v 0.178254 0.422878 -0.787479
v 0.178254 0.475380 -0.795291
v -0.177328 0.422878 -0.787479
v -0.177328 0.475380 -0.795291
v 0.178254 0.415254 -0.838714
v 0.178254 0.467756 -0.846527
v -0.177328 0.415254 -0.838714
v -0.177328 0.467756 -0.846527
v 0.178254 0.876963 -0.855047
v 0.178254 0.913116 -0.860427
v -0.177328 0.876963 -0.855047
v -0.177328 0.913116 -0.860427
v 0.178254 0.869339 -0.906282
v 0.178254 0.905492 -0.911662
v -0.177328 0.869339 -0.906282
v -0.177328 0.905492 -0.911662
v 0.192608 0.909112 -0.859831
v 0.192608 0.945265 -0.865210
v -0.191682 0.909112 -0.859831
v -0.191682 0.945265 -0.865210
v 0.192608 0.896150 -0.946942
v 0.192608 0.932302 -0.952322
v -0.191682 0.896150 -0.946942
v -0.191682 0.932302 -0.952322
v 0.157330 0.473476 -0.795008
v 0.157330 0.880996 -0.855647
v 0.116619 0.473476 -0.795008
v 0.116619 0.880996 -0.855647
v 0.157330 0.468548 -0.828122
v 0.157330 0.876068 -0.888761
v 0.116619 0.468548 -0.828122
v 0.116619 0.876068 -0.888761
v -0.116977 0.473476 -0.795008
v -0.116977 0.880996 -0.855647
v -0.157689 0.473476 -0.795008
v -0.157689 0.880996 -0.855647
v -0.116977 0.468548 -0.828122
v -0.116977 0.876068 -0.888761
v -0.157689 0.468548 -0.828122
v -0.157689 0.876068 -0.888761
v 0.118494 0.839893 -0.864290
v -0.117568 0.839893 -0.864290
v 0.118494 0.837789 -0.878429
v 0.118494 0.873942 -0.883808
v -0.117568 0.837789 -0.878429
v -0.117568 0.873942 -0.883808
v 0.118494 0.661620 -0.837763
v 0.118494 0.697773 -0.843142
v -0.117568 0.661620 -0.837763
v -0.117568 0.697773 -0.843142
v 0.118494 0.659516 -0.851902
v 0.118494 0.695669 -0.857281
v -0.117568 0.659516 -0.851902
v -0.117568 0.695669 -0.857281
v 0.118896 0.510529 -0.805685
v -0.117970 0.510529 -0.805685
v 0.118896 0.472273 -0.814445
v 0.118896 0.508425 -0.819825
v -0.117970 0.472273 -0.814445
v -0.117970 0.508425 -0.819825
v 0.094390 0.665272 -0.844615
v 0.094390 0.851658 -0.872349
v -0.093464 0.665272 -0.844615
v -0.093464 0.851658 -0.872349
v -0.093464 0.692038 -0.838373
v -0.093464 0.505652 -0.810638
v 0.094390 0.692038 -0.838373
v 0.094390 0.505652 -0.810638
v 0.080140 0.695578 -0.844448
v 0.080140 0.841595 -0.866175
v 0.080140 0.693949 -0.855393
v 0.116690 0.693949 -0.855393
v 0.080140 0.839966 -0.877121
v 0.116690 0.839966 -0.877121
v -0.081907 0.841595 -0.866175
v -0.081907 0.695578 -0.844448
v -0.081907 0.839966 -0.877121
v -0.118457 0.839966 -0.877121
v -0.081907 0.693949 -0.855393
v -0.118457 0.693949 -0.855393
v 0.080140 0.506959 -0.805536
v 0.080140 0.666126 -0.829221
v 0.080140 0.505330 -0.816482
v 0.116690 0.505330 -0.816482
v 0.080140 0.664497 -0.840166
v 0.116690 0.664497 -0.840166
v -0.081907 0.666126 -0.829221
v -0.081907 0.506959 -0.805536
v -0.081907 0.664497 -0.840166
v -0.118457 0.664497 -0.840166
v -0.081907 0.505330 -0.816482
v -0.118457 0.505330 -0.816482
v 0.178254 0.422878 0.787478
v 0.178254 0.475380 0.795290
v -0.177328 0.422878 0.787478
v -0.177328 0.475380 0.795290
v 0.178254 0.415255 0.838713
v 0.178254 0.467756 0.846525
v -0.177328 0.415255 0.838713
v -0.177328 0.467756 0.846525
v 0.178254 0.876963 0.855046
v 0.178254 0.913116 0.860426
v -0.177328 0.876963 0.855046
v -0.177328 0.913116 0.860426
v 0.178254 0.869339 0.906281
v 0.178254 0.905492 0.911661
v -0.177328 0.869339 0.906281
v -0.177328 0.905492 0.911661
v 0.192608 0.909112 0.859830
v 0.192608 0.945265 0.865209
v -0.191682 0.909112 0.859830
v -0.191682 0.945265 0.865209
v 0.192608 0.896150 0.946941
v 0.192608 0.932303 0.952320
v -0.191682 0.896150 0.946941
v -0.191682 0.932303 0.952320
v 0.157330 0.473476 0.795007
v 0.157330 0.880996 0.855646
v 0.116619 0.473476 0.795007
v 0.116619 0.880996 0.855646
v 0.157330 0.468549 0.828121
v 0.157330 0.876069 0.888760
v 0.116619 0.468549 0.828121
v 0.116619 0.876069 0.888760
v -0.116977 0.473476 0.795007
v -0.116977 0.880996 0.855646
v -0.157689 0.473476 0.795007
v -0.157689 0.880996 0.855646
v -0.116977 0.468549 0.828121
v -0.116977 0.876069 0.888760
v -0.157689 0.468549 0.828121
v -0.157689 0.876069 0.888760
v 0.118494 0.839894 0.864289
v -0.117568 0.839894 0.864289
v 0.118494 0.837790 0.878428
v 0.118494 0.873942 0.883807
v -0.117568 0.837790 0.878428
v -0.117568 0.873942 0.883807
v 0.118494 0.661620 0.837762
v 0.118494 0.697773 0.843141
v -0.117568 0.661620 0.837762
v -0.117568 0.697773 0.843141
v 0.118494 0.659517 0.851901
v 0.118494 0.695669 0.857280
v -0.117568 0.659517 0.851901
v -0.117568 0.695669 0.857280
v 0.118896 0.510529 0.805684
v -0.117970 0.510529 0.805684
v 0.118896 0.472273 0.814444
v 0.118896 0.508425 0.819824
v -0.117970 0.472273 0.814444
v -0.117970 0.508425 0.819824
v 0.094390 0.665272 0.844613
v 0.094390 0.851658 0.872348
v -0.093464 0.665272 0.844613
v -0.093464 0.851658 0.872348
v -0.093464 0.692039 0.838371
v -0.093464 0.505652 0.810637
v 0.094390 0.692039 0.838371
v 0.094390 0.505652 0.810637
v 0.080140 0.695578 0.844447
v 0.080140 0.841595 0.866174
v 0.080140 0.693949 0.855392
v 0.116690 0.693949 0.855392
v 0.080140 0.839966 0.877120
v 0.116690 0.839966 0.877120
v -0.081907 0.841595 0.866174
v -0.081907 0.695578 0.844447
v -0.081907 0.839966 0.877120
v -0.118457 0.839966 0.877120
v -0.081907 0.693949 0.855392
v -0.118457 0.693949 0.855392
v 0.080140 0.506959 0.805535
v 0.080140 0.666126 0.829219
v 0.080140 0.505330 0.816481
v 0.116690 0.505330 0.816481
v 0.080140 0.664497 0.840165
v 0.116690 0.664497 0.840165
v -0.081907 0.666126 0.829219
v -0.081907 0.506959 0.805535
v -0.081907 0.664497 0.840165
v -0.118457 0.664497 0.840165
v -0.081907 0.505330 0.816481
v -0.118457 0.505330 0.816481
v 0.763708 1.033646 -0.253357
v 0.754894 0.139884 -0.416252
v 0.763708 1.389795 -0.165356
v 0.763708 1.378260 -0.213271
v 0.763708 1.301440 -0.337731
v 0.763708 1.263866 -0.369381
v 0.763708 1.128034 -0.424044
v 0.763708 1.190102 -0.110221
v 0.763708 1.200019 -0.059596
v 0.763708 0.262139 -0.417825
v 0.763708 0.538522 -0.249822
v 0.763708 0.544652 -0.421206
v 0.769894 0.139885 -0.410296
v 0.778708 1.077248 -0.421458
v 0.778708 1.387946 -0.114465
v 0.778708 1.125785 -0.418266
v 0.778708 1.173185 -0.407504
v 0.778708 1.218258 -0.389418
v 0.778708 1.259875 -0.364445
v 0.778708 1.296993 -0.333200
v 0.778708 1.328684 -0.296460
v 0.778708 1.354162 -0.255142
v 0.778708 1.372799 -0.210280
v 0.778708 1.384147 -0.162995
v 0.769894 0.139885 -0.253013
v 0.778708 1.205692 -0.061252
v 0.772623 1.200019 -0.059596
v 0.772623 1.033646 -0.253357
v 0.778708 1.035210 -0.259386
v 0.772623 1.196987 -0.084780
v 0.778708 1.202554 -0.087107
v 0.772623 1.190102 -0.110221
v 0.778708 1.195462 -0.113156
v 0.772623 1.179532 -0.135291
v 0.778708 1.184610 -0.138776
v 0.772623 1.165538 -0.159373
v 0.778708 1.170277 -0.163355
v 0.772623 1.148464 -0.181873
v 0.778708 1.152813 -0.186304
v 0.772623 1.128731 -0.202239
v 0.778708 1.132642 -0.207076
v 0.772623 1.106824 -0.219968
v 0.778708 1.110247 -0.225172
v 0.772623 1.083284 -0.234624
v 0.778708 1.086160 -0.240154
v 0.772623 1.058689 -0.245846
v 0.778708 1.060950 -0.251655
v 0.778708 0.262138 -0.411874
v 0.778708 0.544652 -0.255861
v 0.778708 0.544652 -0.415271
v 0.778708 0.708962 -0.417510
v 0.763708 0.927428 -0.252593
v 0.772623 0.927428 -0.252592
v 0.778708 0.927428 -0.258622
v 0.778708 0.927428 -0.420122
v 0.778708 0.983312 -0.258622
v 0.763708 0.983312 -0.426012
v 0.772623 0.983312 -0.252592
v 0.778708 0.983312 -0.420122
v 0.763708 1.200019 -0.042378
v 0.778708 1.387946 -0.042378
v 0.772623 1.200019 -0.042378
v 0.778708 1.205692 -0.042378
v 0.763708 1.196987 -0.084780
v 0.763708 1.165538 -0.159373
v 0.763708 1.148464 -0.181873
v 0.763708 1.179532 -0.135291
v 0.763708 1.128731 -0.202239
v 0.763708 1.106824 -0.219968
v 0.763708 1.083284 -0.234624
v 0.763708 1.058689 -0.245846
v 0.758708 1.033646 -0.216192
v 0.758708 0.750041 -0.216192
v 0.758708 1.052957 -0.209771
v 0.758708 1.166917 -0.049388
v 0.758708 1.072055 -0.200147
v 0.758708 1.090470 -0.187557
v 0.758708 1.107748 -0.172311
v 0.758708 1.123464 -0.154784
v 0.758708 1.137232 -0.135408
v 0.758708 1.148711 -0.114661
v 0.758708 1.157620 -0.093052
v 0.758708 1.163738 -0.071114
v 0.763708 0.746382 -0.220071
v 0.761926 0.749551 -0.216712
v 0.763708 1.033646 -0.220071
v 0.761926 1.033646 -0.216711
v 0.763708 1.170200 -0.050400
v 0.761926 1.167356 -0.049523
v 0.763708 1.053549 -0.213496
v 0.761926 1.053036 -0.210270
v 0.763708 1.073196 -0.203651
v 0.761926 1.072208 -0.200616
v 0.763708 1.092101 -0.190791
v 0.761926 1.090688 -0.187990
v 0.763708 1.109803 -0.175242
v 0.761926 1.108023 -0.172703
v 0.763708 1.125875 -0.157396
v 0.761926 1.123787 -0.155134
v 0.763708 1.139932 -0.137694
v 0.761926 1.137593 -0.135715
v 0.763708 1.151640 -0.116621
v 0.761926 1.149103 -0.114923
v 0.763708 1.160721 -0.094691
v 0.761926 1.158035 -0.093272
v 0.763708 1.166958 -0.072438
v 0.761926 1.164170 -0.071292
v 0.758708 0.923871 -0.216192
v 0.761926 0.924348 -0.216712
v 0.758708 0.986610 -0.216192
v 0.761926 0.986134 -0.216712
v 0.763708 0.983054 -0.220071
v 0.763708 0.983311 -0.252593
v 0.763708 0.746382 -0.041850
v 0.761926 0.749551 -0.044931
v 0.758708 0.750041 -0.045407
v 0.763708 0.715091 -0.041850
v 0.761926 1.167356 -0.045458
v 0.763708 1.170200 -0.042378
v 0.758708 1.166915 -0.045935
v 0.758580 0.923871 -0.045627
v 0.758836 0.986610 -0.045705
v 0.763708 0.927428 -0.042074
v 0.761930 0.924347 -0.045151
v 0.763708 0.983053 -0.042143
v 0.761930 0.986134 -0.045227
v 0.763708 0.927428 -0.220071
v 0.777893 0.664801 -0.253794
v 0.778708 0.664801 -0.256811
v 0.778708 0.664802 -0.416950
v 0.763708 0.677969 -0.422864
v 0.778708 0.677969 -0.416950
v 0.763708 0.653603 -0.422864
v 0.778708 0.653603 -0.416950
v 0.778708 0.653602 -0.256811
v 0.763708 1.033646 0.220008
v 0.754894 0.139885 0.382902
v 0.763708 1.389795 0.132006
v 0.763708 1.333532 0.267183
v 0.763708 1.301440 0.304381
v 0.763708 1.221734 0.361353
v 0.763708 1.176082 0.379725
v 0.763708 1.190102 0.076871
v 0.763708 1.200019 0.026246
v 0.763708 0.262139 0.384476
v 0.763708 0.544652 0.387856
v 0.769894 0.139885 0.376946
v 0.778708 1.077248 0.388108
v 0.778708 1.387946 0.081115
v 0.778708 1.125786 0.384916
v 0.778708 1.173185 0.374154
v 0.778708 1.218258 0.356068
v 0.778708 1.259875 0.331095
v 0.778708 1.296993 0.299850
v 0.778708 1.328684 0.263110
v 0.778708 1.354162 0.221792
v 0.778708 1.372799 0.176930
v 0.778708 1.384147 0.129645
v 0.778708 1.205692 0.027902
v 0.772623 1.200019 0.026246
v 0.772623 1.033646 0.220008
v 0.778708 1.035210 0.226036
v 0.772623 1.196987 0.051431
v 0.778708 1.202554 0.053757
v 0.772623 1.190102 0.076871
v 0.778708 1.195462 0.079807
v 0.772623 1.179532 0.101941
v 0.778708 1.184610 0.105427
v 0.772623 1.165538 0.126023
v 0.778708 1.170277 0.130005
v 0.772623 1.148464 0.148523
v 0.778708 1.152813 0.152954
v 0.772623 1.128731 0.168889
v 0.778708 1.132642 0.173726
v 0.772623 1.106824 0.186618
v 0.778708 1.110247 0.191822
v 0.772623 1.083284 0.201274
v 0.778708 1.086160 0.206804
v 0.772623 1.058689 0.212496
v 0.778708 1.060950 0.218305
v 0.778708 0.262139 0.378525
v 0.778708 0.544652 0.381921
v 0.778708 0.708962 0.223777
v 0.778708 0.708962 0.384160
v 0.763708 0.927428 0.219243
v 0.772623 0.927428 0.219243
v 0.778708 0.927428 0.225272
v 0.778708 0.927428 0.386772
v 0.778708 0.983312 0.225272
v 0.763708 0.983312 0.392662
v 0.772623 0.983312 0.219243
v 0.778708 0.983312 0.386772
v 0.763708 1.200019 0.009028
v 0.778708 1.387946 0.009028
v 0.772623 1.200019 0.009028
v 0.778708 1.205692 0.009028
v 0.763708 1.196987 0.051431
v 0.763708 1.165538 0.126023
v 0.763708 1.148464 0.148523
v 0.763708 1.179532 0.101941
v 0.763708 1.128731 0.168889
v 0.763708 1.106824 0.186618
v 0.763708 1.083284 0.201274
v 0.763708 1.058689 0.212496
v 0.763708 0.715091 0.217747
v 0.758708 1.033646 0.182842
v 0.758708 0.750041 0.182842
v 0.758708 1.052957 0.176421
v 0.758708 1.166917 0.016038
v 0.758708 1.072055 0.166797
v 0.758708 1.090470 0.154207
v 0.758708 1.107748 0.138961
v 0.758708 1.123464 0.121434
v 0.758708 1.137232 0.102058
v 0.758708 1.148711 0.081311
v 0.758708 1.157620 0.059702
v 0.758708 1.163738 0.037764
v 0.763708 0.746382 0.186721
v 0.761926 0.749551 0.183362
v 0.763708 1.033646 0.186721
v 0.761926 1.033646 0.183362
v 0.763708 1.170200 0.017050
v 0.761926 1.167356 0.016173
v 0.763708 1.053549 0.180146
v 0.761926 1.053036 0.176920
v 0.763708 1.073196 0.170301
v 0.761926 1.072208 0.167266
v 0.763708 1.092101 0.157441
v 0.761926 1.090688 0.154640
v 0.763708 1.109803 0.141892
v 0.761926 1.108023 0.139354
v 0.763708 1.125875 0.124046
v 0.761926 1.123787 0.121784
v 0.763708 1.139932 0.104345
v 0.761926 1.137593 0.102365
v 0.763708 1.151640 0.083271
v 0.761926 1.149103 0.081574
v 0.763708 1.160721 0.061341
v 0.761926 1.158035 0.059922
v 0.763708 1.166958 0.039088
v 0.761926 1.164170 0.037942
v 0.758708 0.923871 0.182842
v 0.761926 0.924348 0.183362
v 0.758708 0.986611 0.182842
v 0.761926 0.986134 0.183362
v 0.763708 0.983054 0.186721
v 0.763708 0.983312 0.219243
v 0.763708 0.746382 0.008500
v 0.761926 0.749551 0.011581
v 0.758708 0.750041 0.012057
v 0.763708 0.715091 0.008500
v 0.761926 1.167356 0.012108
v 0.763708 1.170200 0.009028
v 0.758708 1.166915 0.012585
v 0.758580 0.923871 0.012277
v 0.758836 0.986610 0.012355
v 0.763708 0.927428 0.008725
v 0.761930 0.924347 0.011801
v 0.763708 0.983053 0.008793
v 0.761930 0.986134 0.011878
v 0.763708 0.927428 0.186721
v 0.777893 0.664803 0.221608
v 0.778708 0.664802 0.223461
v 0.763708 0.664802 0.389514
v 0.778708 0.664802 0.383600
v 0.778708 0.677969 0.223461
v 0.763708 0.677969 0.389514
v 0.778708 0.677969 0.383600
v 0.778708 0.653603 0.383600
v 0.769894 0.139885 0.219663
v 0.763708 0.267637 0.214524
v 0.763708 0.267637 -0.247874
v 0.763708 0.538523 0.216473
v 0.763708 0.715091 -0.251097
v 0.763708 0.715091 -0.094476
v 0.763708 0.715091 0.062144
v 0.769894 0.139885 -0.093439
v 0.769894 0.139885 0.060089
v 0.763708 0.267637 -0.092978
v 0.772623 0.538523 -0.249823
v 0.772623 0.538523 0.216473
v 0.778708 0.544652 0.222512
v 0.772623 0.715091 -0.251097
v 0.778708 0.708962 -0.257127
v 0.772623 0.715092 0.217747
v 0.778708 0.708962 -0.094455
v 0.772579 0.715091 -0.094476
v 0.772579 0.715091 0.062144
v 0.778708 0.708962 0.062143
v 0.778708 0.544652 -0.093881
v 0.772579 0.538523 -0.093860
v 0.772579 0.538523 0.062103
v 0.778708 0.544652 0.062105
v 0.778708 0.262139 0.220568
v 0.772623 0.267637 0.214524
v 0.772623 0.267637 -0.247874
v 0.778708 0.262139 -0.253918
v 0.773211 0.267637 -0.092978
v 0.778708 0.262139 -0.092998
v 0.778708 0.262139 0.061838
v 0.773211 0.267637 0.061917
v 0.778708 0.653603 -0.094261
v 0.778708 0.653603 0.062130
v 0.778708 0.653603 0.223461
v 0.778708 0.677969 -0.256811
v 0.778708 0.677969 0.062136
v 0.778708 0.677969 -0.094346
v 0.778708 0.664802 -0.094304
v 0.778708 0.664802 0.062133
v 0.763708 0.715091 -0.226335
v 0.763708 0.538523 -0.225159
v 0.778708 0.544652 -0.225200
v 0.772579 0.538523 -0.225159
v 0.772579 0.715091 -0.226335
v 0.778708 0.708962 -0.226294
v 0.778708 0.653603 -0.225926
v 0.778708 0.677969 -0.226088
v 0.778708 0.662511 -0.226007
v 0.763708 0.715092 0.211330
v 0.772579 0.715092 0.211330
v 0.778708 0.708962 0.211307
v 0.778708 0.544652 0.210690
v 0.772579 0.538523 0.210667
v 0.778708 0.653603 0.211099
v 0.778708 0.677969 0.211190
v 0.778708 0.667614 0.211145
v 0.763708 0.538523 -0.093860
v 0.763708 0.538523 0.062103
v 0.763708 0.267637 0.061917
v 0.763708 0.538523 0.210667
v 0.768708 0.271700 -0.096886
v 0.768708 0.271700 -0.244037
v 0.768708 0.534459 0.212587
v 0.768708 0.271700 0.210736
v 0.768708 0.271700 0.065759
v 0.768708 0.534459 -0.245888
v 0.768708 0.534459 0.065936
v 0.768708 0.534459 -0.097723
v 0.768708 0.534459 -0.089952
v 0.768708 0.534459 0.058213
v 0.768708 0.271700 0.058036
v 0.768708 0.271700 -0.089115
v 0.772579 0.715091 0.008500
v 0.772579 0.715091 -0.041850
v 0.734980 0.139884 -0.567597
v 0.734980 0.139885 0.534248
v 0.734980 1.541778 -0.116058
v 0.734980 1.536219 -0.186695
v 0.734980 1.519678 -0.255592
v 0.734980 1.492563 -0.321053
v 0.734980 1.455541 -0.381466
v 0.734980 1.409525 -0.435345
v 0.734980 1.355646 -0.481361
v 0.734980 1.295233 -0.518383
v 0.734980 1.229772 -0.545498
v 0.734980 1.160875 -0.562038
v 0.734980 1.090238 -0.567598
v 0.734980 1.541778 0.082708
v 0.734980 1.536219 0.153345
v 0.734980 1.519678 0.222242
v 0.734980 1.492563 0.287703
v 0.734980 1.455541 0.348116
v 0.734980 1.409525 0.401995
v 0.734980 1.355647 0.448011
v 0.734980 1.295233 0.485033
v 0.734980 1.229772 0.512148
v 0.734980 1.160875 0.528688
v 0.734980 1.090239 0.534248
v 0.780941 0.139885 0.527773
v 0.774482 0.139885 0.534248
v 0.774482 0.139884 -0.567597
v 0.780941 0.139884 -0.561122
v 0.789756 1.535303 0.082708
v 0.783297 1.541778 0.082708
v 0.783297 1.090239 0.534248
v 0.789756 1.090239 0.527772
v 0.783297 1.536219 0.153345
v 0.789756 1.529823 0.152330
v 0.783297 1.519678 0.222242
v 0.789756 1.513520 0.220238
v 0.783297 1.492563 0.287703
v 0.789756 1.486794 0.284759
v 0.783297 1.455541 0.348117
v 0.789756 1.450304 0.344306
v 0.783297 1.409525 0.401995
v 0.789756 1.404948 0.397411
v 0.783297 1.355647 0.448011
v 0.789756 1.351843 0.442768
v 0.783297 1.295233 0.485033
v 0.789756 1.292296 0.479259
v 0.783297 1.229772 0.512148
v 0.789756 1.227773 0.505987
v 0.783297 1.160875 0.528688
v 0.789756 1.159863 0.522291
v 0.789756 1.090238 -0.561122
v 0.783297 1.090238 -0.567598
v 0.783297 1.541778 -0.116058
v 0.789756 1.535303 -0.116058
v 0.789756 1.159863 -0.555641
v 0.783297 1.160875 -0.562038
v 0.789756 1.227773 -0.539337
v 0.783297 1.229772 -0.545498
v 0.789756 1.292296 -0.512609
v 0.783297 1.295233 -0.518383
v 0.789756 1.351843 -0.476118
v 0.783297 1.355646 -0.481361
v 0.789756 1.404948 -0.430761
v 0.783297 1.409525 -0.435345
v 0.789756 1.450304 -0.377655
v 0.783297 1.455541 -0.381466
v 0.789756 1.486794 -0.318109
v 0.783297 1.492563 -0.321053
v 0.789756 1.513520 -0.253587
v 0.783297 1.519678 -0.255592
v 0.789756 1.529823 -0.185680
v 0.783297 1.536219 -0.186695
v 0.774482 0.139885 0.390416
v 0.780941 0.139885 0.396891
v 0.780941 0.139884 -0.430240
v 0.774482 0.139884 -0.423766
v 0.783297 1.398177 -0.116058
v 0.789756 1.404652 -0.116058
v 0.789756 1.090239 -0.430241
v 0.783297 1.090239 -0.423766
v 0.783297 1.394385 -0.164194
v 0.789756 1.400781 -0.165209
v 0.783297 1.383105 -0.211145
v 0.789756 1.389263 -0.213150
v 0.783297 1.364613 -0.255755
v 0.789756 1.370382 -0.258699
v 0.783297 1.339365 -0.296924
v 0.789756 1.344602 -0.300735
v 0.783297 1.307983 -0.333640
v 0.789756 1.312559 -0.338224
v 0.783297 1.271239 -0.364999
v 0.789756 1.275043 -0.370242
v 0.783297 1.230039 -0.390228
v 0.789756 1.232976 -0.396001
v 0.783297 1.185396 -0.408706
v 0.789756 1.187395 -0.414866
v 0.783297 1.138411 -0.419978
v 0.789756 1.139422 -0.426374
v 0.789756 1.404652 0.082709
v 0.783297 1.398177 0.082709
v 0.783297 1.090239 0.390416
v 0.789756 1.090239 0.396891
v 0.783297 1.394385 0.130845
v 0.789756 1.400781 0.131859
v 0.783297 1.383105 0.177795
v 0.789756 1.389263 0.179800
v 0.783297 1.364613 0.222405
v 0.789756 1.370382 0.225349
v 0.783297 1.339365 0.263575
v 0.789756 1.344602 0.267386
v 0.783297 1.307983 0.300291
v 0.789756 1.312559 0.304874
v 0.783297 1.271239 0.331649
v 0.789756 1.275043 0.336892
v 0.783297 1.230039 0.356878
v 0.789756 1.232976 0.362651
v 0.783297 1.185397 0.375356
v 0.789756 1.187395 0.381517
v 0.783297 1.138411 0.386628
v 0.789756 1.139422 0.393024
v 0.763708 1.393672 -0.116137
v 0.763708 1.359350 -0.258703
v 0.763708 1.333532 -0.300533
v 0.763708 1.221734 -0.394703
v 0.763708 1.176082 -0.413075
v 0.763708 1.078773 -0.427339
v 0.763708 0.708962 -0.423417
v 0.763708 0.927428 -0.426012
v 0.763708 1.393672 -0.042378
v 0.763708 0.664802 -0.422864
v 0.763708 1.393672 0.082787
v 0.763708 1.378260 0.179921
v 0.763708 1.359350 0.225353
v 0.763708 1.263866 0.336031
v 0.763708 1.128034 0.390694
v 0.763708 1.078773 0.393990
v 0.763708 0.708962 0.390067
v 0.763708 0.927428 0.392662
v 0.763708 1.393672 0.009028
v 0.763708 0.653603 0.389514
v 0.778014 0.612962 0.233684
v 0.778014 0.586205 0.239006
v 0.778014 0.563522 0.254162
v 0.778014 0.548365 0.276845
v 0.778014 0.543043 0.303602
v 0.778014 0.548365 0.330358
v 0.778014 0.563522 0.353042
v 0.778014 0.586205 0.368198
v 0.778014 0.612962 0.373520
v 0.778014 0.639718 0.368198
v 0.778014 0.662401 0.353041
v 0.778014 0.677558 0.330358
v 0.778014 0.682880 0.303602
v 0.778014 0.677557 0.276845
v 0.778014 0.662401 0.254162
v 0.778014 0.639718 0.239006
v 0.779014 0.612962 0.254659
v 0.779014 0.594232 0.258385
v 0.779014 0.578354 0.268994
v 0.779014 0.567744 0.284872
v 0.779014 0.564019 0.303602
v 0.779014 0.567744 0.322331
v 0.779014 0.578354 0.338210
v 0.779014 0.594232 0.348819
v 0.779014 0.612962 0.352545
v 0.779014 0.631691 0.348819
v 0.779014 0.647569 0.338210
v 0.779014 0.658179 0.322331
v 0.779014 0.661904 0.303602
v 0.779014 0.658179 0.284872
v 0.779014 0.647569 0.268994
v 0.779014 0.631691 0.258385
v 0.783725 0.612962 0.233684
v 0.791061 0.612962 0.241055
v 0.788912 0.612962 0.235843
v 0.791061 0.589026 0.245816
v 0.783725 0.586205 0.239006
v 0.788912 0.587031 0.241001
v 0.791061 0.568734 0.259374
v 0.783725 0.563522 0.254162
v 0.788912 0.565048 0.255689
v 0.791061 0.555176 0.279666
v 0.783725 0.548365 0.276845
v 0.788912 0.550360 0.277672
v 0.791061 0.550415 0.303602
v 0.783725 0.543043 0.303602
v 0.788912 0.545202 0.303602
v 0.791061 0.555176 0.327538
v 0.783725 0.548365 0.330358
v 0.788912 0.550360 0.329532
v 0.791061 0.568734 0.347829
v 0.783725 0.563522 0.353042
v 0.788912 0.565048 0.351515
v 0.791061 0.589026 0.361388
v 0.783725 0.586205 0.368198
v 0.788912 0.587031 0.366203
v 0.791061 0.612962 0.366149
v 0.783725 0.612962 0.373520
v 0.788912 0.612962 0.371361
v 0.791061 0.636897 0.361388
v 0.783725 0.639718 0.368198
v 0.788912 0.638892 0.366203
v 0.791061 0.657189 0.347829
v 0.783725 0.662401 0.353041
v 0.788912 0.660875 0.351515
v 0.791061 0.670747 0.327537
v 0.783725 0.677558 0.330358
v 0.788912 0.675563 0.329532
v 0.791061 0.675508 0.303602
v 0.783725 0.682880 0.303602
v 0.788912 0.680721 0.303602
v 0.791061 0.670747 0.279666
v 0.783725 0.677557 0.276845
v 0.788912 0.675563 0.277671
v 0.791061 0.657189 0.259374
v 0.783725 0.662401 0.254162
v 0.788912 0.660875 0.255689
v 0.791061 0.636897 0.245816
v 0.783725 0.639718 0.239006
v 0.788912 0.638892 0.241000
v 0.791061 0.612962 0.247288
v 0.783725 0.612962 0.254659
v 0.788912 0.612962 0.252500
v 0.783725 0.594232 0.258385
v 0.791061 0.591411 0.251574
v 0.788912 0.593406 0.256390
v 0.783725 0.578354 0.268994
v 0.791061 0.573141 0.263782
v 0.788912 0.576827 0.267467
v 0.783725 0.567744 0.284872
v 0.791061 0.560934 0.282051
v 0.788912 0.565750 0.284046
v 0.783725 0.564019 0.303602
v 0.791061 0.556647 0.303602
v 0.788912 0.561860 0.303602
v 0.783725 0.567744 0.322331
v 0.791061 0.560934 0.325152
v 0.788912 0.565750 0.323158
v 0.783725 0.578354 0.338210
v 0.791061 0.573141 0.343422
v 0.788912 0.576827 0.339736
v 0.783725 0.594232 0.348819
v 0.791061 0.591411 0.355629
v 0.788912 0.593406 0.350814
v 0.783725 0.612962 0.352545
v 0.791061 0.612962 0.359916
v 0.788912 0.612962 0.354704
v 0.783725 0.631691 0.348819
v 0.791061 0.634512 0.355629
v 0.788912 0.632517 0.350814
v 0.783725 0.647569 0.338210
v 0.791061 0.652782 0.343422
v 0.788912 0.649096 0.339736
v 0.783725 0.658179 0.322331
v 0.791061 0.664989 0.325152
v 0.788912 0.660173 0.323158
v 0.783725 0.661904 0.303602
v 0.791061 0.669276 0.303602
v 0.788912 0.664063 0.303602
v 0.783725 0.658179 0.284872
v 0.791061 0.664989 0.282051
v 0.788912 0.660173 0.284046
v 0.783725 0.647569 0.268994
v 0.791061 0.652782 0.263782
v 0.788912 0.649096 0.267467
v 0.783725 0.631691 0.258385
v 0.791061 0.634512 0.251574
v 0.788912 0.632517 0.256390
v 0.779014 0.627086 0.269502
v 0.779014 0.639061 0.277503
v 0.779014 0.647062 0.289477
v 0.779014 0.649871 0.303602
v 0.779014 0.647062 0.317727
v 0.779014 0.639061 0.329701
v 0.779014 0.627087 0.337702
v 0.779014 0.612962 0.340512
v 0.779014 0.598837 0.337702
v 0.779014 0.586863 0.329701
v 0.779014 0.578862 0.317727
v 0.779014 0.576052 0.303602
v 0.779014 0.578862 0.289478
v 0.779014 0.586863 0.277503
v 0.779014 0.612962 0.266693
v 0.779014 0.598837 0.269502
v 0.786609 0.612962 0.266693
v 0.812097 0.612962 0.242217
v 0.795123 0.612962 0.249386
v 0.856396 0.612962 0.266693
v 0.832390 0.612962 0.242217
v 0.849365 0.612962 0.249386
v 0.786609 0.598837 0.269502
v 0.812097 0.589471 0.246890
v 0.795123 0.592214 0.253513
v 0.856396 0.598837 0.269502
v 0.832390 0.589471 0.246890
v 0.849365 0.592214 0.253513
v 0.786609 0.586863 0.277503
v 0.812097 0.569556 0.260196
v 0.795123 0.574625 0.265265
v 0.856396 0.586863 0.277503
v 0.832390 0.569556 0.260196
v 0.849365 0.574625 0.265265
v 0.786609 0.578862 0.289478
v 0.812097 0.556249 0.280111
v 0.795123 0.562872 0.282854
v 0.856396 0.578862 0.289477
v 0.832390 0.556249 0.280111
v 0.849365 0.562872 0.282854
v 0.786609 0.576052 0.303602
v 0.812097 0.551576 0.303602
v 0.795123 0.558745 0.303602
v 0.856396 0.576052 0.303602
v 0.832390 0.551576 0.303602
v 0.849365 0.558745 0.303602
v 0.786609 0.578862 0.317727
v 0.812097 0.556249 0.327093
v 0.795123 0.562872 0.324350
v 0.856396 0.578862 0.317727
v 0.832390 0.556249 0.327093
v 0.849365 0.562872 0.324350
v 0.786609 0.586863 0.329701
v 0.812097 0.569556 0.347008
v 0.795123 0.574625 0.341939
v 0.856396 0.586863 0.329701
v 0.832390 0.569556 0.347008
v 0.849365 0.574625 0.341939
v 0.786609 0.598837 0.337702
v 0.812097 0.589471 0.360315
v 0.795123 0.592214 0.353692
v 0.856396 0.598837 0.337702
v 0.832390 0.589471 0.360315
v 0.849365 0.592214 0.353692
v 0.786609 0.612962 0.340512
v 0.812097 0.612962 0.364987
v 0.795123 0.612962 0.357819
v 0.856396 0.612962 0.340512
v 0.832390 0.612962 0.364987
v 0.849365 0.612962 0.357819
v 0.786609 0.627087 0.337702
v 0.812097 0.636453 0.360315
v 0.795123 0.633709 0.353692
v 0.856396 0.627087 0.337702
v 0.832390 0.636453 0.360315
v 0.849365 0.633709 0.353692
v 0.786609 0.639061 0.329701
v 0.812097 0.656368 0.347008
v 0.795123 0.651299 0.341939
v 0.856396 0.639061 0.329701
v 0.832390 0.656368 0.347008
v 0.849365 0.651299 0.341939
v 0.786609 0.647062 0.317727
v 0.812097 0.669674 0.327093
v 0.795123 0.663051 0.324350
v 0.856396 0.647062 0.317727
v 0.832390 0.669674 0.327093
v 0.849365 0.663051 0.324350
v 0.786609 0.649871 0.303602
v 0.812097 0.674347 0.303602
v 0.795123 0.667178 0.303602
v 0.856396 0.649871 0.303602
v 0.832390 0.674347 0.303602
v 0.849365 0.667178 0.303602
v 0.786609 0.647062 0.289477
v 0.812097 0.669674 0.280111
v 0.795123 0.663051 0.282854
v 0.856396 0.647062 0.289477
v 0.832390 0.669674 0.280111
v 0.849365 0.663051 0.282854
v 0.786609 0.639061 0.277503
v 0.812097 0.656368 0.260196
v 0.795123 0.651299 0.265265
v 0.856396 0.639061 0.277503
v 0.832390 0.656368 0.260196
v 0.849365 0.651299 0.265265
v 0.786609 0.627086 0.269502
v 0.812097 0.636453 0.246890
v 0.795123 0.633709 0.253513
v 0.856396 0.627086 0.269502
v 0.832390 0.636453 0.246890
v 0.849365 0.633709 0.253513
vn 0.9939 0.1106 -0.0000
vn -0.0000 0.1106 -0.9939
vn -0.0000 1.0000 -0.0000
vn -0.0000 -1.0000 -0.0000
vn -0.0000 0.2173 0.9761
vn -0.0000 0.1378 0.9905
vn -0.9761 0.2173 -0.0000
vn -0.0000 0.0278 -0.9996
vn 0.6904 -0.7234 -0.0000
vn 0.7210 -0.6930 -0.0000
vn 0.6641 -0.7476 -0.0000
vn -0.0000 0.6014 -0.7990
vn 1.0000 -0.0000 -0.0000
vn 0.7357 -0.6773 -0.0000
vn 0.7612 0.6485 -0.0000
vn -1.0000 -0.0000 -0.0000
vn 0.7411 0.6714 -0.0000
vn -0.0000 0.7753 -0.6316
vn -0.0000 -0.1523 -0.9883
vn -0.0000 0.5732 -0.8195
vn -0.0000 -0.1514 -0.9885
vn -0.0000 0.6166 -0.7873
vn -0.0000 -0.4099 -0.9121
vn 0.6694 -0.7429 -0.0000
vn 0.7809 -0.6246 -0.0000
vn 0.6903 -0.7235 -0.0000
vn 0.6988 -0.7153 -0.0000
vn 1.0000 -0.0072 -0.0000
vn 0.6641 -0.7477 -0.0000
vn -0.0000 0.5732 -0.8194
vn -0.0000 0.7752 -0.6317
vn 0.7252 0.6886 -0.0000
vn 0.6693 -0.7430 -0.0000
vn 0.7602 0.6497 -0.0000
vn 0.7297 0.6838 -0.0000
vn 0.6694 0.7429 -0.0000
vn 0.7252 0.6885 -0.0000
vn 0.6989 -0.7152 -0.0000
vn 0.7544 0.6564 -0.0000
vn -0.0000 0.1423 0.9898
vn 0.7809 -0.6247 -0.0000
vn -0.0000 -0.4100 -0.9121
vn -0.0000 -0.7320 -0.6813
vn -0.0000 -0.6900 -0.7238
vn -0.0000 -0.7442 -0.6679
vn -0.0000 -0.7443 -0.6679
vn -0.0000 -0.1506 -0.9886
vn -0.0000 -0.1506 0.9886
vn -0.0000 0.1415 0.9899
vn -0.6904 -0.7234 -0.0000
vn -0.7210 -0.6930 -0.0000
vn -0.6641 -0.7476 -0.0000
vn -0.7357 -0.6773 -0.0000
vn -0.7612 0.6485 -0.0000
vn -0.7411 0.6714 -0.0000
vn -0.6694 -0.7429 -0.0000
vn -0.7809 -0.6246 -0.0000
vn -0.6903 -0.7235 -0.0000
vn -0.6988 -0.7153 -0.0000
vn -1.0000 -0.0072 -0.0000
vn -0.6641 -0.7477 -0.0000
vn -0.7252 0.6886 -0.0000
vn -0.6693 -0.7430 -0.0000
vn -0.7602 0.6497 -0.0000
vn -0.7297 0.6838 -0.0000
vn -0.6694 0.7429 -0.0000
vn -0.7252 0.6885 -0.0000
vn -0.6989 -0.7152 -0.0000
vn -0.7544 0.6564 -0.0000
vn -0.7809 -0.6247 -0.0000
vn -0.0000 0.6014 0.7990
vn -0.0000 0.7753 0.6316
vn -0.0000 -0.1523 0.9883
vn -0.0000 0.5731 0.8195
vn -0.0000 -0.1514 0.9885
vn -0.0000 0.6166 0.7873
vn -0.0000 -0.4099 0.9121
vn -0.0000 0.6014 0.7989
vn -0.0000 0.5732 0.8194
vn -0.0000 0.7752 0.6317
vn -0.0000 0.1423 -0.9898
vn -0.0000 -0.4100 0.9121
vn -0.0000 -0.7320 0.6813
vn -0.0000 -0.6900 0.7238
vn -0.0000 -0.7443 0.6679
vn -0.0000 0.1415 -0.9899
vn -0.0000 0.5732 0.8195
vn -1.0000 -0.0072 -0.0001
vn -0.0000 -0.7442 0.6679
vn -0.0000 -0.6845 -0.7290
vn -0.0000 -0.6698 0.7425
vn -0.0000 -0.6845 0.7290
vn -0.0000 -0.6698 -0.7425
vn -0.6252 -0.4921 -0.6059
vn -0.5566 -0.5238 -0.6449
vn -0.5567 -0.5237 -0.6448
vn -0.6258 -0.4917 -0.6054
vn -0.5514 -0.5260 -0.6476
vn -0.5515 -0.5259 -0.6475
vn -0.0940 -0.7037 -0.7043
vn -0.0938 -0.7037 -0.7043
vn 0.0939 -0.7037 -0.7043
vn 0.0941 -0.7036 -0.7043
vn 0.6237 -0.5527 -0.5527
vn 0.6241 -0.5526 -0.5524
vn -0.6141 -0.4976 -0.6126
vn -0.5460 -0.5282 -0.6503
vn -0.5462 -0.5281 -0.6502
vn -0.6637 -0.4716 -0.5806
vn -0.5936 -0.5074 -0.6247
vn -0.5937 -0.5073 -0.6246
vn 0.5150 -0.5404 -0.6654
vn 0.5148 -0.5405 -0.6655
vn 0.5869 -0.5105 -0.6285
vn -0.6114 -0.4989 -0.6143
vn -0.5378 -0.5315 -0.6544
vn -0.5379 -0.5315 -0.6544
vn -0.5822 -0.5126 -0.6311
vn -0.5105 -0.5421 -0.6675
vn -0.5107 -0.5420 -0.6674
vn -0.1849 -0.6196 -0.7628
vn -0.1867 -0.6194 -0.7626
vn 0.5926 -0.5696 -0.5695
vn 0.5929 -0.5695 -0.5693
vn 0.5924 -0.5697 -0.5696
vn -0.0970 -0.6275 -0.7726
vn -0.0969 -0.6275 -0.7726
vn 0.0987 -0.6274 -0.7724
vn 0.0988 -0.6274 -0.7724
vn -0.1076 -0.6268 -0.7717
vn -0.1073 -0.6268 -0.7718
vn -0.2136 -0.6159 -0.7583
vn 0.5461 -0.5281 -0.6503
vn 0.5460 -0.5282 -0.6503
vn 0.6140 -0.4976 -0.6127
vn 0.5462 -0.5281 -0.6502
vn 0.6141 -0.4976 -0.6126
vn 0.5937 -0.5073 -0.6246
vn 0.5936 -0.5074 -0.6247
vn 0.6637 -0.4716 -0.5806
vn 0.5567 -0.5237 -0.6448
vn 0.5566 -0.5238 -0.6449
vn 0.6252 -0.4921 -0.6059
vn 0.3567 -0.5890 -0.7252
vn 0.3568 -0.5890 -0.7252
vn 0.3568 -0.5889 -0.7251
vn 0.1861 -0.6194 -0.7627
vn 0.1862 -0.6194 -0.7627
vn 0.3923 -0.5799 -0.7140
vn 0.3924 -0.5799 -0.7140
vn 0.2092 -0.6165 -0.7591
vn 0.2093 -0.6165 -0.7590
vn 0.3645 -0.5871 -0.7228
vn 0.3646 -0.5870 -0.7228
vn 0.1910 -0.6188 -0.7619
vn 0.1911 -0.6188 -0.7619
vn -0.3567 -0.5890 -0.7252
vn -0.3568 -0.5889 -0.7251
vn -0.1862 -0.6194 -0.7627
vn -0.1861 -0.6194 -0.7627
vn -0.3568 -0.5890 -0.7251
vn -0.5461 -0.5281 -0.6503
vn -0.3923 -0.5799 -0.7140
vn -0.3924 -0.5799 -0.7140
vn -0.2093 -0.6165 -0.7590
vn -0.2092 -0.6165 -0.7591
vn -0.3645 -0.5871 -0.7228
vn -0.3646 -0.5870 -0.7228
vn -0.1911 -0.6188 -0.7619
vn -0.1910 -0.6188 -0.7619
vn -0.6140 -0.4976 -0.6127
vn 0.0694 -0.6289 -0.7744
vn -0.0694 -0.6289 -0.7744
vn -0.1385 -0.6244 -0.7687
vn 0.0802 -0.6284 -0.7737
vn -0.0802 -0.6284 -0.7737
vn -0.1599 -0.6223 -0.7662
vn -0.1385 -0.6244 -0.7688
vn 0.0717 -0.6288 -0.7742
vn -0.0717 -0.6288 -0.7742
vn -0.1430 -0.6240 -0.7683
vn 0.5859 -0.5109 -0.6290
vn 0.5857 -0.5110 -0.6292
vn 0.6619 -0.4726 -0.5819
vn 0.6044 -0.5023 -0.6184
vn 0.6042 -0.5024 -0.6185
vn 0.6811 -0.4616 -0.5684
vn 0.0002 0.7779 -0.6283
vn 0.0002 0.7780 -0.6283
vn 0.0001 0.7780 -0.6283
vn -0.6195 -0.4949 -0.6094
vn -0.5454 -0.5284 -0.6506
vn -0.5456 -0.5284 -0.6505
vn 0.1560 -0.6227 -0.7667
vn 0.1872 -0.6193 -0.7625
vn -0.6595 -0.4739 -0.5835
vn -0.5834 -0.5120 -0.6304
vn -0.5836 -0.5119 -0.6303
vn 0.5447 -0.5287 -0.6510
vn 0.5445 -0.5288 -0.6511
vn 0.6185 -0.4954 -0.6100
vn -0.6281 -0.4906 -0.6040
vn -0.5535 -0.5251 -0.6465
vn -0.5537 -0.5250 -0.6464
vn 0.5391 -0.5310 -0.6538
vn 0.5389 -0.5311 -0.6539
vn 0.6125 -0.4983 -0.6136
vn -0.6033 -0.5028 -0.6191
vn -0.5302 -0.5346 -0.6582
vn -0.5304 -0.5345 -0.6581
vn -0.2333 -0.6131 -0.7548
vn -0.3911 -0.5802 -0.7144
vn -0.3908 -0.5803 -0.7145
vn -0.6228 -0.4933 -0.6073
vn -0.6225 -0.4934 -0.6075
vn 0.3779 -0.5837 -0.7187
vn 0.3776 -0.5838 -0.7188
vn 0.2292 -0.6137 -0.7556
vn 0.3647 -0.5870 -0.7228
vn -0.1829 -0.6198 -0.7631
vn -0.3366 -0.5936 -0.7309
vn -0.3364 -0.5937 -0.7310
vn 0.3159 -0.5982 -0.7365
vn 0.3157 -0.5982 -0.7365
vn 0.1726 -0.6210 -0.7646
vn -0.1850 -0.6196 -0.7628
vn -0.3631 -0.5874 -0.7233
vn -0.3628 -0.5875 -0.7233
vn 0.3360 -0.5938 -0.7311
vn 0.3358 -0.5938 -0.7312
vn 0.2022 -0.6174 -0.7602
vn -0.2041 -0.6172 -0.7599
vn -0.3422 -0.5924 -0.7294
vn -0.3420 -0.5924 -0.7294
vn 0.3322 -0.5946 -0.7322
vn 0.3320 -0.5947 -0.7322
vn -0.3262 -0.5960 -0.7338
vn -0.3260 -0.5960 -0.7338
vn -0.6999 -0.4503 -0.5544
vn 0.1180 -0.6260 -0.7708
vn -0.1180 -0.6260 -0.7708
vn 0.0769 -0.6286 -0.7739
vn -0.0839 -0.6282 -0.7735
vn 0.1548 -0.6229 -0.7669
vn 0.0755 -0.6286 -0.7740
vn -0.0778 -0.6285 -0.7739
vn 0.2056 -0.6170 -0.7597
vn 0.1034 -0.6271 -0.7721
vn 0.1033 -0.6271 -0.7721
vn -0.1034 -0.6271 -0.7721
vn -0.1033 -0.6271 -0.7721
vn 0.5635 -0.5208 -0.6412
vn 0.5634 -0.5209 -0.6413
vn 0.6385 -0.4852 -0.5974
vn 0.5379 -0.5315 -0.6544
vn 0.5378 -0.5315 -0.6544
vn 0.6114 -0.4989 -0.6143
vn 0.5107 -0.5420 -0.6674
vn 0.5105 -0.5421 -0.6675
vn 0.5822 -0.5126 -0.6311
vn 0.5516 -0.5259 -0.6475
vn 0.5514 -0.5260 -0.6476
vn 0.6258 -0.4917 -0.6054
vn -0.0002 0.7781 -0.6281
vn -0.0003 0.7781 -0.6281
vn 0.0021 0.7783 -0.6278
vn 0.0001 0.7785 -0.6277
vn 0.0001 0.7783 -0.6279
vn -0.0002 0.7785 -0.6277
vn 0.3314 -0.5948 -0.7324
vn 0.3312 -0.5949 -0.7324
vn 0.1967 -0.6181 -0.7611
vn 0.3129 -0.5988 -0.7372
vn 0.3128 -0.5988 -0.7373
vn 0.1853 -0.6195 -0.7628
vn 0.3407 -0.5927 -0.7298
vn 0.3406 -0.5928 -0.7298
vn 0.2038 -0.6172 -0.7599
vn -0.1967 -0.6181 -0.7611
vn -0.3314 -0.5948 -0.7324
vn -0.3312 -0.5949 -0.7324
vn -0.2102 -0.6164 -0.7589
vn -0.3490 -0.5908 -0.7274
vn -0.3488 -0.5908 -0.7275
vn -0.5635 -0.5208 -0.6412
vn -0.5634 -0.5209 -0.6413
vn 0.3490 -0.5908 -0.7274
vn 0.3488 -0.5908 -0.7275
vn 0.2102 -0.6164 -0.7589
vn -0.3129 -0.5988 -0.7372
vn -0.3128 -0.5988 -0.7373
vn -0.2038 -0.6172 -0.7599
vn -0.3407 -0.5927 -0.7298
vn -0.3406 -0.5928 -0.7298
vn -0.6385 -0.4852 -0.5974
vn 0.0990 -0.6273 -0.7724
vn 0.0993 -0.6273 -0.7724
vn -0.0990 -0.6273 -0.7724
vn -0.0993 -0.6273 -0.7724
vn -0.1973 -0.6180 -0.7610
vn 0.0010 0.7782 -0.6280
vn -0.0002 0.7780 -0.6282
vn 0.0018 0.7778 -0.6286
vn 0.0933 -0.6277 -0.7728
vn 0.0930 -0.6277 -0.7729
vn -0.0910 -0.6278 -0.7730
vn -0.0912 -0.6278 -0.7730
vn 0.0041 0.7958 -0.6055
vn 0.0042 0.7960 -0.6052
vn -0.0000 0.7786 -0.6275
vn 0.1073 -0.6268 -0.7718
vn 0.1076 -0.6268 -0.7717
vn 0.1036 -0.6271 -0.7721
vn -0.0000 -0.6304 -0.7762
vn -0.1036 -0.6271 -0.7721
vn -0.6236 -0.5528 -0.5527
vn -0.6241 -0.5526 -0.5524
vn -0.6237 -0.5527 -0.5526
vn -0.6231 -0.5531 -0.5530
vn -0.6236 -0.5529 -0.5527
vn -0.6232 -0.5530 -0.5529
vn -0.6063 -0.5624 -0.5623
vn -0.6067 -0.5622 -0.5620
vn -0.6064 -0.5623 -0.5622
vn 0.6220 -0.5537 -0.5536
vn 0.6224 -0.5536 -0.5533
vn 0.6219 -0.5538 -0.5537
vn 0.5926 -0.5696 0.5695
vn 0.5924 -0.5697 0.5697
vn 0.5175 -0.6050 0.6051
vn 0.5184 -0.6046 0.6048
vn 0.5924 -0.5697 0.5696
vn 0.5911 -0.5704 -0.5703
vn 0.5915 -0.5703 -0.5701
vn -0.1977 -0.6928 -0.6935
vn -0.1978 -0.6927 -0.6935
vn -0.3589 -0.6598 -0.6602
vn -0.3578 -0.6601 -0.6605
vn -0.5791 -0.5764 -0.5765
vn -0.5781 -0.5769 -0.5770
vn 0.5466 -0.5921 -0.5922
vn 0.5475 -0.5917 -0.5918
vn 0.3371 -0.6655 -0.6660
vn 0.3361 -0.6657 -0.6662
vn 0.1387 -0.6999 -0.7007
vn 0.1385 -0.6999 -0.7007
vn -0.1385 -0.6999 -0.7007
vn -0.1387 -0.6999 -0.7007
vn -0.3371 -0.6655 -0.6660
vn -0.3361 -0.6657 -0.6662
vn -0.5475 -0.5917 -0.5918
vn -0.5466 -0.5921 -0.5922
vn 0.5175 -0.6050 -0.6051
vn 0.5184 -0.6046 -0.6048
vn 0.3174 -0.6703 -0.6708
vn 0.3165 -0.6705 -0.6710
vn 0.1337 -0.7004 -0.7012
vn 0.1335 -0.7004 -0.7012
vn -0.1394 -0.6998 -0.7006
vn -0.1396 -0.6998 -0.7006
vn -0.3367 -0.6656 -0.6660
vn -0.3358 -0.6658 -0.6663
vn -0.5470 -0.5919 -0.5920
vn -0.5461 -0.5923 -0.5924
vn 0.5449 -0.5928 -0.5930
vn 0.5458 -0.5924 -0.5925
vn 0.3360 -0.6658 -0.6662
vn 0.3350 -0.6660 -0.6665
vn 0.1508 -0.6986 -0.6994
vn 0.1506 -0.6986 -0.6994
vn -0.1476 -0.6990 -0.6998
vn -0.1478 -0.6989 -0.6997
vn -0.3260 -0.6682 -0.6687
vn -0.3251 -0.6685 -0.6689
vn -0.5312 -0.5990 -0.5991
vn -0.5304 -0.5994 -0.5995
vn 0.5162 -0.6055 -0.6057
vn 0.5170 -0.6052 -0.6053
vn 0.3156 -0.6707 -0.6712
vn -0.3594 -0.6596 -0.6601
vn -0.3579 -0.6601 -0.6605
vn -0.6526 -0.5357 -0.5358
vn -0.6506 -0.5370 -0.5371
vn -0.8523 -0.3700 -0.3697
vn -0.8506 -0.3720 -0.3717
vn -0.9638 -0.1888 -0.1884
vn -0.9628 -0.1911 -0.1908
vn -0.9977 -0.0479 -0.0478
vn -0.9976 -0.0493 -0.0491
vn 0.9976 -0.0493 -0.0491
vn 0.9977 -0.0480 -0.0478
vn 0.9638 -0.1888 -0.1883
vn 0.9628 -0.1912 -0.1907
vn 0.8523 -0.3701 -0.3697
vn 0.8506 -0.3720 -0.3716
vn 0.6526 -0.5358 -0.5357
vn 0.6506 -0.5370 -0.5370
vn 0.3594 -0.6597 -0.6601
vn 0.3579 -0.6601 -0.6605
vn 0.1848 -0.6945 -0.6953
vn 0.0910 -0.7036 -0.7048
vn 0.0906 -0.7036 -0.7048
vn -0.0910 -0.7036 -0.7048
vn -0.0906 -0.7036 -0.7048
vn 0.0384 -0.7060 -0.7072
vn 0.0383 -0.7060 -0.7072
vn -0.0384 -0.7060 -0.7072
vn -0.0383 -0.7060 -0.7072
vn 0.0394 -0.7060 -0.7071
vn 0.0393 -0.7060 -0.7072
vn -0.0394 -0.7060 -0.7071
vn -0.0393 -0.7060 -0.7072
vn 0.0509 -0.7056 -0.7068
vn 0.0508 -0.7056 -0.7068
vn -0.0509 -0.7056 -0.7068
vn -0.0508 -0.7056 -0.7068
vn -0.0000 0.7784 -0.6278
vn 0.0021 0.7783 -0.6279
vn 0.0027 0.7786 -0.6275
vn -0.0000 0.7780 -0.6282
vn 0.0001 0.7780 -0.6282
vn -0.0001 0.7780 -0.6282
vn -0.0002 0.7781 -0.6282
vn 0.0029 0.7957 -0.6056
vn 0.0030 0.7960 -0.6053
vn -0.0004 0.7778 -0.6285
vn 0.0015 0.7777 -0.6286
vn 0.0013 0.7778 -0.6285
vn -0.0001 0.7752 -0.6317
vn -0.0001 0.7775 -0.6289
vn -0.0001 0.7758 -0.6310
vn 0.0002 0.7792 -0.6268
vn 0.0013 0.7794 -0.6266
vn -0.0000 0.7791 -0.6269
vn -0.0003 0.7789 -0.6271
vn -0.0001 0.7787 -0.6274
vn 0.0004 0.7789 -0.6272
vn -0.0002 0.7788 -0.6272
vn 0.0001 0.7789 -0.6272
vn -0.0001 0.7790 -0.6271
vn -0.0007 0.7777 -0.6286
vn -0.0002 0.7780 -0.6283
vn -0.0004 0.7782 -0.6281
vn 0.0026 0.7787 -0.6274
vn 0.0053 0.7970 -0.6040
vn 0.0081 0.7978 -0.6029
vn 0.0028 0.7978 -0.6029
vn 0.0051 0.7951 -0.6065
vn 0.0052 0.7953 -0.6062
vn 0.0045 0.7970 -0.6040
vn 0.0088 0.7974 -0.6034
vn 0.0015 0.7978 -0.6029
vn 0.0061 0.7982 -0.6023
vn -0.0022 0.7991 -0.6012
vn 0.0009 0.7993 -0.6009
vn -0.0000 0.7782 -0.6280
vn -0.0005 0.7781 -0.6282
vn -0.0073 0.7981 -0.6025
vn -0.0071 0.7981 -0.6025
vn -0.0113 0.7986 -0.6018
vn -0.0163 0.7986 -0.6016
vn -0.0119 0.7986 -0.6018
vn -0.0080 0.8003 -0.5995
vn -0.0003 0.7780 -0.6282
vn -0.0033 0.7976 -0.6031
vn -0.0018 0.7782 -0.6280
vn -0.0009 0.7784 -0.6277
vn -0.0003 0.7786 -0.6275
vn -0.0002 0.7784 -0.6278
vn 0.0030 0.7787 -0.6273
vn 0.0018 0.7780 -0.6282
vn 0.0002 0.7788 -0.6273
vn 0.0004 0.7784 -0.6278
vn -0.0269 0.7983 -0.6016
vn -0.0301 0.7982 -0.6017
vn -0.0002 0.7784 -0.6277
vn 0.0043 0.7774 -0.6290
vn -0.0001 0.7980 -0.6027
vn -0.0051 0.7998 -0.6003
vn -0.0047 0.7986 -0.6019
vn 0.0025 0.7784 -0.6277
vn 0.0001 0.7781 -0.6281
vn -0.0019 0.7778 -0.6285
vn -0.0009 0.7779 -0.6284
vn -0.0001 0.7970 -0.6040
vn -0.0044 0.7774 -0.6289
vn -0.0074 0.7989 -0.6014
vn -0.0077 0.8002 -0.5997
vn -0.0024 0.7992 -0.6011
vn -0.0096 0.7997 -0.6004
vn 0.0005 0.7976 -0.6032
vn -0.0002 0.7976 -0.6031
vn 0.0048 0.7986 -0.6018
vn -0.0000 0.7995 -0.6006
vn 0.0051 0.7970 -0.6039
vn 0.0043 0.7980 -0.6027
vn 0.0043 0.7979 -0.6028
vn -0.0102 0.7998 -0.6002
vn -0.0001 0.7780 -0.6283
vn -0.0000 0.7773 -0.6291
vn -0.0000 0.7786 -0.6276
vn -0.0000 0.7774 -0.6290
vn -0.0074 0.8003 -0.5996
vn -0.0016 0.7997 -0.6003
vn -0.0017 0.7993 -0.6009
vn 0.0034 0.7988 -0.6016
vn 0.0131 0.7982 -0.6023
vn 0.0100 0.7988 -0.6015
vn 0.0087 0.7974 -0.6034
vn 0.0129 0.7981 -0.6024
vn -0.0000 0.7781 -0.6282
vn 0.0003 0.7780 -0.6283
vn -0.0000 0.7780 -0.6283
vn -0.0001 0.7778 -0.6285
vn -0.0065 0.7987 -0.6017
vn -0.0063 0.7977 -0.6030
vn 0.0006 0.7972 -0.6037
vn -0.0014 0.7981 -0.6025
vn 0.0002 0.7780 -0.6282
vn -0.0066 0.7997 -0.6004
vn 0.0245 0.7983 -0.6018
vn 0.0217 0.7984 -0.6017
vn 0.0123 0.7991 -0.6010
vn 0.0045 0.7943 -0.6075
vn 0.0044 0.7942 -0.6076
vn 0.0052 0.7968 -0.6042
vn -0.0000 0.7779 -0.6283
vn -0.0000 0.7778 -0.6285
vn 0.0002 0.7778 -0.6285
vn 0.0002 0.7779 -0.6284
vn 0.0002 0.7784 -0.6277
vn -0.0005 0.7785 -0.6277
vn -0.0012 0.7778 -0.6285
vn -0.0014 0.7777 -0.6286
vn 0.0004 0.7778 -0.6285
vn 0.0015 -0.6632 0.7485
vn -0.0000 -0.6634 0.7483
vn 0.0008 -0.6633 0.7484
vn 0.0010 0.7789 -0.6272
vn 0.0009 0.7779 -0.6284
vn -0.0004 0.7790 -0.6270
vn 0.0023 0.7792 -0.6268
vn 0.0008 0.7784 -0.6278
vn -0.0000 -0.6584 0.7527
vn -0.0004 -0.6605 0.7508
vn -0.0002 -0.6605 0.7509
vn -0.0002 -0.6605 0.7508
vn -0.0000 -0.6612 0.7502
vn -0.6232 -0.5531 0.5529
vn -0.6236 -0.5529 0.5527
vn -0.6231 -0.5531 0.5530
vn 0.0027 -0.6542 0.7563
vn -0.0002 -0.6614 0.7501
vn 0.0024 -0.6548 0.7558
vn -0.6252 -0.4921 0.6059
vn -0.5567 -0.5237 0.6448
vn -0.5566 -0.5238 0.6449
vn -0.6258 -0.4917 0.6054
vn -0.5515 -0.5259 0.6475
vn -0.5514 -0.5260 0.6476
vn -0.0940 -0.7037 0.7043
vn 0.0941 -0.7036 0.7043
vn 0.0939 -0.7037 0.7043
vn -0.0938 -0.7037 0.7043
vn 0.5929 -0.5695 0.5693
vn -0.6141 -0.4976 0.6126
vn -0.5462 -0.5281 0.6502
vn -0.5460 -0.5282 0.6503
vn -0.6637 -0.4716 0.5806
vn -0.5937 -0.5073 0.6246
vn -0.5936 -0.5074 0.6247
vn 0.5150 -0.5404 0.6654
vn 0.5869 -0.5105 0.6285
vn 0.5148 -0.5405 0.6655
vn -0.6114 -0.4989 0.6143
vn -0.5379 -0.5315 0.6544
vn -0.5378 -0.5315 0.6544
vn -0.5822 -0.5126 0.6311
vn -0.5107 -0.5420 0.6674
vn -0.5105 -0.5421 0.6675
vn -0.1849 -0.6196 0.7628
vn -0.1867 -0.6194 0.7626
vn -0.5781 -0.5769 0.5770
vn -0.6570 -0.5331 0.5330
vn -0.5791 -0.5764 0.5765
vn -0.0970 -0.6275 0.7726
vn 0.0988 -0.6274 0.7724
vn 0.0987 -0.6274 0.7724
vn -0.0969 -0.6275 0.7726
vn -0.1076 -0.6268 0.7717
vn -0.2136 -0.6159 0.7583
vn -0.1073 -0.6268 0.7718
vn 0.5461 -0.5281 0.6503
vn 0.6140 -0.4976 0.6127
vn 0.5460 -0.5282 0.6503
vn 0.5462 -0.5281 0.6502
vn 0.6141 -0.4976 0.6126
vn 0.5937 -0.5073 0.6246
vn 0.6637 -0.4716 0.5806
vn 0.5936 -0.5074 0.6247
vn 0.5567 -0.5237 0.6448
vn 0.6252 -0.4921 0.6059
vn 0.5566 -0.5238 0.6449
vn 0.3567 -0.5890 0.7252
vn 0.3568 -0.5890 0.7252
vn 0.3568 -0.5889 0.7251
vn 0.1861 -0.6194 0.7627
vn 0.1862 -0.6194 0.7627
vn 0.3923 -0.5799 0.7140
vn 0.3924 -0.5799 0.7140
vn 0.2092 -0.6165 0.7591
vn 0.2093 -0.6165 0.7590
vn 0.3645 -0.5871 0.7228
vn 0.3646 -0.5870 0.7228
vn 0.1910 -0.6188 0.7619
vn 0.1911 -0.6188 0.7619
vn -0.3567 -0.5890 0.7252
vn -0.1861 -0.6194 0.7627
vn -0.1862 -0.6194 0.7627
vn -0.3568 -0.5889 0.7251
vn -0.3568 -0.5890 0.7251
vn -0.5461 -0.5281 0.6503
vn -0.3923 -0.5799 0.7140
vn -0.2092 -0.6165 0.7591
vn -0.2093 -0.6165 0.7590
vn -0.3924 -0.5799 0.7140
vn -0.3645 -0.5871 0.7228
vn -0.1910 -0.6188 0.7619
vn -0.1911 -0.6188 0.7619
vn -0.3646 -0.5870 0.7228
vn -0.6140 -0.4976 0.6127
vn 0.0694 -0.6289 0.7744
vn -0.0694 -0.6289 0.7744
vn -0.1385 -0.6244 0.7687
vn 0.0802 -0.6284 0.7737
vn -0.0802 -0.6284 0.7737
vn -0.1599 -0.6223 0.7662
vn -0.1385 -0.6244 0.7688
vn 0.0717 -0.6288 0.7742
vn -0.0717 -0.6288 0.7742
vn -0.1430 -0.6240 0.7683
vn 0.5859 -0.5109 0.6290
vn 0.6619 -0.4726 0.5819
vn 0.5857 -0.5110 0.6292
vn 0.6044 -0.5023 0.6184
vn 0.6811 -0.4616 0.5684
vn 0.6042 -0.5024 0.6185
vn 0.0002 0.7779 0.6283
vn 0.0001 0.7780 0.6283
vn 0.0002 0.7780 0.6283
vn -0.6195 -0.4949 0.6094
vn -0.5456 -0.5284 0.6505
vn -0.5454 -0.5284 0.6506
vn 0.1560 -0.6227 0.7667
vn 0.1872 -0.6193 0.7625
vn -0.6595 -0.4739 0.5835
vn -0.5836 -0.5119 0.6303
vn -0.5834 -0.5120 0.6304
vn 0.5447 -0.5287 0.6510
vn 0.6185 -0.4954 0.6100
vn 0.5445 -0.5288 0.6511
vn -0.6281 -0.4906 0.6040
vn -0.5537 -0.5250 0.6464
vn -0.5535 -0.5251 0.6465
vn 0.5391 -0.5310 0.6538
vn 0.6125 -0.4983 0.6136
vn 0.5389 -0.5311 0.6539
vn -0.6033 -0.5028 0.6191
vn -0.5304 -0.5345 0.6581
vn -0.5302 -0.5345 0.6582
vn -0.2333 -0.6131 0.7548
vn -0.3908 -0.5803 0.7145
vn -0.3911 -0.5802 0.7144
vn -0.6225 -0.4934 0.6075
vn -0.6228 -0.4933 0.6073
vn 0.3776 -0.5838 0.7188
vn 0.3779 -0.5837 0.7187
vn 0.2292 -0.6137 0.7556
vn 0.3647 -0.5870 0.7228
vn -0.1829 -0.6198 0.7631
vn -0.3364 -0.5937 0.7310
vn -0.3366 -0.5936 0.7309
vn 0.3157 -0.5982 0.7365
vn 0.3159 -0.5982 0.7365
vn 0.1726 -0.6210 0.7646
vn -0.1850 -0.6196 0.7628
vn -0.3628 -0.5875 0.7233
vn -0.3631 -0.5874 0.7233
vn 0.3358 -0.5938 0.7312
vn 0.3360 -0.5938 0.7311
vn 0.2022 -0.6174 0.7602
vn -0.2041 -0.6172 0.7599
vn -0.3420 -0.5924 0.7294
vn -0.3422 -0.5924 0.7294
vn 0.3320 -0.5947 0.7322
vn 0.3322 -0.5946 0.7322
vn -0.3260 -0.5960 0.7338
vn -0.3262 -0.5960 0.7338
vn -0.6999 -0.4503 0.5544
vn 0.1180 -0.6260 0.7708
vn -0.1180 -0.6260 0.7708
vn 0.0769 -0.6286 0.7739
vn -0.0839 -0.6282 0.7735
vn 0.1548 -0.6228 0.7669
vn 0.0755 -0.6286 0.7740
vn -0.0778 -0.6285 0.7739
vn 0.2056 -0.6170 0.7597
vn 0.1033 -0.6271 0.7721
vn 0.1034 -0.6271 0.7721
vn -0.1033 -0.6271 0.7721
vn -0.1034 -0.6271 0.7721
vn 0.5635 -0.5208 0.6412
vn 0.6385 -0.4852 0.5974
vn 0.5634 -0.5209 0.6413
vn 0.5379 -0.5315 0.6544
vn 0.6114 -0.4989 0.6143
vn 0.5378 -0.5315 0.6544
vn 0.5107 -0.5420 0.6674
vn 0.5822 -0.5126 0.6311
vn 0.5105 -0.5421 0.6675
vn 0.5516 -0.5259 0.6475
vn 0.6258 -0.4917 0.6054
vn 0.5514 -0.5260 0.6476
vn -0.0002 0.7781 0.6281
vn -0.0003 0.7781 0.6281
vn -0.0002 0.7785 0.6277
vn 0.0001 0.7783 0.6279
vn 0.0001 0.7785 0.6277
vn 0.0021 0.7783 0.6278
vn 0.3312 -0.5949 0.7324
vn 0.3314 -0.5948 0.7324
vn 0.1967 -0.6181 0.7611
vn 0.3128 -0.5988 0.7373
vn 0.3129 -0.5988 0.7372
vn 0.1853 -0.6195 0.7628
vn 0.3406 -0.5928 0.7298
vn 0.3407 -0.5927 0.7298
vn 0.2038 -0.6172 0.7599
vn -0.1967 -0.6181 0.7611
vn -0.3312 -0.5949 0.7324
vn -0.3314 -0.5948 0.7324
vn -0.2102 -0.6164 0.7589
vn -0.3488 -0.5908 0.7275
vn -0.3490 -0.5908 0.7274
vn -0.5634 -0.5209 0.6413
vn -0.5635 -0.5208 0.6412
vn 0.3488 -0.5908 0.7275
vn 0.3490 -0.5908 0.7274
vn 0.2102 -0.6164 0.7589
vn -0.3128 -0.5988 0.7373
vn -0.3129 -0.5988 0.7372
vn -0.2038 -0.6172 0.7599
vn -0.3406 -0.5928 0.7298
vn -0.3407 -0.5927 0.7298
vn -0.6385 -0.4852 0.5974
vn 0.0993 -0.6273 0.7724
vn 0.0990 -0.6273 0.7724
vn -0.0993 -0.6273 0.7724
vn -0.0990 -0.6273 0.7724
vn -0.1973 -0.6180 0.7610
vn 0.0010 0.7782 0.6280
vn 0.0018 0.7778 0.6286
vn -0.0002 0.7780 0.6282
vn 0.0933 -0.6277 0.7728
vn -0.0912 -0.6278 0.7730
vn -0.0910 -0.6278 0.7730
vn 0.0930 -0.6277 0.7729
vn 0.0041 0.7958 0.6055
vn -0.0000 0.7786 0.6275
vn 0.0042 0.7960 0.6052
vn 0.1076 -0.6268 0.7717
vn 0.1073 -0.6268 0.7718
vn 0.1036 -0.6271 0.7721
vn -0.0000 -0.6304 0.7762
vn -0.1036 -0.6271 0.7721
vn -0.5466 -0.5921 0.5922
vn -0.6236 -0.5528 0.5528
vn -0.5475 -0.5917 0.5918
vn -0.5461 -0.5923 0.5924
vn -0.6230 -0.5531 0.5531
vn -0.5470 -0.5919 0.5920
vn 0.6219 -0.5538 0.5537
vn 0.6224 -0.5536 0.5533
vn 0.6220 -0.5537 0.5536
vn -0.5304 -0.5994 0.5995
vn -0.6062 -0.5624 0.5623
vn -0.6064 -0.5623 0.5622
vn -0.6063 -0.5624 0.5623
vn -0.5312 -0.5990 0.5991
vn 0.5910 -0.5704 0.5704
vn 0.5915 -0.5703 0.5701
vn 0.5911 -0.5704 0.5703
vn -0.0000 -0.2821 -0.9594
vn -0.1977 -0.6928 0.6935
vn -0.3578 -0.6601 0.6605
vn -0.3589 -0.6598 0.6602
vn -0.1978 -0.6927 0.6935
vn 0.5466 -0.5921 0.5922
vn 0.3361 -0.6657 0.6662
vn 0.3371 -0.6655 0.6660
vn 0.5475 -0.5917 0.5918
vn 0.1384 -0.6999 0.7007
vn 0.1387 -0.6999 0.7007
vn -0.1384 -0.6999 0.7007
vn -0.3361 -0.6657 0.6662
vn -0.3371 -0.6655 0.6660
vn -0.1387 -0.6999 0.7007
vn 0.3165 -0.6705 0.6710
vn 0.3174 -0.6703 0.6708
vn 0.1335 -0.7004 0.7012
vn 0.1337 -0.7004 0.7012
vn -0.1394 -0.6998 0.7006
vn -0.3358 -0.6658 0.6663
vn -0.3367 -0.6656 0.6660
vn -0.1396 -0.6998 0.7006
vn 0.5449 -0.5928 0.5930
vn 0.3350 -0.6660 0.6665
vn 0.3360 -0.6658 0.6662
vn 0.5458 -0.5924 0.5925
vn 0.1506 -0.6986 0.6994
vn 0.1508 -0.6986 0.6994
vn -0.1476 -0.6990 0.6998
vn -0.3251 -0.6685 0.6689
vn -0.3260 -0.6682 0.6687
vn -0.1478 -0.6989 0.6997
vn 0.5162 -0.6055 0.6057
vn 0.3156 -0.6707 0.6712
vn 0.5170 -0.6052 0.6053
vn -0.3579 -0.6601 0.6605
vn -0.3594 -0.6596 0.6601
vn -0.6506 -0.5370 0.5371
vn -0.6526 -0.5357 0.5358
vn -0.8506 -0.3720 0.3717
vn -0.8523 -0.3700 0.3697
vn -0.9628 -0.1911 0.1908
vn -0.9638 -0.1888 0.1884
vn -0.9976 -0.0493 0.0491
vn -0.9977 -0.0479 0.0478
vn 0.9976 -0.0493 0.0491
vn 0.9628 -0.1912 0.1907
vn 0.9638 -0.1888 0.1884
vn 0.9977 -0.0480 0.0478
vn 0.8506 -0.3720 0.3716
vn 0.8523 -0.3701 0.3697
vn 0.6506 -0.5370 0.5370
vn 0.6526 -0.5358 0.5357
vn 0.3579 -0.6601 0.6605
vn 0.3594 -0.6597 0.6601
vn 0.1848 -0.6945 0.6953
vn 0.0906 -0.7036 0.7048
vn 0.0910 -0.7036 0.7048
vn -0.0906 -0.7036 0.7048
vn -0.0910 -0.7036 0.7048
vn 0.0383 -0.7060 0.7072
vn 0.0384 -0.7060 0.7072
vn -0.0383 -0.7060 0.7072
vn -0.0384 -0.7060 0.7072
vn 0.0393 -0.7060 0.7072
vn 0.0394 -0.7060 0.7071
vn -0.0393 -0.7060 0.7072
vn -0.0394 -0.7060 0.7071
vn 0.0508 -0.7056 0.7068
vn 0.0509 -0.7056 0.7068
vn -0.0508 -0.7056 0.7068
vn -0.0509 -0.7056 0.7068
vn -0.0000 0.7784 0.6278
vn 0.0027 0.7786 0.6275
vn 0.0021 0.7783 0.6279
vn -0.0000 0.7780 0.6282
vn -0.0002 0.7781 0.6282
vn -0.0001 0.7780 0.6282
vn 0.0001 0.7780 0.6282
vn 0.0030 0.7960 0.6053
vn 0.0029 0.7958 0.6056
vn 0.0015 0.7777 0.6286
vn -0.0004 0.7778 0.6285
vn 0.0013 0.7778 0.6285
vn -0.0001 0.7752 0.6317
vn -0.0001 0.7758 0.6310
vn -0.0001 0.7775 0.6289
vn 0.0002 0.7792 0.6268
vn 0.0001 0.7791 0.6268
vn 0.0013 0.7794 0.6266
vn -0.0003 0.7789 0.6271
vn -0.0001 0.7790 0.6271
vn 0.0001 0.7789 0.6272
vn -0.0002 0.7788 0.6272
vn 0.0004 0.7789 0.6272
vn -0.0001 0.7787 0.6274
vn -0.0007 0.7777 0.6286
vn -0.0004 0.7782 0.6281
vn -0.0002 0.7780 0.6283
vn 0.0026 0.7787 0.6274
vn 0.0053 0.7970 0.6040
vn 0.0028 0.7978 0.6029
vn 0.0081 0.7978 0.6029
vn 0.0052 0.7953 0.6062
vn 0.0051 0.7951 0.6065
vn 0.0045 0.7970 0.6040
vn 0.0015 0.7978 0.6029
vn 0.0088 0.7974 0.6034
vn 0.0061 0.7982 0.6023
vn 0.0009 0.7993 0.6009
vn -0.0022 0.7991 0.6012
vn -0.0000 0.7782 0.6280
vn -0.0005 0.7781 0.6282
vn -0.0073 0.7981 0.6025
vn -0.0113 0.7986 0.6018
vn -0.0119 0.7986 0.6018
vn -0.0163 0.7986 0.6016
vn -0.0071 0.7981 0.6025
vn -0.0080 0.8003 0.5995
vn -0.0003 0.7780 0.6282
vn -0.0033 0.7976 0.6031
vn -0.0018 0.7782 0.6280
vn 0.0030 0.7787 0.6273
vn -0.0002 0.7784 0.6278
vn -0.0003 0.7786 0.6275
vn -0.0009 0.7784 0.6277
vn 0.0018 0.7780 0.6282
vn 0.0004 0.7784 0.6278
vn 0.0002 0.7788 0.6273
vn -0.0269 0.7983 0.6016
vn -0.0301 0.7982 0.6017
vn -0.0002 0.7784 0.6277
vn 0.0043 0.7774 0.6290
vn -0.0001 0.7980 0.6027
vn -0.0047 0.7986 0.6019
vn -0.0051 0.7998 0.6003
vn 0.0025 0.7784 0.6277
vn 0.0001 0.7781 0.6281
vn -0.0019 0.7778 0.6285
vn -0.0009 0.7779 0.6284
vn -0.0001 0.7970 0.6039
vn -0.0044 0.7774 0.6289
vn -0.0074 0.7989 0.6014
vn -0.0096 0.7997 0.6004
vn -0.0024 0.7992 0.6011
vn -0.0077 0.8002 0.5997
vn 0.0005 0.7976 0.6032
vn -0.0002 0.7976 0.6031
vn -0.0000 0.7995 0.6006
vn 0.0048 0.7986 0.6018
vn 0.0051 0.7970 0.6039
vn 0.0043 0.7979 0.6028
vn 0.0043 0.7980 0.6027
vn -0.0102 0.7998 0.6002
vn -0.0001 0.7780 0.6283
vn -0.0000 0.7773 0.6291
vn -0.0000 0.7774 0.6290
vn -0.0000 0.7786 0.6276
vn -0.0074 0.8003 0.5996
vn -0.0017 0.7993 0.6009
vn -0.0016 0.7997 0.6003
vn 0.0034 0.7988 0.6016
vn 0.0131 0.7982 0.6023
vn 0.0129 0.7981 0.6024
vn 0.0087 0.7974 0.6034
vn 0.0100 0.7988 0.6015
vn -0.0000 0.7781 0.6282
vn -0.0000 0.7780 0.6283
vn 0.0003 0.7780 0.6283
vn -0.0001 0.7778 0.6285
vn -0.0065 0.7987 0.6017
vn -0.0014 0.7981 0.6025
vn 0.0006 0.7972 0.6037
vn -0.0063 0.7977 0.6030
vn 0.0002 0.7780 0.6282
vn -0.0066 0.7997 0.6004
vn 0.0217 0.7984 0.6017
vn 0.0245 0.7983 0.6018
vn 0.0123 0.7991 0.6010
vn 0.0045 0.7943 0.6075
vn 0.0044 0.7942 0.6076
vn 0.0052 0.7968 0.6042
vn -0.0000 0.7779 0.6283
vn -0.0000 0.7778 0.6285
vn 0.0002 0.7778 0.6285
vn 0.0002 0.7779 0.6284
vn -0.0005 0.7785 0.6277
vn 0.0002 0.7784 0.6277
vn -0.0012 0.7778 0.6285
vn -0.0014 0.7777 0.6286
vn 0.0004 0.7778 0.6285
vn -0.0013 -0.6630 -0.7486
vn -0.0103 -0.6623 -0.7491
vn 0.0016 -0.6632 -0.7485
vn 0.0010 0.7789 0.6272
vn 0.0009 0.7779 0.6284
vn -0.0004 0.7790 0.6270
vn 0.0001 0.7791 0.6269
vn 0.0023 0.7792 0.6268
vn 0.0008 0.7784 0.6278
vn -0.0000 -0.6584 -0.7527
vn -0.0000 -0.2821 0.9594
vn -0.0000 -0.6612 -0.7502
vn 0.0027 -0.6542 -0.7563
vn 0.0024 -0.6548 -0.7558
vn -0.0002 -0.6614 -0.7501
vn -0.0000 0.9993 -0.0386
vn -0.0000 0.9993 0.0386
vn -0.0000 0.9871 -0.1600
vn -0.0000 0.9396 -0.3424
vn -0.0000 0.8198 -0.5727
vn -0.0000 0.5309 -0.8474
vn -0.0000 0.3082 -0.9513
vn -0.0000 0.9871 0.1600
vn -0.0000 0.9396 0.3424
vn -0.0000 0.8198 0.5727
vn -0.0000 0.5309 0.8474
vn -0.0000 0.3082 0.9513
vn -0.0000 0.6845 0.7291
vn -0.0000 0.6845 0.7290
vn -0.0103 -0.6623 0.7491
vn -0.0044 -0.6602 0.7511
vn -0.0108 -0.6616 0.7498
vn -0.0132 -0.6621 0.7493
vn -0.0013 -0.6630 0.7486
vn -0.0000 0.6845 -0.7290
vn -0.0000 0.6845 -0.7291
vn 0.0023 -0.6562 0.7546
vn -0.0001 -0.6626 0.7489
vn -0.0000 -0.6630 0.7486
vn -0.0003 -0.6623 0.7493
vn -0.0044 -0.6602 -0.7511
vn -0.0132 -0.6621 -0.7493
vn -0.0108 -0.6616 -0.7498
vn -0.0024 -0.6611 0.7503
vn -0.0062 -0.6622 0.7493
vn -0.0022 -0.6622 0.7493
vn -0.0081 -0.6622 0.7493
vn -0.0054 -0.6617 0.7497
vn -0.0024 -0.6611 -0.7503
vn 0.0004 -0.6606 -0.7507
vn -0.0054 -0.6617 -0.7497
vn -0.0003 -0.6618 -0.7497
vn -0.0062 -0.6622 -0.7493
vn -0.0081 -0.6622 -0.7493
vn -0.0022 -0.6622 -0.7493
vn 0.0023 -0.6562 -0.7546
vn -0.0003 -0.6618 0.7497
vn 0.0004 -0.6606 0.7507
vn -0.6571 -0.5331 -0.5330
vn -0.6576 -0.5328 -0.5326
vn -0.6572 -0.5330 -0.5329
vn 0.6236 -0.5528 -0.5528
vn 0.6240 -0.5526 -0.5525
vn 0.5924 -0.5697 -0.5697
vn -0.6570 -0.5331 -0.5330
vn -0.6236 -0.5528 -0.5528
vn -0.6230 -0.5531 -0.5531
vn 0.6218 -0.5538 -0.5538
vn -0.6062 -0.5624 -0.5623
vn 0.5909 -0.5705 -0.5704
vn 0.6236 -0.5528 0.5527
vn 0.6241 -0.5526 0.5524
vn 0.6237 -0.5527 0.5526
vn -0.6067 -0.5622 0.5620
vn -0.6239 -0.5527 0.5526
vn -0.6241 -0.5526 0.5524
vn -0.6237 -0.5527 0.5526
vn 0.0003 -0.6607 0.7507
vn 0.0002 -0.6607 0.7507
vn 0.6236 -0.5528 0.5528
vn -0.6572 -0.5330 0.5329
vn -0.6576 -0.5329 0.5326
vn 0.0005 -0.6599 0.7513
vn 0.0004 -0.6602 0.7511
vn 0.0002 -0.6604 0.7509
vn -0.0020 -0.6597 0.7516
vn -0.0018 -0.6598 0.7515
vn 0.0001 -0.6607 0.7507
vn 0.6218 -0.5538 0.5538
vn -0.0020 -0.6597 -0.7516
vn -0.0018 -0.6598 -0.7515
vn -0.0004 -0.6605 -0.7508
vn 0.5909 -0.5705 0.5704
vn 0.0003 -0.6607 -0.7507
vn 0.0002 -0.6607 -0.7507
vn 0.0005 -0.6599 -0.7513
vn 0.0002 -0.6604 -0.7509
vn 0.0004 -0.6602 -0.7511
vn 0.0001 -0.6607 -0.7507
vn -0.0002 -0.6605 -0.7508
vn -0.0002 -0.6605 -0.7509
vn -0.0003 -0.6622 -0.7493
vn -0.0000 -0.6630 -0.7487
vn -0.0001 -0.6626 -0.7490
vn -0.0002 -0.6626 0.7490
vn -0.0003 -0.6622 0.7493
vn 0.3815 0.0771 -0.9211
vn 0.7050 0.0771 -0.7050
vn 0.9211 0.0771 -0.3815
vn 0.9970 0.0771 -0.0000
vn 0.9211 0.0771 0.3815
vn 0.7050 0.0771 0.7050
vn 0.3815 0.0771 0.9211
vn -0.0000 0.0771 0.9970
vn -0.3815 0.0771 0.9211
vn -0.7050 0.0771 0.7050
vn -0.9211 0.0771 0.3815
vn -0.9970 0.0771 -0.0000
vn -0.9211 0.0771 -0.3815
vn -0.7050 0.0771 -0.7050
vn -0.3815 0.0771 -0.9211
vn -0.0000 0.0771 -0.9970
vn -0.3827 -0.0000 -0.9239
vn -0.7071 -0.0000 -0.7071
vn 0.9239 -0.0000 0.3827
vn -0.0000 -0.0000 1.0000
vn 0.3827 -0.0000 0.9239
vn 0.7071 -0.0000 0.7071
vn -0.7071 -0.0000 0.7071
vn -0.3827 -0.0000 0.9239
vn -0.9239 -0.0000 0.3827
vn 0.7071 -0.0000 -0.7071
vn 0.3827 -0.0000 -0.9239
vn -0.0000 -0.0000 -1.0000
vn -0.9239 -0.0000 -0.3827
vn 0.9239 -0.0000 -0.3827
vn -0.0000 -0.1472 -0.9891
vn -0.0000 -0.9891 0.1472
vn -0.0000 0.9891 -0.1472
vn -0.0000 -0.1472 0.9891
vn -0.0000 -0.9891 -0.1472
vn -0.0000 0.9891 0.1472
vn 0.3728 0.9022 -0.2169
vn 0.3659 -0.0111 -0.9306
vn 0.3683 -0.0112 -0.9296
vn 0.3683 0.0615 -0.9277
vn 0.3769 0.2056 -0.9031
vn 0.3686 -0.0386 -0.9288
vn 0.3833 0.3444 -0.8570
vn 0.3874 0.4746 -0.7903
vn 0.3892 0.5933 -0.7046
vn 0.3887 0.6976 -0.6018
vn 0.3859 0.7851 -0.4844
vn 0.3806 0.8539 -0.3551
vn -0.0000 -0.9214 0.3885
vn -0.0000 0.0152 0.9999
vn -0.0000 -0.8646 0.5024
vn -0.0000 -0.7966 0.6045
vn -0.0000 -0.7182 0.6959
vn -0.0000 -0.2873 0.9578
vn -0.0000 -0.6291 0.7773
vn -0.0000 -0.9653 0.2613
vn -0.0000 -0.5285 0.8489
vn -0.0000 -0.4151 0.9098
vn 0.9974 -0.0719 -0.0000
vn 0.3666 -0.0167 -0.9302
vn -0.0000 0.0072 1.0000
vn 0.3647 -0.0131 -0.9310
vn -0.0000 -0.9928 0.1195
vn 0.8716 0.4901 -0.0000
vn 0.6911 -0.7175 0.0867
vn 0.6998 -0.6894 0.1871
vn 0.7055 -0.6528 0.2759
vn 0.7092 -0.6093 0.3547
vn 0.7116 -0.5594 0.4251
vn 0.7132 -0.5031 0.4880
vn 0.7143 -0.4401 0.5442
vn 0.7149 -0.3694 0.5937
vn 0.7151 -0.2902 0.6360
vn 0.7148 -0.2010 0.6698
vn 0.6820 -0.7314 -0.0000
vn 0.7044 0.0050 0.7098
vn 0.3621 0.9293 0.0730
vn 0.7051 0.0049 0.7091
vn 0.3655 -0.0000 -0.9308
vn 0.3566 0.9342 -0.0000
vn 0.7039 -0.0000 0.7103
vn -0.0000 0.0070 1.0000
vn 0.7031 0.0106 0.7110
vn -0.0001 -0.0000 1.0000
vn 0.6819 -0.7314 -0.0000
vn 0.3567 0.9342 -0.0000
vn 0.8546 -0.5138 0.0754
vn 0.8659 -0.0006 -0.5002
vn 0.1595 -0.0000 0.9872
vn 0.8693 -0.2219 0.4417
vn 0.8640 -0.3326 0.3779
vn 0.8629 -0.3759 0.3379
vn 0.8621 -0.4127 0.2939
vn 0.8614 -0.4441 0.2463
vn 0.8583 -0.4941 0.1382
vn 0.8660 -0.2816 0.4131
vn 0.8604 -0.4710 0.1947
vn 0.1523 -0.3117 0.9379
vn 0.1490 -0.4449 0.8831
vn 0.1468 -0.5581 0.8167
vn 0.1454 -0.6545 0.7420
vn 0.1447 -0.7366 0.6607
vn 0.1443 -0.8066 0.5733
vn 0.1439 -0.8658 0.4792
vn 0.1431 -0.9150 0.3773
vn 0.1419 -0.9535 0.2660
vn 0.1396 -0.9798 0.1434
vn 0.8834 -0.0000 0.4687
vn 0.8741 -0.1528 -0.4612
vn 0.1357 -0.9907 0.0003
vn 0.8473 -0.5311 -0.0000
vn 0.8657 -0.0006 -0.5006
vn 0.1434 -0.0012 -0.9897
vn 0.8658 -0.5004 -0.0000
vn 0.1494 0.9888 -0.0001
vn 0.8658 0.5004 -0.0000
vn 0.1506 0.9886 -0.0000
vn 0.3668 -0.0000 -0.9303
vn 0.1494 -0.0012 -0.9888
vn 0.1437 -0.9896 0.0001
vn 1.0000 0.0004 0.0004
vn 1.0000 0.0005 -0.0005
vn 0.3673 -0.0142 -0.9300
vn 0.9654 -0.0000 0.2608
vn 0.3728 0.9022 0.2169
vn 0.3659 -0.0111 0.9306
vn 0.3683 -0.0112 0.9296
vn 0.3683 0.0615 0.9277
vn 0.3769 0.2056 0.9031
vn 0.3686 -0.0386 0.9288
vn 0.3833 0.3444 0.8570
vn 0.3874 0.4746 0.7903
vn 0.3892 0.5933 0.7046
vn 0.3887 0.6976 0.6018
vn 0.3859 0.7851 0.4844
vn 0.3806 0.8538 0.3551
vn -0.0000 -0.9214 -0.3885
vn -0.0000 0.0152 -0.9999
vn -0.0000 -0.8646 -0.5024
vn -0.0000 -0.7966 -0.6045
vn -0.0000 -0.7182 -0.6959
vn -0.0000 -0.2873 -0.9578
vn -0.0000 -0.6291 -0.7773
vn -0.0000 -0.9653 -0.2613
vn -0.0000 -0.5285 -0.8489
vn -0.0000 -0.4151 -0.9098
vn 0.3666 -0.0167 0.9302
vn -0.0000 0.0072 -1.0000
vn 0.3647 -0.0131 0.9310
vn -0.0000 -0.9928 -0.1195
vn 0.3668 -0.0000 0.9303
vn 0.6911 -0.7175 -0.0867
vn 0.6998 -0.6893 -0.1871
vn 0.7055 -0.6528 -0.2759
vn 0.7092 -0.6093 -0.3547
vn 0.7116 -0.5594 -0.4251
vn 0.7132 -0.5031 -0.4880
vn 0.7143 -0.4401 -0.5442
vn 0.7149 -0.3694 -0.5937
vn 0.7151 -0.2902 -0.6360
vn 0.7148 -0.2010 -0.6698
vn 0.7044 0.0050 -0.7098
vn 0.8741 -0.1528 0.4612
vn 0.7051 0.0049 -0.7091
vn 0.3655 -0.0000 0.9308
vn 0.7039 -0.0000 -0.7103
vn -0.0000 0.0070 -1.0000
vn 0.7031 0.0106 -0.7110
vn -0.0001 -0.0000 -1.0000
vn 0.8546 -0.5138 -0.0754
vn 0.1595 -0.0000 -0.9872
vn 0.8693 -0.2219 -0.4417
vn 0.8640 -0.3326 -0.3779
vn 0.8629 -0.3759 -0.3379
vn 0.8621 -0.4127 -0.2939
vn 0.8614 -0.4441 -0.2463
vn 0.8583 -0.4941 -0.1382
vn 0.8660 -0.2816 -0.4131
vn 0.8604 -0.4710 -0.1947
vn 0.1523 -0.3117 -0.9379
vn 0.1490 -0.4449 -0.8831
vn 0.1468 -0.5581 -0.8167
vn 0.1455 -0.6545 -0.7419
vn 0.1447 -0.7366 -0.6607
vn 0.1443 -0.8066 -0.5733
vn 0.1439 -0.8658 -0.4792
vn 0.1431 -0.9150 -0.3773
vn 0.1419 -0.9535 -0.2660
vn 0.1396 -0.9798 -0.1434
vn 0.8834 -0.0000 -0.4687
vn 0.8657 -0.0006 0.5006
vn 0.1434 -0.0012 0.9897
vn 0.8659 -0.0006 0.5002
vn 0.1494 0.9888 0.0001
vn 0.1358 -0.9907 -0.0003
vn 0.1494 -0.0012 0.9888
vn 0.1437 -0.9896 -0.0001
vn 1.0000 0.0004 -0.0004
vn 1.0000 0.0005 0.0005
vn 0.3673 -0.0142 0.9300
vn 0.9154 -0.0000 -0.4026
vn 0.9154 -0.0000 -0.4027
vn 0.7071 -0.7071 -0.0000
vn 0.7071 0.7071 -0.0000
vn 0.7088 0.7054 -0.0016
vn 0.7088 -0.7054 -0.0018
vn 0.6881 0.7256 0.0013
vn 0.6881 0.7256 -0.0013
vn 0.9909 0.0888 0.1010
vn 0.7085 0.7057 0.0006
vn 0.7085 -0.7057 0.0006
vn 0.9966 0.0787 -0.0227
vn 0.9970 -0.0697 -0.0350
vn 0.9958 -0.0699 0.0588
vn 0.6307 0.7761 -0.0000
vn 0.6088 -0.0056 0.7933
vn 0.6088 0.0005 -0.7933
vn 0.6136 0.0025 0.7896
vn 0.6307 -0.7761 -0.0000
vn 0.6136 -0.0056 -0.7896
vn 0.6136 -0.0005 0.7896
vn 0.6136 -0.0025 -0.7896
vn -0.0000 0.9969 0.0785
vn -0.0000 0.9969 -0.0785
vn 1.0000 -0.0093 -0.0000
vn -0.0000 0.0785 -0.9969
vn -0.0000 0.9724 0.2334
vn -0.0000 0.0785 0.9969
vn -0.0000 0.2334 -0.9724
vn -0.0000 0.2334 0.9724
vn -0.0000 0.3827 -0.9239
vn -0.0000 0.3827 0.9239
vn -0.0000 0.5225 -0.8526
vn -0.0000 0.5225 0.8526
vn -0.0000 0.6494 -0.7604
vn -0.0000 0.6494 0.7604
vn -0.0000 0.7604 -0.6494
vn -0.0000 0.7604 0.6494
vn -0.0000 0.8526 -0.5225
vn -0.0000 0.8526 0.5225
vn -0.0000 0.9239 -0.3827
vn -0.0000 0.9239 0.3827
vn -0.0000 0.9724 -0.2334
vn 0.7069 0.7051 -0.0555
vn 0.7069 0.6878 -0.1651
vn 0.7069 0.6534 -0.2707
vn 0.7070 0.6030 -0.3695
vn 0.7070 0.5378 -0.4593
vn 0.7070 0.4593 -0.5378
vn 0.7070 0.3695 -0.6030
vn 0.7070 0.2706 -0.6534
vn 0.7070 0.1651 -0.6877
vn 0.7070 0.0555 -0.7051
vn 0.7069 0.7051 0.0555
vn 0.7069 0.6878 0.1651
vn 0.7069 0.6534 0.2707
vn 0.7070 0.6030 0.3695
vn 0.7070 0.5378 0.4593
vn 0.7070 0.4593 0.5378
vn 0.7070 0.3695 0.6030
vn 0.7070 0.2706 0.6534
vn 0.7070 0.1651 0.6877
vn 0.7070 0.0555 0.7051
vn 0.7080 -0.0066 0.7062
vn 0.7080 0.7063 -0.0000
vn 0.7080 -0.0066 -0.7062
vn 0.7079 -0.0066 0.7062
vn 0.7080 -0.7062 -0.0000
vn 0.7079 -0.0066 -0.7062
vn 0.7069 -0.7051 0.0555
vn 0.7069 -0.6877 0.1652
vn 0.7070 -0.6533 0.2708
vn 0.7070 -0.6029 0.3697
vn 0.7070 -0.5376 0.4595
vn 0.7070 -0.4591 0.5379
vn 0.7070 -0.3693 0.6031
vn 0.7070 -0.2705 0.6535
vn 0.7070 -0.1650 0.6877
vn 0.7069 -0.0554 0.7051
vn 0.7069 -0.0554 -0.7051
vn 0.7070 -0.1650 -0.6877
vn 0.7070 -0.2705 -0.6535
vn 0.7070 -0.3693 -0.6031
vn 0.7070 -0.4591 -0.5379
vn 0.7070 -0.5376 -0.4595
vn 0.7070 -0.6029 -0.3697
vn 0.7070 -0.6533 -0.2708
vn 0.7069 -0.6877 -0.1652
vn 0.7069 -0.7051 -0.0555
vn 0.1086 0.0033 0.9941
vn -0.1523 -0.0717 0.9857
vn -0.0947 -0.2268 0.9693
vn -0.0391 -0.3776 0.9252
vn 0.0143 -0.5186 0.8549
vn 0.0646 -0.6453 0.7612
vn 0.1109 -0.7540 0.6475
vn 0.1517 -0.8418 0.5180
vn 0.1853 -0.9075 0.3770
vn 0.2098 -0.9506 0.2286
vn 0.2232 -0.9718 0.0765
vn 0.2241 -0.9746 -0.0000
vn 0.2232 -0.9718 -0.0765
vn 0.2098 -0.9506 -0.2286
vn 0.1853 -0.9075 -0.3770
vn 0.1517 -0.8418 -0.5180
vn 0.1109 -0.7540 -0.6475
vn 0.0646 -0.6453 -0.7612
vn 0.0143 -0.5186 -0.8549
vn -0.0391 -0.3776 -0.9252
vn -0.0947 -0.2268 -0.9693
vn -0.1523 -0.0717 -0.9857
vn 0.1086 0.0033 -0.9941
vn 0.9761 -0.0000 -0.2174
vn 0.9761 0.0832 -0.2008
vn 0.9853 -0.0653 0.1577
vn 0.9853 -0.0000 0.1707
vn 0.1914 -0.0000 -0.9815
vn 0.1914 -0.3756 -0.9068
vn -0.0000 -0.3827 -0.9239
vn 0.1914 -0.6940 -0.6940
vn 0.1914 -0.9068 -0.3756
vn -0.0000 -0.9239 -0.3827
vn -0.0000 -0.7071 -0.7071
vn 0.1914 -0.9815 -0.0000
vn 0.1914 -0.9068 0.3756
vn -0.0000 -0.9239 0.3827
vn 0.1914 -0.6940 0.6940
vn -0.0000 -0.7071 0.7071
vn 0.1914 -0.3756 0.9068
vn -0.0000 -0.3827 0.9239
vn 0.1914 -0.0000 0.9815
vn 0.1914 0.3756 0.9068
vn 0.1914 0.6940 0.6940
vn -0.0000 0.7071 0.7071
vn 0.1914 0.9068 0.3756
vn 0.1914 0.9815 -0.0000
vn 0.1914 0.9068 -0.3756
vn 0.1914 0.6940 -0.6940
vn -0.0000 0.7071 -0.7071
vn 0.1914 0.3756 -0.9068
vn 0.2008 0.3749 0.9051
vn 0.2008 -0.0000 0.9796
vn 0.9761 0.1537 0.1537
vn 0.9761 0.0832 0.2008
vn 0.9853 -0.0653 -0.1577
vn 0.9853 -0.1207 -0.1207
vn 0.3843 -0.0000 -0.9232
vn 0.3843 -0.3533 -0.8530
vn 0.9761 0.1537 -0.1537
vn 0.9853 -0.1207 0.1207
vn 0.9761 -0.2174 -0.0000
vn 0.9761 -0.2008 -0.0832
vn 0.9853 0.1577 0.0653
vn 0.9853 0.1707 -0.0000
vn 0.9761 -0.0000 0.2174
vn 0.9761 -0.0832 0.2008
vn 0.9853 0.0653 -0.1577
vn 0.9853 -0.0000 -0.1707
vn 0.9761 0.2008 -0.0832
vn 0.9761 0.2174 -0.0000
vn 0.9853 -0.1707 -0.0000
vn 0.9853 -0.1577 0.0653
vn 0.9761 -0.1537 -0.1537
vn 0.9761 -0.0832 -0.2008
vn 0.9853 0.0653 0.1577
vn 0.9853 0.1207 0.1207
vn 0.9761 -0.1537 0.1537
vn 0.9761 -0.2008 0.0832
vn 0.9853 0.1577 -0.0653
vn 0.9853 0.1207 -0.1207
vn 0.9761 0.2008 0.0832
vn 0.9853 -0.1577 -0.0653
vn 0.2008 -0.3749 0.9051
vn 0.2008 -0.3749 -0.9051
vn 0.2008 -0.0000 -0.9796
vn 0.2008 0.6927 0.6927
vn 0.2008 -0.6927 -0.6927
vn 0.2008 0.9051 0.3749
vn 0.2008 0.9796 -0.0000
vn 0.2008 -0.9051 -0.3749
vn 0.2008 0.9051 -0.3749
vn 0.2008 -0.9796 -0.0000
vn 0.2008 0.6927 -0.6927
vn 0.2008 -0.9051 0.3749
vn 0.2008 0.3749 -0.9051
vn 0.2008 -0.6927 0.6927
vn 0.9245 -0.1458 -0.3521
vn 0.9245 -0.0000 -0.3811
vn 0.3843 -0.6528 -0.6528
vn 0.9245 -0.2695 -0.2695
vn 0.3843 -0.8529 -0.3533
vn 0.9245 -0.3521 -0.1458
vn 0.3843 -0.9232 -0.0000
vn 0.9245 -0.3811 -0.0000
vn 0.3843 -0.8529 0.3533
vn 0.9245 -0.3521 0.1458
vn 0.3843 -0.6528 0.6528
vn 0.9245 -0.2695 0.2695
vn 0.3843 -0.3533 0.8529
vn 0.9245 -0.1458 0.3521
vn 0.3843 -0.0000 0.9232
vn 0.9245 -0.0000 0.3811
vn 0.3843 0.3533 0.8529
vn 0.9245 0.1458 0.3521
vn 0.3843 0.6528 0.6528
vn 0.9245 0.2695 0.2695
vn 0.3843 0.8529 0.3533
vn 0.9245 0.3521 0.1458
vn 0.3843 0.9232 -0.0000
vn 0.9245 0.3811 -0.0000
vn 0.3843 0.8529 -0.3533
vn 0.9245 0.3521 -0.1458
vn 0.3843 0.6528 -0.6528
vn 0.9245 0.2695 -0.2695
vn 0.3843 0.3533 -0.8529
vn 0.9245 0.1458 -0.3521
vn 0.3843 0.3533 -0.8530
vn 0.3843 -0.3533 -0.8529
vn 0.3843 -0.8530 0.3533
vn 0.1938 -0.6937 -0.6937
vn 0.1938 -0.9064 -0.3754
vn -0.1938 -0.9064 -0.3754
vn -0.1938 -0.6937 -0.6937
vn 0.1938 -0.9810 -0.0000
vn -0.1938 -0.9810 -0.0000
vn 0.1938 -0.9064 0.3754
vn -0.1938 -0.9064 0.3754
vn 0.1938 -0.6937 0.6937
vn -0.1938 -0.6937 0.6937
vn 0.1938 -0.3754 0.9064
vn -0.1938 -0.3754 0.9064
vn 0.1938 -0.0000 0.9810
vn -0.1938 -0.0000 0.9810
vn 0.1938 0.3754 0.9064
vn -0.1938 0.3754 0.9064
vn 0.1938 0.6937 0.6937
vn -0.1938 0.6937 0.6937
vn 0.1938 0.9064 0.3754
vn -0.1938 0.9064 0.3754
vn 0.1938 0.9810 -0.0000
vn -0.1938 0.9810 -0.0000
vn 0.1938 0.9064 -0.3754
vn -0.1938 0.9064 -0.3754
vn 0.1938 0.6937 -0.6937
vn -0.1938 0.6937 -0.6937
vn 0.1938 0.3754 -0.9064
vn -0.1938 0.3754 -0.9064
vn 0.9767 -0.0000 -0.2146
vn 0.9767 0.0821 -0.1983
vn 0.9767 0.1518 -0.1518
vn 0.9767 0.1983 -0.0821
vn 0.9767 0.2146 -0.0000
vn 0.9767 0.1983 0.0821
vn 0.9767 0.1518 0.1518
vn 0.9767 0.0821 0.1983
vn 0.9767 -0.0000 0.2146
vn 0.9767 -0.0821 0.1983
vn 0.9767 -0.1518 0.1518
vn 0.9767 -0.1983 0.0821
vn 0.9767 -0.2146 -0.0000
vn 0.9767 -0.1983 -0.0821
vn 0.9767 -0.1518 -0.1518
vn 0.9767 -0.0821 -0.1983
vn 0.1938 -0.3754 -0.9064
vn -0.1938 -0.3754 -0.9064
vn 0.1938 -0.0000 -0.9810
vn -0.1938 -0.0000 -0.9810
vn -0.3891 -0.3525 -0.8511
vn -0.3891 -0.0000 -0.9212
vn -0.8973 -0.0000 -0.4414
vn -0.8973 -0.1689 -0.4078
vn 0.3891 -0.0000 -0.9212
vn 0.3891 -0.3525 -0.8511
vn 0.9265 -0.1440 -0.3477
vn 0.9265 -0.0000 -0.3764
vn -0.3891 -0.6514 -0.6514
vn -0.8973 -0.3121 -0.3121
vn 0.3891 -0.6514 -0.6514
vn 0.9265 -0.2661 -0.2661
vn -0.3891 -0.8511 -0.3525
vn -0.8973 -0.4078 -0.1689
vn 0.3891 -0.8511 -0.3525
vn 0.9265 -0.3477 -0.1440
vn -0.3891 -0.9212 -0.0000
vn -0.8973 -0.4414 -0.0000
vn 0.3891 -0.9212 -0.0000
vn 0.9265 -0.3764 -0.0000
vn -0.3891 -0.8511 0.3525
vn -0.8973 -0.4078 0.1689
vn 0.3891 -0.8511 0.3525
vn 0.9265 -0.3477 0.1440
vn -0.3891 -0.6514 0.6514
vn -0.8973 -0.3121 0.3121
vn 0.3891 -0.6514 0.6514
vn 0.9265 -0.2661 0.2661
vn -0.3891 -0.3525 0.8511
vn -0.8973 -0.1689 0.4078
vn 0.3891 -0.3525 0.8511
vn 0.9265 -0.1440 0.3477
vn -0.3891 -0.0000 0.9212
vn -0.8973 -0.0000 0.4414
vn 0.3891 -0.0000 0.9212
vn 0.9265 -0.0000 0.3764
vn -0.3891 0.3525 0.8511
vn -0.8973 0.1689 0.4078
vn 0.3891 0.3525 0.8511
vn 0.9265 0.1440 0.3477
vn -0.3891 0.6514 0.6514
vn -0.8973 0.3121 0.3121
vn 0.3891 0.6514 0.6514
vn 0.9265 0.2661 0.2661
vn -0.3891 0.8511 0.3525
vn -0.8973 0.4078 0.1689
vn 0.3891 0.8511 0.3525
vn 0.9265 0.3477 0.1440
vn -0.3891 0.9212 -0.0000
vn -0.8973 0.4414 -0.0000
vn 0.3891 0.9212 -0.0000
vn 0.9265 0.3764 -0.0000
vn -0.3891 0.8511 -0.3525
vn -0.8973 0.4078 -0.1689
vn 0.3891 0.8511 -0.3525
vn 0.9265 0.3477 -0.1440
vn -0.3891 0.6514 -0.6514
vn -0.8973 0.3121 -0.3121
vn 0.3891 0.6514 -0.6514
vn 0.9265 0.2661 -0.2661
vn -0.3891 0.3525 -0.8511
vn -0.8973 0.1689 -0.4078
vn 0.3891 0.3525 -0.8511
vn 0.9265 0.1440 -0.3477
vn 0.3621 0.9293 -0.0730
vt 0.240637 0.787597
vt 0.230823 0.787326
vt 0.230823 0.675253
vt 0.240637 0.673896
vt 0.345489 0.265211
vt 0.349832 0.245582
vt 0.570721 0.245582
vt 0.572892 0.265211
vt 0.590349 0.077202
vt 0.570721 0.079916
vt 0.570721 0.024693
vt 0.590349 0.020351
vt 0.349832 0.024693
vt 0.570721 0.190360
vt 0.599765 0.004708
vt 0.827168 0.004708
vt 0.827168 0.061559
vt 0.827168 0.175260
vt 0.827168 0.232111
vt 0.599765 0.232111
vt 0.572892 0.004708
vt 0.345489 0.004708
vt 0.270202 0.654200
vt 0.268031 0.673896
vt 0.253977 0.673896
vt 0.255063 0.664048
vt 0.256148 0.654200
vt 0.590349 0.247754
vt 0.590349 0.190903
vt 0.329847 0.020351
vt 0.329847 0.247754
vt 0.217482 0.787326
vt 0.207668 0.787054
vt 0.207668 0.676610
vt 0.217482 0.675253
vt 0.193614 0.787054
vt 0.193614 0.676610
vt 0.268031 0.787597
vt 0.253977 0.787597
vt 0.241722 0.664048
vt 0.255063 0.797355
vt 0.241722 0.797355
vt 0.270202 0.807112
vt 0.256148 0.807112
vt 0.188346 0.354573
vt 0.306599 0.480169
vt 0.304775 0.481450
vt 0.186913 0.356361
vt 0.089682 0.395609
vt 0.250612 0.566453
vt 0.246758 0.566722
vt 0.089140 0.399436
vt 0.278337 0.352209
vt 0.316081 0.392538
vt 0.315297 0.393078
vt 0.277745 0.352958
vt 0.899504 0.563208
vt 0.900147 0.580564
vt 0.898065 0.582154
vt 0.896894 0.565137
vt 0.276669 0.350416
vt 0.309836 0.349623
vt 0.310500 0.350336
vt 0.030449 0.464880
vt 0.171158 0.614107
vt 0.167584 0.614400
vt 0.029889 0.468433
vt 0.017100 0.458275
vt 0.019961 0.457606
vt 0.026816 0.469377
vt 0.315805 0.067714
vt 0.278150 0.027380
vt 0.310267 0.025536
vt 0.319764 0.035808
vt 0.074322 0.387538
vt 0.077306 0.386866
vt 0.085850 0.400404
vt 0.938498 0.562244
vt 0.940958 0.595535
vt 0.937075 0.598650
vt 0.934882 0.564893
vt 0.061718 0.429899
vt 0.020452 0.454802
vt 0.052009 0.418101
vt 0.815673 0.374906
vt 0.846370 0.374969
vt 0.845982 0.564615
vt 0.815285 0.564552
vt 0.214460 0.592201
vt 0.812650 0.563061
vt 0.812874 0.578130
vt 0.810951 0.579468
vt 0.810224 0.564773
vt 0.851964 0.374716
vt 0.896970 0.367263
vt 0.851456 0.564733
vt 0.121082 0.356152
vt 0.077762 0.383938
vt 0.109690 0.344148
vt 0.902605 0.367392
vt 0.935081 0.367425
vt 0.902406 0.564861
vt 0.298468 0.544869
vt 0.848500 0.562952
vt 0.847919 0.579370
vt 0.845740 0.580928
vt 0.938702 0.370039
vt 0.941845 0.367215
vt 0.941642 0.565019
vt 0.125441 0.353642
vt 0.113089 0.342050
vt 0.175934 0.348123
vt 0.183029 0.355897
vt 0.180383 0.347147
vt 0.231334 0.350580
vt 0.235282 0.354962
vt 0.112099 0.343894
vt 0.124187 0.355831
vt 0.054632 0.417491
vt 0.055245 0.414135
vt 0.065849 0.425509
vt 0.064990 0.429155
vt 0.179140 0.348661
vt 0.233767 0.351030
vt 0.234461 0.350217
vt 0.238826 0.354308
vt 0.237996 0.355299
vt 0.276167 0.352725
vt 0.315423 0.394661
vt 0.311132 0.431253
vt 0.276095 0.351120
vt 0.899698 0.369162
vt 0.848994 0.376608
vt 0.810568 0.374769
vt 0.813049 0.376455
vt 0.301371 0.540685
vt 0.299089 0.541755
vt 0.304940 0.485245
vt 0.245489 0.569953
vt 0.215514 0.588975
vt 0.166359 0.617388
vt 0.274425 0.350736
vt 0.310111 0.432007
vt 0.310249 0.434686
vt 0.902175 0.587201
vt 0.900001 0.599281
vt 0.895780 0.598521
vt 0.897953 0.586441
vt 0.895628 0.602807
vt 0.848181 0.601133
vt 0.848333 0.596846
vt 0.219227 0.588407
vt 0.140389 0.635694
vt 0.007014 0.494225
vt 0.943914 0.598143
vt 0.815188 0.579602
vt 0.850540 0.580915
vt 0.902754 0.582164
vt 0.098530 0.329610
vt 0.109499 0.338412
vt 0.107132 0.341362
vt 0.096163 0.332560
vt 0.060961 0.370457
vt 0.092888 0.330667
vt 0.064235 0.372350
vt 0.768292 0.579162
vt 0.768375 0.567634
vt 0.009353 0.880878
vt 0.008808 0.689659
vt 0.050697 0.692448
vt 0.050673 0.882473
vt 0.075204 0.381152
vt 0.018082 0.452032
vt 0.007802 0.443193
vt 0.039358 0.406492
vt 0.049639 0.415331
vt 0.041735 0.403727
vt 0.052015 0.412567
vt 0.072837 0.384102
vt 0.061868 0.375300
vt 0.015705 0.454796
vt 0.005425 0.445957
vt 0.004708 0.441264
vt 0.036264 0.404564
vt 0.850428 0.585203
vt 0.768266 0.582868
vt 0.810925 0.583174
vt 0.809381 0.592841
vt 0.766785 0.592145
vt 0.814585 0.583758
vt 0.813042 0.593425
vt 0.809321 0.596547
vt 0.766724 0.595851
vt 0.844111 0.596087
vt 0.846207 0.584443
vt 0.304483 0.156740
vt 0.186996 0.031491
vt 0.188428 0.029710
vt 0.306314 0.155457
vt 0.246433 0.242122
vt 0.089262 0.074520
vt 0.089809 0.070702
vt 0.250308 0.241859
vt 0.315022 0.068253
vt 0.277558 0.028127
vt 0.897114 0.349770
vt 0.899364 0.351290
vt 0.320430 0.036516
vt 0.317477 0.069498
vt 0.167219 0.289786
vt 0.029865 0.143419
vt 0.030432 0.139873
vt 0.170808 0.289498
vt 0.175866 0.303775
vt 0.166002 0.292796
vt 0.176873 0.301013
vt 0.769199 0.376453
vt 0.256773 0.258415
vt 0.245173 0.245379
vt 0.257788 0.255498
vt 0.937058 0.333572
vt 0.940971 0.336669
vt 0.214113 0.267575
vt 0.224751 0.278857
vt 0.179722 0.300877
vt 0.061815 0.104955
vt 0.810729 0.359949
vt 0.812727 0.361229
vt 0.298185 0.220259
vt 0.308588 0.233140
vt 0.260789 0.255385
vt 0.121301 0.031282
vt 0.845193 0.358423
vt 0.847494 0.359880
vt 0.301087 0.216054
vt 0.304666 0.160557
vt 0.311509 0.167988
vt 0.311137 0.229992
vt 0.309964 0.109911
vt 0.313921 0.114094
vt 0.312835 0.163796
vt 0.309159 0.230750
vt 0.298796 0.217125
vt 0.225710 0.276252
vt 0.215152 0.264330
vt 0.218876 0.263764
vt 0.229226 0.276038
vt 0.311269 0.164870
vt 0.313680 0.111686
vt 0.309817 0.107220
vt 0.310843 0.106465
vt 0.314532 0.111067
vt 0.238753 0.029452
vt 0.275982 0.027894
vt 0.315147 0.069837
vt 0.316735 0.070022
vt 0.124397 0.030949
vt 0.125654 0.028763
vt 0.183136 0.031047
vt 0.085992 0.075505
vt 0.065075 0.104194
vt 0.026807 0.144377
vt 0.316988 0.071705
vt 0.237924 0.030439
vt 0.235225 0.030112
vt 0.900440 0.344136
vt 0.896358 0.345525
vt 0.892383 0.333847
vt 0.896464 0.332458
vt 0.891588 0.329610
vt 0.845481 0.342642
vt 0.844686 0.338405
vt 0.065938 0.100553
vt 0.006934 0.169180
vt 0.139977 0.311039
vt 0.943914 0.334040
vt 0.815018 0.359651
vt 0.850068 0.358143
vt 0.901967 0.349485
vt 0.320430 0.247921
vt 0.316887 0.249570
vt 0.310754 0.236393
vt 0.314298 0.234744
vt 0.270182 0.275567
vt 0.269089 0.271815
vt 0.317980 0.253322
vt 0.767869 0.364871
vt 0.262956 0.258637
vt 0.181878 0.303976
vt 0.226907 0.281957
vt 0.233075 0.294570
vt 0.188046 0.316589
vt 0.236467 0.292911
vt 0.230299 0.280298
vt 0.259412 0.260287
vt 0.265545 0.273464
vt 0.178486 0.305635
vt 0.184654 0.318248
vt 0.189168 0.320194
vt 0.234198 0.298174
vt 0.849313 0.353899
vt 0.767441 0.361147
vt 0.764948 0.351980
vt 0.807704 0.346671
vt 0.810302 0.356225
vt 0.813919 0.355241
vt 0.811321 0.345688
vt 0.807242 0.342952
vt 0.764486 0.348260
vt 0.841400 0.344032
vt 0.845232 0.355288
vt 0.139983 0.693784
vt 0.137362 0.691877
vt 0.138437 0.674840
vt 0.140526 0.676416
vt 0.320018 0.360612
vt 0.320685 0.361320
vt 0.317754 0.394322
vt 0.176192 0.628356
vt 0.177200 0.625601
vt 0.257048 0.582967
vt 0.258063 0.580057
vt 0.178986 0.694754
vt 0.175364 0.692139
vt 0.177342 0.658280
vt 0.181255 0.661378
vt 0.225072 0.603490
vt 0.180044 0.625467
vt 0.055773 0.882298
vt 0.055763 0.692631
vt 0.086463 0.692629
vt 0.086473 0.882297
vt 0.053132 0.694142
vt 0.051356 0.677741
vt 0.053282 0.679068
vt 0.092071 0.882504
vt 0.091932 0.692466
vt 0.137057 0.889787
vt 0.308855 0.557738
vt 0.261057 0.579947
vt 0.142684 0.889610
vt 0.142882 0.692106
vt 0.175165 0.889643
vt 0.088985 0.694268
vt 0.086123 0.676322
vt 0.088311 0.677867
vt 0.182130 0.691929
vt 0.181926 0.889769
vt 0.178782 0.886994
vt 0.311773 0.492678
vt 0.311399 0.554599
vt 0.314200 0.438868
vt 0.313100 0.488495
vt 0.309425 0.555355
vt 0.226033 0.600892
vt 0.229545 0.600685
vt 0.311536 0.489565
vt 0.313962 0.436464
vt 0.314813 0.435846
vt 0.317011 0.394846
vt 0.139774 0.887867
vt 0.089092 0.880634
vt 0.053145 0.880770
vt 0.317265 0.396529
vt 0.142522 0.669773
vt 0.138305 0.670553
vt 0.136074 0.658485
vt 0.140291 0.657706
vt 0.135902 0.654200
vt 0.088641 0.660386
vt 0.088469 0.656101
vt 0.184198 0.658748
vt 0.055588 0.677584
vt 0.090924 0.676305
vt 0.143123 0.674799
vt 0.320685 0.572522
vt 0.317142 0.574168
vt 0.311019 0.560991
vt 0.314562 0.559345
vt 0.270435 0.600130
vt 0.269344 0.596378
vt 0.318233 0.577920
vt 0.008702 0.678133
vt 0.263221 0.583201
vt 0.182197 0.628567
vt 0.227225 0.606590
vt 0.233381 0.619202
vt 0.188353 0.641180
vt 0.236773 0.617547
vt 0.230616 0.604934
vt 0.259677 0.584847
vt 0.265800 0.598024
vt 0.178805 0.630223
vt 0.184961 0.642835
vt 0.189472 0.644784
vt 0.234501 0.622807
vt 0.090792 0.672018
vt 0.008668 0.674427
vt 0.007169 0.665155
vt 0.049759 0.664372
vt 0.051322 0.674035
vt 0.054980 0.673443
vt 0.053418 0.663781
vt 0.049691 0.660667
vt 0.007101 0.661449
vt 0.084424 0.661166
vt 0.086575 0.672798
vt 0.139542 0.905723
vt 0.137300 0.907257
vt 0.276485 0.025589
vt 0.309604 0.024824
vt 0.017076 0.133277
vt 0.019938 0.132605
vt 0.074443 0.062656
vt 0.077426 0.061978
vt 0.181242 0.920290
vt 0.177358 0.923406
vt 0.020428 0.129799
vt 0.052088 0.093156
vt 0.052898 0.895988
vt 0.050904 0.897280
vt 0.077878 0.059049
vt 0.109896 0.019276
vt 0.087685 0.897373
vt 0.085393 0.898844
vt 0.113292 0.017177
vt 0.176045 0.023287
vt 0.180481 0.022311
vt 0.231281 0.025740
vt 0.112304 0.019022
vt 0.054708 0.092544
vt 0.055317 0.089186
vt 0.179243 0.023821
vt 0.233708 0.026187
vt 0.234399 0.025375
vt 0.275911 0.026291
vt 0.274245 0.025908
vt 0.140646 0.912871
vt 0.136725 0.924554
vt 0.132642 0.923184
vt 0.136563 0.911500
vt 0.131866 0.927420
vt 0.084974 0.918835
vt 0.085749 0.914599
vt 0.184198 0.922899
vt 0.055197 0.897555
vt 0.090266 0.899093
vt 0.142155 0.907511
vt 0.098750 0.004708
vt 0.109715 0.013535
vt 0.107341 0.016484
vt 0.096376 0.007657
vt 0.061084 0.045530
vt 0.093103 0.005757
vt 0.064358 0.047429
vt 0.008051 0.892458
vt 0.075323 0.056256
vt 0.018063 0.127022
vt 0.007799 0.118154
vt 0.039459 0.081510
vt 0.049723 0.090379
vt 0.041844 0.078750
vt 0.052108 0.087618
vt 0.072949 0.059205
vt 0.061985 0.050378
vt 0.015678 0.129782
vt 0.005414 0.120914
vt 0.004708 0.116217
vt 0.036368 0.079574
vt 0.089529 0.903337
vt 0.007632 0.896182
vt 0.050485 0.901003
vt 0.047911 0.910558
vt 0.005161 0.905351
vt 0.054103 0.901978
vt 0.051529 0.911533
vt 0.047458 0.914278
vt 0.004708 0.909070
vt 0.081666 0.913228
vt 0.085446 0.901966
vt 0.893717 0.839272
vt 0.878376 0.834085
vt 0.880814 0.625286
vt 0.893717 0.626511
vt 0.892371 0.009895
vt 0.907712 0.004708
vt 0.907712 0.217469
vt 0.894810 0.218694
vt 0.871978 0.625183
vt 0.872129 0.612224
vt 0.880966 0.612327
vt 0.463325 0.282708
vt 0.477358 0.274627
vt 0.477358 0.312135
vt 0.463325 0.304054
vt 0.509645 0.274627
vt 0.509645 0.312135
vt 0.495612 0.304054
vt 0.495612 0.282708
vt 0.941035 0.612226
vt 0.953937 0.612226
vt 0.953937 0.859040
vt 0.941035 0.859040
vt 0.894961 0.231653
vt 0.886125 0.231756
vt 0.885973 0.218797
vt 0.486774 0.304054
vt 0.486774 0.282708
vt 0.885924 0.214625
vt 0.883534 0.009998
vt 0.936727 0.612224
vt 0.936727 0.859038
vt 0.869539 0.833982
vt 0.871929 0.629354
vt 0.941306 0.004708
vt 0.941306 0.217469
vt 0.928403 0.218694
vt 0.925965 0.009895
vt 0.911970 0.834085
vt 0.914408 0.625286
vt 0.927311 0.626511
vt 0.927311 0.839272
vt 0.919567 0.218797
vt 0.928555 0.231653
vt 0.919718 0.231756
vt 0.618729 0.717084
vt 0.618729 0.963898
vt 0.605827 0.963898
vt 0.605827 0.717084
vt 0.905572 0.625183
vt 0.905723 0.612224
vt 0.914560 0.612327
vt 0.903133 0.833982
vt 0.905523 0.629354
vt 0.623037 0.717081
vt 0.623037 0.963895
vt 0.919518 0.214625
vt 0.917128 0.009998
vt 0.454487 0.304054
vt 0.454487 0.282708
vt 0.724695 0.368626
vt 0.734367 0.371039
vt 0.733771 0.374180
vt 0.723587 0.372381
vt 0.618127 0.390119
vt 0.624792 0.395445
vt 0.623661 0.397363
vt 0.616235 0.392694
vt 0.557343 0.392652
vt 0.569208 0.401024
vt 0.568451 0.404906
vt 0.553538 0.399685
vt 0.553261 0.602771
vt 0.552982 0.602781
vt 0.552939 0.602262
vt 0.742463 0.510614
vt 0.751116 0.510570
vt 0.750782 0.514382
vt 0.741205 0.513384
vt 0.737704 0.444938
vt 0.746161 0.444365
vt 0.746124 0.447401
vt 0.736852 0.447261
vt 0.675224 0.531310
vt 0.684634 0.530397
vt 0.686152 0.535032
vt 0.676240 0.534205
vt 0.617181 0.520716
vt 0.626264 0.520573
vt 0.625101 0.523606
vt 0.616463 0.522852
vt 0.616470 0.451627
vt 0.625311 0.450810
vt 0.624268 0.454374
vt 0.615747 0.454076
vt 0.622115 0.470982
vt 0.613025 0.470048
vt 0.614285 0.460636
vt 0.623182 0.461344
vt 0.552671 0.538610
vt 0.552403 0.538622
vt 0.552352 0.538098
vt 0.666392 0.396730
vt 0.675234 0.396682
vt 0.675318 0.398077
vt 0.666582 0.398514
vt 0.620317 0.604895
vt 0.612126 0.603796
vt 0.612526 0.601460
vt 0.620800 0.602772
vt 0.722619 0.661217
vt 0.732897 0.659794
vt 0.733397 0.663084
vt 0.723611 0.665241
vt 0.738333 0.584388
vt 0.748228 0.585131
vt 0.747868 0.589182
vt 0.739008 0.587800
vt 0.741408 0.507964
vt 0.750940 0.507352
vt 0.736380 0.442137
vt 0.745731 0.440694
vt 0.722173 0.657115
vt 0.732647 0.656469
vt 0.737764 0.580879
vt 0.748333 0.581203
vt 0.737603 0.577237
vt 0.748400 0.577420
vt 0.740304 0.504669
vt 0.750506 0.503557
vt 0.739641 0.501172
vt 0.750058 0.499934
vt 0.734996 0.438842
vt 0.745038 0.436924
vt 0.734020 0.435537
vt 0.744311 0.433282
vt 0.739935 0.516773
vt 0.750309 0.518084
vt 0.749868 0.521690
vt 0.739324 0.520463
vt 0.735599 0.593695
vt 0.745876 0.596650
vt 0.744868 0.600230
vt 0.734435 0.597320
vt 0.737350 0.590451
vt 0.746928 0.592983
vt 0.735917 0.450589
vt 0.745958 0.450971
vt 0.745826 0.454408
vt 0.735647 0.454156
vt 0.722426 0.653177
vt 0.732559 0.653179
vt 0.722955 0.376427
vt 0.733400 0.377477
vt 0.733197 0.380751
vt 0.723024 0.380357
vt 0.736940 0.559335
vt 0.747867 0.559311
vt 0.737487 0.538478
vt 0.748226 0.539112
vt 0.748563 0.534456
vt 0.737940 0.533603
vt 0.737116 0.486447
vt 0.747583 0.485090
vt 0.735514 0.469220
vt 0.745848 0.468665
vt 0.745752 0.457351
vt 0.735582 0.457185
vt 0.724649 0.634763
vt 0.735061 0.636820
vt 0.729816 0.614968
vt 0.740103 0.617573
vt 0.741893 0.611060
vt 0.731535 0.608299
vt 0.728909 0.418696
vt 0.739664 0.416028
vt 0.724663 0.398248
vt 0.735099 0.396603
vt 0.734628 0.393702
vt 0.724231 0.395201
vt 0.670376 0.598397
vt 0.679240 0.598888
vt 0.680111 0.602356
vt 0.671054 0.600345
vt 0.666781 0.645609
vt 0.674430 0.641006
vt 0.675824 0.642599
vt 0.668586 0.648353
vt 0.924637 0.853187
vt 0.927311 0.853627
vt 0.927311 0.900243
vt 0.683835 0.538505
vt 0.675090 0.536884
vt 0.669106 0.588551
vt 0.678381 0.588338
vt 0.678470 0.591361
vt 0.669219 0.591546
vt 0.675294 0.463865
vt 0.684837 0.463834
vt 0.683068 0.466846
vt 0.674425 0.466147
vt 0.674178 0.461506
vt 0.683138 0.460064
vt 0.671087 0.407790
vt 0.680305 0.406388
vt 0.679477 0.410374
vt 0.670402 0.410709
vt 0.669571 0.405551
vt 0.677405 0.403402
vt 0.669973 0.383983
vt 0.677767 0.388319
vt 0.676433 0.391091
vt 0.667866 0.388170
vt 0.674784 0.610355
vt 0.667225 0.607820
vt 0.668331 0.604813
vt 0.675794 0.607470
vt 0.670007 0.601958
vt 0.677843 0.604402
vt 0.665091 0.641822
vt 0.673098 0.638570
vt 0.664341 0.638124
vt 0.672594 0.635734
vt 0.669491 0.595136
vt 0.678609 0.595012
vt 0.682003 0.545648
vt 0.673015 0.543862
vt 0.673789 0.540320
vt 0.682687 0.542116
vt 0.674099 0.527788
vt 0.683614 0.526520
vt 0.673505 0.523999
vt 0.683061 0.522771
vt 0.681862 0.474028
vt 0.672832 0.473103
vt 0.673352 0.469565
vt 0.682221 0.470517
vt 0.672794 0.458209
vt 0.681873 0.456417
vt 0.671969 0.454588
vt 0.681114 0.452832
vt 0.678685 0.417765
vt 0.669605 0.417542
vt 0.669836 0.414036
vt 0.678848 0.414208
vt 0.667747 0.402362
vt 0.675884 0.400766
vt 0.666642 0.392445
vt 0.675527 0.393908
vt 0.662676 0.627942
vt 0.671254 0.627687
vt 0.664095 0.616847
vt 0.672053 0.618555
vt 0.668689 0.575644
vt 0.678239 0.575920
vt 0.670291 0.558314
vt 0.679550 0.559503
vt 0.682820 0.521189
vt 0.673303 0.522387
vt 0.671357 0.507369
vt 0.681121 0.506714
vt 0.671362 0.488892
vt 0.680760 0.489164
vt 0.680206 0.448837
vt 0.671080 0.450561
vt 0.669373 0.442771
vt 0.678759 0.441534
vt 0.668732 0.429137
vt 0.677928 0.429076
vt 0.616584 0.639816
vt 0.624047 0.635059
vt 0.625205 0.636848
vt 0.618370 0.642304
vt 0.616014 0.581708
vt 0.623950 0.580957
vt 0.625301 0.583642
vt 0.616844 0.583469
vt 0.616231 0.518594
vt 0.624601 0.517468
vt 0.615543 0.449921
vt 0.623674 0.448448
vt 0.967839 0.871851
vt 0.979038 0.871956
vt 0.982455 0.872615
vt 0.991946 0.874480
vt 0.991946 0.917130
vt 0.989411 0.919131
vt 0.986330 0.920754
vt 0.983018 0.921417
vt 0.971228 0.922575
vt 0.957621 0.922514
vt 0.945842 0.921250
vt 0.942525 0.920576
vt 0.939435 0.918972
vt 0.936727 0.916881
vt 0.950427 0.875417
vt 0.964445 0.872534
vt 0.614878 0.578771
vt 0.623171 0.577639
vt 0.614308 0.575518
vt 0.622810 0.574423
vt 0.615038 0.515465
vt 0.623695 0.514028
vt 0.614413 0.512050
vt 0.623207 0.510683
vt 0.614228 0.446880
vt 0.622641 0.445193
vt 0.613572 0.443531
vt 0.622055 0.441980
vt 0.623681 0.530488
vt 0.614822 0.529398
vt 0.615381 0.525980
vt 0.624159 0.527096
vt 0.622580 0.592480
vt 0.614479 0.591377
vt 0.615088 0.588219
vt 0.623147 0.589347
vt 0.616093 0.585301
vt 0.624177 0.586104
vt 0.614813 0.636256
vt 0.622832 0.632502
vt 0.613854 0.632739
vt 0.622171 0.629736
vt 0.614759 0.457207
vt 0.623516 0.457924
vt 0.621817 0.402857
vt 0.613441 0.399731
vt 0.614446 0.396215
vt 0.622510 0.399984
vt 0.612290 0.561165
vt 0.621217 0.560704
vt 0.612712 0.544137
vt 0.621493 0.544904
vt 0.622624 0.537835
vt 0.613682 0.536670
vt 0.433692 0.300110
vt 0.393898 0.297952
vt 0.395585 0.294807
vt 0.621221 0.494986
vt 0.612010 0.495586
vt 0.612272 0.476951
vt 0.621296 0.477541
vt 0.376647 0.898456
vt 0.389054 0.898399
vt 0.385775 0.900007
vt 0.379878 0.900157
vt 0.611327 0.618904
vt 0.619939 0.618291
vt 0.611503 0.429881
vt 0.620032 0.429199
vt 0.619617 0.417159
vt 0.611110 0.416983
vt 0.611032 0.414344
vt 0.619557 0.414620
vt 0.552400 0.539123
vt 0.549974 0.472628
vt 0.549969 0.472102
vt 0.550252 0.472085
vt 0.551214 0.411618
vt 0.551346 0.411008
vt 0.551665 0.411065
vt 0.549911 0.471575
vt 0.335479 0.498667
vt 0.352065 0.499331
vt 0.350514 0.502457
vt 0.334897 0.501796
vt 0.335160 0.499178
vt 0.551435 0.410365
vt 0.568250 0.610534
vt 0.552882 0.611955
vt 0.552867 0.608669
vt 0.568279 0.607582
vt 0.552941 0.605402
vt 0.568896 0.604492
vt 0.568555 0.599238
vt 0.552734 0.599875
vt 0.552453 0.596731
vt 0.567864 0.596035
vt 0.552224 0.593613
vt 0.567603 0.592974
vt 0.567480 0.547387
vt 0.552245 0.547563
vt 0.552304 0.544515
vt 0.567623 0.544278
vt 0.552381 0.541447
vt 0.568244 0.541008
vt 0.567706 0.534820
vt 0.552089 0.535481
vt 0.551744 0.532393
vt 0.567015 0.531576
vt 0.551437 0.529312
vt 0.566716 0.528468
vt 0.565833 0.480994
vt 0.549925 0.481451
vt 0.549945 0.478263
vt 0.565940 0.477768
vt 0.549982 0.475064
vt 0.566555 0.474375
vt 0.566058 0.468338
vt 0.549636 0.469115
vt 0.549233 0.465852
vt 0.565319 0.464957
vt 0.548878 0.462590
vt 0.565017 0.461727
vt 0.567138 0.424524
vt 0.549144 0.421698
vt 0.549824 0.418099
vt 0.567958 0.421026
vt 0.550573 0.414533
vt 0.568772 0.417738
vt 0.568497 0.410675
vt 0.551907 0.407104
vt 0.552598 0.403338
vt 0.568293 0.407531
vt 0.559287 0.390259
vt 0.569852 0.399255
vt 0.561593 0.388032
vt 0.570989 0.397858
vt 0.564323 0.385962
vt 0.572711 0.396807
vt 0.567461 0.384060
vt 0.575095 0.396039
vt 0.570800 0.382358
vt 0.578152 0.395331
vt 0.580670 0.636083
vt 0.573022 0.648416
vt 0.569066 0.646160
vt 0.577753 0.634763
vt 0.565397 0.643546
vt 0.575373 0.632964
vt 0.562258 0.640675
vt 0.573485 0.630880
vt 0.559672 0.637646
vt 0.572057 0.628613
vt 0.557551 0.634471
vt 0.571139 0.626165
vt 0.554294 0.627570
vt 0.569661 0.621561
vt 0.552986 0.618874
vt 0.568510 0.615922
vt 0.551435 0.578829
vt 0.567594 0.578666
vt 0.551721 0.561625
vt 0.567733 0.561616
vt 0.549864 0.514666
vt 0.566626 0.514358
vt 0.549547 0.496008
vt 0.566610 0.495254
vt 0.547377 0.450403
vt 0.564931 0.450368
vt 0.547293 0.435540
vt 0.565509 0.437473
vt 0.397441 0.788338
vt 0.397441 0.831336
vt 0.390129 0.829842
vt 0.873085 0.900113
vt 0.875845 0.855192
vt 0.892960 0.855233
vt 0.882375 0.904700
vt 0.878910 0.903974
vt 0.875700 0.902234
vt 0.617684 0.380852
vt 0.617669 0.650833
vt 0.382609 0.902307
vt 0.466926 0.771091
vt 0.461936 0.771295
vt 0.458773 0.769475
vt 0.470150 0.769376
vt 0.971578 0.009273
vt 0.969024 0.058756
vt 0.966072 0.057123
vt 0.668345 0.376349
vt 0.719888 0.361517
vt 0.666649 0.656483
vt 0.718381 0.672403
vt 0.962892 0.056341
vt 0.624807 0.296358
vt 0.621916 0.298103
vt 0.617105 0.297886
vt 0.653294 0.979352
vt 0.641134 0.977581
vt 0.637955 0.976796
vt 0.635005 0.975159
vt 0.632454 0.973111
vt 0.632506 0.927945
vt 0.261736 0.994082
vt 0.203812 0.994225
vt 0.203851 0.948638
vt 0.205978 0.946755
vt 0.208867 0.945006
vt 0.212021 0.944168
vt 0.225196 0.942049
vt 0.240407 0.942067
vt 0.250903 0.943780
vt 0.261736 0.948705
vt 0.755070 0.703277
vt 0.746310 0.707665
vt 0.748521 0.329610
vt 0.755070 0.334720
vt 0.752657 0.857129
vt 0.752657 0.874824
vt 0.751841 0.880657
vt 0.700050 0.898780
vt 0.699208 0.832960
vt 0.746059 0.832960
vt 0.748150 0.835648
vt 0.749750 0.838617
vt 0.750514 0.841805
vt 0.553315 0.790695
vt 0.553315 0.833344
vt 0.546666 0.832086
vt 0.377835 0.847665
vt 0.385153 0.849127
vt 0.373173 0.897754
vt 0.541080 0.920033
vt 0.541257 0.924078
vt 0.539292 0.927151
vt 0.539240 0.916882
vt 0.487447 0.930095
vt 0.489865 0.919018
vt 0.536118 0.940364
vt 0.490579 0.915635
vt 0.492304 0.912511
vt 0.493980 0.910489
vt 0.538479 0.913440
vt 0.538479 0.930559
vt 0.500794 0.837252
vt 0.497632 0.835595
vt 0.509019 0.835610
vt 0.505798 0.837150
vt 0.489867 0.961518
vt 0.536118 0.951685
vt 0.538480 0.961489
vt 0.539268 0.964914
vt 0.493982 0.970046
vt 0.492306 0.968025
vt 0.490581 0.964900
vt 0.538015 0.910539
vt 0.392167 0.300111
vt 0.486925 0.932490
vt 0.486925 0.948046
vt 0.570483 0.917547
vt 0.592467 0.950008
vt 0.591928 0.954138
vt 0.590362 0.957863
vt 0.587923 0.960819
vt 0.584850 0.962717
vt 0.581443 0.963371
vt 0.574924 0.964581
vt 0.567397 0.964581
vt 0.560879 0.963371
vt 0.557596 0.962649
vt 0.554586 0.960907
vt 0.552459 0.959046
vt 0.554937 0.917547
vt 0.399227 0.277414
vt 0.399227 0.274627
vt 0.440744 0.274756
vt 0.442886 0.277669
vt 0.444431 0.280789
vt 0.445071 0.284118
vt 0.445071 0.290722
vt 0.444514 0.293623
vt 0.442898 0.296240
vt 0.440380 0.298317
vt 0.437208 0.299651
vt 0.975831 0.870388
vt 0.970993 0.870179
vt 0.541170 0.968028
vt 0.543043 0.970044
vt 0.528610 0.832005
vt 0.529206 0.785047
vt 0.544444 0.786327
vt 0.547749 0.787021
vt 0.550813 0.788676
vt 0.397330 0.286095
vt 0.359159 0.895406
vt 0.342374 0.895417
vt 0.338991 0.849184
vt 0.552544 0.917024
vt 0.543043 0.922256
vt 0.373233 0.829793
vt 0.372925 0.782728
vt 0.388570 0.783984
vt 0.391876 0.784674
vt 0.394941 0.786325
vt 0.494234 0.834900
vt 0.486925 0.833394
vt 0.486994 0.790396
vt 0.489899 0.788273
vt 0.493024 0.786737
vt 0.496356 0.786110
vt 0.511604 0.784968
vt 0.512442 0.834982
vt 0.902043 0.285236
vt 0.899859 0.282418
vt 0.901974 0.279797
vt 0.590448 0.912165
vt 0.587326 0.913889
vt 0.503109 0.839057
vt 0.971578 0.060801
vt 0.937043 0.875356
vt 0.370516 0.846203
vt 0.353620 0.846224
vt 0.587259 0.913596
vt 0.973159 0.868457
vt 0.592467 0.910489
vt 0.358592 0.832696
vt 0.355189 0.833366
vt 0.344551 0.833370
vt 0.341171 0.832646
vt 0.330101 0.830192
vt 0.330309 0.788143
vt 0.332820 0.786145
vt 0.335894 0.784511
vt 0.339205 0.783841
vt 0.354856 0.782675
vt 0.352014 0.834999
vt 0.347670 0.835105
vt 0.417812 0.720265
vt 0.422584 0.766485
vt 0.408637 0.768674
vt 0.408513 0.724417
vt 0.411186 0.722487
vt 0.414394 0.720921
vt 0.349686 0.836787
vt 0.440187 0.766425
vt 0.433954 0.717155
vt 0.388555 0.849802
vt 0.391727 0.851440
vt 0.394053 0.853231
vt 0.392548 0.897731
vt 0.452010 0.717084
vt 0.458671 0.718284
vt 0.468177 0.720066
vt 0.455327 0.768730
vt 0.330107 0.897344
vt 0.330101 0.853310
vt 0.332422 0.851513
vt 0.335590 0.849867
vt 0.394053 0.897488
vt 0.666845 0.248567
vt 0.666845 0.295184
vt 0.656350 0.293458
vt 0.169213 0.943434
vt 0.153900 0.992929
vt 0.150491 0.992115
vt 0.147418 0.990151
vt 0.145596 0.988365
vt 0.151518 0.943434
vt 0.913925 0.850727
vt 0.916484 0.848688
vt 0.918604 0.850579
vt 0.906779 0.248883
vt 0.905234 0.241527
vt 0.948915 0.241691
vt 0.471600 0.720695
vt 0.474820 0.722236
vt 0.477508 0.724144
vt 0.477508 0.767826
vt 0.473621 0.768658
vt 0.948924 0.303268
vt 0.904424 0.293593
vt 0.904424 0.291954
vt 0.953038 0.294571
vt 0.952340 0.297962
vt 0.950655 0.301109
vt 0.641140 0.293421
vt 0.642883 0.241579
vt 0.658007 0.243982
vt 0.661448 0.244749
vt 0.664600 0.246589
vt 0.610954 0.295507
vt 0.599765 0.293914
vt 0.599858 0.248406
vt 0.464193 0.773259
vt 0.614140 0.296279
vt 0.627962 0.295523
vt 0.953031 0.250387
vt 0.955977 0.264392
vt 0.955977 0.277776
vt 0.906781 0.261869
vt 0.950731 0.054584
vt 0.950722 0.009273
vt 0.953540 0.007088
vt 0.956780 0.005405
vt 0.960258 0.004708
vt 0.961898 0.004708
vt 0.965382 0.005393
vt 0.968636 0.007048
vt 0.950647 0.243850
vt 0.952333 0.246996
vt 0.899864 0.303276
vt 0.902087 0.300333
vt 0.903740 0.297077
vt 0.903727 0.288476
vt 0.903705 0.276583
vt 0.955977 0.280564
vt 0.904422 0.273116
vt 0.175024 0.995292
vt 0.163704 0.995292
vt 0.184828 0.992929
vt 0.907787 0.853127
vt 0.917854 0.904785
vt 0.913962 0.905593
vt 0.906602 0.907121
vt 0.893616 0.907089
vt 0.603032 0.246117
vt 0.606317 0.244522
vt 0.609813 0.243866
vt 0.611319 0.243628
vt 0.625279 0.241527
vt 0.498748 0.718992
vt 0.511019 0.717084
vt 0.514104 0.771100
vt 0.510916 0.771864
vt 0.499603 0.771860
vt 0.496416 0.771094
vt 0.487030 0.724017
vt 0.489253 0.722055
vt 0.492406 0.720216
vt 0.495847 0.719455
vt 0.910969 0.852354
vt 0.921487 0.852338
vt 0.145685 0.942618
vt 0.507946 0.773462
vt 0.502572 0.773460
vt 0.924564 0.902394
vt 0.921330 0.904088
vt 0.873185 0.854801
vt 0.551242 0.724040
vt 0.551242 0.769548
vt 0.547116 0.768969
vt 0.270056 0.932231
vt 0.203812 0.932633
vt 0.204038 0.886624
vt 0.206725 0.884535
vt 0.209695 0.882936
vt 0.212883 0.882172
vt 0.228204 0.880033
vt 0.245894 0.880038
vt 0.250021 0.880617
vt 0.184537 0.941291
vt 0.187725 0.940526
vt 0.193382 0.988365
vt 0.486925 0.769763
vt 0.529425 0.768963
vt 0.619787 0.299983
vt 0.527803 0.717100
vt 0.541813 0.719472
vt 0.545286 0.720179
vt 0.548514 0.721885
vt 0.190694 0.938927
vt 0.313079 0.654200
vt 0.317153 0.654938
vt 0.317112 0.655163
vt 0.270056 0.886643
vt 0.261214 0.882186
vt 0.264401 0.882951
vt 0.267370 0.884552
vt 0.191367 0.990239
vt 0.188254 0.992141
vt 0.505259 0.775552
vt 0.193382 0.936836
vt 0.673069 0.979759
vt 0.655954 0.979739
vt 0.696584 0.927809
vt 0.696584 0.973185
vt 0.694028 0.975228
vt 0.691075 0.976857
vt 0.687893 0.977635
vt 0.259614 0.946817
vt 0.253577 0.944216
vt 0.256729 0.945062
vt 0.750514 0.890149
vt 0.749749 0.893336
vt 0.748150 0.896306
vt 0.746059 0.898993
vt 0.544990 0.274921
vt 0.544990 0.312135
vt 0.544356 0.311895
vt 0.544346 0.275794
vt 0.282228 0.848788
vt 0.290277 0.850236
vt 0.317153 0.855076
vt 0.315192 0.856253
vt 0.311918 0.857436
vt 0.308558 0.857564
vt 0.301924 0.857600
vt 0.294511 0.856265
vt 0.288306 0.853917
vt 0.285067 0.852669
vt 0.282377 0.850254
vt 0.953330 0.438554
vt 0.953330 0.421978
vt 0.954440 0.407623
vt 0.955064 0.404588
vt 0.956571 0.401772
vt 0.958084 0.399881
vt 0.958084 0.460650
vt 0.956571 0.458760
vt 0.955065 0.455944
vt 0.954441 0.452909
vt 0.333059 0.565191
vt 0.332777 0.565175
vt 0.332782 0.564649
vt 0.954462 0.574557
vt 0.953330 0.563534
vt 0.958178 0.581844
vt 0.958178 0.582666
vt 0.956566 0.580560
vt 0.955078 0.577662
vt 0.507502 0.668651
vt 0.506395 0.664896
vt 0.516578 0.663097
vt 0.517174 0.666239
vt 0.400934 0.647158
vt 0.399042 0.644582
vt 0.406469 0.639913
vt 0.407599 0.641832
vt 0.340150 0.644624
vt 0.336346 0.637591
vt 0.351258 0.632370
vt 0.352016 0.636252
vt 0.335211 0.498655
vt 0.525271 0.526662
vt 0.524013 0.523893
vt 0.533590 0.522895
vt 0.533923 0.526707
vt 0.520512 0.592339
vt 0.519660 0.590016
vt 0.528932 0.589876
vt 0.528969 0.592912
vt 0.458032 0.505967
vt 0.459048 0.503072
vt 0.468959 0.502245
vt 0.467442 0.506880
vt 0.399988 0.516561
vt 0.399270 0.514424
vt 0.407909 0.513671
vt 0.409072 0.516704
vt 0.399277 0.585650
vt 0.398555 0.583201
vt 0.407075 0.582902
vt 0.408119 0.586467
vt 0.404922 0.566295
vt 0.405989 0.575932
vt 0.397093 0.576640
vt 0.395832 0.567228
vt 0.351704 0.432786
vt 0.352723 0.435275
vt 0.336068 0.434506
vt 0.335781 0.433998
vt 0.335748 0.431875
vt 0.449199 0.640547
vt 0.449389 0.638763
vt 0.458125 0.639199
vt 0.458041 0.640594
vt 0.403125 0.432382
vt 0.403607 0.434504
vt 0.395333 0.435816
vt 0.394933 0.433481
vt 0.505427 0.376058
vt 0.506419 0.372034
vt 0.516205 0.374191
vt 0.515704 0.377481
vt 0.521141 0.452888
vt 0.521816 0.449477
vt 0.530676 0.448094
vt 0.531036 0.452146
vt 0.524216 0.529313
vt 0.533748 0.529925
vt 0.519188 0.595140
vt 0.528539 0.596583
vt 0.504980 0.380161
vt 0.515454 0.380807
vt 0.520572 0.456398
vt 0.531141 0.456074
vt 0.520411 0.460039
vt 0.531208 0.459857
vt 0.523112 0.532608
vt 0.533314 0.533720
vt 0.522449 0.536105
vt 0.532866 0.537342
vt 0.517804 0.598435
vt 0.527846 0.600353
vt 0.516828 0.601740
vt 0.527119 0.603996
vt 0.522743 0.520504
vt 0.522132 0.516814
vt 0.532676 0.515587
vt 0.533117 0.519193
vt 0.518407 0.443581
vt 0.517243 0.439956
vt 0.527676 0.437046
vt 0.528684 0.440626
vt 0.520158 0.446825
vt 0.529737 0.444294
vt 0.518725 0.586688
vt 0.518454 0.583121
vt 0.528634 0.582869
vt 0.528766 0.586306
vt 0.505234 0.384099
vt 0.515366 0.384097
vt 0.505762 0.660850
vt 0.505831 0.656920
vt 0.516005 0.656526
vt 0.516208 0.659800
vt 0.530675 0.477966
vt 0.519748 0.477942
vt 0.531034 0.498165
vt 0.520295 0.498799
vt 0.531371 0.502821
vt 0.520748 0.503674
vt 0.530391 0.552186
vt 0.519923 0.550830
vt 0.528656 0.568611
vt 0.518322 0.568057
vt 0.528560 0.579926
vt 0.518389 0.580092
vt 0.517869 0.400456
vt 0.507456 0.402513
vt 0.522910 0.419703
vt 0.512623 0.422308
vt 0.524701 0.426216
vt 0.514343 0.428977
vt 0.522472 0.621249
vt 0.511717 0.618581
vt 0.517906 0.640674
vt 0.507470 0.639029
vt 0.517436 0.643575
vt 0.507038 0.642076
vt 0.453183 0.438880
vt 0.453861 0.436932
vt 0.462918 0.434920
vt 0.462048 0.438389
vt 0.449588 0.391668
vt 0.451393 0.388923
vt 0.458631 0.394677
vt 0.457237 0.396270
vt 0.924638 0.970470
vt 0.927311 0.923414
vt 0.927311 0.970030
vt 0.457898 0.500393
vt 0.466643 0.498771
vt 0.451913 0.448726
vt 0.452027 0.445731
vt 0.461277 0.445916
vt 0.461188 0.448938
vt 0.458101 0.573412
vt 0.457233 0.571130
vt 0.465876 0.570431
vt 0.467645 0.573443
vt 0.456986 0.575771
vt 0.465945 0.577213
vt 0.453894 0.629487
vt 0.453210 0.626568
vt 0.462284 0.626903
vt 0.463112 0.630889
vt 0.452378 0.631726
vt 0.460212 0.633875
vt 0.452780 0.653294
vt 0.450673 0.649107
vt 0.459241 0.646186
vt 0.460574 0.648957
vt 0.457592 0.426922
vt 0.458602 0.429807
vt 0.451139 0.432464
vt 0.450032 0.429456
vt 0.460651 0.432875
vt 0.452814 0.435319
vt 0.455905 0.398707
vt 0.447898 0.395455
vt 0.455401 0.401543
vt 0.447148 0.399153
vt 0.461416 0.442264
vt 0.452298 0.442141
vt 0.464811 0.491629
vt 0.465495 0.495161
vt 0.456597 0.496957
vt 0.455823 0.493415
vt 0.466422 0.510757
vt 0.456907 0.509488
vt 0.465869 0.514506
vt 0.456312 0.513278
vt 0.464670 0.563249
vt 0.465029 0.566760
vt 0.456160 0.567712
vt 0.455639 0.564174
vt 0.464681 0.580860
vt 0.455601 0.579068
vt 0.463921 0.584445
vt 0.454777 0.582689
vt 0.461492 0.619512
vt 0.461655 0.623069
vt 0.452643 0.623240
vt 0.452412 0.619734
vt 0.458692 0.636511
vt 0.450554 0.634915
vt 0.458334 0.643368
vt 0.449450 0.644832
vt 0.454061 0.409590
vt 0.445483 0.409334
vt 0.454860 0.418722
vt 0.446902 0.420429
vt 0.461047 0.461357
vt 0.451497 0.461632
vt 0.462358 0.477773
vt 0.453098 0.478962
vt 0.465628 0.516088
vt 0.463928 0.530562
vt 0.454164 0.529908
vt 0.456110 0.514890
vt 0.463568 0.548113
vt 0.454169 0.548385
vt 0.463014 0.588440
vt 0.461567 0.595743
vt 0.452181 0.594505
vt 0.453888 0.586716
vt 0.460736 0.608201
vt 0.451539 0.608140
vt 0.399392 0.397461
vt 0.401177 0.394973
vt 0.408012 0.400429
vt 0.406854 0.402218
vt 0.398821 0.455568
vt 0.399651 0.453808
vt 0.408109 0.453635
vt 0.406757 0.456320
vt 0.399038 0.518682
vt 0.407409 0.519808
vt 0.398351 0.587355
vt 0.406482 0.588828
vt 0.967839 0.982715
vt 0.964445 0.982032
vt 0.950427 0.979150
vt 0.936727 0.937685
vt 0.939435 0.935594
vt 0.942525 0.933990
vt 0.945842 0.933316
vt 0.957621 0.932052
vt 0.971228 0.931991
vt 0.983018 0.933149
vt 0.986330 0.933812
vt 0.989411 0.935435
vt 0.991946 0.937437
vt 0.991946 0.980086
vt 0.982455 0.981951
vt 0.979038 0.982610
vt 0.405978 0.459638
vt 0.397685 0.458506
vt 0.405617 0.462854
vt 0.397116 0.461759
vt 0.406502 0.523249
vt 0.397845 0.521811
vt 0.406014 0.526594
vt 0.397220 0.525227
vt 0.405449 0.592084
vt 0.397036 0.590397
vt 0.404862 0.595297
vt 0.396379 0.593745
vt 0.406489 0.506789
vt 0.406967 0.510181
vt 0.398188 0.511296
vt 0.397629 0.507878
vt 0.405388 0.444796
vt 0.405954 0.447930
vt 0.397896 0.449058
vt 0.397286 0.445900
vt 0.406985 0.451173
vt 0.398900 0.451976
vt 0.405639 0.404775
vt 0.397620 0.401021
vt 0.404978 0.407541
vt 0.396661 0.404538
vt 0.406323 0.579353
vt 0.397566 0.580070
vt 0.404624 0.634419
vt 0.405317 0.637292
vt 0.397253 0.641061
vt 0.396249 0.637546
vt 0.404025 0.476573
vt 0.395098 0.476111
vt 0.404301 0.492373
vt 0.395519 0.493140
vt 0.405431 0.499442
vt 0.396490 0.500607
vt 0.371371 0.274627
vt 0.333264 0.279930
vt 0.331578 0.276785
vt 0.404029 0.542290
vt 0.404103 0.559736
vt 0.395080 0.560325
vt 0.394817 0.541691
vt 0.873037 0.245378
vt 0.876267 0.243677
vt 0.882165 0.243827
vt 0.885444 0.245435
vt 0.402746 0.418986
vt 0.394135 0.418373
vt 0.402839 0.608077
vt 0.394311 0.607395
vt 0.402425 0.620118
vt 0.402364 0.622656
vt 0.393840 0.622932
vt 0.393917 0.620293
vt 0.351051 0.496269
vt 0.335208 0.498154
vt 0.335188 0.495829
vt 0.349362 0.562901
vt 0.350408 0.566086
vt 0.332790 0.562213
vt 0.332719 0.565701
vt 0.351579 0.619538
vt 0.351915 0.622913
vt 0.334472 0.626211
vt 0.334022 0.625658
vt 0.333381 0.622743
vt 0.334243 0.626911
vt 0.334153 0.626268
vt 0.860022 0.898510
vt 0.860123 0.906701
vt 0.856603 0.898551
vt 0.351057 0.426743
vt 0.351086 0.429695
vt 0.335674 0.428608
vt 0.335690 0.425322
vt 0.351362 0.438039
vt 0.350672 0.441242
vt 0.335261 0.440547
vt 0.335541 0.437403
vt 0.350410 0.444302
vt 0.335031 0.443664
vt 0.350288 0.489890
vt 0.350431 0.492999
vt 0.335111 0.492762
vt 0.335052 0.489714
vt 0.349823 0.505701
vt 0.334552 0.504884
vt 0.349523 0.508809
vt 0.334245 0.507965
vt 0.348641 0.556282
vt 0.348748 0.559509
vt 0.332753 0.559013
vt 0.332733 0.555826
vt 0.348865 0.568939
vt 0.348127 0.572319
vt 0.332041 0.571424
vt 0.332444 0.568162
vt 0.347825 0.575550
vt 0.331686 0.574686
vt 0.349946 0.612752
vt 0.350766 0.616250
vt 0.332632 0.619177
vt 0.331952 0.615578
vt 0.351304 0.626601
vt 0.351101 0.629745
vt 0.335406 0.633938
vt 0.334715 0.630172
vt 0.352659 0.638021
vt 0.342094 0.647017
vt 0.353796 0.639418
vt 0.344400 0.649244
vt 0.355519 0.640469
vt 0.347131 0.651314
vt 0.357902 0.641237
vt 0.350268 0.653216
vt 0.360959 0.641945
vt 0.353608 0.654918
vt 0.363477 0.401195
vt 0.360560 0.402514
vt 0.351874 0.391117
vt 0.355829 0.388862
vt 0.358180 0.404313
vt 0.348204 0.393732
vt 0.356292 0.406397
vt 0.345065 0.396602
vt 0.354864 0.408664
vt 0.342480 0.399631
vt 0.353946 0.411112
vt 0.340358 0.402806
vt 0.352468 0.415716
vt 0.337101 0.409708
vt 0.351318 0.421355
vt 0.335794 0.418403
vt 0.350402 0.458610
vt 0.334242 0.458448
vt 0.350541 0.475660
vt 0.334529 0.475652
vt 0.349433 0.522919
vt 0.332672 0.522611
vt 0.349418 0.542022
vt 0.332355 0.541268
vt 0.347738 0.586908
vt 0.330185 0.586873
vt 0.348317 0.599803
vt 0.330101 0.601737
vt 0.474196 0.831125
vt 0.466884 0.789620
vt 0.474196 0.788126
vt 0.873085 0.923544
vt 0.875700 0.921423
vt 0.878910 0.919683
vt 0.882375 0.918957
vt 0.892960 0.968424
vt 0.875845 0.968465
vt 0.400491 0.656424
vt 0.400476 0.386443
vt 0.878999 0.241527
vt 0.388515 0.719252
vt 0.391738 0.720967
vt 0.380361 0.720868
vt 0.383525 0.719048
vt 0.586793 0.861554
vt 0.581287 0.813704
vt 0.584239 0.812070
vt 0.451152 0.660927
vt 0.502696 0.675760
vt 0.449456 0.380793
vt 0.501188 0.364872
vt 0.578107 0.814485
vt 0.701303 0.245152
vt 0.693601 0.243624
vt 0.698412 0.243408
vt 0.025548 0.937243
vt 0.004760 0.988650
vt 0.004708 0.943484
vt 0.007259 0.941436
vt 0.010209 0.939799
vt 0.013389 0.939014
vt 0.136180 0.936980
vt 0.136180 0.982356
vt 0.125347 0.987282
vt 0.114850 0.988995
vt 0.099640 0.989012
vt 0.086465 0.986893
vt 0.083311 0.986055
vt 0.080422 0.984307
vt 0.078295 0.982423
vt 0.078255 0.936836
vt 0.537877 0.333998
vt 0.529116 0.329610
vt 0.537877 0.702558
vt 0.531328 0.707668
vt 0.445333 0.846203
vt 0.460658 0.848346
vt 0.463845 0.849111
vt 0.466815 0.850710
vt 0.469502 0.852801
vt 0.469502 0.899653
vt 0.403683 0.898810
vt 0.421806 0.847019
vt 0.427638 0.846203
vt 0.270202 0.864890
vt 0.263552 0.823499
vt 0.270202 0.822241
vt 0.874224 0.296169
vt 0.869563 0.246080
vt 0.881543 0.294707
vt 0.384257 0.961736
vt 0.382417 0.964888
vt 0.382469 0.954619
vt 0.384433 0.957691
vt 0.330624 0.951674
vt 0.379295 0.941406
vt 0.333042 0.962752
vt 0.381655 0.951210
vt 0.381655 0.968329
vt 0.337157 0.971280
vt 0.335481 0.969259
vt 0.333756 0.966134
vt 0.217681 0.818333
vt 0.222685 0.818435
vt 0.225906 0.819975
vt 0.214519 0.819990
vt 0.333044 0.920252
vt 0.333758 0.916869
vt 0.335483 0.913745
vt 0.337159 0.911723
vt 0.382445 0.916855
vt 0.381657 0.920281
vt 0.379295 0.930085
vt 0.381191 0.971231
vt 0.329847 0.274627
vt 0.330101 0.949279
vt 0.330102 0.933724
vt 0.297642 0.914050
vt 0.282096 0.914050
vt 0.279618 0.872551
vt 0.281745 0.870690
vt 0.284756 0.868948
vt 0.288038 0.868226
vt 0.294557 0.867016
vt 0.302084 0.867016
vt 0.308602 0.868226
vt 0.312009 0.868880
vt 0.315082 0.870778
vt 0.317521 0.873734
vt 0.319087 0.877460
vt 0.319627 0.881589
vt 0.336907 0.297323
vt 0.374888 0.275086
vt 0.378060 0.276420
vt 0.380578 0.278497
vt 0.382194 0.281114
vt 0.382751 0.284015
vt 0.382751 0.290619
vt 0.382111 0.293948
vt 0.380566 0.297067
vt 0.378424 0.299981
vt 0.336907 0.300111
vt 0.975831 0.984178
vt 0.970993 0.984388
vt 0.384346 0.913742
vt 0.386219 0.911726
vt 0.267700 0.866909
vt 0.264636 0.868564
vt 0.261331 0.869258
vt 0.246093 0.870538
vt 0.245496 0.823580
vt 0.335010 0.288642
vt 0.855549 0.248428
vt 0.835380 0.294650
vt 0.838764 0.248417
vt 0.279703 0.914573
vt 0.386219 0.959514
vt 0.471697 0.833138
vt 0.468631 0.834789
vt 0.465325 0.835479
vt 0.449681 0.836735
vt 0.449988 0.789669
vt 0.229329 0.820603
vt 0.228491 0.870617
vt 0.213243 0.869475
vt 0.209911 0.868848
vt 0.206786 0.867313
vt 0.203881 0.865189
vt 0.203812 0.822191
vt 0.211121 0.820685
vt 0.405654 0.927108
vt 0.405584 0.932547
vt 0.403469 0.929926
vt 0.317607 0.919433
vt 0.314485 0.917708
vt 0.219996 0.816528
vt 0.586793 0.810025
vt 0.937043 0.979210
vt 0.866906 0.297631
vt 0.850010 0.297610
vt 0.297580 0.914345
vt 0.973159 0.986110
vt 0.319627 0.921108
vt 0.431612 0.836787
vt 0.415960 0.835622
vt 0.412650 0.834951
vt 0.409575 0.833318
vt 0.407064 0.831320
vt 0.406857 0.789271
vt 0.417926 0.786817
vt 0.421306 0.786092
vt 0.431944 0.786096
vt 0.435347 0.786766
vt 0.424426 0.784358
vt 0.428770 0.784463
vt 0.339400 0.770078
vt 0.335983 0.769422
vt 0.332774 0.767856
vt 0.330101 0.765926
vt 0.330225 0.721669
vt 0.344172 0.723858
vt 0.426442 0.782675
vt 0.361776 0.723918
vt 0.355543 0.773188
vt 0.888938 0.246103
vt 0.890443 0.290603
vt 0.888117 0.292395
vt 0.884945 0.294032
vt 0.373599 0.773259
vt 0.376915 0.721613
vt 0.389766 0.770277
vt 0.380259 0.772059
vt 0.831980 0.293967
vt 0.828812 0.292322
vt 0.826491 0.290525
vt 0.826497 0.246490
vt 0.890443 0.246346
vt 0.743341 0.292943
vt 0.732846 0.248053
vt 0.743341 0.246327
vt 0.729618 0.979667
vt 0.711922 0.979667
vt 0.706001 0.934736
vt 0.707823 0.932950
vt 0.710895 0.930985
vt 0.714304 0.930171
vt 0.913925 0.972930
vt 0.918604 0.973078
vt 0.916484 0.974969
vt 0.410389 0.963462
vt 0.452525 0.970654
vt 0.408844 0.970817
vt 0.395209 0.721685
vt 0.399097 0.722517
vt 0.399097 0.766199
vt 0.396409 0.768107
vt 0.393188 0.769648
vt 0.452534 0.909076
vt 0.454266 0.911236
vt 0.455951 0.914382
vt 0.456648 0.917774
vt 0.408035 0.920390
vt 0.408035 0.918751
vt 0.741096 0.294922
vt 0.737944 0.296761
vt 0.734503 0.297529
vt 0.719379 0.299931
vt 0.717636 0.248089
vt 0.687450 0.246003
vt 0.676354 0.293104
vt 0.676261 0.247596
vt 0.385782 0.717084
vt 0.704458 0.245987
vt 0.690636 0.245231
vt 0.456641 0.961957
vt 0.410392 0.950475
vt 0.459587 0.934569
vt 0.459587 0.947952
vt 0.583851 0.863779
vt 0.580596 0.865433
vt 0.577112 0.866118
vt 0.575473 0.866118
vt 0.571995 0.865421
vt 0.568755 0.863738
vt 0.565937 0.861554
vt 0.565945 0.816242
vt 0.455943 0.965349
vt 0.454257 0.968495
vt 0.405697 0.912011
vt 0.403474 0.909069
vt 0.407350 0.915267
vt 0.407337 0.923868
vt 0.407315 0.935761
vt 0.459587 0.931780
vt 0.408032 0.939228
vt 0.735429 0.927809
vt 0.745233 0.930171
vt 0.724108 0.927809
vt 0.893616 0.916568
vt 0.906602 0.916537
vt 0.913962 0.918064
vt 0.917854 0.918872
vt 0.907787 0.970530
vt 0.701775 0.299983
vt 0.687815 0.297882
vt 0.686309 0.297644
vt 0.682812 0.296988
vt 0.679528 0.295393
vt 0.764581 0.298087
vt 0.761679 0.297624
vt 0.758238 0.296863
vt 0.755085 0.295024
vt 0.752862 0.293062
vt 0.762248 0.245985
vt 0.765436 0.245219
vt 0.776748 0.245215
vt 0.779936 0.245979
vt 0.776851 0.299995
vt 0.910969 0.971304
vt 0.921487 0.971319
vt 0.706090 0.980482
vt 0.768404 0.243619
vt 0.773779 0.243617
vt 0.921330 0.919569
vt 0.924564 0.921263
vt 0.873185 0.968856
vt 0.817075 0.293039
vt 0.812948 0.248110
vt 0.817075 0.247531
vt 0.553169 0.848876
vt 0.533134 0.900489
vt 0.529007 0.901068
vt 0.511317 0.901073
vt 0.495996 0.898934
vt 0.492808 0.898170
vt 0.489838 0.896572
vt 0.487151 0.894482
vt 0.486925 0.848473
vt 0.744942 0.981810
vt 0.753786 0.934736
vt 0.748129 0.982574
vt 0.752757 0.247316
vt 0.795257 0.248116
vt 0.696283 0.241527
vt 0.814346 0.295194
vt 0.811118 0.296900
vt 0.807646 0.297607
vt 0.793635 0.299979
vt 0.751099 0.984174
vt 0.861900 0.162915
vt 0.864942 0.156451
vt 0.874077 0.207145
vt 0.874118 0.207371
vt 0.870044 0.208108
vt 0.553169 0.894463
vt 0.550483 0.896555
vt 0.547514 0.898155
vt 0.544327 0.898921
vt 0.748658 0.930959
vt 0.751771 0.932862
vt 0.771091 0.241527
vt 0.753786 0.986264
vt 0.045323 0.936836
vt 0.060148 0.938960
vt 0.063329 0.939738
vt 0.066283 0.941368
vt 0.068839 0.943410
vt 0.068839 0.988787
vt 0.028208 0.936856
vt 0.134057 0.984245
vt 0.131172 0.986000
vt 0.128020 0.986845
vt 0.403469 0.852801
vt 0.406157 0.850710
vt 0.409126 0.849111
vt 0.412314 0.848346
vt 0.555056 0.311838
vt 0.554416 0.311564
vt 0.554407 0.275713
vt 0.555056 0.274921
vt 0.783695 0.648392
vt 0.783615 0.658162
vt 0.768009 0.656781
vt 0.764486 0.648631
vt 0.953330 0.351749
vt 0.954440 0.337394
vt 0.955064 0.334359
vt 0.956571 0.331542
vt 0.958084 0.329652
vt 0.958084 0.390421
vt 0.956571 0.388531
vt 0.955065 0.385714
vt 0.954441 0.382679
vt 0.953330 0.368324
vt 0.840996 0.897373
vt 0.840917 0.906936
vt 0.840751 0.906933
vt 0.954449 0.479963
vt 0.955060 0.476874
vt 0.956538 0.473991
vt 0.958140 0.471894
vt 0.958141 0.472712
vt 0.953330 0.490928
vt 0.793837 0.935148
vt 0.789146 0.917289
vt 0.835366 0.917381
vt 0.830605 0.935221
vt 0.830789 0.620174
vt 0.835480 0.638037
vt 0.789249 0.637945
vt 0.794012 0.620101
vt 0.840823 0.897371
vt 0.783865 0.648394
vt 0.783792 0.658163
vt 0.834500 0.641375
vt 0.831667 0.644381
vt 0.827259 0.646763
vt 0.821708 0.648286
vt 0.815557 0.648803
vt 0.809129 0.648790
vt 0.802980 0.648249
vt 0.797436 0.646703
vt 0.793038 0.644304
vt 0.790217 0.641286
vt 0.815534 0.897515
vt 0.815491 0.906539
vt 0.809065 0.906526
vt 0.809068 0.897505
vt 0.815553 0.658026
vt 0.821743 0.648765
vt 0.821772 0.658037
vt 0.827552 0.648685
vt 0.827596 0.658057
vt 0.832672 0.648583
vt 0.832693 0.658094
vt 0.836972 0.648487
vt 0.836951 0.658148
vt 0.840685 0.648414
vt 0.840849 0.658181
vt 0.802881 0.906563
vt 0.802851 0.897494
vt 0.797074 0.906642
vt 0.797030 0.897475
vt 0.791955 0.906744
vt 0.791933 0.897438
vt 0.787655 0.906840
vt 0.787676 0.897385
vt 0.783940 0.906913
vt 0.783778 0.897353
vt 0.790127 0.913952
vt 0.792959 0.910947
vt 0.797365 0.908566
vt 0.802915 0.907042
vt 0.821638 0.907080
vt 0.827182 0.908625
vt 0.831579 0.911024
vt 0.834399 0.914041
vt 0.787607 0.648445
vt 0.787694 0.658142
vt 0.791953 0.648528
vt 0.791948 0.658068
vt 0.797109 0.648633
vt 0.797044 0.658022
vt 0.802937 0.648729
vt 0.802866 0.658009
vt 0.809086 0.658015
vt 0.836921 0.897392
vt 0.832667 0.897466
vt 0.827572 0.897511
vt 0.821751 0.897522
vt 0.783604 0.897353
vt 0.840855 0.648413
vt 0.768007 0.658087
vt 0.856605 0.897447
vt 0.798314 0.943032
vt 0.793821 0.943023
vt 0.783773 0.906914
vt 0.821681 0.906599
vt 0.827507 0.906695
vt 0.832661 0.906800
vt 0.837007 0.906883
vt 0.841026 0.658180
vt 0.764510 0.906788
vt 0.764564 0.898572
vt 0.767994 0.898595
vt 0.955905 0.145027
vt 0.955905 0.210421
vt 0.954253 0.208355
vt 0.952612 0.205285
vt 0.951933 0.201976
vt 0.950722 0.186732
vt 0.950722 0.169131
vt 0.951933 0.153887
vt 0.952574 0.150559
vt 0.954124 0.147440
vt 0.959145 0.399839
vt 0.959145 0.460652
vt 0.565062 0.274921
vt 0.565062 0.308746
vt 0.564472 0.308744
vt 0.564472 0.274946
vt 0.959051 0.582687
vt 0.958694 0.582852
vt 0.307977 0.705857
vt 0.290094 0.805111
vt 0.286920 0.799380
vt 0.295647 0.750934
vt 0.304935 0.699393
vt 0.767987 0.897489
vt 0.575068 0.274921
vt 0.575068 0.308739
vt 0.574478 0.308727
vt 0.574478 0.274937
vt 0.959145 0.329610
vt 0.959145 0.390423
vt 0.826310 0.612288
vt 0.830805 0.612297
vt 0.339488 0.310376
vt 0.339713 0.309527
vt 0.339713 0.310917
vt 0.656407 0.917923
vt 0.656414 0.917995
vt 0.652293 0.918393
vt 0.847060 0.057196
vt 0.852612 0.111373
vt 0.843885 0.062927
vt 0.640710 0.768931
vt 0.651169 0.868209
vt 0.647497 0.872865
vt 0.642013 0.820819
vt 0.636857 0.771873
vt 0.674087 0.866542
vt 0.669827 0.906977
vt 0.665831 0.905398
vt 0.670234 0.863600
vt 0.958172 0.522423
vt 0.956629 0.520490
vt 0.955104 0.517632
vt 0.954471 0.514553
vt 0.953338 0.503589
vt 0.684546 0.767265
vt 0.675390 0.814655
vt 0.680874 0.762609
vt 0.330072 0.310917
vt 0.329847 0.310068
vt 0.330072 0.309527
vt 0.856643 0.658045
vt 0.955905 0.070217
vt 0.955905 0.135611
vt 0.954124 0.133198
vt 0.952575 0.130080
vt 0.951933 0.126752
vt 0.950722 0.111508
vt 0.950722 0.093906
vt 0.951933 0.078663
vt 0.952612 0.075354
vt 0.954253 0.072283
vt 0.958178 0.531868
vt 0.953330 0.550806
vt 0.954462 0.539783
vt 0.955096 0.536687
vt 0.956628 0.533813
vt 0.636450 0.728497
vt 0.632454 0.730076
vt 0.552973 0.603279
vt 0.569916 0.602002
vt 0.569257 0.537946
vt 0.567600 0.471191
vt 0.569108 0.414363
vt 0.335747 0.435015
vt 0.335789 0.434496
vt 0.635794 0.722272
vt 0.632542 0.726530
vt 0.633536 0.723235
vt 0.635338 0.720513
vt 0.653811 0.718579
vt 0.656414 0.720101
vt 0.643927 0.721415
vt 0.640599 0.717773
vt 0.647168 0.717081
vt 0.650546 0.717369
vt 0.279819 0.838802
vt 0.280500 0.846910
vt 0.279618 0.842964
vt 0.637772 0.718631
vt 0.836785 0.023506
vt 0.836584 0.019344
vt 0.837465 0.015397
vt 0.839193 0.013520
vt 0.666913 0.912239
vt 0.665919 0.908944
vt 0.669172 0.913202
vt 0.668715 0.914961
vt 0.687188 0.916895
vt 0.683923 0.918105
vt 0.680545 0.918393
vt 0.673977 0.917701
vt 0.677304 0.914059
vt 0.689792 0.915373
vt 0.671149 0.916843
vt 0.789191 0.637962
vt 0.835539 0.638055
vt 0.839343 0.012053
vt 0.842033 0.009639
vt 0.845272 0.008391
vt 0.851476 0.006043
vt 0.858889 0.004708
vt 0.865523 0.004744
vt 0.868883 0.004872
vt 0.872157 0.006055
vt 0.874118 0.007232
vt 0.847242 0.012072
vt 0.789088 0.917271
vt 0.830589 0.943097
vt 0.826095 0.943088
vt 0.835424 0.917364
vt 0.764589 0.656824
vt 0.860123 0.648544
vt 0.860066 0.656762
vt 0.856636 0.656738
vt 0.958135 0.470106
vt 0.959039 0.470069
vt 0.959051 0.531843
vt 0.959039 0.522427
vt 0.794028 0.612224
vt 0.798523 0.612233
vt 0.685670 0.717081
vt 0.689792 0.717479
vt 0.689784 0.717551
vt 0.744910 0.775658
vt 0.745151 0.780999
vt 0.699612 0.783741
vt 0.699309 0.777030
vt 0.596411 0.754657
vt 0.596411 0.757813
vt 0.591223 0.758845
vt 0.591223 0.753624
vt 0.745553 0.786330
vt 0.700117 0.790440
vt 0.744830 0.770312
vt 0.750350 0.771324
vt 0.750397 0.774480
vt 0.746114 0.791646
vt 0.700822 0.797122
vt 0.746114 0.748978
vt 0.746836 0.743681
vt 0.752142 0.745508
vt 0.751716 0.748636
vt 0.746836 0.796944
vt 0.701729 0.803778
vt 0.748755 0.807461
vt 0.747716 0.802217
vt 0.753328 0.802222
vt 0.753941 0.805318
vt 0.702835 0.810405
vt 0.750458 0.776503
vt 0.750600 0.779657
vt 0.704140 0.816995
vt 0.745553 0.754295
vt 0.751473 0.750645
vt 0.751141 0.753785
vt 0.749950 0.812672
vt 0.705643 0.823544
vt 0.754364 0.807297
vt 0.755070 0.810374
vt 0.749950 0.727953
vt 0.748755 0.733163
vt 0.704140 0.723629
vt 0.705643 0.717081
vt 0.750722 0.781677
vt 0.750959 0.784824
vt 0.747716 0.738408
vt 0.702835 0.730219
vt 0.745151 0.759626
vt 0.750959 0.755800
vt 0.750722 0.758948
vt 0.701729 0.736846
vt 0.755070 0.730251
vt 0.754364 0.733327
vt 0.700823 0.743503
vt 0.751141 0.786840
vt 0.751473 0.789979
vt 0.700117 0.750184
vt 0.744910 0.764967
vt 0.750600 0.760968
vt 0.750458 0.764121
vt 0.699612 0.756883
vt 0.753941 0.735307
vt 0.753328 0.738403
vt 0.699309 0.763595
vt 0.751716 0.791988
vt 0.752142 0.795116
vt 0.699208 0.770312
vt 0.750397 0.766144
vt 0.750350 0.769300
vt 0.752445 0.797117
vt 0.752965 0.800231
vt 0.469004 0.931164
vt 0.469004 0.928008
vt 0.476494 0.928008
vt 0.476494 0.931164
vt 0.752965 0.740394
vt 0.752445 0.743507
vt 0.469004 0.950103
vt 0.469004 0.946947
vt 0.476494 0.946947
vt 0.476494 0.950103
vt 0.469004 0.959572
vt 0.469004 0.956416
vt 0.476494 0.956416
vt 0.476494 0.959572
vt 0.469004 0.953259
vt 0.476494 0.953259
vt 0.469004 0.915382
vt 0.469004 0.912225
vt 0.476494 0.912225
vt 0.476494 0.915382
vt 0.469004 0.909069
vt 0.476494 0.909069
vt 0.469004 0.921695
vt 0.469004 0.918538
vt 0.476494 0.918538
vt 0.476494 0.921695
vt 0.469004 0.940633
vt 0.469004 0.937477
vt 0.476494 0.937477
vt 0.476494 0.940633
vt 0.469004 0.934321
vt 0.476494 0.934321
vt 0.469004 0.924851
vt 0.476494 0.924851
vt 0.469004 0.943790
vt 0.476494 0.943790
vt 0.519061 0.302623
vt 0.520269 0.299707
vt 0.522501 0.297475
vt 0.525417 0.296267
vt 0.528573 0.296267
vt 0.531490 0.297475
vt 0.533722 0.299707
vt 0.534930 0.302623
vt 0.534930 0.305779
vt 0.533722 0.308695
vt 0.531490 0.310927
vt 0.528574 0.312135
vt 0.525417 0.312135
vt 0.522501 0.310928
vt 0.520269 0.308696
vt 0.519061 0.305779
vt 0.565937 0.783915
vt 0.565937 0.780759
vt 0.569827 0.780759
vt 0.569827 0.783915
vt 0.596411 0.780759
vt 0.596411 0.783915
vt 0.591223 0.784947
vt 0.591223 0.779727
vt 0.596411 0.744216
vt 0.596411 0.747372
vt 0.591223 0.748404
vt 0.591223 0.743184
vt 0.591223 0.737963
vt 0.575016 0.737963
vt 0.575015 0.732743
vt 0.591223 0.732743
vt 0.596411 0.770318
vt 0.596411 0.773475
vt 0.591223 0.774506
vt 0.591223 0.769286
vt 0.565937 0.789136
vt 0.565937 0.785980
vt 0.569827 0.785980
vt 0.569827 0.789136
vt 0.596411 0.733775
vt 0.596411 0.736931
vt 0.575015 0.743184
vt 0.596411 0.759877
vt 0.596411 0.763033
vt 0.591223 0.764066
vt 0.596411 0.723334
vt 0.596411 0.726490
vt 0.591223 0.727522
vt 0.591223 0.722302
vt 0.596411 0.796420
vt 0.596411 0.799577
vt 0.591223 0.800609
vt 0.591223 0.795388
vt 0.565937 0.794356
vt 0.565937 0.791200
vt 0.569827 0.791200
vt 0.569827 0.794356
vt 0.575016 0.748404
vt 0.596411 0.785980
vt 0.596411 0.789136
vt 0.591223 0.790168
vt 0.575015 0.764066
vt 0.575016 0.758845
vt 0.575015 0.795388
vt 0.575016 0.790168
vt 0.575015 0.769286
vt 0.575015 0.800609
vt 0.575016 0.774506
vt 0.575016 0.722302
vt 0.575015 0.717081
vt 0.591223 0.717081
vt 0.575015 0.779727
vt 0.575015 0.753624
vt 0.575016 0.727522
vt 0.575015 0.784947
vt 0.596411 0.791200
vt 0.596411 0.794356
vt 0.565937 0.799577
vt 0.565937 0.796420
vt 0.569827 0.796420
vt 0.569827 0.799577
vt 0.596411 0.718113
vt 0.596411 0.721270
vt 0.565937 0.721270
vt 0.565937 0.718113
vt 0.569827 0.718113
vt 0.569827 0.721270
vt 0.596411 0.728554
vt 0.596411 0.731711
vt 0.596411 0.765098
vt 0.596411 0.768254
vt 0.565937 0.726490
vt 0.565937 0.723334
vt 0.569827 0.723334
vt 0.569827 0.726490
vt 0.596411 0.738995
vt 0.596411 0.742152
vt 0.596411 0.775538
vt 0.596411 0.778695
vt 0.565937 0.731711
vt 0.565937 0.728554
vt 0.569827 0.728554
vt 0.569827 0.731711
vt 0.596411 0.749436
vt 0.596411 0.752593
vt 0.569827 0.778695
vt 0.569827 0.775538
vt 0.569827 0.773474
vt 0.569827 0.770318
vt 0.569827 0.757813
vt 0.569827 0.754657
vt 0.569827 0.768254
vt 0.569827 0.765098
vt 0.569827 0.752593
vt 0.569827 0.749436
vt 0.569827 0.763033
vt 0.569827 0.759877
vt 0.569827 0.747372
vt 0.569827 0.744216
vt 0.569827 0.742152
vt 0.569827 0.738995
vt 0.569827 0.736931
vt 0.569827 0.733775
vt 0.565937 0.778695
vt 0.565937 0.775538
vt 0.565937 0.773474
vt 0.565937 0.770318
vt 0.565937 0.757813
vt 0.565937 0.754657
vt 0.565937 0.768254
vt 0.565937 0.765098
vt 0.565937 0.752593
vt 0.565937 0.749436
vt 0.565937 0.763034
vt 0.565937 0.759877
vt 0.565937 0.747372
vt 0.565937 0.744216
vt 0.565937 0.742152
vt 0.565937 0.738995
vt 0.565937 0.736931
vt 0.565937 0.733775
vt 0.789714 0.225539
vt 0.808636 0.225539
vt 0.808636 0.244005
vt 0.789714 0.244005
vt 0.808637 0.370768
vt 0.789714 0.370768
vt 0.808637 0.389234
vt 0.789714 0.389234
vt 0.771248 0.244005
vt 0.771248 0.370768
vt 0.827103 0.244005
vt 0.827103 0.370768
vt 0.684719 0.235772
vt 0.697749 0.235772
vt 0.697749 0.254238
vt 0.684719 0.254238
vt 0.697749 0.381000
vt 0.684719 0.381000
vt 0.697749 0.399467
vt 0.684719 0.399467
vt 0.666253 0.254238
vt 0.666253 0.381000
vt 0.723026 0.214872
vt 0.709995 0.214872
vt 0.709995 0.183476
vt 0.723026 0.183476
vt 0.709995 0.046479
vt 0.723026 0.046479
vt 0.709995 0.015082
vt 0.723026 0.015082
vt 0.754422 0.183476
vt 0.754422 0.046479
vt 0.678599 0.183476
vt 0.678599 0.046479
vt 0.322406 0.318323
vt 0.322406 0.171445
vt 0.334340 0.171445
vt 0.334340 0.318323
vt 0.348854 0.171445
vt 0.348854 0.318323
vt 0.360789 0.171445
vt 0.360789 0.318323
vt 0.869608 0.330668
vt 0.869608 0.183790
vt 0.881543 0.183790
vt 0.881543 0.330668
vt 0.896056 0.183790
vt 0.896056 0.330668
vt 0.907991 0.183790
vt 0.907991 0.330668
vt 0.436788 0.233259
vt 0.449818 0.233259
vt 0.449818 0.317413
vt 0.436788 0.317413
vt 0.431692 0.233259
vt 0.431692 0.317413
vt 0.578820 0.316124
vt 0.565790 0.316124
vt 0.565790 0.231970
vt 0.578820 0.231970
vt 0.583916 0.316124
vt 0.583916 0.231970
vt 0.560693 0.316124
vt 0.560694 0.231970
vt 0.394248 0.316396
vt 0.381218 0.316396
vt 0.381218 0.231955
vt 0.394248 0.231955
vt 0.376122 0.316396
vt 0.376122 0.231955
vt 0.855045 0.994772
vt 0.855045 0.853200
vt 0.996179 0.853200
vt 0.996179 0.994772
vt 0.851242 0.995723
vt 0.709669 0.995723
vt 0.709669 0.854589
vt 0.851242 0.854589
vt 0.498022 0.253008
vt 0.484992 0.253008
vt 0.484992 0.200380
vt 0.498022 0.200380
vt 0.501967 0.253008
vt 0.501967 0.200380
vt 0.546237 0.251359
vt 0.533207 0.251359
vt 0.533207 0.198731
vt 0.546237 0.198731
vt 0.550182 0.251359
vt 0.550182 0.198731
vt 0.549024 0.316908
vt 0.535993 0.316908
vt 0.535993 0.259541
vt 0.549023 0.259541
vt 0.552969 0.316908
vt 0.552969 0.259541
vt 0.511872 0.195345
vt 0.524903 0.195345
vt 0.524903 0.252712
vt 0.511872 0.252712
vt 0.507927 0.195345
vt 0.507928 0.252712
vt 0.828680 0.014413
vt 0.828680 0.032879
vt 0.809757 0.032879
vt 0.809757 0.014413
vt 0.828680 0.159642
vt 0.809757 0.159642
vt 0.828680 0.178108
vt 0.809757 0.178108
vt 0.847146 0.032879
vt 0.847146 0.159642
vt 0.791291 0.159642
vt 0.791291 0.032879
vt 0.734366 0.396626
vt 0.734366 0.378160
vt 0.747397 0.378160
vt 0.747397 0.396626
vt 0.734367 0.251397
vt 0.747397 0.251397
vt 0.734367 0.232931
vt 0.747397 0.232931
vt 0.715900 0.378160
vt 0.715900 0.251397
vt 0.613615 0.214203
vt 0.613615 0.182806
vt 0.626645 0.182806
vt 0.626645 0.214203
vt 0.613615 0.045809
vt 0.626645 0.045809
vt 0.613615 0.014413
vt 0.626645 0.014413
vt 0.582219 0.182806
vt 0.582219 0.045809
vt 0.658042 0.045809
vt 0.658042 0.182806
vt 0.917078 0.025004
vt 0.929013 0.025004
vt 0.929013 0.171882
vt 0.917079 0.171882
vt 0.943527 0.025004
vt 0.943527 0.171882
vt 0.955462 0.025004
vt 0.955462 0.171882
vt 0.869117 0.024202
vt 0.881052 0.024202
vt 0.881052 0.171080
vt 0.869117 0.171080
vt 0.895565 0.024202
vt 0.895565 0.171080
vt 0.907500 0.024202
vt 0.907500 0.171080
vt 0.596077 0.317301
vt 0.596077 0.233146
vt 0.609107 0.233146
vt 0.609107 0.317301
vt 0.590981 0.317301
vt 0.590981 0.233146
vt 0.639803 0.232220
vt 0.639803 0.316374
vt 0.626772 0.316374
vt 0.626772 0.232220
vt 0.644899 0.232220
vt 0.644899 0.316374
vt 0.621676 0.316374
vt 0.621677 0.232220
vt 0.421953 0.231652
vt 0.421953 0.316093
vt 0.408923 0.316093
vt 0.408923 0.231652
vt 0.403827 0.316093
vt 0.403827 0.231652
vt 0.563592 0.708756
vt 0.704726 0.708756
vt 0.704726 0.850329
vt 0.563592 0.850329
vt 0.704609 0.855163
vt 0.704609 0.996296
vt 0.563037 0.996296
vt 0.563037 0.855163
vt 0.465239 0.253996
vt 0.465239 0.201369
vt 0.478269 0.201369
vt 0.478269 0.253996
vt 0.461294 0.253996
vt 0.461294 0.201369
vt 0.465078 0.315777
vt 0.465078 0.263150
vt 0.478108 0.263150
vt 0.478108 0.315777
vt 0.461133 0.315777
vt 0.461133 0.263150
vt 0.516622 0.317367
vt 0.516622 0.260000
vt 0.529652 0.260000
vt 0.529652 0.317367
vt 0.512677 0.317367
vt 0.512677 0.260000
vt 0.499902 0.258824
vt 0.499902 0.316191
vt 0.486871 0.316191
vt 0.486872 0.258824
vt 0.503847 0.258824
vt 0.503847 0.316191
vt 0.026249 0.728394
vt 0.020430 0.730427
vt 0.016063 0.712239
vt 0.021945 0.710447
vt 0.020507 0.692027
vt 0.089684 0.671842
vt 0.090873 0.681655
vt 0.093564 0.691543
vt 0.033320 0.745423
vt 0.097680 0.701267
vt 0.042987 0.761106
vt 0.103119 0.710597
vt 0.055013 0.775053
vt 0.109746 0.719308
vt 0.069099 0.786914
vt 0.117401 0.727194
vt 0.084893 0.796395
vt 0.125899 0.734063
vt 0.102000 0.803263
vt 0.135041 0.739751
vt 0.174102 0.808106
vt 0.138412 0.808565
vt 0.154377 0.747054
vt 0.174051 0.746805
vt 0.278219 0.813146
vt 0.195353 0.814130
vt 0.195316 0.808018
vt 0.278173 0.807027
vt 0.446805 0.804741
vt 0.446974 0.810815
vt 0.340514 0.812374
vt 0.340461 0.806275
vt 0.137578 0.814651
vt 0.118881 0.813410
vt 0.119989 0.807350
vt 0.118288 0.813271
vt 0.100050 0.809118
vt 0.492926 0.805529
vt 0.493200 0.811610
vt 0.099486 0.808899
vt 0.082155 0.801934
vt 0.081629 0.801641
vt 0.065635 0.792034
vt 0.065154 0.791674
vt 0.050893 0.779661
vt 0.050464 0.779239
vt 0.038287 0.765118
vt 0.037919 0.764642
vt 0.028127 0.748761
vt 0.027825 0.748238
vt 0.020658 0.730990
vt 0.144608 0.744118
vt 0.100494 0.699570
vt 0.096480 0.690056
vt 0.099597 0.688740
vt 0.103612 0.698254
vt 0.174041 0.743560
vt 0.154964 0.743802
vt 0.154921 0.740416
vt 0.174013 0.740182
vt 0.105743 0.708605
vt 0.100429 0.699466
vt 0.103354 0.697765
vt 0.108668 0.706904
vt 0.112153 0.717052
vt 0.105671 0.708513
vt 0.108366 0.706467
vt 0.114848 0.715006
vt 0.119565 0.724699
vt 0.112074 0.716970
vt 0.114504 0.714615
vt 0.121994 0.722344
vt 0.155242 0.743864
vt 0.145738 0.741011
vt 0.146711 0.737770
vt 0.156215 0.740623
vt 0.127792 0.731354
vt 0.119477 0.724625
vt 0.121606 0.721995
vt 0.129921 0.728724
vt 0.096537 0.690174
vt 0.093921 0.680518
vt 0.097187 0.679633
vt 0.099803 0.689289
vt 0.136630 0.736852
vt 0.127696 0.731289
vt 0.129484 0.728417
vt 0.138419 0.733980
vt 0.145857 0.741057
vt 0.136523 0.736796
vt 0.137928 0.733718
vt 0.147262 0.737978
vt 0.447838 0.745378
vt 0.494209 0.746035
vt 0.289948 0.806852
vt 0.289984 0.812977
vt 0.445757 0.742117
vt 0.342894 0.742414
vt 0.342885 0.739029
vt 0.445747 0.738731
vt 0.340560 0.745664
vt 0.174139 0.814229
vt 0.137879 0.814689
vt 0.093968 0.680654
vt 0.092816 0.671095
vt 0.096175 0.670690
vt 0.097327 0.680249
vt 0.278176 0.746154
vt 0.289922 0.746031
vt 0.162062 0.592208
vt 0.227178 0.592208
vt 0.228345 0.593587
vt 0.160788 0.593587
vt 0.092842 0.671214
vt 0.089685 0.664678
vt 0.092843 0.664679
vt 0.299198 0.806821
vt 0.299174 0.746027
vt 0.020519 0.617795
vt 0.014465 0.616856
vt 0.015934 0.598175
vt 0.021964 0.599376
vt 0.275843 0.742907
vt 0.195242 0.746723
vt 0.195233 0.743471
vt 0.014413 0.692660
vt 0.014417 0.664665
vt 0.020511 0.664666
vt 0.195213 0.740088
vt 0.275820 0.739526
vt 0.020515 0.645155
vt 0.089688 0.645167
vt 0.305912 0.622498
vt 0.317772 0.622498
vt 0.317772 0.641582
vt 0.305912 0.641582
vt 0.096227 0.664679
vt 0.096225 0.671214
vt 0.092846 0.645168
vt 0.014421 0.645154
vt 0.014425 0.617159
vt 0.585209 0.376564
vt 0.586223 0.384842
vt 0.584968 0.385274
vt 0.583936 0.376894
vt 0.216205 0.641694
vt 0.215038 0.643043
vt 0.146348 0.643131
vt 0.145270 0.641782
vt 0.652057 0.440155
vt 0.652209 0.441395
vt 0.634203 0.440971
vt 0.634233 0.439735
vt 0.619328 0.435836
vt 0.619813 0.434538
vt 0.626993 0.438366
vt 0.626686 0.439743
vt 0.605709 0.424744
vt 0.606529 0.423664
vt 0.612964 0.429610
vt 0.612279 0.430794
vt 0.599778 0.417837
vt 0.600728 0.416880
vt 0.606546 0.423677
vt 0.590999 0.426911
vt 0.598295 0.434805
vt 0.594627 0.410245
vt 0.595682 0.409413
vt 0.600742 0.416895
vt 0.590378 0.402155
vt 0.591517 0.401449
vt 0.595695 0.409430
vt 0.575860 0.399386
vt 0.587133 0.393763
vt 0.579642 0.408981
vt 0.586215 0.384819
vt 0.588344 0.393203
vt 0.573478 0.389684
vt 0.615229 0.447484
vt 0.624449 0.451956
vt 0.612944 0.429599
vt 0.619836 0.434547
vt 0.606439 0.441719
vt 0.634169 0.442412
vt 0.633872 0.455026
vt 0.584730 0.418232
vt 0.588335 0.393183
vt 0.591528 0.401467
vt 0.572554 0.380113
vt 0.584008 0.373854
vt 0.572707 0.373588
vt 0.634259 0.440973
vt 0.626968 0.438360
vt 0.627355 0.437188
vt 0.634616 0.439790
vt 0.620368 0.433436
vt 0.627522 0.437250
vt 0.613643 0.428583
vt 0.620512 0.433515
vt 0.607351 0.422745
vt 0.613766 0.428673
vt 0.601653 0.416065
vt 0.607456 0.422844
vt 0.596695 0.408710
vt 0.601742 0.416173
vt 0.592602 0.400864
vt 0.596770 0.408827
vt 0.589479 0.392724
vt 0.592665 0.400991
vt 0.587404 0.384496
vt 0.589529 0.392863
vt 0.586428 0.376388
vt 0.587440 0.384650
vt 0.741864 0.443507
vt 0.743031 0.444976
vt 0.674422 0.443360
vt 0.675623 0.441946
vt 0.653342 0.442863
vt 0.652954 0.455186
vt 0.570188 0.488673
vt 0.562895 0.491282
vt 0.562614 0.489899
vt 0.570099 0.487234
vt 0.228345 0.605448
vt 0.149028 0.605448
vt 0.521114 0.553030
vt 0.522346 0.553053
vt 0.522376 0.554362
vt 0.521150 0.554571
vt 0.585252 0.375051
vt 0.585215 0.376592
vt 0.304711 0.642932
vt 0.238457 0.643014
vt 0.237289 0.641667
vt 0.754612 0.457013
vt 0.674132 0.455685
vt 0.675833 0.440716
vt 0.741707 0.442267
vt 0.304526 0.644165
vt 0.238639 0.644297
vt 0.133968 0.622298
vt 0.145270 0.622298
vt 0.133968 0.641782
vt 0.401029 0.617824
vt 0.401070 0.638910
vt 0.333598 0.638960
vt 0.333582 0.617874
vt 0.399905 0.640259
vt 0.334872 0.640308
vt 0.399859 0.616477
vt 0.334855 0.616524
vt 0.335051 0.615291
vt 0.399677 0.615291
vt 0.162259 0.590975
vt 0.226997 0.590974
vt 0.299230 0.812931
vt 0.294980 0.812952
vt 0.294949 0.806834
vt 0.214858 0.644239
vt 0.146517 0.644364
vt 0.399726 0.641542
vt 0.335070 0.641541
vt 0.237289 0.622413
vt 0.216205 0.622387
vt 0.995325 0.560294
vt 0.995325 0.696727
vt 0.856460 0.696727
vt 0.856459 0.560469
vt 0.993267 0.738896
vt 0.988137 0.754322
vt 0.980449 0.769579
vt 0.970392 0.784290
vt 0.958212 0.798093
vt 0.944211 0.810648
vt 0.928732 0.821647
vt 0.912158 0.830817
vt 0.894896 0.837934
vt 0.877370 0.842822
vt 0.860014 0.845361
vt 0.857255 0.845359
vt 0.857071 0.701321
vt 0.993267 0.701321
vt 0.096230 0.645168
vt 0.294922 0.746029
vt 0.294921 0.744842
vt 0.016083 0.597582
vt 0.020456 0.579394
vt 0.026274 0.581430
vt 0.090883 0.628191
vt 0.089690 0.638004
vt 0.093576 0.618304
vt 0.033351 0.564404
vt 0.097696 0.608581
vt 0.043024 0.548723
vt 0.103138 0.599253
vt 0.055054 0.534781
vt 0.109768 0.590544
vt 0.069144 0.522924
vt 0.117425 0.582661
vt 0.084942 0.513448
vt 0.125926 0.575794
vt 0.102050 0.506587
vt 0.135069 0.570110
vt 0.174154 0.501768
vt 0.174082 0.563069
vt 0.154409 0.562813
vt 0.138464 0.501297
vt 0.278275 0.496763
vt 0.278227 0.502883
vt 0.195368 0.501864
vt 0.195407 0.495751
vt 0.340515 0.503674
vt 0.340572 0.497576
vt 0.447022 0.499204
vt 0.446848 0.505277
vt 0.120041 0.502505
vt 0.118934 0.496445
vt 0.137632 0.495211
vt 0.100102 0.500730
vt 0.118342 0.496584
vt 0.493243 0.498440
vt 0.492965 0.504520
vt 0.082205 0.507908
vt 0.099538 0.500949
vt 0.065682 0.517803
vt 0.081679 0.508201
vt 0.050935 0.530171
vt 0.065201 0.518164
vt 0.038325 0.544710
vt 0.050507 0.530593
vt 0.028159 0.561063
vt 0.037957 0.545186
vt 0.020684 0.578832
vt 0.027857 0.561587
vt 0.144638 0.565746
vt 0.100509 0.610279
vt 0.103626 0.611596
vt 0.099609 0.621109
vt 0.096491 0.619792
vt 0.174071 0.566314
vt 0.174042 0.569692
vt 0.154950 0.569451
vt 0.154994 0.566065
vt 0.105761 0.601246
vt 0.108686 0.602948
vt 0.103369 0.612085
vt 0.100444 0.610383
vt 0.112174 0.592801
vt 0.114869 0.594848
vt 0.108384 0.603385
vt 0.105689 0.601338
vt 0.119588 0.585157
vt 0.122017 0.587513
vt 0.114524 0.595239
vt 0.112095 0.592883
vt 0.155272 0.566003
vt 0.156244 0.569244
vt 0.146739 0.572095
vt 0.145767 0.568854
vt 0.127818 0.578504
vt 0.129946 0.581135
vt 0.121629 0.587861
vt 0.119501 0.585230
vt 0.096549 0.619674
vt 0.099814 0.620560
vt 0.097195 0.630214
vt 0.093929 0.629328
vt 0.136658 0.573009
vt 0.138446 0.575882
vt 0.129509 0.581442
vt 0.127722 0.578569
vt 0.145887 0.568808
vt 0.147291 0.571886
vt 0.137955 0.576144
vt 0.136551 0.573065
vt 0.494209 0.564008
vt 0.447842 0.564635
vt 0.290041 0.496936
vt 0.290003 0.503063
vt 0.445760 0.567894
vt 0.445748 0.571279
vt 0.342897 0.570914
vt 0.342909 0.567530
vt 0.340577 0.564278
vt 0.137933 0.495173
vt 0.174193 0.495645
vt 0.093976 0.629193
vt 0.097336 0.629599
vt 0.096180 0.639158
vt 0.092821 0.638752
vt 0.289955 0.563882
vt 0.278209 0.563755
vt 0.295005 0.503083
vt 0.295038 0.496963
vt 0.299292 0.496987
vt 0.299253 0.503098
vt 0.092847 0.638633
vt 0.299198 0.563890
vt 0.195273 0.563158
vt 0.275874 0.567001
vt 0.195262 0.566410
vt 0.275850 0.570385
vt 0.195242 0.569794
vt 0.096231 0.638633
vt 0.520870 0.544348
vt 0.522125 0.544781
vt 0.521107 0.553058
vt 0.519835 0.552727
vt 0.251978 0.604572
vt 0.250704 0.603193
vt 0.318262 0.603193
vt 0.317094 0.604571
vt 0.587986 0.489498
vt 0.570161 0.489910
vt 0.570133 0.488675
vt 0.588138 0.488259
vt 0.562921 0.491276
vt 0.555739 0.495101
vt 0.555255 0.493802
vt 0.548203 0.498841
vt 0.548887 0.500025
vt 0.542450 0.505968
vt 0.541631 0.504888
vt 0.542467 0.505955
vt 0.536645 0.512750
vt 0.535696 0.511792
vt 0.526922 0.502714
vt 0.534222 0.494823
vt 0.536660 0.512735
vt 0.531596 0.520214
vt 0.530541 0.519381
vt 0.531609 0.520197
vt 0.527427 0.528176
vt 0.526289 0.527470
vt 0.511769 0.530232
vt 0.515555 0.520639
vt 0.523039 0.535860
vt 0.524251 0.536421
vt 0.522117 0.544804
vt 0.509382 0.539933
vt 0.551161 0.482153
vt 0.560383 0.477685
vt 0.555762 0.495092
vt 0.548868 0.500037
vt 0.542368 0.487913
vt 0.569808 0.474619
vt 0.520648 0.511390
vt 0.527438 0.528158
vt 0.524241 0.536441
vt 0.508454 0.549504
vt 0.519905 0.555768
vt 0.508605 0.556028
vt 0.570545 0.489855
vt 0.563282 0.492454
vt 0.563449 0.492392
vt 0.556294 0.496203
vt 0.556438 0.496124
vt 0.549567 0.501053
vt 0.549689 0.500963
vt 0.543272 0.506888
vt 0.543376 0.506788
vt 0.537570 0.513565
vt 0.537660 0.513457
vt 0.532608 0.520918
vt 0.532684 0.520801
vt 0.528512 0.528762
vt 0.528575 0.528635
vt 0.525385 0.536901
vt 0.525436 0.536761
vt 0.523306 0.545128
vt 0.523342 0.544974
vt 0.522326 0.553235
vt 0.610352 0.486304
vt 0.678962 0.484720
vt 0.677794 0.486189
vt 0.611553 0.487718
vt 0.589272 0.486791
vt 0.588890 0.474469
vt 0.316913 0.605805
vt 0.252175 0.605806
vt 0.238944 0.591332
vt 0.318262 0.591332
vt 0.238457 0.621066
vt 0.304711 0.621148
vt 0.610068 0.473980
vt 0.690549 0.472689
vt 0.611762 0.488950
vt 0.677637 0.487429
vt 0.238639 0.619784
vt 0.304526 0.619915
vt 0.410491 0.616272
vt 0.477937 0.616321
vt 0.477922 0.637407
vt 0.410449 0.637358
vt 0.146348 0.620949
vt 0.215038 0.621037
vt 0.476647 0.638755
vt 0.411614 0.638707
vt 0.476665 0.614971
vt 0.411661 0.614924
vt 0.476469 0.613738
vt 0.411843 0.613738
vt 0.586478 0.375261
vt 0.586447 0.376569
vt 0.146517 0.619716
vt 0.214857 0.619841
vt 0.476450 0.639988
vt 0.411794 0.639989
vt 0.851021 0.696750
vt 0.712156 0.696574
vt 0.712156 0.560316
vt 0.851021 0.560316
vt 0.714651 0.738316
vt 0.714651 0.700741
vt 0.850846 0.700741
vt 0.850662 0.844780
vt 0.847903 0.844781
vt 0.830547 0.842242
vt 0.813022 0.837354
vt 0.795759 0.830237
vt 0.779185 0.821067
vt 0.763707 0.810069
vt 0.749705 0.797513
vt 0.737526 0.783710
vt 0.727468 0.768999
vt 0.719780 0.753743
vt 0.294948 0.563886
vt 0.294946 0.564654
vt 0.506653 0.726178
vt 0.506655 0.722816
vt 0.508856 0.722803
vt 0.508852 0.726180
vt 0.315171 0.709480
vt 0.253245 0.709237
vt 0.253592 0.662068
vt 0.315006 0.662305
vt 0.506839 0.678232
vt 0.511523 0.678239
vt 0.511144 0.719530
vt 0.506664 0.719530
vt 0.430023 0.650596
vt 0.450358 0.650596
vt 0.450358 0.653958
vt 0.430023 0.653959
vt 0.341010 0.650591
vt 0.390992 0.650596
vt 0.390992 0.653959
vt 0.341009 0.653954
vt 0.506917 0.650588
vt 0.509348 0.650585
vt 0.509353 0.653963
vt 0.506920 0.653951
vt 0.341158 0.678228
vt 0.391073 0.678228
vt 0.391220 0.719524
vt 0.341445 0.719530
vt 0.253215 0.715885
vt 0.253227 0.712229
vt 0.312832 0.712626
vt 0.312823 0.716057
vt 0.193662 0.709020
vt 0.132573 0.708815
vt 0.133083 0.661639
vt 0.194503 0.661850
vt 0.391229 0.722809
vt 0.341461 0.722816
vt 0.391000 0.657244
vt 0.341023 0.657239
vt 0.511638 0.657236
vt 0.506911 0.657237
vt 0.341462 0.726178
vt 0.391229 0.726171
vt 0.134889 0.711979
vt 0.193622 0.712012
vt 0.134874 0.715410
vt 0.193607 0.715670
vt 0.341125 0.674851
vt 0.391057 0.673984
vt 0.506862 0.672917
vt 0.510844 0.673981
vt 0.511525 0.668981
vt 0.506875 0.668989
vt 0.391041 0.668992
vt 0.341097 0.668989
vt 0.329452 0.668981
vt 0.329337 0.657236
vt 0.329450 0.678239
vt 0.332115 0.726183
vt 0.332113 0.722805
vt 0.331623 0.653964
vt 0.329824 0.719532
vt 0.331625 0.650585
vt 0.330586 0.673982
vt 0.450355 0.668993
vt 0.450354 0.673983
vt 0.450358 0.657244
vt 0.450353 0.678228
vt 0.450341 0.719523
vt 0.450340 0.722808
vt 0.450340 0.726171
vt 0.287437 0.265741
vt 0.292137 0.323519
vt 0.289527 0.321312
vt 0.285070 0.268304
vt 0.182208 0.335470
vt 0.183672 0.332534
vt 0.189248 0.270771
vt 0.189063 0.205904
vt 0.189430 0.151136
vt 0.285024 0.148722
vt 0.284658 0.203842
vt 0.186848 0.268423
vt 0.287432 0.146330
vt 0.287262 0.206312
vt 0.186654 0.208286
vt 0.186825 0.148678
vt 0.180532 0.333998
vt 0.189300 0.265872
vt 0.284884 0.263435
vt 0.284883 0.208687
vt 0.189288 0.210760
vt 0.410939 0.650597
vt 0.410939 0.653959
vt 0.032331 0.203454
vt 0.014469 0.202049
vt 0.016529 0.175855
vt 0.034392 0.177260
vt 0.035721 0.203532
vt 0.037753 0.177714
vt 0.085606 0.185303
vt 0.084172 0.203530
vt 0.037758 0.303060
vt 0.035725 0.277241
vt 0.084174 0.277240
vt 0.085611 0.295466
vt 0.043805 0.328242
vt 0.089883 0.313244
vt 0.053716 0.352168
vt 0.096885 0.330135
vt 0.067249 0.374249
vt 0.106446 0.345723
vt 0.084069 0.393942
vt 0.118329 0.359625
vt 0.103763 0.410761
vt 0.132242 0.371498
vt 0.125846 0.424293
vt 0.147842 0.381049
vt 0.149774 0.434203
vt 0.164746 0.388045
vt 0.014472 0.278726
vt 0.032334 0.277319
vt 0.034397 0.303514
vt 0.016535 0.304920
vt 0.553393 0.463064
vt 0.200984 0.466347
vt 0.200817 0.448431
vt 0.553257 0.448416
vt 0.553217 0.442266
vt 0.200777 0.442280
vt 0.200775 0.393745
vt 0.553215 0.393730
vt 0.173099 0.461472
vt 0.174505 0.443610
vt 0.200699 0.445671
vt 0.199294 0.463533
vt 0.200760 0.038480
vt 0.553199 0.038466
vt 0.553201 0.087002
vt 0.200762 0.087015
vt 0.034416 0.177106
vt 0.016993 0.172924
vt 0.023126 0.147374
vt 0.040549 0.151556
vt 0.149758 0.046561
vt 0.174941 0.040514
vt 0.182523 0.088450
vt 0.164733 0.092718
vt 0.125831 0.056473
vt 0.147831 0.099715
vt 0.103749 0.070006
vt 0.132231 0.109268
vt 0.084057 0.086827
vt 0.118319 0.121141
vt 0.067238 0.106521
vt 0.106437 0.135044
vt 0.053707 0.128604
vt 0.096878 0.150633
vt 0.043797 0.152531
vt 0.089877 0.167525
vt 0.174488 0.037152
vt 0.173081 0.019290
vt 0.199276 0.017227
vt 0.200682 0.035089
vt 0.174957 0.440248
vt 0.182536 0.392311
vt 0.144619 0.454875
vt 0.148801 0.437453
vt 0.174351 0.443586
vt 0.170169 0.461008
vt 0.148785 0.043311
vt 0.144601 0.025889
vt 0.170151 0.019754
vt 0.174334 0.037176
vt 0.117521 0.443904
vt 0.124377 0.427351
vt 0.148653 0.437405
vt 0.141797 0.453958
vt 0.124362 0.053416
vt 0.117505 0.036862
vt 0.141779 0.026806
vt 0.148637 0.043359
vt 0.092473 0.428829
vt 0.101835 0.413552
vt 0.124239 0.427280
vt 0.114877 0.442557
vt 0.101820 0.067216
vt 0.092458 0.051939
vt 0.114861 0.038210
vt 0.124223 0.053486
vt 0.070092 0.410022
vt 0.081728 0.396397
vt 0.101709 0.413460
vt 0.090073 0.427085
vt 0.081715 0.084373
vt 0.070078 0.070749
vt 0.090057 0.053684
vt 0.101694 0.067307
vt 0.050928 0.387944
vt 0.064552 0.376307
vt 0.081618 0.396287
vt 0.067994 0.407923
vt 0.064541 0.104464
vt 0.050916 0.092828
vt 0.067980 0.072847
vt 0.081605 0.084483
vt 0.035454 0.363141
vt 0.050731 0.353778
vt 0.064461 0.376181
vt 0.049184 0.385544
vt 0.050722 0.126994
vt 0.035444 0.117632
vt 0.049172 0.095228
vt 0.064450 0.104589
vt 0.024051 0.336222
vt 0.040604 0.329365
vt 0.050660 0.353640
vt 0.034107 0.360497
vt 0.040597 0.151408
vt 0.024043 0.144552
vt 0.034097 0.120276
vt 0.050651 0.127132
vt 0.016999 0.307851
vt 0.034421 0.303668
vt 0.040556 0.329217
vt 0.023134 0.333400
vt 0.032333 0.277242
vt 0.014416 0.277242
vt 0.014413 0.203533
vt 0.032330 0.203532
vt 0.200820 0.032329
vt 0.553258 0.032315
vt 0.553274 0.387579
vt 0.200834 0.387594
vt 0.087566 0.277239
vt 0.087563 0.203530
vt 0.200802 0.093166
vt 0.553241 0.093152
vt 0.088972 0.295012
vt 0.087565 0.277161
vt 0.093131 0.312269
vt 0.088948 0.294858
vt 0.099941 0.328663
vt 0.093083 0.312121
vt 0.109234 0.343791
vt 0.099870 0.328524
vt 0.120780 0.357280
vt 0.109142 0.343665
vt 0.134297 0.368798
vt 0.120670 0.357170
vt 0.149449 0.378062
vt 0.134171 0.368707
vt 0.165866 0.384843
vt 0.149311 0.377992
vt 0.183142 0.388974
vt 0.165718 0.384795
vt 0.200852 0.390354
vt 0.182989 0.388950
vt 0.182976 0.091811
vt 0.200840 0.090406
vt 0.165706 0.095968
vt 0.183130 0.091787
vt 0.149299 0.102772
vt 0.165854 0.095920
vt 0.134160 0.112058
vt 0.149438 0.102702
vt 0.120661 0.123596
vt 0.134286 0.111967
vt 0.109134 0.137102
vt 0.120771 0.123486
vt 0.099863 0.152244
vt 0.109225 0.136976
vt 0.093077 0.168648
vt 0.099934 0.152105
vt 0.088943 0.185911
vt 0.093126 0.168500
vt 0.087562 0.203608
vt 0.088967 0.185757
vt 0.200985 0.014413
vt 0.553393 0.017667
vt 0.201711 0.385756
vt 0.210149 0.385125
vt 0.215088 0.384746
vt 0.234399 0.383299
vt 0.250513 0.382437
vt 0.279472 0.381549
vt 0.327568 0.381333
vt 0.403222 0.382115
vt 0.507985 0.382545
vt 0.553362 0.379799
vt 0.187508 0.381920
vt 0.205757 0.383387
vt 0.171055 0.378563
vt 0.188823 0.382845
vt 0.155308 0.372602
vt 0.172167 0.379587
vt 0.140676 0.364173
vt 0.156223 0.373690
vt 0.127546 0.353473
vt 0.141409 0.365293
vt 0.116269 0.340760
vt 0.128114 0.354602
vt 0.107153 0.326348
vt 0.116690 0.341883
vt 0.100452 0.310599
vt 0.107445 0.327454
vt 0.096361 0.293916
vt 0.100633 0.311686
vt 0.095007 0.276736
vt 0.096445 0.294988
vt 0.095020 0.277268
vt 0.095017 0.203500
vt 0.095018 0.230853
vt 0.095019 0.249916
vt 0.096441 0.185781
vt 0.095004 0.204033
vt 0.100627 0.169082
vt 0.096357 0.186852
vt 0.107438 0.153313
vt 0.100446 0.170169
vt 0.116682 0.138884
vt 0.107146 0.154419
vt 0.128105 0.126163
vt 0.116261 0.140007
vt 0.141399 0.115472
vt 0.127537 0.127293
vt 0.156212 0.107074
vt 0.140666 0.116592
vt 0.172155 0.101175
vt 0.155297 0.108161
vt 0.188811 0.097916
vt 0.171044 0.102199
vt 0.205745 0.097373
vt 0.187496 0.098841
vt 0.553330 0.100932
vt 0.507955 0.098190
vt 0.403196 0.098628
vt 0.362733 0.100366
vt 0.358440 0.102935
vt 0.353387 0.105298
vt 0.341724 0.106849
vt 0.260780 0.103261
vt 0.240077 0.102303
vt 0.204705 0.100741
vt 0.272116 0.956849
vt 0.251874 0.964958
vt 0.250824 0.959510
vt 0.269048 0.952191
vt 0.277990 0.965657
vt 0.296611 0.947263
vt 0.301536 0.950540
vt 0.281291 0.970710
vt 0.306950 0.923072
vt 0.306978 0.896837
vt 0.312749 0.895691
vt 0.312749 0.924213
vt 0.297313 0.872583
vt 0.302193 0.869366
vt 0.279243 0.853888
vt 0.282507 0.849204
vt 0.255301 0.843491
vt 0.256575 0.837584
vt 0.229146 0.843168
vt 0.228082 0.837496
vt 0.204701 0.853029
vt 0.201327 0.847933
vt 0.185988 0.871787
vt 0.181155 0.868531
vt 0.175620 0.896260
vt 0.169589 0.895020
vt 0.175550 0.922848
vt 0.169710 0.924090
vt 0.185834 0.947066
vt 0.180998 0.950426
vt 0.204427 0.965240
vt 0.201258 0.970123
vt 0.228236 0.975128
vt 0.227147 0.980797
vt 0.253915 0.975301
vt 0.254956 0.980858
vt 0.274716 0.932517
vt 0.263692 0.944141
vt 0.261446 0.940816
vt 0.271558 0.930395
vt 0.186276 0.898393
vt 0.194983 0.877774
vt 0.199734 0.880964
vt 0.191853 0.899556
vt 0.274964 0.961152
vt 0.292033 0.944238
vt 0.230246 0.964849
vt 0.231362 0.959417
vt 0.288443 0.878393
vt 0.296536 0.898857
vt 0.290971 0.899884
vt 0.283720 0.881428
vt 0.210708 0.861965
vt 0.231190 0.853635
vt 0.232249 0.859172
vt 0.213840 0.866663
vt 0.210200 0.956454
vt 0.194628 0.941057
vt 0.199299 0.937914
vt 0.213295 0.951830
vt 0.296423 0.920960
vt 0.287689 0.941313
vt 0.283004 0.938152
vt 0.290927 0.919825
vt 0.253116 0.853931
vt 0.273229 0.862655
vt 0.270039 0.867238
vt 0.251938 0.859393
vt 0.186101 0.920692
vt 0.191645 0.919602
vt 0.248988 0.949910
vt 0.248275 0.946306
vt 0.234076 0.946216
vt 0.220940 0.940404
vt 0.210591 0.930276
vt 0.205202 0.916967
vt 0.205483 0.902420
vt 0.211457 0.888786
vt 0.221614 0.878136
vt 0.234865 0.872502
vt 0.249144 0.872626
vt 0.262260 0.878491
vt 0.272244 0.888800
vt 0.277292 0.902453
vt 0.277332 0.917033
vt 0.208069 0.886585
vt 0.219309 0.874778
vt 0.281321 0.917849
vt 0.201608 0.901640
vt 0.281207 0.901676
vt 0.275466 0.886675
vt 0.201399 0.917747
vt 0.264421 0.875270
vt 0.207409 0.932479
vt 0.249893 0.868876
vt 0.218799 0.943654
vt 0.234146 0.868878
vt 0.233351 0.949955
vt 0.301577 0.922029
vt 0.301612 0.897908
vt 0.292785 0.875579
vt 0.276182 0.858389
vt 0.254217 0.848817
vt 0.230225 0.848554
vt 0.207789 0.857569
vt 0.190632 0.874845
vt 0.181055 0.897314
vt 0.180950 0.921697
vt 0.190316 0.943950
vt 0.207370 0.960699
vt 0.229241 0.969859
vt 0.252851 0.970009
vt 0.266333 0.948070
vt 0.278810 0.935287
vt 0.286003 0.918804
vt 0.286051 0.900795
vt 0.279516 0.884092
vt 0.267171 0.871321
vt 0.250883 0.864292
vt 0.233193 0.864043
vt 0.216611 0.870818
vt 0.203984 0.883855
vt 0.196813 0.900624
vt 0.196572 0.918666
vt 0.203482 0.935108
vt 0.216049 0.947733
vt 0.232379 0.954604
vt 0.249905 0.954630
vt 0.035534 0.900153
vt 0.035471 0.921275
vt 0.013910 0.925729
vt 0.013904 0.896017
vt 0.043492 0.940801
vt 0.025291 0.953169
vt 0.058396 0.955740
vt 0.046297 0.974142
vt 0.077892 0.963906
vt 0.073742 0.985534
vt 0.099018 0.963952
vt 0.103460 0.985553
vt 0.118618 0.955933
vt 0.130985 0.974211
vt 0.133645 0.941020
vt 0.152080 0.953172
vt 0.141813 0.921485
vt 0.163506 0.925645
vt 0.141872 0.900305
vt 0.163506 0.895830
vt 0.133804 0.880720
vt 0.152068 0.868288
vt 0.118845 0.865726
vt 0.130938 0.847252
vt 0.099303 0.857615
vt 0.103380 0.835944
vt 0.078168 0.857642
vt 0.073645 0.836065
vt 0.074468 0.889062
vt 0.083886 0.885306
vt 0.094044 0.885400
vt 0.103398 0.889409
vt 0.110476 0.896704
vt 0.114222 0.906148
vt 0.114049 0.916280
vt 0.110012 0.925537
vt 0.102739 0.932596
vt 0.093344 0.936340
vt 0.083230 0.936207
vt 0.073947 0.932183
vt 0.066847 0.924942
vt 0.063072 0.915498
vt 0.063226 0.905382
vt 0.067234 0.896143
vt 0.043680 0.880640
vt 0.025260 0.868562
vt 0.058614 0.865708
vt 0.046207 0.847514
vt 0.409490 0.829072
vt 0.421496 0.829072
vt 0.421496 0.835404
vt 0.409490 0.835404
vt 0.321279 0.898238
vt 0.330790 0.875369
vt 0.345533 0.885008
vt 0.338434 0.901323
vt 0.358659 0.893875
vt 0.354015 0.904606
vt 0.067208 0.877936
vt 0.056340 0.888704
vt 0.348692 0.857728
vt 0.358436 0.872833
vt 0.367033 0.885817
vt 0.050272 0.902779
vt 0.371916 0.849372
vt 0.374837 0.865971
vt 0.377828 0.881588
vt 0.050078 0.918059
vt 0.395903 0.849768
vt 0.392663 0.866554
vt 0.389339 0.881898
vt 0.055712 0.932225
vt 0.418262 0.859105
vt 0.408940 0.873511
vt 0.400016 0.886464
vt 0.066469 0.943091
vt 0.435428 0.876459
vt 0.421186 0.886244
vt 0.408029 0.894879
vt 0.080487 0.949191
vt 0.444660 0.899139
vt 0.427706 0.902808
vt 0.412203 0.905702
vt 0.095786 0.949284
vt 0.444660 0.923629
vt 0.427628 0.920580
vt 0.412154 0.917343
vt 0.110053 0.943632
vt 0.435170 0.946279
vt 0.420591 0.936863
vt 0.407468 0.928038
vt 0.121013 0.932935
vt 0.417707 0.963553
vt 0.407841 0.949268
vt 0.399078 0.936120
vt 0.127045 0.918858
vt 0.394959 0.972824
vt 0.391316 0.955853
vt 0.388255 0.940368
vt 0.127223 0.903540
vt 0.370397 0.972672
vt 0.373537 0.955603
vt 0.376646 0.940141
vt 0.121515 0.889322
vt 0.347772 0.963112
vt 0.357221 0.948551
vt 0.366028 0.935475
vt 0.110791 0.878373
vt 0.330536 0.945605
vt 0.344859 0.935765
vt 0.358028 0.927086
vt 0.096751 0.872352
vt 0.321292 0.922823
vt 0.338326 0.919143
vt 0.353877 0.916271
vt 0.081437 0.872304
vt 0.469523 0.829072
vt 0.481530 0.829072
vt 0.481530 0.835405
vt 0.469523 0.835405
vt 0.445510 0.829072
vt 0.457517 0.829072
vt 0.457517 0.835404
vt 0.445510 0.835404
vt 0.313436 0.829072
vt 0.325442 0.829072
vt 0.325442 0.835404
vt 0.313436 0.835404
vt 0.349456 0.829072
vt 0.361463 0.829072
vt 0.361463 0.835404
vt 0.349456 0.835404
vt 0.385476 0.829072
vt 0.397483 0.829072
vt 0.397483 0.835404
vt 0.385476 0.835404
vt 0.433503 0.829072
vt 0.433503 0.835404
vt 0.493537 0.829072
vt 0.493537 0.835405
vt 0.337449 0.829072
vt 0.337449 0.835404
vt 0.373469 0.829072
vt 0.373469 0.835404
vt 0.301429 0.829072
vt 0.301429 0.835405
vt 0.015915 0.711646
vt 0.014452 0.692964
s 0
usemtl Door_windows
f 1359/2505/16 1360/2506/16 1364/2507/16 1363/2508/16
f 1363/2508/1121 1364/2507/1121 1362/2509/1121 1361/2510/1121
f 1361/2510/13 1362/2509/13 1358/2511/13 1357/2512/13
f 1359/2513/1122 1363/2508/1122 1361/2510/1122 1357/2514/1122
f 1364/2507/1123 1360/2515/1123 1358/2516/1123 1362/2509/1123
f 1367/2517/16 1368/2518/16 1372/2519/16 1371/2520/16
f 1371/2520/1121 1372/2519/1121 1370/2521/1121 1369/2522/1121
f 1369/2522/13 1370/2521/13 1366/2523/13 1365/2524/13
f 1367/2525/1122 1371/2520/1122 1369/2522/1122 1365/2526/1122
f 1375/2527/16 1376/2528/16 1380/2529/16 1379/2530/16
f 1379/2530/1121 1380/2529/1121 1378/2531/1121 1377/2532/1121
f 1377/2532/13 1378/2531/13 1374/2533/13 1373/2534/13
f 1375/2535/1122 1379/2530/1122 1377/2532/1122 1373/2536/1122
f 1380/2529/1123 1376/2537/1123 1374/2538/1123 1378/2531/1123
f 1383/2539/16 1384/2540/16 1388/2541/16 1387/2542/16
f 1387/2542/1121 1388/2541/1121 1386/2543/1121 1385/2544/1121
f 1385/2544/13 1386/2543/13 1382/2545/13 1381/2546/13
f 1391/2547/16 1392/2548/16 1396/2549/16 1395/2550/16
f 1395/2550/1121 1396/2549/1121 1394/2551/1121 1393/2552/1121
f 1393/2552/13 1394/2551/13 1390/2553/13 1389/2554/13
f 1401/2555/1121 1402/2556/1121 1400/2557/1121 1399/2558/1121
f 1398/2559/1122 1401/2555/1122 1399/2558/1122 1397/2560/1122
f 1409/2561/1121 1410/2562/1121 1408/2563/1121 1407/2564/1121
f 1405/2565/1122 1409/2561/1122 1407/2564/1122 1403/2566/1122
f 1410/2562/1123 1406/2567/1123 1404/2568/1123 1408/2563/1123
f 1415/2569/1121 1416/2570/1121 1414/2571/1121 1413/2572/1121
f 1416/2570/1123 1412/2573/1123 1411/2574/1123 1414/2571/1123
f 1419/2575/1121 1420/2576/1121 1418/2577/1121 1417/2578/1121
f 1422/2579/1121 1421/2580/1121 1423/2581/1121 1424/2582/1121
f 1429/2583/1121 1430/2584/1121 1428/2585/1121 1427/2586/1121
f 1426/2587/16 1429/2583/16 1427/2586/16 1425/2588/16
f 1435/2589/1121 1436/2590/1121 1434/2591/1121 1433/2592/1121
f 1432/2593/13 1435/2589/13 1433/2592/13 1431/2594/13
f 1441/2595/1121 1442/2596/1121 1440/2597/1121 1439/2598/1121
f 1438/2599/16 1441/2595/16 1439/2598/16 1437/2600/16
f 1447/2601/1121 1448/2602/1121 1446/2603/1121 1445/2604/1121
f 1444/2605/13 1447/2601/13 1445/2604/13 1443/2606/13
f 1451/2607/16 1455/2608/16 1456/2609/16 1452/2610/16
f 1455/2608/1124 1453/2611/1124 1454/2612/1124 1456/2609/1124
f 1453/2611/13 1449/2613/13 1450/2614/13 1454/2612/13
f 1451/2615/1125 1449/2616/1125 1453/2611/1125 1455/2608/1125
f 1456/2609/1126 1454/2612/1126 1450/2617/1126 1452/2618/1126
f 1459/2619/16 1463/2620/16 1464/2621/16 1460/2622/16
f 1463/2620/1124 1461/2623/1124 1462/2624/1124 1464/2621/1124
f 1461/2623/13 1457/2625/13 1458/2626/13 1462/2624/13
f 1459/2627/1125 1457/2628/1125 1461/2623/1125 1463/2620/1125
f 1467/2629/16 1471/2630/16 1472/2631/16 1468/2632/16
f 1471/2630/1124 1469/2633/1124 1470/2634/1124 1472/2631/1124
f 1469/2633/13 1465/2635/13 1466/2636/13 1470/2634/13
f 1467/2637/1125 1465/2638/1125 1469/2633/1125 1471/2630/1125
f 1472/2631/1126 1470/2634/1126 1466/2639/1126 1468/2640/1126
f 1475/2641/16 1479/2642/16 1480/2643/16 1476/2644/16
f 1479/2642/1124 1477/2645/1124 1478/2646/1124 1480/2643/1124
f 1477/2645/13 1473/2647/13 1474/2648/13 1478/2646/13
f 1483/2649/16 1487/2650/16 1488/2651/16 1484/2652/16
f 1487/2650/1124 1485/2653/1124 1486/2654/1124 1488/2651/1124
f 1485/2653/13 1481/2655/13 1482/2656/13 1486/2654/13
f 1493/2657/1124 1491/2658/1124 1492/2659/1124 1494/2660/1124
f 1490/2661/1125 1489/2662/1125 1491/2658/1125 1493/2657/1125
f 1501/2663/1124 1499/2664/1124 1500/2665/1124 1502/2666/1124
f 1497/2667/1125 1495/2668/1125 1499/2664/1125 1501/2663/1125
f 1502/2666/1126 1500/2665/1126 1496/2669/1126 1498/2670/1126
f 1507/2671/1124 1505/2672/1124 1506/2673/1124 1508/2674/1124
f 1508/2674/1126 1506/2673/1126 1503/2675/1126 1504/2676/1126
f 1511/2677/1124 1509/2678/1124 1510/2679/1124 1512/2680/1124
f 1514/2681/1124 1516/2682/1124 1515/2683/1124 1513/2684/1124
f 1521/2685/1124 1519/2686/1124 1520/2687/1124 1522/2688/1124
f 1518/2689/16 1517/2690/16 1519/2686/16 1521/2685/16
f 1527/2691/1124 1525/2692/1124 1526/2693/1124 1528/2694/1124
f 1524/2695/13 1523/2696/13 1525/2692/13 1527/2691/13
f 1533/2697/1124 1531/2698/1124 1532/2699/1124 1534/2700/1124
f 1530/2701/16 1529/2702/16 1531/2698/16 1533/2697/16
f 1539/2703/1124 1537/2704/1124 1538/2705/1124 1540/2706/1124
f 1536/2707/13 1535/2708/13 1537/2704/13 1539/2703/13
f 1563/2709/1127 1544/2710/1127 1543/2711/1127 1564/2712/1127
f 1564/2712/13 1555/2713/13 1566/2714/13 1571/2715/13
f 1563/2709/13 1564/2712/13 1571/2715/13 1573/2716/13
f 1562/2717/13 1563/2709/13 1573/2716/13 1575/2718/13
f 1561/2719/13 1562/2717/13 1575/2718/13 1577/2720/13
f 1560/2721/13 1561/2719/13 1577/2720/13 1579/2722/13
f 1559/2723/13 1560/2721/13 1579/2722/13 1581/2724/13
f 1558/2725/13 1559/2723/13 1581/2724/13 1583/2726/13
f 1557/2727/13 1558/2725/13 1583/2726/13 1585/2728/13
f 1599/2729/13 1554/2730/13 1569/2731/13 1596/2732/13
f 2011/2733/1128 2012/2734/1128 1595/2735/1128 1591/2736/1128
f 1588/2737/1129 1550/2738/1129 1552/2739/1129 1590/2740/1129
f 1554/2730/1130 2010/2741/1130 1547/2742/1130 1556/2743/1130
f 1556/2743/1131 1547/2744/1131 2009/2745/1131 1557/2727/1131
f 1553/2746/1132 1542/2747/1132 1550/2738/1132 1588/2737/1132
f 1557/2727/1133 2009/2748/1133 2008/2749/1133 1558/2725/1133
f 1558/2725/1134 2008/2750/1134 1546/2751/1134 1559/2723/1134
f 1559/2723/1135 1546/2752/1135 1545/2753/1135 1560/2721/1135
f 1560/2721/1136 1545/2754/1136 2007/2755/1136 1561/2719/1136
f 1561/2719/1137 2007/2756/1137 2006/2757/1137 1562/2717/1137
f 1562/2717/1138 2006/2758/1138 1544/2759/1138 1563/2709/1138
f 1556/2743/13 1557/2727/13 1585/2728/13 1587/2760/13
f 1556/2743/13 1587/2760/13 1569/2731/13 1554/2730/13
f 1574/2761/1139 1572/2762/1139 1548/2763/1139 1607/2764/1139
f 1598/2765/1140 1568/2766/1140 1541/2767/1140 1653/2768/1140
f 1576/2769/1141 1574/2770/1141 1607/2771/1141 1605/2772/1141
f 1578/2773/1142 1576/2774/1142 1605/2775/1142 1606/2776/1142
f 1580/2777/1143 1578/2778/1143 1606/2779/1143 1608/2780/1143
f 1568/2781/1144 1586/2782/1144 1611/2783/1144 1541/2784/1144
f 1582/2785/1145 1580/2786/1145 1608/2787/1145 1609/2788/1145
f 1572/2789/1146 1570/2790/1146 1604/2791/1146 1548/2792/1146
f 1584/2793/1147 1582/2794/1147 1609/2795/1147 1610/2796/1147
f 1586/2797/1148 1584/2798/1148 1610/2799/1148 1611/2800/1148
f 1553/2746/1149 1588/2737/1149 1837/2801/1149 1565/2802/1149
f 1591/2736/1150 1672/2803/1150 1671/2804/1150 2011/2733/1150
f 1836/2805/1151 1820/2806/1151 1551/2807/1151 1812/2808/1151
f 1588/2737/13 1590/2740/13 1589/2809/13 1837/2801/13
f 1599/2729/1152 1597/2810/1152 2010/2811/1152 1554/2730/1152
f 1570/2812/1153 1567/2813/1153 1549/2814/1153 1604/2815/1153
f 1672/2803/13 1591/2736/13 1824/2816/13 1845/2817/13
f 1625/2818/1154 1655/2819/1154 1654/2820/1154 1624/2821/1154
f 1570/2812/1155 1571/2715/1155 1566/2714/1155 1567/2813/1155
f 1572/2789/1156 1573/2716/1156 1571/2715/1156 1570/2790/1156
f 1574/2761/1157 1575/2718/1157 1573/2716/1157 1572/2762/1157
f 1576/2769/1158 1577/2720/1158 1575/2718/1158 1574/2770/1158
f 1578/2773/1159 1579/2722/1159 1577/2720/1159 1576/2774/1159
f 1580/2777/1160 1581/2724/1160 1579/2722/1160 1578/2778/1160
f 1582/2785/1161 1583/2726/1161 1581/2724/1161 1580/2786/1161
f 1584/2793/1162 1585/2728/1162 1583/2726/1162 1582/2794/1162
f 1586/2797/1163 1587/2760/1163 1585/2728/1163 1584/2798/1163
f 1568/2781/1164 1569/2731/1164 1587/2760/1164 1586/2782/1164
f 1567/2822/1165 1566/2714/1165 1603/2823/1165 1602/2824/1165
f 1836/2805/1166 1837/2801/1166 1589/2809/1166 1820/2806/1166
f 1590/2740/13 1674/2825/13 1675/2826/13 1589/2809/13
f 1689/2827/1167 2015/2828/1167 1678/2829/1167 1698/2830/1167
f 1823/2831/1168 1824/2816/1168 1594/2832/1168 1593/2833/1168
f 2012/2734/1169 1597/2810/1169 1599/2729/1169 1595/2735/1169
f 1555/2713/1170 2005/2834/1170 2013/2835/1170 1601/2836/1170
f 1598/2765/1171 1593/2833/1171 1594/2832/1171 1596/2732/1171
f 1823/2831/1172 1593/2833/1172 1592/2837/1172 1814/2838/1172
f 1591/2736/13 1595/2735/13 1594/2832/13 1824/2816/13
f 1598/2765/1173 1596/2732/1173 1569/2731/1173 1568/2766/1173
f 1593/2833/1174 1598/2765/1174 1653/2768/1174 1592/2837/1174
f 1595/2735/13 1599/2729/13 1596/2732/13 1594/2832/13
f 1734/2839/13 1736/2840/13 1603/2823/13 1601/2836/13
f 1788/2841/13 1791/2842/13 1657/2843/13 1654/2844/13
f 1555/2713/13 1601/2836/13 1603/2823/13 1566/2714/13
f 1567/2822/4 1602/2824/4 1600/2845/4 1549/2846/4
f 1736/2840/1175 1735/2847/1175 1602/2824/1175 1603/2823/1175
f 1734/2839/1176 2023/2848/1176 2015/2849/1176 1689/2827/1176
f 1629/2850/1177 1647/2851/1177 1646/2852/1177 1628/2853/1177
f 1665/2854/1178 1666/2855/1178 1658/2856/1178 1659/2857/1178
f 1650/2858/1179 1651/2859/1179 1627/2860/1179 1612/2861/1179
f 1632/2862/1180 1633/2863/1180 1631/2864/1180 1630/2865/1180
f 1636/2866/1181 1637/2867/1181 1635/2868/1181 1634/2869/1181
f 1638/2870/1182 1639/2871/1182 1637/2872/1182 1636/2866/1182
f 1606/2873/13 1638/2870/13 1636/2866/13 1608/2874/13
f 1640/2875/1183 1641/2876/1183 1639/2877/1183 1638/2870/1183
f 1642/2878/1184 1643/2879/1184 1641/2880/1184 1640/2875/1184
f 1548/2881/13 1644/2882/13 1642/2878/13 1607/2883/13
f 1646/2852/1185 1647/2884/1185 1645/2885/1185 1644/2882/1185
f 1604/2886/13 1646/2852/13 1644/2882/13 1548/2881/13
f 1610/2887/13 1632/2862/13 1630/2865/13 1611/2888/13
f 1634/2869/1186 1635/2889/1186 1633/2890/1186 1632/2862/1186
f 1609/2891/13 1634/2869/13 1632/2862/13 1610/2887/13
f 1608/2874/13 1636/2866/13 1634/2869/13 1609/2891/13
f 1611/2888/13 1630/2865/13 1626/2892/13 1541/2893/13
f 1605/2894/13 1640/2875/13 1638/2870/13 1606/2873/13
f 1644/2882/1187 1645/2895/1187 1643/2896/1187 1642/2878/1187
f 1607/2883/13 1642/2878/13 1640/2875/13 1605/2894/13
f 1549/2897/13 1628/2853/13 1646/2852/13 1604/2886/13
f 1659/2898/13 1628/2853/13 1549/2897/13 1600/2899/13
f 1627/2900/1188 1631/2901/1188 1614/2902/1188 1612/2903/1188
f 1631/2864/1189 1633/2863/1189 1616/2904/1189 1614/2905/1189
f 1633/2890/1190 1635/2889/1190 1617/2906/1190 1616/2907/1190
f 1635/2868/1191 1637/2867/1191 1618/2908/1191 1617/2909/1191
f 1637/2872/1192 1639/2871/1192 1619/2910/1192 1618/2911/1192
f 1639/2877/1193 1641/2876/1193 1620/2912/1193 1619/2913/1193
f 1641/2880/1194 1643/2879/1194 1621/2914/1194 1620/2915/1194
f 1643/2896/1195 1645/2895/1195 1622/2916/1195 1621/2917/1195
f 1645/2885/1196 1647/2884/1196 1623/2918/1196 1622/2919/1196
f 1647/2851/1197 1629/2850/1197 1615/2920/1197 1623/2921/1197
f 1625/2922/1198 1624/2923/1198 1667/2924/1198 1649/2925/1198
f 1652/2926/13 1653/2927/13 1541/2893/13 1626/2892/13
f 1761/2928/1199 1765/2929/1199 1764/2930/1199 1760/2931/1199
f 1654/2820/13 1657/2932/13 1814/2933/13 1624/2821/13
f 1763/2934/1200 1749/2935/1200 1794/2936/1200 1792/2937/1200
f 1658/2938/1201 1629/2939/1201 1628/2853/1201 1659/2898/1201
f 1654/2844/1202 1655/2940/1202 1664/2941/1202 1663/2942/1202
f 1624/2923/13 1814/2943/13 1592/2944/13 1667/2924/13
f 1625/2922/1179 1649/2925/1179 1648/2945/1179 1613/2946/1179
f 1667/2924/13 1592/2944/13 1653/2927/13 1652/2926/13
f 1664/2941/1203 1655/2940/1203 1656/2947/1203 1661/2948/1203
f 1733/2949/13 1793/2950/13 1659/2857/13 1600/2951/13
f 1665/2952/13 1663/2953/13 1667/2954/13 1652/2955/13
f 1663/2953/1204 1664/2956/1204 1649/2957/1204 1667/2954/1204
f 1666/2958/1205 1651/2959/1205 1650/2960/1205 1662/2961/1205
f 1665/2952/1206 1652/2955/1206 1651/2959/1206 1666/2958/1206
f 1655/2819/1207 1625/2818/1207 1613/2962/1207 1656/2963/1207
f 1674/2825/1208 1673/2964/1208 2014/2965/1208 1670/2966/1208
f 1658/2856/1209 1666/2855/1209 1662/2967/1209 1660/2968/1209
f 1649/2957/1210 1664/2956/1210 1661/2969/1210 1648/2970/1210
f 1651/2859/1198 1652/2926/1198 1626/2892/1198 1627/2860/1198
f 1663/2942/13 1797/2971/13 1788/2841/13 1654/2844/13
f 1665/2854/13 1799/2972/13 1797/2971/13 1663/2942/13
f 1656/2973/1211 1613/2974/1211 1648/2975/1211 1661/2976/1211
f 1612/2977/1212 1614/2978/1212 1616/2979/1212 1617/2980/1212 1618/2981/1212 1619/2982/1212 1620/2983/1212 1621/2984/1212 1622/2985/1212 1623/2986/1212 1615/2987/1212 1660/2988/1212 1662/2989/1212 1650/2990/1212
f 1659/2857/13 1793/2950/13 1799/2972/13 1665/2854/13
f 1735/2847/4 1733/2991/4 1600/2845/4 1602/2824/4
f 1552/2739/1213 1673/2964/1213 1674/2825/1213 1590/2740/1213
f 1674/2825/13 1670/2966/13 1669/2992/13 1675/2826/13
f 2014/2965/1208 1671/2804/1208 1672/2803/1208 1670/2966/1208
f 1670/2966/13 1672/2803/13 1845/2817/13 1669/2992/13
f 1669/2992/1214 1845/2817/1214 1668/2993/1214
f 1675/2826/1214 1669/2992/1214 1668/2993/1214
f 1698/2830/1215 1678/2994/1215 2016/2995/1215 1697/2996/1215
f 1698/2830/13 1704/2997/13 1699/2998/13 1689/2827/13
f 1697/2996/13 1706/2999/13 1704/2997/13 1698/2830/13
f 1696/3000/13 1708/3001/13 1706/2999/13 1697/2996/13
f 1695/3002/13 1710/3003/13 1708/3001/13 1696/3000/13
f 1694/3004/13 1712/3005/13 1710/3003/13 1695/3002/13
f 1693/3006/13 1714/3007/13 1712/3005/13 1694/3004/13
f 1692/3008/13 1716/3009/13 1714/3007/13 1693/3006/13
f 1691/3010/13 1718/3011/13 1716/3009/13 1692/3008/13
f 1732/3012/13 1729/3013/13 1702/3014/13 1688/3015/13
f 2021/3016/1216 1724/3017/1216 1728/3018/1216 2022/3019/1216
f 1722/3020/1217 1686/3021/1217 1685/3022/1217 1721/3023/1217
f 1690/3024/1218 2019/3025/1218 2020/3026/1218 1688/3015/1218
f 1691/3010/1219 1682/3027/1219 2019/3028/1219 1690/3024/1219
f 1721/3023/1220 1685/3022/1220 1677/3029/1220 1687/3030/1220
f 1692/3008/1221 1681/3031/1221 1682/3032/1221 1691/3010/1221
f 1693/3006/1222 2018/3033/1222 1681/3034/1222 1692/3008/1222
f 1694/3004/1223 1680/3035/1223 2018/3036/1223 1693/3006/1223
f 1695/3002/1224 1679/3037/1224 1680/3038/1224 1694/3004/1224
f 1696/3000/1225 2017/3039/1225 1679/3040/1225 1695/3002/1225
f 1697/2996/1226 2016/3041/1226 2017/3042/1226 1696/3000/1226
f 1690/3024/13 1720/3043/13 1718/3011/13 1691/3010/13
f 1690/3024/13 1688/3015/13 1702/3014/13 1720/3043/13
f 1707/3044/1227 1740/3045/1227 1683/3046/1227 1705/3047/1227
f 1731/3048/1228 1787/3049/1228 1676/3050/1228 1701/3051/1228
f 1709/3052/1229 1738/3053/1229 1740/3054/1229 1707/3055/1229
f 1711/3056/1230 1739/3057/1230 1738/3058/1230 1709/3059/1230
f 1713/3060/1231 1741/3061/1231 1739/3062/1231 1711/3063/1231
f 1701/3064/1232 1676/3065/1232 1744/3066/1232 1719/3067/1232
f 1715/3068/1233 1742/3069/1233 1741/3070/1233 1713/3071/1233
f 1705/3072/1234 1683/3073/1234 1737/3074/1234 1703/3075/1234
f 1717/3076/1235 1743/3077/1235 1742/3078/1235 1715/3079/1235
f 1719/3080/1236 1744/3081/1236 1743/3082/1236 1717/3083/1236
f 1687/3030/1149 1810/3084/1149 1834/3085/1149 1721/3023/1149
f 1724/3017/1237 2021/3016/1237 1807/3086/1237 1808/3087/1237
f 1835/3088/1238 1811/3089/1238 1813/3090/1238 1821/3091/1238
f 1721/3023/13 1834/3085/13 1822/3092/13 1722/3020/13
f 1688/3015/1239 2020/3093/1239 1730/3094/1239 1732/3012/1239
f 1703/3095/1240 1737/3096/1240 1684/3097/1240 1700/3098/1240
f 1808/3087/13 1806/3099/13 1723/3100/13 1724/3017/13
f 1805/3101/1241 1804/3102/1241 2024/3103/1241 1809/3104/1241
f 1700/3098/1242 1699/2998/1242 1704/2997/1242 1703/3095/1242
f 1703/3075/1243 1704/2997/1243 1706/2999/1243 1705/3072/1243
f 1705/3047/1244 1706/2999/1244 1708/3001/1244 1707/3044/1244
f 1707/3055/1245 1708/3001/1245 1710/3003/1245 1709/3052/1245
f 1709/3059/1246 1710/3003/1246 1712/3005/1246 1711/3056/1246
f 1711/3063/1247 1712/3005/1247 1714/3007/1247 1713/3060/1247
f 1713/3071/1248 1714/3007/1248 1716/3009/1248 1715/3068/1248
f 1715/3079/1249 1716/3009/1249 1718/3011/1249 1717/3076/1249
f 1717/3083/1250 1718/3011/1250 1720/3043/1250 1719/3080/1250
f 1719/3067/1251 1720/3043/1251 1702/3014/1251 1701/3064/1251
f 1736/2840/1165 1699/2998/1165 1700/3105/1165 1735/2847/1165
f 1821/3091/1252 1822/3092/1252 1834/3085/1252 1835/3088/1252
f 1822/3092/13 1844/3106/13 1809/3104/13 1722/3020/13
f 1630/2865/1253 1631/2901/1253 1627/2900/1253 1626/2892/1253
f 1727/3107/1254 1723/3100/1254 1825/3108/1254 1726/3109/1254
f 2022/3019/1255 1728/3018/1255 1732/3012/1255 1730/3094/1255
f 1601/2836/1176 2013/2835/1176 2023/2848/1176 1734/2839/1176
f 1731/3048/1256 1729/3013/1256 1727/3107/1256 1726/3109/1256
f 1825/3108/1257 1745/3110/1257 1725/3111/1257 1726/3109/1257
f 1724/3017/13 1723/3100/13 1727/3107/13 1728/3018/13
f 1701/3051/1258 1702/3014/1258 1729/3013/1258 1731/3048/1258
f 1726/3109/1259 1725/3111/1259 1787/3049/1259 1731/3048/1259
f 1728/3018/13 1727/3107/13 1729/3013/13 1732/3012/13
f 1689/2827/13 1699/2998/13 1736/2840/13 1734/2839/13
f 1700/3105/4 1684/3112/4 1733/2991/4 1735/2847/4
f 1780/3113/1260 1781/3114/1260 1763/3115/1260 1762/3116/1260
f 1759/3117/1154 1758/3118/1154 1788/3119/1154 1789/3120/1154
f 1784/3121/1261 1746/3122/1261 1761/3123/1261 1785/3124/1261
f 1764/2930/1262 1765/3125/1262 1767/3126/1262 1766/3127/1262
f 1768/3128/1263 1769/3129/1263 1771/3130/1263 1770/3131/1263
f 1770/3131/1264 1771/3132/1264 1773/3133/1264 1772/3134/1264
f 1739/3135/13 1741/3136/13 1770/3131/13 1772/3134/13
f 1772/3134/1265 1773/3137/1265 1775/3138/1265 1774/3139/1265
f 1774/3139/1266 1775/3140/1266 1777/3141/1266 1776/3142/1266
f 1683/3143/13 1740/3144/13 1776/3142/13 1778/3145/13
f 1778/3145/1267 1779/3146/1267 1781/3147/1267 1780/3113/1267
f 1737/3148/13 1683/3143/13 1778/3145/13 1780/3113/13
f 1743/3149/13 1744/3150/13 1764/2930/13 1766/3127/13
f 1766/3127/1268 1767/3151/1268 1769/3152/1268 1768/3128/1268
f 1742/3153/13 1743/3149/13 1766/3127/13 1768/3128/13
f 1741/3136/13 1742/3153/13 1768/3128/13 1770/3131/13
f 1744/3150/13 1676/3154/13 1760/2931/13 1764/2930/13
f 1738/3155/13 1739/3135/13 1772/3134/13 1774/3139/13
f 1776/3142/1269 1777/3156/1269 1779/3157/1269 1778/3145/1269
f 1740/3144/13 1738/3155/13 1774/3139/13 1776/3142/13
f 1684/3158/13 1737/3148/13 1780/3113/13 1762/3116/13
f 1793/3159/13 1733/3160/13 1684/3158/13 1762/3116/13
f 1761/2928/1270 1746/3161/1270 1748/3162/1270 1765/2929/1270
f 1765/3125/1271 1748/3163/1271 1750/3164/1271 1767/3126/1271
f 1767/3151/1272 1750/3165/1272 1751/3166/1272 1769/3152/1272
f 1769/3129/1273 1751/3167/1273 1752/3168/1273 1771/3130/1273
f 1771/3132/1274 1752/3169/1274 1753/3170/1274 1773/3133/1274
f 1773/3137/1275 1753/3171/1275 1754/3172/1275 1775/3138/1275
f 1775/3140/1276 1754/3173/1276 1755/3174/1276 1777/3141/1276
f 1777/3156/1277 1755/3175/1277 1756/3176/1277 1779/3157/1277
f 1779/3146/1278 1756/3177/1278 1757/3178/1278 1781/3147/1278
f 1781/3114/1279 1757/3179/1279 1749/3180/1279 1763/3115/1279
f 1801/3181/1280 1758/3182/1280 1759/3183/1280 1783/3184/1280
f 1786/3185/13 1760/2931/13 1676/3154/13 1787/3186/13
f 1759/3117/1207 1789/3120/1207 1790/3187/1207 1747/3188/1207
f 1788/3119/13 1758/3118/13 1745/3189/13 1791/3190/13
f 1763/2934/1201 1792/2937/1201 1793/3159/1201 1762/3116/1201
f 1797/2971/1281 1798/3191/1281 1789/3192/1281 1788/2841/1281
f 1758/3182/13 1801/3181/13 1725/3193/13 1745/3194/13
f 1782/3195/1261 1783/3184/1261 1759/3183/1261 1747/3196/1261
f 1801/3181/13 1786/3185/13 1787/3186/13 1725/3193/13
f 1798/3191/1282 1795/3197/1282 1790/3198/1282 1789/3192/1282
f 1799/3199/13 1786/3200/13 1801/3201/13 1797/3202/13
f 1792/3203/1283 1800/3204/1283 1799/2972/1283 1793/2950/1283
f 1801/3201/1204 1783/3205/1204 1798/3206/1204 1797/3202/1204
f 1785/3207/1206 1786/3200/1206 1799/3199/1206 1800/3208/1206
f 1784/3209/1284 1785/3207/1284 1800/3208/1284 1796/3210/1284
f 1660/3211/1285 1615/3212/1285 1629/2939/1285 1658/2938/1285
f 1792/3203/1286 1794/3213/1286 1796/3214/1286 1800/3204/1286
f 1783/3205/1287 1782/3215/1287 1795/3216/1287 1798/3206/1287
f 1785/3124/1280 1761/3123/1280 1760/2931/1280 1786/3185/1280
f 1790/3217/1288 1795/3218/1288 1782/3219/1288 1747/3220/1288
f 1746/3221/1289 1784/3222/1289 1796/3223/1289 1794/3224/1289 1749/3225/1289 1757/3226/1289 1756/3227/1289 1755/3228/1289 1754/3229/1289 1753/3230/1289 1752/3231/1289 1751/3232/1289 1750/3233/1289 1748/3234/1289
f 1809/3104/1290 2024/3103/1290 1686/3021/1290 1722/3020/1290
f 1809/3104/13 1844/3106/13 1803/3235/13 1805/3101/13
f 1804/3102/1241 1805/3101/1241 1808/3087/1241 1807/3086/1241
f 1805/3101/13 1803/3235/13 1806/3099/13 1808/3087/13
f 1803/3235/1291 1802/3236/1291 1806/3099/1291
f 1844/3106/1292 1802/3236/1292 1803/3235/1292
f 1870/3237/4 1863/3238/4 1821/3239/4 1813/3240/4
f 1837/3241/1149 1839/3242/1149 1817/3243/1149 1565/3244/1149
f 1864/3245/13 1844/3246/13 1822/3247/13 1862/3248/13
f 1791/3249/3 1816/3250/3 1828/3251/3 1883/3252/3
f 1850/3253/3 1815/3254/3 1827/3255/3 1854/3256/3
f 1859/3257/3 1745/3258/3 1825/3259/3 1860/3260/3
f 1856/3261/13 1842/3262/13 1830/3263/13 1852/3264/13
f 1819/3265/3 1838/3266/3 1836/3267/3 1812/3268/3
f 1840/3269/1149 1834/3270/1149 1810/3271/1149 1818/3272/1149
f 1830/3263/1293 1831/3273/1293 1853/3274/1293 1852/3264/1293
f 1827/3255/1294 1826/3275/1294 1855/3276/1294 1854/3256/1294
f 1825/3259/1295 1723/3277/1295 1861/3278/1295 1860/3260/1295
f 1821/3239/1296 1863/3238/1296 1862/3248/1296 1822/3247/1296
f 1851/3279/4 1853/3274/4 1831/3273/4 1867/3280/4
f 1835/3281/1297 1834/3270/1297 1840/3269/1297 1841/3282/1297
f 1838/3266/1298 1839/3242/1298 1837/3241/1298 1836/3267/1298
f 1811/3283/3 1835/3281/3 1841/3282/3 1869/3284/3
f 1858/3285/13 1848/3286/13 1842/3262/13 1856/3261/13
f 1844/3246/1299 1866/3287/1299 1802/3288/1299
f 1861/3278/13 1723/3277/13 1806/3289/13 1865/3290/13
f 1855/3276/13 1826/3275/13 1847/3291/13 1857/3292/13
f 1864/3245/13 1866/3287/13 1844/3246/13
f 1857/3292/13 1847/3291/13 1848/3286/13 1858/3285/13
f 1845/3293/13 1857/3292/13 1858/3285/13
f 1824/3294/13 1855/3276/13 1857/3292/13 1845/3293/13
f 1856/3261/13 1675/3295/13 1858/3285/13
f 1551/3296/4 1820/3297/4 1853/3274/4 1851/3279/4
f 1823/3298/1300 1854/3256/1300 1855/3276/1300 1824/3294/1300
f 1589/3299/1301 1852/3264/1301 1853/3274/1301 1820/3297/1301
f 1675/3295/13 1856/3261/13 1852/3264/13 1589/3299/13
f 1814/3300/3 1850/3253/3 1854/3256/3 1823/3298/3
f 1668/3301/1302 1858/3285/1302 1675/3295/1302
f 1668/3301/1303 1845/3293/1303 1858/3285/1303
f 1846/3302/13 1865/3290/13 1866/3287/13 1849/3303/13
f 1829/3304/13 1861/3278/13 1865/3290/13 1846/3302/13
f 1849/3303/13 1866/3287/13 1864/3245/13 1843/3305/13
f 1833/3306/1293 1862/3248/1293 1863/3238/1293 1832/3307/1293
f 1828/3251/1294 1860/3260/1294 1861/3278/1294 1829/3304/1294
f 1816/3250/3 1859/3257/3 1860/3260/3 1828/3251/3
f 1843/3305/13 1864/3245/13 1862/3248/13 1833/3306/13
f 1868/3308/4 1832/3307/4 1863/3238/4 1870/3237/4
f 1802/3288/1304 1866/3287/1304 1806/3289/1304
f 1865/3290/13 1806/3289/13 1866/3287/13
f 1868/3309/1305 1813/3310/1305 1873/3311/1305 1877/3312/1305
f 1841/3282/3 1838/3266/3 1819/3265/3 1869/3284/3
f 1813/3310/1306 1811/3313/1306 1874/3314/1306 1873/3311/1306
f 1874/3314/13 1875/3315/13 1877/3312/13 1873/3311/13
f 1871/3316/13 1872/3317/13 1876/3318/13 1878/3319/13
f 1869/3320/1307 1868/3309/1307 1877/3312/1307 1875/3315/1307
f 1551/3321/1305 1867/3322/1305 1878/3319/1305 1876/3318/1305
f 1867/3322/1308 1819/3323/1308 1871/3316/1308 1878/3319/1308
f 1819/3323/1309 1812/3324/1309 1872/3317/1309 1871/3316/1309
f 1812/3324/1310 1551/3321/1310 1876/3318/1310 1872/3317/1310
f 1811/3325/1309 1869/3320/1309 1875/3315/1309 1874/3314/1309
f 1868/3309/1311 1869/3320/1311 1881/3326/1311 1880/3327/1311
f 1819/3323/1312 1867/3322/1312 1879/3328/1312 1882/3329/1312
f 1657/3330/3 1791/3249/3 1883/3252/3 1884/3331/3
f 1831/3273/4 1832/3307/4 1868/3308/4 1867/3280/4
f 1815/3254/3 1657/3330/3 1884/3331/3 1827/3255/3
f 1842/3262/13 1843/3305/13 1833/3306/13 1830/3263/13
f 1839/3242/1149 1840/3269/1149 1818/3272/1149 1817/3243/1149
f 1828/3251/1294 1829/3304/1294 1826/3275/1294 1827/3255/1294 1884/3331/1294 1883/3252/1294
f 1833/3306/1293 1832/3307/1293 1831/3273/1293 1830/3263/1293
f 1841/3282/1294 1840/3269/1294 1839/3242/1294 1838/3266/1294
f 1848/3286/13 1849/3303/13 1843/3305/13 1842/3262/13
f 1826/3275/13 1829/3304/13 1846/3302/13 1847/3291/13
f 1847/3291/13 1846/3302/13 1849/3303/13 1848/3286/13
f 1880/3327/13 1881/3326/13 1882/3329/13 1879/3328/13
f 1868/3309/1305 1880/3327/1305 1879/3328/1305 1867/3322/1305
f 1869/3320/1309 1819/3323/1309 1882/3329/1309 1881/3326/1309
f 1914/3332/1313 1898/3333/1313 1899/3334/1313 1917/3335/1313
f 1913/3336/13 1918/3337/13 1988/3338/13 1983/3339/13
f 1955/3340/13 1938/3341/13 1962/3342/13 1966/3343/13
f 1953/3344/13 1955/3340/13 1966/3343/13 1968/3345/13
f 1951/3346/13 1953/3344/13 1968/3345/13 1970/3347/13
f 1949/3348/13 1951/3346/13 1970/3347/13 1972/3349/13
f 1947/3350/13 1949/3348/13 1972/3349/13 1974/3351/13
f 1945/3352/13 1947/3350/13 1974/3351/13 1976/3353/13
f 1943/3354/13 1945/3352/13 1976/3353/13 1978/3355/13
f 1941/3356/13 1943/3354/13 1978/3355/13 1980/3357/13
f 1887/3358/1314 1937/3359/1314 1956/3360/1314 1888/3361/1314
f 1885/3362/1118 1897/3363/1118 1936/3364/1118 1911/3365/1118
f 1912/3366/1315 1935/3367/1315 1963/3368/1315 1959/3369/1315
f 1896/3370/1316 1940/3371/1316 1936/3372/1316 1897/3373/1316
f 1916/3374/1315 1909/3375/1315 1958/3376/1315 1986/3377/1315
f 1917/3378/1317 1899/3379/1317 1900/3380/1317 1919/3381/1317
f 1932/3382/13 1934/3383/13 2004/3384/13 2002/3385/13
f 1930/3386/13 1932/3382/13 2002/3385/13 2000/3387/13
f 1928/3388/13 1930/3386/13 2000/3387/13 1998/3389/13
f 1926/3390/13 1928/3388/13 1998/3389/13 1996/3391/13
f 1924/3392/13 1926/3390/13 1996/3391/13 1994/3393/13
f 1922/3394/13 1924/3392/13 1994/3393/13 1992/3395/13
f 1920/3396/13 1922/3394/13 1992/3395/13 1990/3397/13
f 1918/3337/13 1920/3396/13 1990/3397/13 1988/3338/13
f 1934/3383/13 1916/3374/13 1986/3377/13 2004/3384/13
f 1938/3341/13 1913/3336/13 1983/3339/13 1962/3342/13
f 1933/3398/1318 1907/3399/1318 1908/3400/1318 1915/3401/1318
f 1935/3367/13 1939/3402/13 1982/3403/13 1963/3368/13
f 1895/3404/1319 1942/3405/1319 1940/3406/1319 1896/3407/1319
f 1931/3408/1320 1906/3409/1320 1907/3410/1320 1933/3411/1320
f 1894/3412/1321 1944/3413/1321 1942/3414/1321 1895/3415/1321
f 1929/3416/1322 1905/3417/1322 1906/3418/1322 1931/3419/1322
f 1893/3420/1323 1946/3421/1323 1944/3422/1323 1894/3423/1323
f 1927/3424/1324 1904/3425/1324 1905/3426/1324 1929/3427/1324
f 1892/3428/1325 1948/3429/1325 1946/3430/1325 1893/3431/1325
f 1925/3432/1326 1903/3433/1326 1904/3434/1326 1927/3435/1326
f 1891/3436/1327 1950/3437/1327 1948/3438/1327 1892/3439/1327
f 1923/3440/1328 1902/3441/1328 1903/3442/1328 1925/3443/1328
f 1890/3444/1329 1952/3445/1329 1950/3446/1329 1891/3447/1329
f 1921/3448/1330 1901/3449/1330 1902/3450/1330 1923/3451/1330
f 1889/3452/1331 1954/3453/1331 1952/3454/1331 1890/3455/1331
f 1919/3456/1332 1900/3457/1332 1901/3458/1332 1921/3459/1332
f 1888/3460/1333 1956/3461/1333 1954/3462/1333 1889/3463/1333
f 1937/3464/3 1887/3465/3 1898/3466/3 1914/3467/3
f 1939/3402/13 1941/3356/13 1980/3357/13 1982/3403/13
f 1955/3340/1334 1956/3360/1334 1937/3359/1334 1938/3341/1334
f 1953/3344/1335 1954/3462/1335 1956/3461/1335 1955/3340/1335
f 1951/3346/1336 1952/3454/1336 1954/3453/1336 1953/3344/1336
f 1949/3348/1337 1950/3446/1337 1952/3445/1337 1951/3346/1337
f 1947/3350/1338 1948/3438/1338 1950/3437/1338 1949/3348/1338
f 1945/3352/1339 1946/3430/1339 1948/3429/1339 1947/3350/1339
f 1943/3354/1340 1944/3422/1340 1946/3421/1340 1945/3352/1340
f 1941/3356/1341 1942/3414/1341 1944/3413/1341 1943/3354/1341
f 1939/3402/1342 1940/3406/1342 1942/3405/1342 1941/3356/1342
f 1935/3367/1343 1936/3372/1343 1940/3371/1343 1939/3402/1343
f 1913/3336/1344 1914/3332/1344 1917/3335/1344 1918/3337/1344
f 1918/3337/1345 1917/3378/1345 1919/3381/1345 1920/3396/1345
f 1920/3396/1346 1919/3456/1346 1921/3459/1346 1922/3394/1346
f 1922/3394/1347 1921/3448/1347 1923/3451/1347 1924/3392/1347
f 1924/3392/1348 1923/3440/1348 1925/3443/1348 1926/3390/1348
f 1926/3390/1349 1925/3432/1349 1927/3435/1349 1928/3388/1349
f 1928/3388/1350 1927/3424/1350 1929/3427/1350 1930/3386/1350
f 1930/3386/1351 1929/3416/1351 1931/3419/1351 1932/3382/1351
f 1932/3382/1352 1931/3408/1352 1933/3411/1352 1934/3383/1352
f 1934/3383/1353 1933/3398/1353 1915/3401/1353 1916/3374/1353
f 1916/3374/1354 1915/3468/1354 1910/3469/1354 1909/3375/1354
f 1938/3341/1355 1937/3464/1355 1914/3467/1355 1913/3336/1355
f 1912/3366/1356 1911/3365/1356 1936/3364/1356 1935/3367/1356
f 1960/3470/1357 1959/3369/1357 1963/3368/1357 1964/3471/1357
f 1961/3472/1358 1962/3342/1358 1983/3339/1358 1984/3473/1358
f 1985/3474/1359 1986/3377/1359 1958/3376/1359 1957/3475/1359
f 1965/3476/1360 1966/3343/1360 1962/3342/1360 1961/3477/1360
f 1967/3478/1361 1968/3345/1361 1966/3343/1361 1965/3479/1361
f 1969/3480/1362 1970/3347/1362 1968/3345/1362 1967/3481/1362
f 1971/3482/1363 1972/3349/1363 1970/3347/1363 1969/3483/1363
f 1973/3484/1364 1974/3351/1364 1972/3349/1364 1971/3485/1364
f 1975/3486/1365 1976/3353/1365 1974/3351/1365 1973/3487/1365
f 1977/3488/1366 1978/3355/1366 1976/3353/1366 1975/3489/1366
f 1979/3490/1367 1980/3357/1367 1978/3355/1367 1977/3491/1367
f 1981/3492/1368 1982/3403/1368 1980/3357/1368 1979/3493/1368
f 1964/3494/1369 1963/3368/1369 1982/3403/1369 1981/3495/1369
f 2003/3496/1370 2004/3384/1370 1986/3377/1370 1985/3497/1370
f 2001/3498/1371 2002/3385/1371 2004/3384/1371 2003/3499/1371
f 1999/3500/1372 2000/3387/1372 2002/3385/1372 2001/3501/1372
f 1997/3502/1373 1998/3389/1373 2000/3387/1373 1999/3503/1373
f 1995/3504/1374 1996/3391/1374 1998/3389/1374 1997/3505/1374
f 1993/3506/1375 1994/3393/1375 1996/3391/1375 1995/3507/1375
f 1991/3508/1376 1992/3395/1376 1994/3393/1376 1993/3509/1376
f 1989/3510/1377 1990/3397/1377 1992/3395/1377 1991/3511/1377
f 1987/3512/1378 1988/3338/1378 1990/3397/1378 1989/3513/1378
f 1984/3514/1379 1983/3339/1379 1988/3338/1379 1987/3515/1379
f 1910/3469/1110 1915/3468/1110 1908/3516/1110 1886/3517/1110
f 1960/3470/1380 1964/3471/1380 2010/3518/1380 1597/3519/1380 2012/3520/1380 2011/3521/1380 1671/3522/1380 2014/3523/1380 1673/3524/1380 1552/3525/1380 1550/3526/1380 1542/3527/1380
f 1964/3494/1381 1981/3495/1381 1547/3528/1381 2010/3529/1381
f 1981/3492/1382 1979/3493/1382 2009/3530/1382 1547/3531/1382
f 1979/3490/1383 1977/3491/1383 2008/3532/1383 2009/3533/1383
f 1977/3488/1384 1975/3489/1384 1546/3534/1384 2008/3535/1384
f 1975/3486/1385 1973/3487/1385 1545/3536/1385 1546/3537/1385
f 1973/3484/1386 1971/3485/1386 2007/3538/1386 1545/3539/1386
f 1971/3482/1387 1969/3483/1387 2006/3540/1387 2007/3541/1387
f 1969/3480/1388 1967/3481/1388 1544/3542/1388 2006/3543/1388
f 1967/3478/1389 1965/3479/1389 1543/3544/1389 1544/3545/1389
f 1965/3476/1390 1961/3477/1390 2005/3546/1390 1543/3547/1390
f 2005/3548/1391 1961/3472/1391 1984/3473/1391 2015/3549/1391 2023/3550/1391 2013/3551/1391
f 1987/3515/1392 1678/3552/1392 2015/3553/1392 1984/3514/1392
f 1989/3513/1393 2016/3554/1393 1678/3555/1393 1987/3512/1393
f 1991/3511/1394 2017/3556/1394 2016/3557/1394 1989/3510/1394
f 1993/3509/1395 1679/3558/1395 2017/3559/1395 1991/3508/1395
f 1995/3507/1396 1680/3560/1396 1679/3561/1396 1993/3506/1396
f 1997/3505/1397 2018/3562/1397 1680/3563/1397 1995/3504/1397
f 1999/3503/1398 1681/3564/1398 2018/3565/1398 1997/3502/1398
f 2001/3501/1399 1682/3566/1399 1681/3567/1399 1999/3500/1399
f 2003/3499/1400 2019/3568/1400 1682/3569/1400 2001/3498/1400
f 1985/3497/1401 2020/3570/1401 2019/3571/1401 2003/3496/1401
f 1677/3572/1402 1685/3573/1402 1686/3574/1402 2024/3575/1402 1804/3576/1402 1807/3577/1402 2021/3578/1402 2022/3579/1402 1730/3580/1402 2020/3581/1402 1985/3474/1402 1957/3475/1402
s 1
f 2058/3582/1403 2102/3583/1404 2151/3584/1405 2105/3585/1406
f 2057/3586/1407 2061/3587/1408 2026/3588/1409 2025/3589/1118
f 2064/3590/1410 2067/3591/1411 2028/3592/1412 2027/3593/1413
f 2067/3591/1411 2070/3594/1414 2029/3595/4 2028/3592/1412
f 2070/3594/1414 2073/3596/1415 2030/3597/1416 2029/3595/4
f 2030/3597/1416 2073/3596/1415 2076/3598/1417 2031/3599/1418
f 2076/3598/1417 2079/3600/1419 2032/3601/1420 2031/3599/1418
f 2032/3601/1420 2079/3600/1419 2082/3602/1421 2033/3603/1110
f 2082/3602/1421 2085/3604/1422 2034/3605/1322 2033/3603/1110
f 2034/3605/1322 2085/3604/1422 2088/3606/1423 2035/3607/1424
f 2088/3606/1423 2091/3608/1425 2036/3609/1332 2035/3607/1424
f 2091/3608/1425 2094/3610/1426 2037/3611/3 2036/3609/1332
f 2094/3610/1426 2097/3612/1427 2038/3613/1331 2037/3611/3
f 2097/3612/1427 2100/3614/1428 2039/3615/1429 2038/3613/1331
f 2100/3614/1428 2103/3616/1430 2040/3617/1321 2039/3615/1429
f 2108/3618/1431 2106/3619/1432 2041/3620/1110 2042/3621/1322
f 2087/3622/1433 2084/3623/1434 2133/3624/1435 2136/3625/1436
f 2061/3587/1408 2064/3590/1410 2027/3593/1413 2026/3588/1409
f 2061/3587/1408 2057/3586/1407 2059/3626/1437 2062/3627/1438
f 2102/3583/1404 2099/3628/1439 2148/3629/1440 2151/3584/1405
f 2069/3630/1441 2066/3631/1442 2115/3632/1443 2118/3633/1444
f 2081/3634/1445 2078/3635/1446 2127/3636/1447 2130/3637/1448
f 2096/3638/1449 2093/3639/1450 2142/3640/1451 2145/3641/1452
f 2063/3642/1453 2060/3643/1454 2109/3644/1455 2112/3645/1456
f 2075/3646/1457 2072/3647/1458 2121/3648/1459 2124/3649/1460
f 2090/3650/1461 2087/3622/1433 2136/3625/1436 2139/3651/1462
f 2084/3623/1434 2081/3634/1445 2130/3637/1448 2133/3624/1435
f 2078/3635/1446 2075/3646/1457 2124/3649/1460 2127/3636/1447
f 2072/3647/1458 2069/3630/1441 2118/3633/1444 2121/3648/1459
f 2099/3628/1439 2096/3638/1449 2145/3641/1452 2148/3629/1440
f 2066/3631/1442 2063/3642/1453 2112/3645/1456 2115/3632/1443
f 2093/3639/1450 2090/3650/1461 2139/3651/1462 2142/3640/1451
f 2150/3652/1463 2056/3653/1420 2041/3620/1110 2106/3619/1432
f 2040/3617/1321 2103/3616/1430 2057/3586/1407 2025/3589/1118
s 0
f 2041/3620/13 2056/3653/13 2055/3654/13 2054/3655/13 2053/3656/13 2052/3657/13 2051/3658/13 2050/3659/13 2049/3660/13 2048/3661/13 2047/3662/13 2046/3663/13 2045/3664/13 2044/3665/13 2043/3666/13 2042/3621/13
s 1
f 2132/3667/1464 2129/3668/1465 2049/3660/1118 2050/3659/1409
f 2108/3618/1431 2042/3621/1322 2043/3666/1424 2111/3669/1466
f 2135/3670/1467 2132/3667/1464 2050/3659/1409 2051/3658/1413
f 2114/3671/1468 2111/3669/1466 2043/3666/1424 2044/3665/1332
f 2117/3672/1469 2114/3671/1468 2044/3665/1332 2045/3664/3
f 2138/3673/1470 2135/3670/1467 2051/3658/1413 2052/3657/1412
f 2120/3674/1471 2117/3672/1469 2045/3664/3 2046/3663/1331
f 2141/3675/1472 2138/3673/1470 2052/3657/1412 2053/3656/4
f 2123/3676/1473 2120/3674/1471 2046/3663/1331 2047/3662/1429
f 2144/3677/1474 2141/3675/1472 2053/3656/4 2054/3655/1416
f 2126/3678/1475 2123/3676/1473 2047/3662/1429 2048/3661/1321
f 2147/3679/1476 2144/3677/1474 2054/3655/1416 2055/3654/1418
f 2126/3678/1475 2048/3661/1321 2049/3660/1118 2129/3668/1465
f 2150/3652/1463 2147/3679/1476 2055/3654/1418 2056/3653/1420
f 2062/3627/1477 2059/3626/1478 2058/3582/1403 2060/3643/1454
f 2064/3590/1410 2061/3587/1408 2062/3627/1438 2065/3680/1479
f 2065/3680/1480 2062/3627/1477 2060/3643/1454 2063/3642/1453
f 2067/3591/1411 2064/3590/1410 2065/3680/1479 2068/3681/1481
f 2068/3681/1482 2065/3680/1480 2063/3642/1453 2066/3631/1442
f 2070/3594/1414 2067/3591/1411 2068/3681/1481 2071/3682/1483
f 2071/3682/1484 2068/3681/1482 2066/3631/1442 2069/3630/1441
f 2073/3596/1415 2070/3594/1414 2071/3682/1483 2074/3683/1485
f 2074/3683/1486 2071/3682/1484 2069/3630/1441 2072/3647/1458
f 2076/3598/1417 2073/3596/1415 2074/3683/1485 2077/3684/1487
f 2077/3684/1488 2074/3683/1486 2072/3647/1458 2075/3646/1457
f 2079/3600/1419 2076/3598/1417 2077/3684/1487 2080/3685/1489
f 2080/3685/1490 2077/3684/1488 2075/3646/1457 2078/3635/1446
f 2082/3602/1421 2079/3600/1419 2080/3685/1489 2083/3686/1491
f 2083/3686/1492 2080/3685/1490 2078/3635/1446 2081/3634/1445
f 2085/3604/1422 2082/3602/1421 2083/3686/1491 2086/3687/1493
f 2086/3687/1494 2083/3686/1492 2081/3634/1445 2084/3623/1434
f 2088/3606/1423 2085/3604/1422 2086/3687/1493 2089/3688/1495
f 2089/3688/1496 2086/3687/1494 2084/3623/1434 2087/3622/1433
f 2091/3608/1425 2088/3606/1423 2089/3688/1495 2092/3689/1497
f 2092/3689/1498 2089/3688/1496 2087/3622/1433 2090/3650/1461
f 2094/3610/1426 2091/3608/1425 2092/3689/1497 2095/3690/1499
f 2095/3690/1500 2092/3689/1498 2090/3650/1461 2093/3639/1450
f 2097/3612/1427 2094/3610/1426 2095/3690/1499 2098/3691/1501
f 2098/3691/1502 2095/3690/1500 2093/3639/1450 2096/3638/1449
f 2100/3614/1428 2097/3612/1427 2098/3691/1501 2101/3692/1503
f 2101/3692/1504 2098/3691/1502 2096/3638/1449 2099/3628/1439
f 2103/3616/1430 2100/3614/1428 2101/3692/1503 2104/3693/1505
f 2104/3693/1506 2101/3692/1504 2099/3628/1439 2102/3583/1404
f 2057/3586/1407 2103/3616/1430 2104/3693/1505 2059/3626/1437
f 2059/3626/1478 2104/3693/1506 2102/3583/1404 2058/3582/1403
f 2109/3644/1455 2105/3585/1406 2107/3694/1492 2110/3695/1494
f 2110/3695/1493 2107/3694/1491 2106/3619/1432 2108/3618/1431
f 2112/3645/1456 2109/3644/1455 2110/3695/1494 2113/3696/1496
f 2113/3696/1495 2110/3695/1493 2108/3618/1431 2111/3669/1466
f 2115/3632/1443 2112/3645/1456 2113/3696/1496 2116/3697/1498
f 2116/3697/1497 2113/3696/1495 2111/3669/1466 2114/3671/1468
f 2118/3633/1444 2115/3632/1443 2116/3697/1498 2119/3698/1500
f 2119/3698/1499 2116/3697/1497 2114/3671/1468 2117/3672/1469
f 2121/3648/1459 2118/3633/1444 2119/3698/1500 2122/3699/1502
f 2122/3699/1501 2119/3698/1499 2117/3672/1469 2120/3674/1471
f 2124/3649/1460 2121/3648/1459 2122/3699/1502 2125/3700/1504
f 2125/3700/1503 2122/3699/1501 2120/3674/1471 2123/3676/1473
f 2127/3636/1447 2124/3649/1460 2125/3700/1504 2128/3701/1506
f 2128/3701/1507 2125/3700/1503 2123/3676/1473 2126/3678/1475
f 2130/3637/1448 2127/3636/1447 2128/3701/1506 2131/3702/1478
f 2131/3702/1437 2128/3701/1507 2126/3678/1475 2129/3668/1465
f 2133/3624/1435 2130/3637/1448 2131/3702/1478 2134/3703/1477
f 2134/3703/1508 2131/3702/1437 2129/3668/1465 2132/3667/1464
f 2136/3625/1436 2133/3624/1435 2134/3703/1477 2137/3704/1480
f 2137/3704/1479 2134/3703/1508 2132/3667/1464 2135/3670/1467
f 2139/3651/1462 2136/3625/1436 2137/3704/1480 2140/3705/1482
f 2140/3705/1481 2137/3704/1479 2135/3670/1467 2138/3673/1470
f 2142/3640/1451 2139/3651/1462 2140/3705/1482 2143/3706/1484
f 2143/3706/1483 2140/3705/1481 2138/3673/1470 2141/3675/1472
f 2145/3641/1452 2142/3640/1451 2143/3706/1484 2146/3707/1486
f 2146/3707/1509 2143/3706/1483 2141/3675/1472 2144/3677/1474
f 2148/3629/1440 2145/3641/1452 2146/3707/1486 2149/3708/1488
f 2149/3708/1487 2146/3707/1509 2144/3677/1474 2147/3679/1476
f 2151/3584/1405 2148/3629/1440 2149/3708/1488 2152/3709/1490
f 2152/3709/1489 2149/3708/1487 2147/3679/1476 2150/3652/1463
f 2105/3585/1406 2151/3584/1405 2152/3709/1490 2107/3694/1492
f 2107/3694/1491 2152/3709/1489 2150/3652/1463 2106/3619/1432
f 2058/3582/1403 2105/3585/1406 2109/3644/1455 2060/3643/1454
f 2185/3710/1510 2191/3711/1511 2188/3712/1512 2182/3713/1513
f 2191/3711/1511 2197/3714/1514 2194/3715/1515 2188/3712/1512
f 2197/3714/1514 2203/3716/1516 2200/3717/1517 2194/3715/1515
f 2203/3716/1516 2209/3718/1518 2206/3719/1519 2200/3717/1517
f 2209/3718/1518 2215/3720/1520 2212/3721/1521 2206/3719/1519
f 2215/3720/1520 2221/3722/1522 2218/3723/1523 2212/3721/1521
f 2221/3722/1522 2227/3724/1524 2224/3725/1525 2218/3723/1523
f 2227/3724/1524 2233/3726/1526 2230/3727/1527 2224/3725/1525
f 2233/3726/1526 2239/3728/1528 2236/3729/1529 2230/3727/1527
f 2239/3728/1528 2245/3730/1530 2242/3731/1531 2236/3729/1529
f 2245/3730/1530 2251/3732/1532 2248/3733/1533 2242/3731/1531
f 2251/3732/1532 2257/3734/1534 2254/3735/1535 2248/3733/1533
f 2257/3734/1534 2263/3736/1536 2260/3737/1537 2254/3735/1535
f 2172/3738/1538 2262/3739/1539 2256/3740/1540 2250/3741/1541 2244/3742/1542 2238/3743/1543 2232/3744/1544 2226/3745/1545 2220/3746/1546 2214/3747/1547 2208/3748/1548 2202/3749/1549 2196/3750/1550 2190/3751/1551 2184/3752/1552 2178/3753/1553
f 2179/3754/1554 2185/3710/1510 2182/3713/1513 2176/3755/1555
f 2263/3736/1536 2173/3756/1556 2170/3757/1557 2260/3737/1537
f 2247/3758/1331 2253/3759/1429 2154/3760/1429 2155/3761/1331
f 2170/3762/1557 2176/3763/1555 2177/3764/1558 2171/3765/1559
f 2171/3765/1560 2177/3764/1561 2175/3766/1561 2169/3767/1560
f 2179/3754/1554 2173/3756/1556 2174/3768/1562 2180/3769/1563
f 2180/3769/1564 2174/3768/1565 2172/3738/1538 2178/3753/1553
f 2176/3763/1555 2182/3770/1513 2183/3771/1566 2177/3764/1558
f 2177/3764/1561 2183/3771/1567 2181/3772/1567 2175/3766/1561
f 2185/3710/1510 2179/3754/1554 2180/3769/1563 2186/3773/1568
f 2186/3773/1569 2180/3769/1564 2178/3753/1553 2184/3752/1552
f 2182/3770/1513 2188/3774/1512 2189/3775/1570 2183/3771/1566
f 2183/3771/1567 2189/3775/1571 2187/3776/1571 2181/3772/1567
f 2191/3711/1511 2185/3710/1510 2186/3773/1568 2192/3777/1572
f 2192/3777/1573 2186/3773/1569 2184/3752/1552 2190/3751/1551
f 2188/3774/1512 2194/3778/1515 2195/3779/1574 2189/3775/1570
f 2189/3775/1571 2195/3779/1575 2193/3780/1575 2187/3776/1571
f 2197/3714/1514 2191/3711/1511 2192/3777/1572 2198/3781/1576
f 2198/3781/1577 2192/3777/1573 2190/3751/1551 2196/3750/1550
f 2194/3778/1515 2200/3782/1517 2201/3783/1578 2195/3779/1574
f 2195/3779/1575 2201/3783/1579 2199/3784/1579 2193/3780/1575
f 2203/3716/1516 2197/3714/1514 2198/3781/1576 2204/3785/1580
f 2204/3785/1581 2198/3781/1577 2196/3750/1550 2202/3749/1549
f 2200/3782/1517 2206/3786/1519 2207/3787/1582 2201/3783/1578
f 2201/3783/1579 2207/3787/1583 2205/3788/1583 2199/3784/1579
f 2209/3718/1518 2203/3716/1516 2204/3785/1580 2210/3789/1584
f 2210/3789/1585 2204/3785/1581 2202/3749/1549 2208/3748/1548
f 2206/3786/1519 2212/3790/1521 2213/3791/1586 2207/3787/1582
f 2207/3787/1583 2213/3791/1587 2211/3792/1587 2205/3788/1583
f 2215/3720/1520 2209/3718/1518 2210/3789/1584 2216/3793/1588
f 2216/3793/1589 2210/3789/1585 2208/3748/1548 2214/3747/1547
f 2212/3790/1521 2218/3794/1523 2219/3795/1590 2213/3791/1586
f 2213/3791/1587 2219/3795/1591 2217/3796/1591 2211/3792/1587
f 2221/3722/1522 2215/3720/1520 2216/3793/1588 2222/3797/1592
f 2222/3797/1593 2216/3793/1589 2214/3747/1547 2220/3746/1546
f 2218/3794/1523 2224/3798/1525 2225/3799/1594 2219/3795/1590
f 2219/3795/1591 2225/3799/1595 2223/3800/1595 2217/3796/1591
f 2227/3724/1524 2221/3722/1522 2222/3797/1592 2228/3801/1596
f 2228/3801/1597 2222/3797/1593 2220/3746/1546 2226/3745/1545
f 2224/3798/1525 2230/3802/1527 2231/3803/1598 2225/3799/1594
f 2225/3799/1595 2231/3803/1599 2229/3804/1599 2223/3800/1595
f 2233/3726/1526 2227/3724/1524 2228/3801/1596 2234/3805/1600
f 2234/3805/1601 2228/3801/1597 2226/3745/1545 2232/3744/1544
f 2230/3802/1527 2236/3806/1529 2237/3807/1602 2231/3803/1598
f 2231/3803/1599 2237/3807/1603 2235/3808/1603 2229/3804/1599
f 2239/3728/1528 2233/3726/1526 2234/3805/1600 2240/3809/1604
f 2240/3809/1605 2234/3805/1601 2232/3744/1544 2238/3743/1543
f 2236/3806/1529 2242/3810/1531 2243/3811/1606 2237/3807/1602
f 2237/3807/1603 2243/3811/1607 2241/3812/1607 2235/3808/1603
f 2245/3730/1530 2239/3728/1528 2240/3809/1604 2246/3813/1608
f 2246/3813/1609 2240/3809/1605 2238/3743/1543 2244/3742/1542
f 2242/3810/1531 2248/3814/1533 2249/3815/1610 2243/3811/1606
f 2243/3811/1607 2249/3815/1611 2247/3816/1611 2241/3812/1607
f 2251/3732/1532 2245/3730/1530 2246/3813/1608 2252/3817/1612
f 2252/3817/1613 2246/3813/1609 2244/3742/1542 2250/3741/1541
f 2248/3814/1533 2254/3818/1535 2255/3819/1614 2249/3815/1610
f 2249/3815/1611 2255/3819/1615 2253/3820/1615 2247/3816/1611
f 2257/3734/1534 2251/3732/1532 2252/3817/1612 2258/3821/1616
f 2258/3821/1617 2252/3817/1613 2250/3741/1541 2256/3740/1540
f 2254/3818/1535 2260/3822/1537 2261/3823/1618 2255/3819/1614
f 2255/3819/1615 2261/3823/1619 2259/3824/1619 2253/3820/1615
f 2263/3736/1536 2257/3734/1534 2258/3821/1616 2264/3825/1620
f 2264/3825/1621 2258/3821/1617 2256/3740/1540 2262/3739/1539
f 2260/3822/1537 2170/3762/1557 2171/3765/1559 2261/3823/1618
f 2261/3823/1619 2171/3765/1560 2169/3767/1560 2259/3824/1619
f 2173/3756/1556 2263/3736/1536 2264/3825/1620 2174/3768/1562
f 2174/3768/1565 2264/3825/1621 2262/3739/1539 2172/3738/1538
f 2173/3756/1556 2179/3754/1554 2176/3755/1555 2170/3757/1557
f 2181/3826/1413 2187/3827/1412 2165/3828/1412 2166/3829/1413
f 2169/3830/1118 2175/3831/1409 2168/3832/1409 2167/3833/1118
f 2199/3834/1416 2205/3835/1418 2162/3836/1418 2163/3837/1416
f 2217/3838/1110 2223/3839/1322 2159/3840/1322 2160/3841/1110
f 2235/3842/1332 2241/3843/3 2156/3844/3 2157/3845/1332
f 2253/3759/1429 2259/3846/1321 2153/3847/1321 2154/3760/1429
f 2259/3846/1321 2169/3830/1118 2167/3833/1118 2153/3847/1321
f 2187/3827/1412 2193/3848/4 2164/3849/4 2165/3828/1412
f 2205/3835/1418 2211/3850/1420 2161/3851/1420 2162/3836/1418
f 2223/3839/1322 2229/3852/1424 2158/3853/1424 2159/3840/1322
f 2241/3843/3 2247/3758/1331 2155/3761/1331 2156/3844/3
f 2175/3831/1409 2181/3826/1413 2166/3829/1413 2168/3832/1409
f 2193/3854/4 2199/3834/1416 2163/3837/1416 2164/3855/4
f 2211/3850/1420 2217/3838/1110 2160/3841/1110 2161/3851/1420
f 2229/3852/1424 2235/3842/1332 2157/3845/1332 2158/3853/1424
s 0
f 1564/2712/1622 1543/3856/1622 2005/3857/1622 1555/2713/1622
usemtl Walls_Roof
f 19/1/1 18/2/1 17/3/1 20/4/1
f 3/5/2 4/6/2 8/7/2 7/8/2
f 9/9/1 12/10/1 6/11/1 5/12/1
f 4/6/3 2/13/3 6/11/3 12/10/3 11/14/3 8/7/3
f 3/15/4 7/16/4 10/17/4 9/18/4 5/19/4 1/20/4
f 5/21/5 6/11/5 2/13/5 1/22/5
f 12/23/6 9/24/6 13/25/6 22/26/6 16/27/6
f 7/28/1 8/7/1 11/14/1 10/29/1
f 1/30/7 2/13/7 4/6/7 3/31/7
f 21/32/1 15/33/1 16/34/1 22/35/1
f 11/36/3 12/37/3 16/34/3 15/33/3
f 9/24/4 10/38/4 14/39/4 13/25/4
f 21/32/3 22/35/3 17/3/3 18/2/3
f 22/26/6 13/25/6 20/4/6 17/40/6
f 13/25/4 14/39/4 19/1/4 20/4/4
f 14/39/8 21/41/8 18/42/8 19/1/8
f 10/38/8 11/43/8 15/44/8 21/41/8 14/39/8
f 56/45/9 206/46/9 215/47/9 65/48/9
f 52/49/10 202/50/10 214/51/10 64/52/10
f 60/53/11 210/54/11 218/55/11 68/56/11
f 78/57/12 39/58/12 30/59/12 75/60/12
f 60/53/13 37/61/13 24/62/13 46/63/13
f 48/64/14 198/65/14 212/66/14 62/67/14
f 26/68/15 41/69/15 62/67/15 49/70/15
f 135/71/16 285/72/16 271/73/16 121/74/16
f 30/75/17 39/76/17 64/52/17 53/77/17
f 81/78/18 38/79/18 31/80/18 76/81/18
f 51/82/13 48/64/13 25/83/13 28/84/13
f 145/85/19 148/86/19 73/87/19 70/88/19
f 51/82/13 201/89/13 198/65/13 48/64/13
f 80/90/20 41/91/20 26/92/20 71/93/20
f 147/94/21 150/95/21 75/60/21 72/96/21
f 54/97/13 52/49/13 29/98/13 31/99/13
f 149/100/21 151/101/21 76/81/21 74/102/21
f 54/97/13 204/103/13 202/50/13 52/49/13
f 79/104/22 40/105/22 28/106/22 73/87/22
f 81/78/23 156/107/23 152/108/23 77/109/23
f 55/110/13 32/111/13 34/112/13 57/113/13
f 56/45/13 33/114/13 35/115/13 58/116/13
f 38/117/24 32/111/24 55/110/24 61/118/24
f 41/69/14 25/83/14 48/64/14 62/67/14
f 40/119/25 27/120/25 50/121/25 63/122/25
f 39/76/10 29/98/10 52/49/10 64/52/10
f 45/123/26 33/114/26 56/45/26 65/48/26
f 44/124/27 43/125/27 67/126/27 66/127/27
f 59/128/28 209/129/28 217/130/28 67/126/28
f 42/131/29 37/61/29 60/53/29 68/56/29
f 75/60/12 150/95/12 153/132/12 78/57/12
f 73/87/22 148/86/22 154/133/22 79/104/22
f 71/93/30 146/134/30 155/135/30 80/90/30
f 76/81/31 151/101/31 156/107/31 81/78/31
f 218/55/32 209/129/32 59/128/32 68/56/32
f 55/110/33 205/136/33 211/137/33 61/118/33
f 215/47/34 207/138/34 57/113/34 65/48/34
f 214/51/17 203/139/17 53/77/17 64/52/17
f 213/140/35 201/89/35 51/82/35 63/122/35
f 212/66/15 199/141/15 49/70/15 62/67/15
f 211/137/36 204/103/36 54/97/36 61/118/36
f 42/131/37 68/56/37 59/128/37 36/142/37
f 67/126/38 217/130/38 216/143/38 66/127/38
f 44/124/39 66/127/39 58/116/39 35/115/39
f 58/116/13 208/144/13 206/46/13 56/45/13
f 45/123/34 65/48/34 57/113/34 34/112/34
f 38/117/36 61/118/36 54/97/36 31/99/36
f 30/145/3 53/146/3 97/147/3 92/148/3
f 57/113/13 207/138/13 205/136/13 55/110/13
f 40/119/35 63/122/35 51/82/35 28/84/35
f 53/149/40 50/150/40 96/151/40 97/147/40
f 200/152/13 50/121/13 53/77/13 203/139/13
f 197/153/13 47/154/13 49/70/13 199/141/13
f 50/121/41 200/152/41 213/140/41 63/122/41
f 36/142/28 59/128/28 67/126/28 43/125/28
f 38/79/42 81/78/42 77/109/42 32/155/42
f 41/91/43 80/90/43 70/88/43 25/156/43
f 40/105/44 79/104/44 72/96/44 27/157/44
f 39/58/45 78/57/45 74/102/45 29/158/45
f 78/57/46 153/132/46 149/100/46 74/102/46
f 76/159/3 31/160/3 86/161/3 89/162/3
f 27/157/21 72/96/21 75/60/21 30/59/21
f 79/104/44 154/133/44 147/94/44 72/96/44
f 74/163/16 76/164/16 89/162/16 88/165/16
f 80/90/43 155/135/43 145/85/43 70/88/43
f 23/166/47 69/167/47 71/93/47 26/92/47
f 294/168/48 219/169/48 221/170/48 296/171/48
f 87/172/21 88/165/21 89/162/21 86/161/21
f 83/173/19 84/174/19 85/175/19 82/176/19
f 73/177/3 28/178/3 82/176/3 85/175/3
f 28/84/13 25/83/13 83/173/13 82/176/13
f 29/179/4 74/180/4 88/165/4 87/172/4
f 31/99/13 29/98/13 87/172/13 86/161/13
f 25/181/4 70/182/4 84/174/4 83/173/4
f 70/183/16 73/184/16 85/175/16 84/174/16
f 93/185/13 92/148/13 97/147/13 96/151/13
f 91/186/13 90/187/13 95/188/13 94/189/13
f 26/190/3 49/191/3 95/188/3 90/187/3
f 49/192/49 47/193/49 94/189/49 95/188/49
f 27/157/21 30/59/21 92/148/21 93/185/21
f 23/166/47 26/92/47 90/187/47 91/186/47
f 50/194/4 27/195/4 93/185/4 96/151/4
f 216/143/39 208/144/39 58/116/39 66/127/39
f 140/196/50 290/197/50 281/198/50 131/199/50
f 139/200/51 289/201/51 277/202/51 127/203/51
f 143/204/52 293/205/52 285/72/52 135/71/52
f 153/132/12 150/95/12 105/206/12 114/207/12
f 135/71/16 121/74/16 99/208/16 112/209/16
f 137/210/53 287/211/53 273/212/53 123/213/53
f 101/214/54 124/215/54 137/210/54 116/216/54
f 144/217/47 146/134/47 71/93/47 69/167/47
f 105/218/55 128/219/55 139/200/55 114/220/55
f 156/107/18 151/101/18 106/221/18 113/222/18
f 126/223/16 103/224/16 100/225/16 123/213/16
f 123/213/16 273/212/16 276/226/16 126/223/16
f 155/135/20 146/134/20 101/227/20 116/228/20
f 129/229/16 106/230/16 104/231/16 127/203/16
f 127/203/16 277/202/16 279/232/16 129/229/16
f 154/133/22 148/86/22 103/233/22 115/234/22
f 130/235/16 132/236/16 109/237/16 107/238/16
f 131/199/16 133/239/16 110/240/16 108/241/16
f 113/242/56 136/243/56 130/235/56 107/238/56
f 116/216/53 137/210/53 123/213/53 100/225/53
f 115/244/57 138/245/57 125/246/57 102/247/57
f 114/220/51 139/200/51 127/203/51 104/231/51
f 120/248/58 140/196/58 131/199/58 108/241/58
f 119/249/59 141/250/59 142/251/59 118/252/59
f 142/251/60 292/253/60 284/254/60 134/255/60
f 117/256/61 143/204/61 135/71/61 112/209/61
f 293/205/62 143/204/62 134/255/62 284/254/62
f 136/243/63 286/257/63 280/258/63 130/235/63
f 290/197/64 140/196/64 132/236/64 282/259/64
f 289/201/55 139/200/55 128/219/55 278/260/55
f 288/261/65 138/245/65 126/223/65 276/226/65
f 287/211/54 137/210/54 124/215/54 274/262/54
f 286/257/66 136/243/66 129/229/66 279/232/66
f 117/256/67 111/263/67 134/255/67 143/204/67
f 141/250/68 291/264/68 292/253/68 142/251/68
f 119/249/69 110/240/69 133/239/69 141/250/69
f 131/199/16 281/198/16 283/265/16 133/239/16
f 120/248/64 109/237/64 132/236/64 140/196/64
f 113/242/66 106/230/66 129/229/66 136/243/66
f 105/266/3 167/267/3 172/268/3 128/269/3
f 130/235/16 280/258/16 282/259/16 132/236/16
f 115/244/65 103/224/65 126/223/65 138/245/65
f 128/270/40 172/268/40 171/271/40 125/272/40
f 275/273/16 278/260/16 128/219/16 125/246/16
f 272/274/16 274/262/16 124/215/16 122/275/16
f 138/245/70 288/261/70 275/273/70 125/246/70
f 111/263/60 118/252/60 142/251/60 134/255/60
f 113/222/42 107/276/42 152/108/42 156/107/42
f 116/228/43 100/277/43 145/85/43 155/135/43
f 115/234/44 102/278/44 147/94/44 154/133/44
f 114/207/46 104/279/46 149/100/46 153/132/46
f 151/280/3 164/281/3 161/282/3 106/283/3
f 102/278/21 105/206/21 150/95/21 147/94/21
f 149/284/13 163/285/13 164/281/13 151/286/13
f 98/287/47 101/227/47 146/134/47 144/217/47
f 162/288/21 161/282/21 164/281/21 163/285/21
f 158/289/19 157/290/19 160/291/19 159/292/19
f 148/293/3 160/291/3 157/290/3 103/294/3
f 103/224/16 157/290/16 158/289/16 100/225/16
f 104/295/4 162/288/4 163/285/4 149/296/4
f 106/230/16 161/282/16 162/288/16 104/231/16
f 100/297/4 158/289/4 159/292/4 145/298/4
f 145/299/13 159/292/13 160/291/13 148/300/13
f 168/301/16 171/271/16 172/268/16 167/267/16
f 166/302/16 169/303/16 170/304/16 165/305/16
f 101/306/3 165/305/3 170/304/3 124/307/3
f 124/308/49 170/304/49 169/303/49 122/309/49
f 102/278/21 168/301/21 167/267/21 105/206/21
f 98/287/47 166/302/47 165/305/47 101/227/47
f 125/310/4 171/271/4 168/301/4 102/311/4
f 291/264/69 141/250/69 133/239/69 283/265/69
f 228/312/71 225/313/71 180/314/71 189/315/71
f 210/54/13 196/316/13 174/317/13 187/318/13
f 176/319/15 199/141/15 212/66/15 191/320/15
f 180/321/17 203/139/17 214/51/17 189/322/17
f 231/323/72 226/324/72 181/325/72 188/326/72
f 201/89/13 178/327/13 175/328/13 198/65/13
f 295/329/73 220/330/73 223/331/73 298/332/73
f 230/333/74 221/170/74 176/334/74 191/335/74
f 297/336/75 222/337/75 225/313/75 300/338/75
f 204/103/13 181/339/13 179/340/13 202/50/13
f 299/341/75 224/342/75 226/324/75 301/343/75
f 229/344/76 223/331/76 178/345/76 190/346/76
f 227/347/77 302/348/77 306/349/77 231/323/77
f 205/136/13 207/138/13 184/350/13 182/351/13
f 206/46/13 208/144/13 185/352/13 183/353/13
f 188/354/24 211/137/24 205/136/24 182/351/24
f 191/320/14 212/66/14 198/65/14 175/328/14
f 190/355/25 213/140/25 200/152/25 177/356/25
f 189/322/10 214/51/10 202/50/10 179/340/10
f 195/357/26 215/47/26 206/46/26 183/353/26
f 194/358/27 216/143/27 217/130/27 193/359/27
f 192/360/29 218/55/29 210/54/29 187/318/29
f 228/312/78 303/361/78 300/338/78 225/313/78
f 229/344/76 304/362/76 298/332/76 223/331/76
f 230/333/79 305/363/79 296/171/79 221/170/79
f 231/323/80 306/349/80 301/343/80 226/324/80
f 192/360/37 186/364/37 209/129/37 218/55/37
f 194/358/39 185/352/39 208/144/39 216/143/39
f 195/357/34 184/350/34 207/138/34 215/47/34
f 188/354/36 181/339/36 204/103/36 211/137/36
f 180/365/3 242/366/3 247/367/3 203/368/3
f 190/355/35 178/327/35 201/89/35 213/140/35
f 203/369/81 247/367/81 246/370/81 200/371/81
f 186/364/28 193/359/28 217/130/28 209/129/28
f 188/326/82 182/372/82 227/347/82 231/323/82
f 191/335/83 175/373/83 220/330/83 230/333/83
f 190/346/84 177/374/84 222/337/84 229/344/84
f 189/315/85 179/375/85 224/342/85 228/312/85
f 224/342/85 299/341/85 303/361/85 228/312/85
f 226/376/3 239/377/3 236/378/3 181/379/3
f 177/374/75 180/314/75 225/313/75 222/337/75
f 222/337/84 297/336/84 304/362/84 229/344/84
f 224/380/16 238/381/16 239/377/16 226/382/16
f 220/330/83 295/329/83 305/363/83 230/333/83
f 173/383/48 176/334/48 221/170/48 219/169/48
f 237/384/75 236/378/75 239/377/75 238/381/75
f 233/385/73 232/386/73 235/387/73 234/388/73
f 223/389/3 235/387/3 232/386/3 178/390/3
f 178/327/13 232/386/13 233/385/13 175/328/13
f 179/391/4 237/384/4 238/381/4 224/392/4
f 181/339/13 236/378/13 237/384/13 179/340/13
f 175/393/4 233/385/4 234/388/4 220/394/4
f 220/395/16 234/388/16 235/387/16 223/396/16
f 243/397/13 246/370/13 247/367/13 242/366/13
f 241/398/13 244/399/13 245/400/13 240/401/13
f 176/402/3 240/401/3 245/400/3 199/403/3
f 199/404/86 245/400/86 244/399/86 197/405/86
f 177/374/75 243/397/75 242/366/75 180/314/75
f 173/383/48 241/398/48 240/401/48 176/334/48
f 200/406/4 246/370/4 243/397/4 177/407/4
f 303/361/71 264/408/71 255/409/71 300/338/71
f 285/72/16 262/410/16 249/411/16 271/73/16
f 251/412/54 266/413/54 287/211/54 274/262/54
f 255/414/55 264/415/55 289/201/55 278/260/55
f 306/349/72 263/416/72 256/417/72 301/343/72
f 276/226/16 273/212/16 250/418/16 253/419/16
f 305/363/87 266/420/87 251/421/87 296/171/87
f 279/232/16 277/202/16 254/422/16 256/423/16
f 304/362/76 265/424/76 253/425/76 298/332/76
f 280/258/16 257/426/16 259/427/16 282/259/16
f 281/198/16 258/428/16 260/429/16 283/265/16
f 263/430/56 257/426/56 280/258/56 286/257/56
f 266/413/53 250/418/53 273/212/53 287/211/53
f 265/431/57 252/432/57 275/273/57 288/261/57
f 264/415/51 254/422/51 277/202/51 289/201/51
f 270/433/58 258/428/58 281/198/58 290/197/58
f 269/434/59 268/435/59 292/253/59 291/264/59
f 267/436/61 262/410/61 285/72/61 293/205/61
f 267/436/67 293/205/67 284/254/67 261/437/67
f 269/434/69 291/264/69 283/265/69 260/429/69
f 270/433/64 290/197/64 282/259/64 259/427/64
f 263/430/66 286/257/66 279/232/66 256/423/66
f 255/438/3 278/439/3 322/440/3 317/441/3
f 265/431/65 288/261/65 276/226/65 253/419/65
f 278/442/81 275/443/81 321/444/81 322/440/81
f 261/437/88 284/254/88 292/253/88 268/435/88
f 263/416/82 306/349/82 302/348/82 257/445/82
f 266/420/83 305/363/83 295/329/83 250/446/83
f 265/424/84 304/362/84 297/336/84 252/447/84
f 264/408/89 303/361/89 299/341/89 254/448/89
f 301/449/3 256/450/3 311/451/3 314/452/3
f 252/447/75 297/336/75 300/338/75 255/409/75
f 299/453/13 301/454/13 314/452/13 313/455/13
f 248/456/48 294/168/48 296/171/48 251/421/48
f 312/457/75 313/455/75 314/452/75 311/451/75
f 308/458/73 309/459/73 310/460/73 307/461/73
f 298/462/3 253/463/3 307/461/3 310/460/3
f 253/419/16 250/418/16 308/458/16 307/461/16
f 254/464/4 299/465/4 313/455/4 312/457/4
f 256/423/16 254/422/16 312/457/16 311/451/16
f 250/466/4 295/467/4 309/459/4 308/458/4
f 295/468/13 298/469/13 310/460/13 309/459/13
f 318/470/16 317/441/16 322/440/16 321/444/16
f 316/471/16 315/472/16 320/473/16 319/474/16
f 251/475/3 274/476/3 320/473/3 315/472/3
f 274/477/86 272/478/86 319/474/86 320/473/86
f 252/447/75 255/409/75 317/441/75 318/470/75
f 248/456/48 251/421/48 315/472/48 316/471/48
f 275/479/4 252/480/4 318/470/4 321/444/4
f 330/481/13 329/482/13 324/483/13 323/484/13
f 325/485/16 326/486/16 328/487/16 327/488/16
f 336/489/90 335/490/90 323/491/90 324/483/90
f 341/492/16 342/493/16 326/494/16 325/495/16
f 330/496/13 346/497/13 345/498/13 329/499/13
f 337/500/90 338/501/90 335/502/90 336/503/90
f 327/488/90 328/504/90 338/505/90 337/506/90
f 329/499/4 345/498/4 349/507/4 333/508/4
f 327/488/91 337/506/91 332/509/91 334/510/91 325/485/91
f 332/511/91 337/500/91 336/503/91 331/512/91
f 324/483/91 329/482/91 333/513/91 331/514/91 336/489/91
f 346/515/13 339/516/13 340/517/13 345/518/13
f 341/519/16 343/520/16 344/521/16 342/522/16
f 352/523/92 340/517/92 339/524/92 351/525/92
f 353/526/92 352/527/92 351/528/92 354/529/92
f 343/520/92 353/530/92 354/531/92 344/532/92
f 343/520/93 341/519/93 350/533/93 348/534/93 353/530/93
f 348/535/93 347/536/93 352/527/93 353/526/93
f 340/517/93 352/523/93 347/537/93 349/538/93 345/518/93
f 334/539/4 350/540/4 341/492/4 325/495/4
f 46/63/13 196/316/13 210/54/13 60/53/13
s 1
f 355/541/94 717/542/94 412/543/95 428/544/96
f 362/545/97 363/546/97 553/547/98 570/548/99
f 643/549/100 648/550/101 640/551/102 636/552/103
f 1199/553/104 387/554/105 1210/555/104
f 370/556/106 373/557/106 414/558/107 416/559/108
f 371/560/109 372/561/109 422/562/110 424/563/111
f 485/564/112 487/565/113 379/566/114 376/567/114
f 382/568/115 385/569/115 556/570/116 558/571/117
f 383/572/118 384/573/118 563/574/119 565/575/120
f 694/576/121 695/577/121 566/578/122 562/579/122
f 1200/580/123 388/581/124 1214/582/125
f 513/583/126 515/584/127 510/585/128 506/586/129
f 582/587/130 593/588/131 367/589/132 698/590/132
f 409/591/133 399/592/134 357/593/135 356/594/135
f 426/595/136 402/596/134 374/597/137 369/598/137
f 430/599/138 405/600/139 373/557/140 370/556/140
f 432/601/141 434/602/142 372/561/143 371/560/143
f 410/603/144 401/604/145 399/592/134 409/591/133
f 427/605/144 404/606/146 402/596/134 426/595/136
f 450/607/147 403/608/148 404/606/146 427/605/144
f 431/609/149 407/610/150 405/600/139 430/599/138
f 454/611/151 406/612/152 407/610/150 431/609/149
f 433/613/153 435/614/154 434/602/142 432/601/141
f 458/615/155 439/616/156 435/614/154 433/613/153
f 417/617/157 415/618/158 442/619/159 449/620/160
f 416/559/108 414/558/107 415/618/158 417/617/157
f 420/621/157 398/622/161 436/623/160 419/624/160
f 418/625/162 397/626/107 398/622/161 420/621/157
f 425/627/163 423/628/164 421/629/165 453/630/166
f 408/631/147 400/632/147 401/604/145 410/603/144
f 424/563/111 422/562/110 423/628/164 425/627/163
f 429/633/167 413/634/168 411/635/169 457/636/170
f 428/544/96 412/543/95 413/634/168 429/633/167
f 369/598/171 374/597/171 397/626/107 418/625/162
f 403/608/148 450/607/147 452/637/172 443/638/172
f 443/638/172 452/637/172 451/639/173 444/640/173
f 709/641/174 710/642/174 449/620/160 442/619/159
f 406/612/152 454/611/151 456/643/175 445/644/175
f 445/644/175 456/643/175 455/645/176 446/646/176
f 712/647/177 711/648/177 453/630/166 421/629/165
f 400/632/147 408/631/147 448/649/172 437/650/172
f 437/650/172 448/649/172 447/651/173 438/652/173
f 707/653/178 708/654/178 419/624/160 436/623/160
f 439/616/156 458/615/155 460/655/179 440/656/179
f 440/656/179 460/655/179 459/657/180 441/658/180
f 714/659/181 713/660/181 457/636/170 411/635/169
f 474/661/182 476/662/183 380/663/184 375/664/184
f 471/665/185 467/666/186 361/667/187 360/668/187
f 453/669/188 711/670/189 378/671/190
f 376/567/191 379/566/191 482/672/192 479/673/193
f 699/674/194 700/675/194 477/676/195 473/677/195
f 377/678/196 378/679/196 493/680/197 490/681/198
f 498/682/199 495/683/200 378/679/201 377/678/201
f 393/684/202 394/685/202 504/686/203 500/687/204
f 507/688/205 509/689/206 394/685/207 393/684/207
f 358/690/208 359/691/208 516/692/209 512/693/210
f 461/694/211 465/695/211 466/696/212 463/697/213
f 463/697/213 466/696/212 464/698/214 462/699/215
f 467/666/186 471/665/185 472/700/216 469/701/217
f 469/701/217 472/700/216 470/702/218 468/703/218
f 476/662/183 474/661/182 475/704/219 478/705/153
f 478/705/153 475/704/219 473/677/195 477/676/195
f 526/706/220 480/707/220 481/708/221 483/709/222
f 483/709/222 481/708/221 479/673/193 482/672/192
f 487/565/113 485/564/112 486/710/223 489/711/224
f 489/711/224 486/710/223 484/712/225 488/713/225
f 529/714/226 491/715/226 492/716/227 494/717/228
f 494/717/228 492/716/227 490/681/198 493/680/197
f 495/683/200 498/682/199 499/718/229 497/719/230
f 497/719/230 499/718/229 537/720/231 496/721/231
f 503/722/232 501/723/232 502/724/233 505/725/234
f 505/725/234 502/724/233 500/687/204 504/686/203
f 509/689/206 507/688/205 508/726/235 511/727/236
f 511/727/236 508/726/235 506/586/129 510/585/128
f 515/584/127 513/583/126 514/728/237 517/729/238
f 517/729/238 514/728/237 512/693/210 516/692/209
f 375/664/239 380/663/239 462/699/215 464/698/214
f 468/703/218 470/702/218 519/730/240 520/731/240
f 520/731/240 519/730/240 518/732/241 521/733/241
f 521/733/241 518/732/241 465/695/211 461/694/211
f 700/675/194 699/674/194 524/734/242 527/735/242
f 527/735/242 524/734/242 523/736/243 528/737/243
f 528/737/243 523/736/243 480/707/220 526/706/220
f 701/738/244 702/739/244 534/740/245 530/741/245
f 530/741/245 534/740/245 533/742/246 531/743/246
f 531/743/246 533/742/246 491/715/226 529/714/226
f 704/744/247 703/745/247 539/746/248 535/747/249
f 535/747/249 539/746/248 538/748/250 536/749/251
f 536/749/251 538/748/250 501/723/232 503/722/232
f 551/750/252 543/751/253 365/752/254 364/753/254
f 568/754/255 546/755/256 386/756/257 381/757/257
f 573/758/258 548/759/259 385/569/260 382/568/260
f 576/760/261 578/761/262 384/573/263 383/572/263
f 577/762/264 567/763/264 566/764/265 695/765/266 390/766/267 628/767/265 629/768/265 688/769/265 690/770/265 691/771/265 689/772/265 635/773/265 634/774/265 396/775/268 603/776/269 575/777/265
f 546/755/256 568/754/255 569/778/270 547/779/271
f 547/779/271 569/778/270 596/780/272 586/781/272
f 548/759/259 573/758/258 574/782/273 550/783/274
f 550/783/274 574/782/273 572/784/275 549/785/275
f 578/761/262 576/760/261 577/786/276 580/787/277
f 580/787/277 577/786/276 575/788/278 579/789/278
f 555/790/279 595/791/279 559/792/280 557/793/281
f 557/793/281 559/792/280 558/571/117 556/570/116
f 540/794/282 591/795/282 561/796/283 542/797/284
f 542/797/284 561/796/283 560/798/285 541/799/286
f 543/751/253 551/750/252 552/800/287 545/801/288
f 545/801/288 552/800/287 592/802/289 544/803/289
f 562/579/122 566/578/122 567/804/290 564/805/291
f 564/805/291 567/804/290 565/575/120 563/574/119
f 583/806/292 601/807/292 571/808/293 554/809/294
f 554/809/294 571/808/293 570/548/99 553/547/98
f 381/757/295 386/756/295 541/799/286 560/798/285
f 586/781/272 596/780/272 598/810/296 587/811/297
f 587/811/297 598/810/296 597/812/298 588/813/299
f 693/814/300 692/815/300 595/791/279 555/790/279
f 649/816/301 570/817/302 571/818/303
f 589/819/304 600/820/305 599/821/306 590/822/307
f 481/823/308 486/824/309 485/825/310 479/826/310
f 544/803/289 592/802/289 594/827/311 581/828/312
f 581/828/312 594/827/311 593/588/131 582/587/130
f 698/590/132 367/589/132 591/795/282 540/794/282
f 579/789/278 575/788/278 603/829/249 584/830/313
f 696/831/314 697/832/314 602/833/251 585/834/315
f 585/834/315 602/833/251 601/807/292 583/806/292
f 1212/835/316 388/581/317 1200/580/318
f 1216/836/319 389/837/320 1201/838/321
f 1221/839/322 395/840/323 1202/841/324
f 1201/838/325 389/837/326 1218/842/327
f 1171/843/328 758/844/329 988/845/330 986/846/331 1157/847/332
f 1202/841/333 395/840/334 1222/848/333
f 668/849/335 607/850/336 608/851/337 605/852/338
f 605/852/338 608/851/337 606/853/339 604/854/340
f 611/855/341 609/856/342 610/857/343 613/858/344
f 613/858/344 610/857/343 672/859/345 612/860/346
f 616/861/347 671/862/348 615/863/349 618/864/350
f 618/864/350 615/863/349 614/865/351 617/866/352
f 621/867/353 619/868/354 620/869/355 623/870/356
f 623/870/356 620/869/355 678/871/357 622/872/358
f 681/873/359 677/874/360 625/875/361 627/876/362
f 627/876/362 625/875/361 624/877/363 626/878/364
f 628/879/365 630/880/366 631/881/367 629/882/368
f 629/882/368 631/881/367 685/883/369 688/884/370
f 689/885/371 684/886/372 633/887/373 635/888/374
f 635/888/374 633/887/373 632/889/375 634/890/376
f 639/891/377 637/892/378 638/893/356 641/894/379
f 641/894/379 638/893/356 636/552/103 640/551/102
f 648/550/101 643/549/100 647/895/380 650/896/381
f 650/896/381 647/895/380 646/897/382 651/898/383
f 651/898/383 646/897/382 645/899/384 652/900/385
f 652/900/385 645/899/384 644/901/386 653/902/387
f 653/902/387 644/901/386 642/903/388 649/904/389
f 660/905/390 655/906/391 659/907/392 661/908/393
f 661/908/393 659/907/392 658/909/394 662/910/395
f 662/910/395 658/909/394 657/911/396 663/912/397
f 663/912/397 657/911/396 656/913/398 664/914/399
f 664/914/399 656/913/398 654/915/400 667/916/400
f 667/916/400 654/915/400 666/917/401 669/918/402
f 669/918/402 666/917/401 665/919/403 670/920/404
f 670/920/404 665/919/403 607/850/336 668/849/335
f 612/860/346 672/859/345 674/921/405 675/922/406
f 675/922/406 674/921/405 673/923/407 676/924/408
f 676/924/408 673/923/407 671/862/348 616/861/347
f 622/872/358 678/871/357 680/925/409 682/926/410
f 682/926/410 680/925/409 679/927/411 683/928/412
f 683/928/412 679/927/411 677/874/360 681/873/359
f 688/884/370 685/883/369 687/929/413 690/930/414
f 690/930/414 687/929/413 686/931/415 691/932/416
f 691/932/416 686/931/415 684/886/372 689/885/371
f 588/813/299 597/812/298 692/815/300 693/814/300
f 590/822/307 599/821/306 695/577/121 694/576/121
f 584/830/313 603/829/249 697/832/314 696/831/314
f 391/933/417 692/934/418 597/935/419
f 394/936/420 459/937/421 460/938/422 503/939/422 505/940/423 504/941/423
f 600/820/305 589/819/304 549/785/275 572/784/275
f 362/545/16 649/904/389 642/903/388 366/942/16
f 368/943/13 655/906/391 660/905/390 364/753/13
f 485/825/310 376/944/310 479/826/310
f 498/945/310 490/946/310 492/947/424 499/948/425
f 496/721/231 537/720/231 703/745/247 704/744/247
f 702/739/244 701/738/244 488/713/225 484/712/225
f 359/949/189 428/950/426 429/951/427
f 363/546/16 362/545/16 366/942/16 525/952/16 358/690/16
f 522/953/16 355/541/16 359/691/16 358/690/16 525/952/16
f 365/752/13 360/668/13 705/954/13 368/943/13 364/753/13
f 361/667/13 356/594/13 706/955/13 705/954/13 360/668/13
f 438/652/173 447/651/173 708/654/178 707/653/178
f 444/640/173 451/639/173 710/642/174 709/641/174
f 446/646/176 455/645/176 711/648/177 712/647/177
f 441/658/180 459/657/180 713/660/181 714/659/181
f 359/949/189 429/951/427 457/956/428
f 431/957/429 430/958/430 416/959/431
f 714/960/432 411/961/433 413/962/433 412/963/433 717/964/433 718/965/434
f 721/966/435 720/967/436 373/968/437 405/969/438 407/970/438 406/971/438 445/972/438 446/973/438 712/974/439 372/975/440
f 716/976/13 715/977/13 706/955/13 356/594/13 357/593/13
f 717/542/16 355/541/16 522/953/16 532/978/16 718/979/16
f 437/980/441 438/981/441 707/982/442 719/983/443 716/984/441 357/985/441 399/986/441 401/987/441 400/988/441
f 390/989/267 695/990/266 599/991/444
f 693/992/445 555/993/446 480/994/447
f 474/995/310 464/996/310 466/997/448 475/998/449
f 698/999/450 540/1000/451 518/1001/452
f 518/1001/452 540/1000/451 542/1002/453 541/1003/453 386/1004/454 473/1005/455 475/998/449 466/997/448 465/1006/453
f 558/1007/456 559/1008/457 574/1009/457 573/1010/456
f 544/1011/458 519/1012/459 470/1013/460 472/1014/461 365/1015/462 543/1016/460 545/1017/460
f 386/1004/454 699/1018/463 473/1005/455
f 649/816/301 362/1019/464 570/817/302
f 582/1020/465 698/999/450 518/1001/452 519/1012/459 544/1011/458 581/1021/465
f 594/1022/466 660/1023/467 661/1024/468 662/1025/468 663/1026/468 664/1027/468 667/1028/468 669/1029/468 670/1030/468 668/1031/468 605/1032/468 604/1033/468 392/1034/469 593/1035/470
f 602/1036/471 697/1037/472 396/1038/268 639/1039/473 641/1040/473 640/1041/473 648/1042/473 650/1043/473 651/1044/473 652/1045/473 653/1046/473 649/816/301
f 565/1047/456 567/763/264 577/762/264 576/1048/456
f 471/1049/474 360/1050/475 365/1015/462
f 599/991/444 600/1051/469 683/1052/476 681/1053/472 627/1054/472 626/1055/472 390/989/267
f 601/1056/477 602/1036/471 649/816/301 571/818/303
f 472/1014/461 471/1049/474 365/1015/462
f 523/1057/478 524/1058/479 586/1059/480
f 392/1034/469 367/1060/481 593/1035/470
f 474/995/310 375/1061/310 464/996/310
f 597/935/419 598/1062/417 676/1063/417 616/1064/472 618/1065/472 617/1066/472 391/933/417
f 574/1009/457 559/1008/457 595/1067/457 692/1068/418 391/1069/417 621/1070/457 623/1071/457 622/1072/457 682/1073/457 683/1052/476 600/1051/469 572/1074/457
f 507/1075/310 393/1076/310 500/1077/310
f 551/1078/482 660/1023/467 552/1079/483
f 573/1010/456 382/1080/456 558/1007/456
f 359/949/189 355/1081/484 428/950/426
f 396/775/268 697/1082/472 603/776/269
f 588/1083/485 693/992/445 480/994/447 523/1057/478 586/1059/480 587/1084/485
f 594/1022/466 592/1085/486 552/1079/483 660/1023/467
f 576/1048/456 383/1086/456 565/1047/456
f 551/1078/482 364/1087/482 660/1023/467
f 598/1062/417 596/1088/423 569/1089/264 561/1090/264 591/1091/423 367/1092/481 392/1093/469 611/1094/423 613/1095/423 612/1096/423 675/1097/423 676/1063/417
f 561/1090/264 569/1089/264 568/1098/456 560/1099/456
f 549/1100/487 534/1101/487 702/1102/488 385/1103/489 548/1104/490 550/1105/490
f 568/1098/456 381/1106/456 560/1099/456
f 533/1107/491 534/1101/487 549/1100/487 589/1108/492
f 481/823/308 480/994/447 555/993/446 557/1109/493 556/1110/493 385/1111/489 484/1112/494 486/824/309
f 590/1113/495 694/1114/495 562/1115/496 491/1116/497 533/1107/491 589/1108/492
f 586/1059/480 524/1058/479 699/1117/463 386/1118/454 546/1119/498 547/1120/498
f 385/1111/489 702/1121/488 484/1112/494
f 378/1122/190 711/1123/189 455/1124/421
f 448/1125/422 461/1126/422 463/1127/423 462/1128/423 380/1129/499 447/1130/420
f 432/1131/500 371/1132/501 424/1133/502
f 539/1134/503 703/1135/504 384/1136/505
f 499/948/425 492/947/424 491/1116/497 562/1115/496 564/1137/506 563/1138/506 384/1139/505 703/1140/504 537/1141/506
f 363/1142/507 513/1143/508 506/1144/509 583/1145/509 554/1146/510 553/1147/510
f 455/1124/421 456/1148/420 531/1149/420 529/1150/511 494/1151/511 493/1152/511 378/1122/190
f 449/1153/190 710/1154/512 379/1155/513
f 498/945/310 377/1156/310 490/946/310
f 416/959/431 417/1157/430 454/1158/514 431/957/429
f 579/1159/515 584/1160/516 696/1161/517 538/1162/518
f 359/949/189 457/956/428 713/1163/519 394/1164/420 509/1165/421 511/1166/421 510/1167/421 515/1168/421 517/1169/421 516/1170/421
f 579/1159/515 538/1162/518 539/1134/503 384/1136/505 578/1171/520 580/1172/520
f 363/1142/507 358/1173/521 512/1174/522
f 363/1142/507 512/1174/522 514/1175/523
f 508/1176/524 507/1075/310 500/1077/310 502/1177/525
f 585/1178/526 583/1145/509 506/1144/509 508/1176/524 502/1177/525 501/1179/526 538/1162/518 696/1161/517
f 520/1180/513 521/1181/513 461/1126/422 448/1125/422 468/1182/420
f 363/1142/507 514/1175/523 513/1143/508
f 460/938/422 458/1183/190 496/1184/190 704/1185/499 535/1186/499 536/1187/499 503/939/422
f 456/1148/420 454/1158/514 417/1157/430 449/1153/190 379/1155/513 487/1188/499 489/1189/499 488/1190/499 701/1191/499 530/1192/499 531/1149/420
f 700/1193/527 527/1194/513 450/1195/513 427/1196/528 420/1197/528 419/1198/190 380/1199/499 476/1200/527 478/1201/527 477/1202/527
f 433/1203/529 432/1131/500 424/1133/502 425/1204/529
f 380/1129/499 708/1205/512 447/1130/420
f 427/1196/528 426/1206/502 418/1207/502 420/1197/528
f 496/1184/190 458/1183/190 433/1203/529 425/1204/529 453/669/188 378/671/190 495/1208/530 497/1209/530
f 394/936/420 713/1210/519 459/937/421
f 379/1211/513 710/1212/512 451/1213/190
f 720/1214/436 719/1215/443 374/1216/531 402/1217/532 404/1218/532 403/1219/532 443/1220/532 444/1221/532 709/1222/310
f 408/1223/533 410/1224/534 361/1225/499
f 419/1198/190 708/1226/512 380/1199/499
f 379/1211/513 451/1213/190 452/1227/420
f 430/958/430 370/1228/501 416/959/431
f 452/1227/420 450/1195/513 527/1194/513 528/1229/422 526/1230/422 483/1231/422 482/1232/422 379/1211/513
f 410/1224/534 409/1233/535 361/1225/499
f 715/1234/536 1190/1235/537 1189/1236/538
f 373/1237/437 720/1214/436 709/1222/310 442/1238/539 415/1239/539 414/1240/539
f 448/1125/422 408/1223/533 361/1225/499 467/1241/420 469/1242/420 468/1182/420
f 426/1206/502 369/1243/501 418/1207/502
f 409/1233/535 356/1244/540 361/1225/499
f 440/1245/541 441/1246/541 714/960/432 718/965/434 721/1247/435 372/1248/440 434/1249/541 435/1250/541 439/1251/541
f 422/1252/542 372/975/440 712/974/439 421/1253/542 423/1254/542
f 719/983/443 707/982/442 436/1255/543 398/1256/543 397/1257/543 374/1258/531
f 388/1259/544 389/1260/544 1216/1261/544 1214/1262/544
f 1206/1263/545 1207/1264/546 1208/1265/546 606/1266/546 608/1267/546 607/1268/546 665/1269/546 666/1270/546 654/1271/546 656/1272/546 657/1273/547
f 673/1274/548 674/1275/548 672/1276/548 610/1277/548 609/1278/548 1210/1279/548 1212/1280/548 614/1281/548 615/1282/548 671/1283/548
f 1172/1284/549 756/1285/550 1160/1286/551
f 684/1287/552 686/1288/553 1219/1289/554 1221/1290/552 632/1291/552 633/1292/552
f 722/1293/555 795/1294/556 779/1295/557 1084/1296/555
f 729/1297/558 937/1298/559 920/1299/560 730/1300/558
f 1010/1301/561 1003/1302/562 1007/1303/563 1015/1304/564
f 1157/847/332 755/1305/565 1171/843/328
f 737/1306/566 783/1307/567 781/1308/568 740/1309/566
f 738/1310/569 791/1311/570 789/1312/571 739/1313/569
f 852/1314/572 743/1315/573 746/1316/573 854/1317/574
f 749/1318/575 925/1319/576 923/1320/577 752/1321/575
f 750/1322/578 932/1323/579 930/1324/580 751/1325/578
f 1061/1326/581 929/1327/582 933/1328/582 1062/1329/581
f 971/1330/583 759/1331/584 1170/1332/584 1152/1333/584 973/1334/585
f 880/1335/586 873/1336/587 877/1337/588 882/1338/589
f 949/1339/590 1065/1340/591 734/1341/591 960/1342/592
f 776/1343/593 723/1344/594 724/1345/594 766/1346/595
f 793/1347/596 736/1348/597 741/1349/597 769/1350/595
f 797/1351/598 737/1306/599 740/1309/599 772/1352/600
f 799/1353/601 738/1310/602 739/1313/602 801/1354/603
f 777/1355/604 776/1343/593 766/1346/595 768/1356/605
f 794/1357/604 793/1347/596 769/1350/595 771/1358/606
f 817/1359/607 794/1357/604 771/1358/606 770/1360/608
f 798/1361/609 797/1351/598 772/1352/600 774/1362/610
f 821/1363/611 798/1361/609 774/1362/610 773/1364/612
f 800/1365/613 799/1353/601 801/1354/603 802/1366/614
f 825/1367/615 800/1365/613 802/1366/614 806/1368/616
f 784/1369/617 816/1370/618 809/1371/619 782/1372/620
f 783/1307/567 784/1369/617 782/1372/620 781/1308/568
f 787/1373/617 786/1374/618 803/1375/618 765/1376/621
f 785/1377/622 787/1373/617 765/1376/621 764/1378/568
f 792/1379/623 820/1380/624 788/1381/625 790/1382/626
f 775/1383/607 777/1355/604 768/1356/605 767/1384/607
f 791/1311/570 792/1379/623 790/1382/626 789/1312/571
f 796/1385/627 824/1386/628 778/1387/629 780/1388/630
f 795/1294/556 796/1385/627 780/1388/630 779/1295/557
f 736/1348/631 785/1377/622 764/1378/568 741/1349/631
f 770/1360/608 810/1389/632 819/1390/632 817/1359/607
f 810/1389/632 811/1391/633 818/1392/633 819/1390/632
f 1076/1393/634 809/1371/619 816/1370/618 1077/1394/634
f 773/1364/612 812/1395/635 823/1396/635 821/1363/611
f 812/1395/635 813/1397/636 822/1398/636 823/1396/635
f 1079/1399/637 788/1381/625 820/1380/624 1078/1400/637
f 767/1384/607 804/1401/632 815/1402/632 775/1383/607
f 804/1401/632 805/1403/633 814/1404/633 815/1402/632
f 1074/1405/638 803/1375/618 786/1374/618 1075/1406/638
f 806/1368/616 807/1407/639 827/1408/639 825/1367/615
f 807/1407/639 808/1409/640 826/1410/640 827/1408/639
f 1081/1411/641 778/1387/629 824/1386/628 1080/1412/641
f 841/1413/642 742/1414/643 747/1415/643 843/1416/644
f 838/1417/645 727/1418/646 728/1419/646 834/1420/647
f 820/1421/648 745/1422/649 1078/1423/650
f 743/1315/651 846/1424/652 849/1425/653 746/1316/651
f 1066/1426/654 840/1427/655 844/1428/655 1067/1429/654
f 744/1430/656 857/1431/657 860/1432/658 745/1433/656
f 865/1434/659 744/1430/660 745/1433/660 862/1435/661
f 760/1436/662 867/1437/663 871/1438/664 761/1439/662
f 874/1440/665 760/1436/666 761/1439/666 876/1441/667
f 725/1442/668 879/1443/669 883/1444/670 726/1445/668
f 828/1446/671 830/1447/672 833/1448/673 832/1449/671
f 830/1447/672 829/1450/674 831/1451/675 833/1448/673
f 834/1420/647 836/1452/676 839/1453/677 838/1417/645
f 836/1452/676 835/1454/678 837/1455/678 839/1453/677
f 843/1416/644 845/1456/613 842/1457/679 841/1413/642
f 845/1456/613 844/1428/655 840/1427/655 842/1457/679
f 893/1458/680 850/1459/681 848/1460/682 847/1461/680
f 850/1459/681 849/1425/653 846/1424/652 848/1460/682
f 854/1317/574 856/1462/683 853/1463/684 852/1314/572
f 856/1462/683 855/1464/685 851/1465/685 853/1463/684
f 896/1466/686 861/1467/687 859/1468/688 858/1469/686
f 861/1467/687 860/1432/658 857/1431/657 859/1468/688
f 862/1435/661 864/1470/689 866/1471/690 865/1434/659
f 864/1470/689 863/1472/691 904/1473/691 866/1471/690
f 870/1474/692 872/1475/693 869/1476/694 868/1477/692
f 872/1475/693 871/1438/664 867/1437/663 869/1476/694
f 876/1441/667 878/1478/695 875/1479/696 874/1440/665
f 878/1478/695 877/1337/588 873/1336/587 875/1479/696
f 882/1338/589 884/1480/697 881/1481/698 880/1335/586
f 884/1480/697 883/1444/670 879/1443/669 881/1481/698
f 742/1414/699 831/1451/675 829/1450/674 747/1415/699
f 835/1454/678 887/1482/700 886/1483/700 837/1455/678
f 887/1482/700 888/1484/701 885/1485/701 886/1483/700
f 888/1484/701 828/1446/671 832/1449/671 885/1485/701
f 1067/1429/654 894/1486/702 891/1487/702 1066/1426/654
f 894/1486/702 895/1488/703 890/1489/703 891/1487/702
f 895/1488/703 893/1458/680 847/1461/680 890/1489/703
f 1068/1490/704 897/1491/705 901/1492/705 1069/1493/704
f 897/1491/705 898/1494/706 900/1495/706 901/1492/705
f 898/1494/706 896/1466/686 858/1469/686 900/1495/706
f 1071/1496/707 902/1497/708 906/1498/709 1070/1499/707
f 902/1497/708 903/1500/710 905/1501/711 906/1498/709
f 903/1500/710 870/1474/692 868/1477/692 905/1501/711
f 918/1502/712 731/1503/713 732/1504/713 910/1505/714
f 935/1506/715 748/1507/716 753/1508/716 913/1509/717
f 940/1510/718 749/1318/719 752/1321/719 915/1511/720
f 943/1512/721 750/1322/722 751/1325/722 945/1513/723
f 944/1514/724 942/1515/725 970/1516/726 763/1517/727 1001/1518/725 1002/1519/725 1056/1520/725 1058/1521/725 1057/1522/725 1055/1523/725 996/1524/725 995/1525/725 757/1526/728 1062/1527/729 933/1528/725 934/1529/724
f 913/1509/717 914/1530/730 936/1531/731 935/1506/715
f 914/1530/730 953/1532/732 963/1533/732 936/1531/731
f 915/1511/720 917/1534/733 941/1535/734 940/1510/718
f 917/1534/733 916/1536/735 939/1537/735 941/1535/734
f 945/1513/723 947/1538/736 944/1539/737 943/1512/721
f 947/1538/736 946/1540/738 942/1541/738 944/1539/737
f 922/1542/739 924/1543/740 926/1544/741 962/1545/739
f 924/1543/740 923/1320/577 925/1319/576 926/1544/741
f 907/1546/742 909/1547/743 928/1548/744 958/1549/742
f 909/1547/743 908/1550/745 927/1551/746 928/1548/744
f 910/1505/714 912/1552/747 919/1553/748 918/1502/712
f 912/1552/747 911/1554/749 959/1555/749 919/1553/748
f 929/1327/582 931/1556/750 934/1557/751 933/1328/582
f 931/1556/750 930/1324/580 932/1323/579 934/1557/751
f 950/1558/752 921/1559/753 938/1560/754 968/1561/752
f 921/1559/753 920/1299/560 937/1298/559 938/1560/754
f 748/1507/755 927/1551/746 908/1550/745 753/1508/755
f 953/1532/732 954/1562/756 965/1563/757 963/1533/732
f 954/1562/756 955/1564/758 964/1565/759 965/1563/757
f 1060/1566/760 922/1542/739 962/1545/739 1059/1567/760
f 1016/1568/761 938/1569/762 937/1570/763
f 956/1571/764 957/1572/765 966/1573/766 967/1574/767
f 848/1575/768 846/1576/769 852/1577/769 853/1578/770
f 911/1554/749 948/1579/771 961/1580/772 959/1555/749
f 948/1579/771 949/1339/590 960/1342/592 961/1580/772
f 1065/1340/591 907/1546/742 958/1549/742 734/1341/591
f 946/1540/738 951/1581/773 970/1582/708 942/1541/738
f 1063/1583/774 952/1584/775 969/1585/710 1064/1586/774
f 952/1584/775 950/1558/752 968/1561/752 969/1585/710
f 984/1587/776 758/844/777 1171/843/777 1155/1588/777 981/1589/778
f 993/1590/779 757/1591/780 1172/1284/549 1160/1286/551 991/1592/781
f 1162/1593/782 756/1285/783 1172/1284/784
f 1001/1594/785 763/1595/786 1173/1596/787 1166/1597/788 999/1598/789
f 1164/1599/790 762/1600/791 1173/1596/792
f 1228/1601/793 1091/1602/793 1204/1603/793
f 1035/1604/794 972/1605/795 975/1606/796 974/1607/797
f 972/1605/795 971/1330/583 973/1334/585 975/1606/796
f 978/1608/798 980/1609/799 977/1610/800 976/1611/801
f 980/1609/799 979/1612/802 1039/1613/803 977/1610/800
f 983/1614/804 985/1615/805 982/1616/806 1038/1617/807
f 985/1615/805 984/1587/776 981/1589/778 982/1616/806
f 988/845/330 990/1618/808 987/1619/809 986/846/331
f 990/1618/808 989/1620/810 1045/1621/811 987/1619/809
f 1048/1622/812 994/1623/813 992/1624/814 1044/1625/815
f 994/1623/813 993/1590/779 991/1592/781 992/1624/814
f 995/1626/816 996/1627/817 998/1628/818 997/1629/819
f 996/1627/817 1055/1630/820 1052/1631/821 998/1628/818
f 1056/1632/822 1002/1633/823 1000/1634/824 1051/1635/825
f 1002/1633/823 1001/1594/785 999/1598/789 1000/1634/824
f 1006/1636/826 1008/1637/827 1005/1638/808 1004/1639/828
f 1008/1637/827 1007/1303/563 1003/1302/562 1005/1638/808
f 1015/1304/564 1017/1640/829 1014/1641/830 1010/1301/561
f 1017/1640/829 1018/1642/831 1013/1643/832 1014/1641/830
f 1018/1642/831 1019/1644/833 1012/1645/834 1013/1643/832
f 1019/1644/833 1020/1646/835 1011/1647/836 1012/1645/834
f 1020/1646/835 1016/1648/837 1009/1649/838 1011/1647/836
f 1027/1650/839 1028/1651/840 1026/1652/841 1022/1653/842
f 1028/1651/840 1029/1654/843 1025/1655/844 1026/1652/841
f 1029/1654/843 1030/1656/845 1024/1657/846 1025/1655/844
f 1030/1656/845 1031/1658/847 1023/1659/848 1024/1657/846
f 1031/1658/847 1034/1660/849 1021/1661/849 1023/1659/848
f 1034/1660/849 1036/1662/850 1033/1663/851 1021/1661/849
f 1036/1662/850 1037/1664/852 1032/1665/853 1033/1663/851
f 1037/1664/852 1035/1604/794 974/1607/797 1032/1665/853
f 979/1612/802 1042/1666/854 1041/1667/855 1039/1613/803
f 1042/1666/854 1043/1668/856 1040/1669/857 1041/1667/855
f 1043/1668/856 983/1614/804 1038/1617/807 1040/1669/857
f 989/1620/810 1049/1670/858 1047/1671/859 1045/1621/811
f 1049/1670/858 1050/1672/860 1046/1673/861 1047/1671/859
f 1050/1672/860 1048/1622/812 1044/1625/815 1046/1673/861
f 1055/1630/820 1057/1674/862 1054/1675/863 1052/1631/821
f 1057/1674/862 1058/1676/864 1053/1677/865 1054/1675/863
f 1058/1676/864 1056/1632/822 1051/1635/825 1053/1677/865
f 955/1564/758 1060/1566/760 1059/1567/760 964/1565/759
f 957/1572/765 1061/1326/581 1062/1329/581 966/1573/766
f 951/1581/773 1063/1583/774 1064/1586/774 970/1582/708
f 758/1678/866 964/1679/867 1059/1680/868
f 761/1681/869 871/1682/870 872/1683/870 870/1684/871 827/1685/871 826/1686/872
f 967/1574/767 939/1537/735 916/1536/735 956/1571/764
f 729/1297/16 733/1687/16 1009/1649/838 1016/1648/837
f 735/1688/13 731/1503/13 1027/1650/839 1022/1653/842
f 852/1577/769 846/1576/769 743/1689/769
f 865/1690/769 866/1691/873 859/1692/874 857/1693/769
f 863/1472/691 1071/1496/707 1070/1499/707 904/1473/691
f 1069/1493/704 851/1465/685 855/1464/685 1068/1490/704
f 726/1694/650 796/1695/875 795/1696/876
f 730/1300/16 725/1442/16 892/1697/16 733/1687/16 729/1297/16
f 889/1698/16 892/1697/16 725/1442/16 726/1445/16 722/1293/16
f 732/1504/13 731/1503/13 735/1688/13 1072/1699/13 727/1418/13
f 728/1419/13 727/1418/13 1072/1699/13 1073/1700/13 723/1344/13
f 805/1403/633 1074/1405/638 1075/1406/638 814/1404/633
f 811/1391/633 1076/1393/634 1077/1394/634 818/1392/633
f 813/1397/636 1079/1399/637 1078/1400/637 822/1398/636
f 808/1409/640 1081/1411/641 1080/1412/641 826/1410/640
f 726/1694/650 824/1701/877 796/1695/875
f 798/1702/878 783/1703/879 797/1704/880
f 1081/1705/881 1085/1706/882 1084/1707/883 779/1708/883 780/1709/883 778/1710/883
f 1088/1711/884 739/1712/885 1079/1713/886 813/1714/887 812/1715/887 773/1716/887 774/1717/887 772/1718/887 740/1719/888 1087/1720/889
f 1083/1721/13 724/1345/13 723/1344/13 1073/1700/13 1082/1722/13
f 1084/1296/16 1085/1723/16 899/1724/16 889/1698/16 722/1293/16
f 804/1725/890 767/1726/890 768/1727/890 766/1728/890 724/1729/890 1083/1730/890 1086/1731/891 1074/1732/892 805/1733/890
f 757/1734/728 966/1735/893 1062/1736/729
f 1060/1737/894 847/1738/895 922/1739/896
f 841/1740/769 842/1741/897 833/1742/898 831/1743/769
f 1065/1744/899 885/1745/900 907/1746/901
f 885/1745/900 832/1747/902 833/1742/898 842/1741/897 840/1748/903 753/1749/904 908/1750/902 909/1751/902 907/1746/901
f 925/1752/905 940/1753/905 941/1754/906 926/1755/906
f 911/1756/907 912/1757/908 910/1758/908 732/1759/909 839/1760/910 837/1761/908 886/1762/911
f 753/1749/904 840/1748/903 1066/1763/912
f 1016/1568/761 937/1570/763 729/1764/913
f 949/1765/914 948/1766/914 911/1756/907 886/1762/911 885/1745/900 1065/1744/899
f 961/1767/915 960/1768/916 759/1769/917 971/1770/918 972/1771/918 1035/1772/918 1037/1773/918 1036/1774/918 1034/1775/918 1031/1776/918 1030/1777/918 1029/1778/918 1028/1779/918 1027/1780/919
f 969/1781/920 1016/1568/761 1020/1782/921 1019/1783/921 1018/1784/921 1017/1785/921 1015/1786/921 1007/1787/921 1008/1788/921 1006/1789/921 763/1790/727 1064/1791/922
f 932/1792/905 943/1793/905 944/1514/724 934/1529/724
f 838/1794/923 732/1759/909 727/1795/924
f 966/1735/893 757/1734/728 993/1796/922 994/1797/922 1048/1798/922 1050/1799/925 967/1800/917
f 968/1801/926 938/1569/762 1016/1568/761 969/1781/920
f 839/1760/910 732/1759/909 838/1794/923
f 890/1802/927 953/1803/928 891/1804/929
f 759/1769/917 960/1768/916 734/1805/930
f 841/1740/769 831/1743/769 742/1806/769
f 964/1679/867 758/1678/866 984/1807/922 985/1808/922 983/1809/922 1043/1810/866 965/1811/866
f 941/1754/906 939/1812/906 967/1800/917 1050/1799/925 1049/1813/906 989/1814/906 990/1815/906 988/1816/906 758/1817/866 1059/1818/868 962/1819/906 926/1755/906
f 874/1820/769 867/1821/769 760/1822/769
f 918/1823/931 919/1824/932 1027/1780/919
f 940/1753/905 925/1752/905 749/1825/905
f 726/1694/650 795/1696/876 722/1826/933
f 763/1517/727 970/1516/726 1064/1827/922
f 955/1828/934 954/1829/934 953/1803/928 890/1802/927 847/1738/895 1060/1737/894
f 961/1767/915 1027/1780/919 919/1824/932 959/1830/935
f 943/1793/905 932/1792/905 750/1831/905
f 918/1823/931 1027/1780/919 731/1832/931
f 965/1811/866 1043/1810/866 1042/1833/870 979/1834/870 980/1835/870 978/1836/870 759/1837/917 734/1838/930 958/1839/870 928/1840/724 936/1841/724 963/1842/870
f 928/1840/724 927/1843/905 935/1844/905 936/1841/724
f 916/1845/936 917/1846/937 915/1847/937 752/1848/938 1069/1849/939 901/1850/936
f 935/1844/905 927/1843/905 748/1851/905
f 900/1852/940 956/1853/941 916/1845/936 901/1850/936
f 848/1575/768 853/1578/770 851/1854/942 752/1855/938 923/1856/943 924/1857/943 922/1739/896 847/1738/895
f 957/1858/944 956/1853/941 900/1852/940 858/1859/945 929/1860/946 1061/1861/944
f 953/1803/928 914/1862/947 913/1863/947 753/1864/904 1066/1865/912 891/1804/929
f 752/1855/938 851/1854/942 1069/1866/939
f 745/1867/649 822/1868/872 1078/1869/650
f 815/1870/871 814/1871/869 747/1872/948 829/1873/870 830/1874/870 828/1875/871
f 799/1876/949 791/1877/950 738/1878/951
f 906/1879/952 751/1880/953 1070/1881/954
f 866/1691/873 904/1882/955 1070/1883/954 751/1884/953 930/1885/955 931/1886/955 929/1860/946 858/1859/945 859/1692/874
f 730/1887/956 920/1888/957 921/1889/957 950/1890/958 873/1891/958 880/1892/959
f 822/1868/872 745/1867/649 860/1893/960 861/1894/960 896/1895/960 898/1896/869 823/1897/869
f 816/1898/649 746/1899/961 1077/1900/962
f 865/1690/769 857/1693/769 744/1901/769
f 783/1703/879 798/1702/878 821/1902/963 784/1903/880
f 946/1904/964 905/1905/965 1063/1906/966 951/1907/967
f 726/1694/650 883/1908/872 884/1909/872 882/1910/872 877/1911/872 878/1912/872 876/1913/872 761/1914/869 1080/1915/968 824/1701/877
f 946/1904/964 947/1916/969 945/1917/969 751/1880/953 906/1879/952 905/1905/965
f 730/1887/956 879/1918/970 725/1919/971
f 730/1887/956 881/1920/972 879/1918/970
f 875/1921/973 869/1922/974 867/1821/769 874/1820/769
f 952/1923/975 1063/1906/966 905/1905/965 868/1924/975 869/1922/974 875/1921/973 873/1891/958 950/1890/958
f 887/1925/961 835/1926/869 815/1870/871 828/1875/871 888/1927/961
f 730/1887/956 880/1892/959 881/1920/972
f 827/1685/871 870/1684/871 903/1928/948 902/1929/948 1071/1930/948 863/1931/649 825/1932/649
f 823/1897/869 898/1896/869 897/1933/948 1068/1934/948 855/1935/948 856/1936/948 854/1937/948 746/1899/961 816/1898/649 784/1903/880 821/1902/963
f 1067/1938/976 844/1939/976 845/1940/976 843/1941/976 747/1942/948 786/1943/649 787/1944/977 794/1945/977 817/1946/961 894/1947/961
f 800/1948/978 792/1949/978 791/1877/950 799/1876/949
f 747/1872/948 814/1871/869 1075/1950/962
f 794/1945/977 787/1944/977 785/1951/950 793/1952/950
f 863/1931/649 864/1953/979 862/1954/979 745/1422/649 820/1421/648 792/1949/978 800/1948/978 825/1932/649
f 761/1681/869 826/1686/872 1080/1955/968
f 746/1956/961 818/1957/649 1077/1958/962
f 1087/1959/889 1076/1960/769 811/1961/980 810/1962/980 770/1963/980 771/1964/980 769/1965/980 741/1966/981 1086/1967/891
f 775/1968/982 728/1969/948 777/1970/983
f 786/1943/649 747/1942/948 1075/1971/962
f 746/1956/961 819/1972/869 818/1957/649
f 797/1704/880 783/1703/879 737/1973/951
f 819/1972/869 746/1956/961 849/1974/871 850/1975/871 893/1976/871 895/1977/871 894/1947/961 817/1946/961
f 777/1970/983 728/1969/948 776/1978/984
f 1073/1979/985 1178/1980/986 1179/1981/987 1187/1982/987 1082/1983/987
f 740/1984/888 781/1985/988 782/1986/988 809/1987/988 1076/1960/769 1087/1959/889
f 815/1870/871 835/1926/869 836/1988/869 834/1989/869 728/1969/948 775/1968/982
f 793/1952/950 785/1951/950 736/1990/951
f 776/1978/984 728/1969/948 723/1991/989
f 807/1992/990 806/1993/990 802/1994/990 801/1995/990 739/1996/885 1088/1997/884 1085/1706/990 1081/1705/991 808/1998/990
f 789/1999/992 790/2000/992 788/2001/992 1079/1713/886 739/1712/885
f 1086/1731/891 741/2002/981 764/2003/993 765/2004/993 803/2005/993 1074/1732/892
f 755/2006/994 1157/2007/994 1160/2008/994 756/2009/994
f 1094/2010/995 1122/2011/995 1174/2012/995 1093/2013/995
f 1040/2014/996 1038/2015/996 982/2016/996 981/2017/996 1155/2018/996 1154/2019/996 976/2020/996 977/2021/996 1039/2022/996 1041/2023/996
f 1142/2024/3 1092/2025/3 1104/2026/3
f 1051/2027/997 1000/2028/997 999/2029/997 1166/2030/997 1163/2031/998 1053/2032/999
s 0
f 1089/2033/16 1090/2034/16 1092/2035/16 1091/2036/16
f 1095/2037/13 1096/2038/13 1094/2039/13 1093/2040/13
s 1
f 1142/2024/3 1104/2026/3 1140/2041/3
f 1122/2011/3 1116/2042/3 1134/2043/3
s 0
f 1094/2039/13 1096/2038/13 1111/2044/13 1112/2045/13 1113/2046/13 1114/2047/13 1110/2048/13 1115/2049/13 1117/2050/13 1118/2051/13 1119/2052/13 1120/2053/13
s 1
f 1143/2054/1000 1103/2055/1000 1098/2056/1001 1141/2057/1001
f 1123/2058/1000 1110/2048/1000 1114/2059/1002 1124/2060/1002
f 1124/2060/1002 1114/2059/1002 1113/2061/1003 1125/2062/1003
f 1125/2062/1003 1113/2061/1003 1112/2063/1004 1126/2064/1004
f 1126/2064/1004 1112/2063/1004 1111/2065/1005 1127/2066/1005
f 1127/2066/1005 1111/2065/1005 1109/2067/1006 1128/2068/1006
f 1141/2057/1001 1098/2056/1001 1102/2069/1007 1144/2070/1007
f 1144/2070/1007 1102/2069/1007 1101/2071/1008 1145/2072/1008
f 1145/2072/1008 1101/2071/1008 1100/2073/1009 1146/2074/1009
f 1146/2074/1009 1100/2073/1009 1099/2075/1010 1147/2076/1010
f 1147/2076/1010 1099/2075/1010 1097/2077/1011 1148/2078/1011
s 0
f 1092/2035/16 1090/2034/16 1099/2079/16 1100/2080/16 1101/2081/16 1102/2082/16 1098/2056/16 1103/2055/16 1105/2083/16 1106/2084/16 1107/2085/16 1108/2086/16
s 1
f 1120/2087/1010 1133/2088/1010 1134/2043/1011 1116/2042/1011
f 1119/2089/1009 1132/2090/1009 1133/2088/1010 1120/2087/1010
f 1118/2091/1008 1131/2092/1008 1132/2090/1009 1119/2089/1009
f 1117/2093/1007 1130/2094/1007 1131/2092/1008 1118/2091/1008
f 1115/2049/1001 1129/2095/1001 1130/2094/1007 1117/2093/1007
f 1139/2096/1005 1127/2066/1005 1128/2068/1006 1140/2041/1006
f 1138/2097/1004 1126/2064/1004 1127/2066/1005 1139/2096/1005
f 1137/2098/1003 1125/2062/1003 1126/2064/1004 1138/2097/1004
f 1136/2099/1002 1124/2060/1002 1125/2062/1003 1137/2098/1003
f 1143/2054/1000 1123/2058/1000 1124/2060/1002 1136/2099/1002
f 1110/2048/1000 1123/2058/1000 1129/2095/1001 1115/2049/1001
f 1135/2100/3 1134/2043/3 1148/2078/3
f 1096/2101/3 1128/2068/3 1109/2067/3
f 1122/2011/995 1175/2102/995 1174/2012/995
f 1142/2024/793 1203/2103/793 1204/1603/793
s 0
f 1185/2104/4 1184/2105/4 1089/2033/4
s 1
f 1090/2106/3 1148/2078/3 1097/2077/3
f 1103/2055/1000 1143/2054/1000 1136/2099/1002 1105/2107/1002
f 1105/2107/1002 1136/2099/1002 1137/2098/1003 1106/2108/1003
f 1106/2108/1003 1137/2098/1003 1138/2097/1004 1107/2109/1004
f 1107/2109/1004 1138/2097/1004 1139/2096/1005 1108/2110/1005
f 1108/2110/1005 1139/2096/1005 1140/2041/1006 1104/2026/1006
f 1133/2088/1010 1147/2076/1010 1148/2078/1011 1134/2043/1011
f 1132/2090/1009 1146/2074/1009 1147/2076/1010 1133/2088/1010
f 1131/2092/1008 1145/2072/1008 1146/2074/1009 1132/2090/1009
f 1130/2094/1007 1144/2070/1007 1145/2072/1008 1131/2092/1008
f 1129/2095/1001 1141/2057/1001 1144/2070/1007 1130/2094/1007
f 1123/2058/1000 1143/2054/1000 1141/2057/1001 1129/2095/1001
f 1121/2111/3 1140/2041/3 1128/2068/3
f 1089/2112/995 1184/2113/995 1169/2114/995
f 1214/2115/548 1216/2116/548 624/2117/548 625/2118/548 677/2119/548 679/2120/548 680/2121/548 678/2122/548 620/2123/548 619/2124/548
s 0
f 1209/2125/1012 1211/2126/1012 1212/1280/1012 1210/1279/1012
f 1213/2127/1012 1215/2128/1012 1216/2129/1012 1214/2130/1012
f 1220/2131/1013 1221/2132/1013 1219/1289/1013
s 1
f 1196/2133/1014 1195/2134/1015 368/2135/1016 705/2136/1017 706/2137/1018
f 1169/2114/995 1168/2138/995 1135/2100/995
s 0
f 1159/2139/1019 1156/2140/1019 1157/2141/1019 1160/2142/1019
f 1158/2143/1020 1153/2144/1020 1154/2019/1020 1155/2018/1020
f 1188/2145/4 1198/2146/4 1095/2037/4
s 1
f 1168/2138/995 1175/2102/995 1122/2011/995 1135/2100/995
f 1221/2147/1021 1219/2148/1021 395/2149/1021
f 1192/2150/1022 1193/2151/1023 532/2152/1024
f 1180/2153/1025 1178/1980/986 1073/1979/985 1072/2154/1026 735/2155/1027
f 1225/2156/1028 1226/2157/1029 522/2158/1030 525/2159/1031 366/2160/1032
f 1183/2161/1033 1186/2162/1034 1009/2163/1034 733/2164/1035
f 1163/2031/998 1162/2165/1036 997/2166/1036 998/2167/1036 1052/2168/1036 1054/2169/1036 1053/2032/999
f 1182/2170/1037 1183/2161/1033 733/2164/1035 892/2171/1038 889/2172/1039
f 1163/2173/1040 1166/2174/1040 762/2175/1040
f 1205/2176/793 1203/2103/793 1142/2024/793 1121/2111/793
f 1160/2177/996 1157/2178/996 986/2179/996 987/2180/996 1045/2181/996 1047/2182/996 1046/2183/996 1044/2184/996 992/2185/996 991/2186/996
f 1218/2187/1041 1219/1289/554 686/1288/553 687/2188/1041 685/2189/1041 631/2190/1041 630/2191/1041
f 1227/2192/1042 1225/2156/1028 366/2160/1032 642/2193/1042
f 1208/2194/1043 387/554/1044 1199/553/1045
f 611/855/341 392/2195/1046 1199/553/1047 1210/555/1046 609/856/342
f 706/2137/1018 715/1234/536 1189/1236/538 1196/2133/1014
f 621/867/353 391/2196/1048 1200/580/123 1214/582/125 619/868/354
f 604/854/340 606/853/339 1208/2194/1043 1199/553/1045 392/2195/1049
f 617/866/352 614/865/351 1212/835/316 1200/580/318 391/2196/1050
f 626/878/364 624/877/363 1216/836/319 1201/838/321 390/2197/1051
f 628/879/365 390/2197/1052 1201/838/1052 1218/842/1052 630/880/366
f 634/890/376 632/889/375 1221/839/322 1202/841/324 396/2198/1053
f 639/891/377 396/2198/1054 1202/841/1054 1222/848/1054 637/892/378
f 1154/2199/1055 754/2200/1056 1170/1332/1057
f 1173/1596/787 762/1600/1058 1166/1597/788
f 1171/843/1059 755/1305/1060 1155/1588/1061
f 1224/2201/1062 1227/2192/1042 642/2193/1042 644/2202/1062 645/2203/1062 646/2204/1063
f 1170/1332/1057 759/1331/1064 978/1608/798 976/1611/801 1154/2199/1055
f 1170/1332/1065 754/2200/1066 1152/1333/1065
f 637/2205/1067 1222/2206/1067 1223/2207/1068 643/2208/1069 636/2209/1067 638/2210/1067
f 655/2211/1070 368/2135/1016 1195/2134/1015 1206/1263/545 658/2212/1071 659/2213/1070
f 647/2214/1072 643/2208/1069 1223/2207/1068 1224/2201/1062 646/2204/1063
f 657/1273/547 658/2212/1071 1206/1263/545
f 1172/1284/784 757/1591/1073 995/1626/816 997/1629/819 1162/1593/782
f 1122/2011/3 1094/2010/3 1116/2042/3
f 1180/2153/1025 735/2155/1027 1022/2215/1074 1026/2216/1074 1025/2217/1075 1150/2218/1076
f 1092/2025/793 1142/2024/793 1204/1603/793 1091/1602/793
f 1173/1596/792 763/1595/1077 1006/1636/826 1004/1639/828 1164/1599/790
f 1096/2101/3 1121/2111/3 1128/2068/3
f 1012/2219/1078 1011/2220/1078 1009/2163/1034 1186/2162/1034 1167/2221/1078 1013/2222/1079
f 1090/2106/3 1135/2100/3 1148/2078/3
f 1004/2223/1080 1005/2224/1080 1003/2225/1080 1010/2226/1081 1151/2227/1082 1164/2228/1080
f 1135/2100/3 1122/2011/3 1134/2043/3
f 1167/2221/1078 1151/2227/1082 1010/2226/1081 1014/2229/1083 1013/2222/1079
s 0
f 1120/2053/3 1116/2230/3 1094/2039/3
f 1096/2038/3 1109/2231/3 1111/2044/3
s 1
f 1025/2217/1075 1024/2232/1084 1150/2218/1076
f 1023/2233/1085 1021/2234/1085 1033/2235/1085 1032/2236/1085 974/2237/1085 975/2238/1085 973/2239/1085 1152/2240/1085 1149/2241/1085 1150/2218/1076 1024/2232/1084
s 0
f 1090/2034/3 1097/2242/3 1099/2079/3
f 1091/2036/4 1228/2243/4 1194/2244/4
f 1108/2086/3 1104/2245/3 1092/2035/3
s 1
f 1177/2246/995 1093/2013/995 1174/2012/995
s 0
f 1194/2244/4 1185/2104/4 1089/2033/4 1091/2036/4
s 1
f 1121/2111/3 1142/2024/3 1140/2041/3
f 1095/2247/793 1198/2248/793 1197/2249/793
f 1197/2249/793 1205/2176/793 1121/2111/793
s 0
f 1166/2250/1019 1165/2251/1019 1163/2031/1019
s 1
f 1096/2101/793 1095/2247/793 1197/2249/793 1121/2111/793
s 0
f 1217/2252/1013 1220/2131/1013 1219/1289/1013 1218/2187/1013
f 1161/2253/1019 1162/2165/1019 1163/2031/1019 1165/2251/1019
f 1093/2040/4 1177/2254/4 1176/2255/4
s 1
f 1090/2106/995 1089/2112/995 1169/2114/995 1135/2100/995
f 899/2256/1086 1191/2257/1087 1181/2258/1088
s 0
f 1188/2145/4 1095/2037/4 1093/2040/4 1176/2255/4
s 1
f 1192/2150/1089 532/2152/1090 522/2158/1030 1226/2157/1029
f 889/2172/1039 899/2256/1086 1181/2258/1088 1182/2170/1037
f 1234/2259/1091 1238/2260/1092 1237/2261/1092 1233/2262/1091
s 0
f 1231/2263/4 1260/2264/4 1310/2265/4 1309/2266/4
s 1
f 1238/2260/1092 1242/2267/1093 1241/2268/1093 1237/2261/1092
s 0
f 1234/2259/3 1230/2269/3 1291/2270/3 1292/2271/3
s 1
f 1242/2267/1093 1246/2272/1094 1245/2273/1094 1241/2268/1093
s 0
f 1278/2274/3 1274/2275/3 1271/2276/3 1268/2277/3
s 1
f 1246/2272/1094 1250/2278/1095 1249/2279/1095 1245/2273/1094
s 0
f 1258/2280/3 1254/2281/3 1280/2282/3 1279/2283/3
s 1
f 1250/2278/1095 1254/2281/1096 1253/2284/1096 1249/2279/1095
s 0
f 1238/2260/3 1234/2259/3 1292/2285/3 1288/2286/3
s 1
f 1254/2281/1096 1258/2280/1097 1257/2287/1097 1253/2284/1096
s 0
f 1282/2288/3 1278/2274/3 1268/2289/3 1267/2290/3
s 1
f 1258/2280/1097 1262/2291/1098 1261/2292/1098 1257/2287/1097
s 0
f 1262/2291/3 1258/2280/3 1279/2293/3 1276/2294/3
s 1
f 1262/2295/1098 1266/2296/1099 1265/2297/1099 1261/2298/1098
s 0
f 1242/2267/3 1238/2260/3 1288/2299/3 1287/2300/3
s 1
f 1266/2296/1099 1270/2301/1100 1269/2302/1100 1265/2297/1099
s 0
f 1286/2303/3 1282/2288/3 1267/2304/3 1264/2305/3
s 1
f 1270/2301/1100 1274/2275/1101 1273/2306/1101 1269/2302/1100
s 0
f 1266/2296/3 1262/2295/3 1276/2307/3 1275/2308/3
s 1
f 1274/2275/1101 1278/2274/1102 1277/2309/1102 1273/2306/1101
s 0
f 1246/2272/3 1242/2267/3 1287/2310/3 1284/2311/3
s 1
f 1278/2274/1102 1282/2288/1103 1281/2312/1103 1277/2309/1102
s 0
f 1290/2313/3 1286/2303/3 1264/2314/3 1263/2315/3
s 1
f 1282/2288/1103 1286/2303/1104 1285/2316/1104 1281/2312/1103
s 0
f 1270/2301/3 1266/2296/3 1275/2317/3 1272/2318/3
s 1
f 1286/2303/1104 1290/2313/1105 1289/2319/1105 1285/2316/1104
s 0
f 1250/2278/3 1246/2272/3 1284/2320/3 1283/2321/3
s 1
f 1290/2313/1105 1230/2269/1106 1229/2322/1106 1289/2319/1105
s 0
f 1230/2269/3 1290/2313/3 1263/2323/3 1291/2324/3
f 1254/2281/3 1250/2278/3 1283/2325/3 1280/2326/3
s 1
f 1263/2327/1107 1264/2328/1108 1256/2329/1108 1259/2330/1107
s 0
f 1274/2275/3 1270/2301/3 1272/2331/3 1271/2332/3
s 1
f 1230/2269/1106 1234/2259/1091 1233/2262/1091 1229/2322/1106
f 1283/2333/1109 1284/2334/13 1236/2335/13 1239/2336/1109
f 1276/2337/1110 1279/2338/1111 1243/2339/1111 1244/2340/1110
f 1279/2338/1111 1280/2341/1112 1240/2342/1112 1243/2339/1111
f 1272/2343/1113 1275/2344/1114 1247/2345/1114 1248/2346/1113
f 1275/2344/1114 1276/2347/1110 1244/2348/1110 1247/2345/1114
f 1268/2349/16 1271/2350/1115 1251/2351/1115 1252/2352/16
f 1288/2353/1116 1292/2354/1117 1231/2355/1117 1232/2356/1116
f 1271/2350/1115 1272/2343/1113 1248/2346/1113 1251/2351/1115
f 1292/2354/1117 1291/2357/1118 1260/2358/1118 1231/2355/1117
f 1264/2328/1108 1267/2359/1119 1255/2360/1119 1256/2329/1108
f 1284/2334/13 1287/2361/1120 1235/2362/1120 1236/2335/13
f 1267/2359/1119 1268/2349/16 1252/2352/16 1255/2360/1119
f 1287/2361/1120 1288/2353/1116 1232/2356/1116 1235/2362/1120
f 1291/2357/1118 1263/2327/1107 1259/2330/1107 1260/2358/1118
f 1280/2341/1112 1283/2333/1109 1239/2336/1109 1240/2342/1112
s 0
f 1294/2363/3 1308/2364/3 1307/2365/3 1306/2366/3 1305/2367/3 1304/2368/3 1303/2369/3 1302/2370/3 1301/2371/3 1300/2372/3 1299/2373/3 1298/2374/3 1297/2375/3 1296/2376/3 1295/2377/3 1293/2378/3
s 1
f 1304/2379/1120 1305/2380/13 1337/2381/13 1336/2382/1120
s 0
f 1252/2383/4 1251/2384/4 1320/2385/4 1321/2386/4
f 1235/2387/4 1232/2388/4 1311/2389/4 1312/2390/4
s 1
f 1313/2391/13 1351/2392/13 1345/2393/1109 1314/2394/1109
s 0
f 1256/2395/4 1255/2396/4 1322/2397/4 1323/2398/4
s 1
f 1303/2399/1116 1304/2400/1120 1336/2401/1120 1335/2402/1116
s 0
f 1239/2403/4 1236/2404/4 1313/2391/4 1314/2394/4
s 1
f 1313/2391/13 1312/2390/1120 1350/2405/1120 1351/2392/13
s 0
f 1260/2406/4 1259/2407/4 1324/2408/4 1310/2265/4
f 1243/2409/4 1240/2410/4 1315/2411/4 1316/2412/4
f 1247/2413/4 1244/2414/4 1317/2415/4 1318/2416/4
s 1
f 1302/2417/1117 1303/2418/1116 1335/2419/1116 1334/2420/1117
f 1312/2390/1120 1311/2389/1116 1349/2421/1116 1350/2405/1120
s 0
f 1251/2422/4 1248/2423/4 1319/2424/4 1320/2385/4
s 1
f 1310/2265/1118 1324/2408/1107 1356/2425/1107 1348/2426/1118
f 1318/2416/1114 1342/2427/1114 1341/2428/1113 1319/2424/1113
f 1323/2398/1108 1355/2429/1108 1356/2425/1107 1324/2408/1107
f 1317/2415/1110 1343/2430/1110 1342/2427/1114 1318/2416/1114
f 1322/2397/1119 1354/2431/1119 1355/2429/1108 1323/2398/1108
f 1316/2412/1111 1344/2432/1111 1343/2433/1110 1317/2434/1110
f 1321/2386/16 1353/2435/16 1354/2431/1119 1322/2397/1119
f 1311/2389/1116 1309/2266/1117 1347/2436/1117 1349/2421/1116
f 1315/2411/1112 1346/2437/1112 1344/2432/1111 1316/2412/1111
f 1320/2385/1115 1352/2438/1115 1353/2435/16 1321/2386/16
f 1314/2394/1109 1345/2393/1109 1346/2437/1112 1315/2411/1112
f 1319/2424/1113 1341/2428/1113 1352/2438/1115 1320/2385/1115
s 0
f 1248/2439/4 1247/2440/4 1318/2416/4 1319/2424/4
s 1
f 1301/2441/1118 1302/2442/1117 1334/2443/1117 1333/2444/1118
s 0
f 1244/2445/4 1243/2446/4 1316/2412/4 1317/2434/4
s 1
f 1300/2447/1107 1301/2448/1118 1333/2449/1118 1332/2450/1107
s 0
f 1240/2451/4 1239/2452/4 1314/2394/4 1315/2411/4
f 1259/2453/4 1256/2454/4 1323/2398/4 1324/2408/4
s 1
f 1299/2455/1108 1300/2456/1107 1332/2457/1107 1331/2458/1108
s 0
f 1236/2459/4 1235/2460/4 1312/2390/4 1313/2391/4
f 1255/2461/4 1252/2462/4 1321/2386/4 1322/2397/4
s 1
f 1298/2463/1119 1299/2464/1108 1331/2465/1108 1330/2466/1119
s 0
f 1232/2467/4 1231/2468/4 1309/2266/4 1311/2389/4
f 1336/2382/3 1337/2381/3 1353/2435/3 1352/2438/3
f 1335/2402/3 1336/2401/3 1352/2438/3 1341/2428/3
f 1334/2420/3 1335/2419/3 1341/2428/3 1342/2427/3
f 1333/2444/3 1334/2443/3 1342/2427/3 1343/2430/3
f 1332/2450/3 1333/2449/3 1343/2433/3 1344/2432/3
f 1331/2458/3 1332/2457/3 1344/2432/3 1346/2437/3
f 1330/2466/3 1331/2465/3 1346/2437/3 1345/2393/3
f 1337/2469/3 1338/2470/3 1354/2431/3 1353/2435/3
f 1338/2471/3 1339/2472/3 1355/2429/3 1354/2431/3
f 1326/2473/3 1325/2474/3 1347/2436/3 1348/2426/3
f 1339/2475/3 1340/2476/3 1356/2425/3 1355/2429/3
f 1325/2477/3 1327/2478/3 1349/2421/3 1347/2436/3
f 1340/2479/3 1326/2480/3 1348/2426/3 1356/2425/3
f 1327/2481/3 1328/2482/3 1350/2405/3 1349/2421/3
f 1328/2483/3 1329/2484/3 1351/2392/3 1350/2405/3
f 1329/2485/3 1330/2486/3 1345/2393/3 1351/2392/3
s 1
f 1305/2487/13 1306/2488/1109 1338/2470/1109 1337/2469/13
f 1306/2489/1109 1307/2490/1112 1339/2472/1112 1338/2471/1109
f 1294/2491/1110 1293/2492/1114 1325/2474/1114 1326/2473/1110
f 1307/2493/1112 1308/2494/1111 1340/2476/1111 1339/2475/1112
f 1293/2495/1114 1295/2496/1113 1327/2478/1113 1325/2477/1114
f 1308/2497/1111 1294/2498/1110 1326/2480/1110 1340/2479/1111
f 1295/2499/1113 1296/2500/1115 1328/2482/1115 1327/2481/1113
f 1296/2501/1115 1297/2502/16 1329/2484/16 1328/2483/1115
f 1297/2503/16 1298/2504/1119 1330/2486/1119 1329/2485/16
f 1310/2265/1118 1348/2426/1118 1347/2436/1117 1309/2266/1117
